{"type":"FeatureCollection","features":[{"type":"Feature","properties":{"code":"NOR","name":"Nordjylland","sourceCode":"1081"},"geometry":{"type":"MultiPolygon","coordinates":[[[[10.61359605,57.75257255],[10.57445455,57.74738534],[10.52359376,57.73064653],[10.33303069,57.64044956],[10.25902871,57.6144193],[10.17651531,57.59601661],[10.12172227,57.58874683],[10.05208154,57.592034],[10.00411962,57.58946863],[9.99105155,57.59576518],[9.96098378,57.59775351],[9.98406452,57.59236124],[9.97236838,57.5937998],[9.97526258,57.59115952],[9.96269077,57.59448726],[9.96538634,57.59263135],[9.9539576,57.59148897],[9.96282312,57.59509576],[9.95885415,57.59449119],[9.95602018,57.59949427],[9.9577102,57.59558808],[9.93441502,57.58282197],[9.88290832,57.52938615],[9.83937867,57.50033457],[9.79507936,57.47712407],[9.71633224,57.3800499],[9.70177839,57.37302683],[9.70360878,57.37191886],[9.68429593,57.34954448],[9.6436316,57.31102787],[9.56664588,57.245962],[9.52962883,57.21961325],[9.39720021,57.16318323],[9.36419139,57.15643384],[9.31704814,57.15402922],[9.2777403,57.14454247],[9.18367644,57.1382082],[9.1060667,57.14277536],[9.02746455,57.15903451],[9.00562844,57.1553078],[8.97497623,57.15758593],[8.86563816,57.11783007],[8.82014022,57.10800656],[8.75304332,57.09859261],[8.62740141,57.12313325],[8.62110057,57.12572854],[8.62082632,57.12911175],[8.62082702,57.12634397],[8.60907782,57.12349395],[8.60175566,57.12767496],[8.59269284,57.12674977],[8.60444411,57.12606933],[8.59370554,57.12240652],[8.59996432,57.12437541],[8.60298046,57.121642],[8.59445601,57.12205959],[8.59642059,57.11889828],[8.59090684,57.11675],[8.5940232,57.1200159],[8.59079647,57.12111441],[8.59310624,57.12351484],[8.59010814,57.12819845],[8.59091697,57.12011648],[8.53462157,57.06763317],[8.49913393,57.04534042],[8.47441353,57.04388253],[8.4336923,57.00471726],[8.38896696,56.96816872],[8.37170714,56.95984028],[8.36058188,56.96246835],[8.36285579,56.96102225],[8.35517048,56.95154972],[8.29289586,56.88264782],[8.25719681,56.83713531],[8.23689753,56.80401837],[8.22745773,56.78098719],[8.22223351,56.72675069],[8.22039401,56.7230466],[8.21200104,56.72171626],[8.22473597,56.72369682],[8.23253141,56.71933804],[8.23452494,56.71317751],[8.23860158,56.71206131],[8.23821662,56.70124123],[8.24037393,56.70071768],[8.24571905,56.70904107],[8.24081708,56.71549224],[8.24526538,56.71555385],[8.24760213,56.71226493],[8.24307594,56.70166866],[8.24823908,56.70132097],[8.25076134,56.7242158],[8.25626402,56.72237537],[8.25039399,56.72743541],[8.25565852,56.77840932],[8.255336,56.7756482],[8.26442225,56.77617593],[8.26733234,56.7724421],[8.28297377,56.76865302],[8.29886604,56.75794098],[8.30262792,56.75310338],[8.30485861,56.73422348],[8.31116209,56.72176719],[8.34870124,56.69191551],[8.35695155,56.67649346],[8.40406072,56.67040346],[8.40523202,56.67573774],[8.39963775,56.67618167],[8.40245158,56.68157095],[8.3982569,56.68338748],[8.41810762,56.68198431],[8.42512114,56.68495792],[8.42591131,56.68966214],[8.45212244,56.69744145],[8.48027783,56.69178054],[8.49058211,56.68364525],[8.5141253,56.67990418],[8.51284758,56.69017508],[8.52763043,56.7006527],[8.52292794,56.70243689],[8.50980491,56.69892728],[8.51958517,56.71125779],[8.51490581,56.71442477],[8.49984176,56.71430584],[8.50714039,56.71663977],[8.46902168,56.71547421],[8.48044734,56.72432519],[8.48985232,56.74328168],[8.48883927,56.747608],[8.4998921,56.75485141],[8.47782635,56.77019339],[8.46903129,56.78193379],[8.4869026,56.795845],[8.52061111,56.80685469],[8.53458445,56.80583464],[8.5357434,56.80969151],[8.5313612,56.81484024],[8.53358683,56.81717297],[8.57453748,56.81866064],[8.60999532,56.84191374],[8.61067478,56.84655554],[8.63294885,56.86445237],[8.62387144,56.86809927],[8.62328082,56.87094759],[8.63089638,56.87651715],[8.62496504,56.8882097],[8.63969782,56.89962023],[8.64131567,56.91331541],[8.66197246,56.92366852],[8.65738369,56.93716188],[8.66995117,56.95197482],[8.69558026,56.94984099],[8.69852156,56.95168032],[8.69318339,56.95228218],[8.69772864,56.95470732],[8.69914583,56.95171677],[8.70740008,56.95282013],[8.72129565,56.94847909],[8.72942693,56.95036706],[8.75100639,56.94566701],[8.77159008,56.94799891],[8.78531433,56.95214875],[8.79184813,56.96010559],[8.84668095,56.97322451],[8.84599,56.97969765],[8.82533528,56.98978984],[8.83068608,56.99371158],[8.84014783,56.99184063],[8.85248527,56.99597543],[8.85670129,56.99010044],[8.86479609,56.9951757],[8.8902433,56.99113385],[8.89547268,56.98544332],[8.8860158,56.98134793],[8.89217064,56.97479927],[8.90279969,56.97379958],[8.91192839,56.98064325],[8.90058467,56.97893857],[8.9067967,56.97959546],[8.89660716,56.98215648],[8.91778536,56.9802454],[8.91103195,56.98398924],[8.92240138,56.99826818],[8.93331147,57.00392464],[8.94931429,57.00689193],[8.96624806,57.00360905],[8.98296957,57.01701507],[9.02055488,57.02315114],[9.03326745,57.01875334],[9.03275237,57.00875263],[9.03600675,57.00841162],[9.03398097,57.00707446],[9.0433059,57.00809839],[9.08429093,57.02835103],[9.13518483,57.04079676],[9.14553763,57.03625013],[9.14728111,57.03179042],[9.15521719,57.02711923],[9.15071509,57.0315843],[9.15438608,57.02977819],[9.15703177,57.02552447],[9.16611201,57.0221886],[9.15765278,57.02583209],[9.16435156,57.02472669],[9.1616688,57.02691406],[9.1648773,57.02776492],[9.16069508,57.03016481],[9.16335967,57.02944098],[9.17783237,57.01753676],[9.22920382,56.99156575],[9.25489095,56.99177247],[9.28887672,57.00022807],[9.27814302,56.99942868],[9.28340736,57.00094542],[9.29116429,56.99926522],[9.30106028,57.00745788],[9.29272269,57.0044458],[9.30875358,57.0122977],[9.35339304,57.02372234],[9.37570933,57.02364552],[9.39736681,57.02948139],[9.40248896,57.02771414],[9.40035736,57.02957895],[9.40289436,57.02784867],[9.40234175,57.03109027],[9.4242132,57.03661664],[9.45160357,57.03989384],[9.45603993,57.03631256],[9.45861333,57.04050549],[9.4880981,57.04587916],[9.49720428,57.0418842],[9.5078673,57.04474411],[9.54496566,57.04475773],[9.57541997,57.04078913],[9.58333192,57.04307992],[9.57981222,57.0429819],[9.58033905,57.04622228],[9.5873137,57.05010878],[9.61180509,57.04967373],[9.62552151,57.06211983],[9.65116679,57.07120764],[9.64241695,57.06819648],[9.62323395,57.0688312],[9.61271937,57.07535259],[9.62564692,57.08166869],[9.62679149,57.08489293],[9.62996037,57.08326728],[9.65650594,57.09431662],[9.67257381,57.09695277],[9.6876615,57.0974465],[9.6885362,57.09445994],[9.6820365,57.0940188],[9.66700424,57.08287098],[9.65299081,57.08350031],[9.64893199,57.07896931],[9.65121119,57.07131342],[9.66627891,57.07450291],[9.68650652,57.06911064],[9.70140662,57.06141096],[9.69962181,57.06268063],[9.74686407,57.0666116],[9.76012393,57.0728158],[9.77606403,57.0939492],[9.7910127,57.09527888],[9.77974408,57.09762315],[9.78112002,57.10092184],[9.77753761,57.10564743],[9.78368782,57.10722629],[9.83768502,57.09119336],[9.8458018,57.08417573],[9.86598962,57.07661475],[9.87237562,57.07297397],[9.86967969,57.07170955],[9.87979453,57.06743227],[9.90547455,57.06321101],[9.92454848,57.05493601],[9.93548515,57.05358153],[9.95577403,57.05785279],[9.95929691,57.0697645],[9.95550354,57.07062781],[9.95960943,57.06987225],[9.96499113,57.07529565],[9.96007998,57.07517318],[9.97618766,57.08261383],[9.99128086,57.08787233],[10.01309494,57.08882351],[10.0385934,57.07600942],[10.03629941,57.074115],[10.03938601,57.07150699],[10.07706116,57.05561266],[10.09430285,57.0534305],[10.10941176,57.04685682],[10.17281871,57.0141662],[10.18198956,57.00645188],[10.22227664,56.9897279],[10.25739483,56.98618432],[10.27214943,56.99133411],[10.2994976,56.99413002],[10.31037033,56.98944608],[10.31566445,56.99208327],[10.33261748,56.98902859],[10.35128018,57.00831523],[10.37427974,57.04588132],[10.37535581,57.04992663],[10.3717283,57.04582969],[10.37316285,57.05062623],[10.38338641,57.05628447],[10.37621546,57.05513456],[10.38338849,57.0564424],[10.38060212,57.05772171],[10.382668,57.06668914],[10.37933391,57.05842326],[10.37675142,57.05853612],[10.3868231,57.08444573],[10.40013578,57.11319061],[10.40600481,57.11271309],[10.40065506,57.11365694],[10.40023731,57.11724289],[10.40572403,57.12137866],[10.41591899,57.14047132],[10.41866652,57.14061223],[10.41784996,57.14343799],[10.42223986,57.14420327],[10.42049406,57.14022687],[10.4289471,57.14373245],[10.42151217,57.14650093],[10.42935666,57.15682231],[10.44578498,57.17349974],[10.47792878,57.19658346],[10.492292,57.20378773],[10.50611156,57.19989183],[10.49402983,57.20501573],[10.52781554,57.21610637],[10.54283982,57.229132],[10.54042669,57.22552073],[10.54584685,57.22670047],[10.54479602,57.22145539],[10.54763717,57.22984843],[10.54934127,57.25922533],[10.52732298,57.32433109],[10.52909345,57.32901298],[10.53640444,57.33281486],[10.52932058,57.33390741],[10.53624442,57.33314411],[10.52871935,57.33535877],[10.5227126,57.34365082],[10.5159451,57.37041514],[10.51539737,57.38523858],[10.52470103,57.40558575],[10.52444844,57.41346932],[10.52983942,57.41976589],[10.52791311,57.42404644],[10.53396036,57.42614634],[10.52850107,57.42449984],[10.52799664,57.4267026],[10.53374817,57.42695849],[10.52620208,57.42709917],[10.52708345,57.42910203],[10.55150185,57.43251012],[10.53509184,57.43148006],[10.54673648,57.43394122],[10.53892286,57.43570264],[10.53945879,57.43801906],[10.54544686,57.43686677],[10.54287387,57.4396197],[10.54995612,57.43713788],[10.54755839,57.43564155],[10.5533892,57.43742866],[10.54529997,57.44197296],[10.54827561,57.44390866],[10.56028842,57.43688021],[10.56041602,57.43045425],[10.56449753,57.43158813],[10.56235934,57.44095542],[10.5664937,57.44446214],[10.5567255,57.45013964],[10.54595378,57.4506339],[10.54056968,57.45931252],[10.53953984,57.46460655],[10.54214831,57.46561809],[10.53680591,57.46301367],[10.5348909,57.46483644],[10.54211459,57.46610392],[10.52953394,57.46999753],[10.50505254,57.4870551],[10.50361393,57.48937856],[10.50993345,57.49149609],[10.50951574,57.49410522],[10.50554027,57.49175559],[10.50643807,57.49433193],[10.50327642,57.49232173],[10.5017477,57.49438453],[10.50405419,57.49526957],[10.5009301,57.49620204],[10.50968484,57.49476173],[10.49923342,57.49735007],[10.46904826,57.51719984],[10.45206861,57.53253098],[10.44524722,57.53435323],[10.44808346,57.53514338],[10.43408002,57.55436626],[10.42777359,57.56923387],[10.42617552,57.58524775],[10.43062015,57.59199448],[10.42745924,57.59233856],[10.43084632,57.59224527],[10.42857058,57.59392458],[10.43242946,57.6036013],[10.45032452,57.62803167],[10.51219333,57.67914716],[10.54920196,57.70225993],[10.57574058,57.71476688],[10.58527928,57.71147944],[10.60634496,57.7115615],[10.58321459,57.71276671],[10.59259945,57.71395347],[10.5859677,57.71561412],[10.59175552,57.71792178],[10.58113641,57.71564984],[10.59450599,57.72105492],[10.59150543,57.71904756],[10.59263645,57.71599218],[10.59573763,57.71650206],[10.60156692,57.71970805],[10.59873631,57.72166028],[10.6008583,57.72239028],[10.6049624,57.71950173],[10.59695218,57.71590566],[10.60103433,57.71394016],[10.60935897,57.71861769],[10.60504292,57.72207524],[10.60881987,57.72538983],[10.65223191,57.74721951],[10.61359605,57.75257255]],[[9.27527914,57.02864295],[9.27527914,57.02864295]],[[9.27412811,57.02618773],[9.27412811,57.02618773]],[[9.27468553,57.0247056],[9.27468553,57.0247056]],[[9.27583417,57.02314587],[9.27725331,57.02076749],[9.27583417,57.02314587]],[[9.29576928,57.0087842],[9.29219853,57.00825065],[9.29576928,57.0087842]],[[9.29713216,57.00813187],[9.29713216,57.00813187]]],[[[10.00643019,57.07883325],[9.99623411,57.07784779],[9.97463529,57.06857894],[9.95896895,57.05291058],[9.95662383,57.05460284],[9.94230974,57.04754162],[9.89389593,57.05969953],[9.87055011,57.0548601],[9.87426224,57.05683936],[9.8440908,57.04315531],[9.77800857,57.05254259],[9.68915166,57.03848918],[9.67189542,57.02804632],[9.67101682,57.01092727],[9.64072884,56.9889718],[9.63143472,56.98819325],[9.63531903,56.98768335],[9.63083095,56.98535313],[9.6311495,56.98782204],[9.63010783,56.98243643],[9.61828583,56.96856359],[9.57725204,56.96155199],[9.57465114,56.95784533],[9.57754652,56.94907779],[9.57351096,56.94136665],[9.57251793,56.92840943],[9.56770272,56.92541328],[9.56026333,56.93375422],[9.55199275,56.93659923],[9.54942721,56.94329093],[9.53736276,56.95558627],[9.55065997,56.96587211],[9.55698149,56.9648393],[9.56506349,56.95523072],[9.5723561,56.96013745],[9.57062,56.96243506],[9.57649368,56.96151417],[9.56830177,56.96527998],[9.56501151,56.97041057],[9.57157356,56.98136424],[9.58359357,56.98788564],[9.5551256,57.00067125],[9.51273395,57.01256661],[9.48919532,57.01591887],[9.42647088,57.01721403],[9.35159301,57.00782673],[9.30181604,56.99727295],[9.29539396,56.99880227],[9.28788357,56.99278534],[9.2834027,56.97735355],[9.27635236,56.97212939],[9.24185277,56.96721962],[9.22953908,56.95051234],[9.21475806,56.94072006],[9.19802083,56.93592897],[9.19611546,56.92889717],[9.17939766,56.91949774],[9.17008662,56.89921421],[9.16351929,56.89230664],[9.16748318,56.89180118],[9.16402494,56.89195328],[9.16631796,56.88629719],[9.19990687,56.87362913],[9.20849418,56.86592468],[9.21137497,56.85868454],[9.20787837,56.84160488],[9.1887741,56.82174376],[9.16847362,56.80623241],[9.17490209,56.80444918],[9.18770709,56.78734203],[9.18464152,56.76812274],[9.18746035,56.76540164],[9.18519162,56.76581308],[9.19882007,56.76785829],[9.231743,56.76142832],[9.23988107,56.7569078],[9.24348495,56.74735939],[9.24104639,56.73597219],[9.22520675,56.71876312],[9.20091333,56.70630783],[9.20340697,56.70535274],[9.19876438,56.70199979],[9.19152977,56.70112171],[9.17514654,56.68691928],[9.16065108,56.68259319],[9.16022541,56.67664078],[9.1662944,56.67037755],[9.17980103,56.6652319],[9.19910139,56.67578469],[9.22352314,56.68155212],[9.23229385,56.68797587],[9.25167399,56.68928187],[9.27594393,56.69826863],[9.29097052,56.69859381],[9.30675483,56.69220185],[9.32284689,56.66962786],[9.33094505,56.66803422],[9.33496292,56.67083827],[9.3532457,56.67151654],[9.36617883,56.66252093],[9.39583874,56.66535117],[9.39086025,56.6600239],[9.39476486,56.65345779],[9.42371394,56.64630384],[9.41885357,56.64136089],[9.45540291,56.63689924],[9.45586066,56.647454],[9.46579067,56.65647817],[9.46403288,56.66247668],[9.4751261,56.6676237],[9.47717477,56.67463208],[9.49238721,56.67525746],[9.49545934,56.68237577],[9.52571759,56.68095319],[9.5290252,56.67939634],[9.52189662,56.66901401],[9.53304363,56.67111257],[9.53428773,56.66667429],[9.53831869,56.66714684],[9.54156638,56.66343202],[9.52772429,56.65584424],[9.53129049,56.65091636],[9.53649532,56.65395036],[9.53769158,56.6505951],[9.568416,56.64842174],[9.57058616,56.64419967],[9.56803594,56.64255842],[9.57172789,56.64004626],[9.56419033,56.63508328],[9.59712534,56.62889244],[9.63934783,56.63189405],[9.67066855,56.62842374],[9.67630999,56.62107246],[9.6766073,56.61500789],[9.64459803,56.60837186],[9.64689767,56.60397767],[9.64285377,56.59060169],[9.63581809,56.58608802],[9.64140468,56.58056292],[9.65463756,56.58072388],[9.6589214,56.58474556],[9.66763184,56.58516638],[9.67734123,56.59009705],[9.68998391,56.58722697],[9.69483219,56.58783652],[9.69431976,56.59008241],[9.70312261,56.58951601],[9.72652399,56.57886739],[9.73141454,56.57104108],[9.7463385,56.56412767],[9.75074354,56.55537529],[9.80948538,56.56154651],[9.82363468,56.55713385],[9.83283344,56.55043257],[9.84588998,56.55547359],[9.87880704,56.55561597],[9.88108051,56.55747405],[9.87720576,56.56570937],[9.88847382,56.57422837],[9.90002482,56.57182892],[9.91064961,56.57595742],[9.94885663,56.58107106],[9.95835275,56.59156178],[9.95937586,56.59668247],[9.98005237,56.59184967],[10.00173869,56.59374437],[10.00920423,56.59771443],[10.05296856,56.60398472],[10.09322614,56.62182025],[10.11584293,56.62369076],[10.1246309,56.63665502],[10.11875894,56.64089067],[10.12364281,56.6466896],[10.13510139,56.64862401],[10.14103725,56.64597487],[10.15870619,56.65208282],[10.15580284,56.66045193],[10.16367695,56.66143367],[10.1611519,56.6647292],[10.16659255,56.66494394],[10.16636179,56.67104303],[10.1799078,56.67232728],[10.19677677,56.67860945],[10.1929607,56.68131363],[10.19422288,56.68466245],[10.18577202,56.68790274],[10.18263122,56.69349853],[10.16457799,56.7061615],[10.14748811,56.70743981],[10.1556763,56.70509606],[10.15311761,56.70458356],[10.11891658,56.71288187],[10.11257179,56.70617032],[10.11204895,56.69667936],[10.08771525,56.68334624],[10.07687311,56.68226302],[10.05875065,56.69155351],[10.05045626,56.69070137],[10.03209236,56.67782704],[10.03141779,56.67276256],[10.01918171,56.66951629],[10.01066415,56.67144335],[10.00118154,56.66525315],[9.99261275,56.66518545],[9.98256732,56.65849368],[9.98633679,56.6564677],[9.98264988,56.65300745],[9.9683508,56.65551663],[9.95971713,56.6498449],[9.94840913,56.6476504],[9.94019872,56.64995619],[9.92511389,56.64555342],[9.90463072,56.64733049],[9.86022081,56.64448122],[9.84481568,56.63668063],[9.81711929,56.64014418],[9.79987749,56.63814097],[9.80966342,56.64312557],[9.82598017,56.6468309],[9.84588551,56.64580869],[9.85534075,56.65017897],[9.91807136,56.65128175],[9.92977997,56.65508307],[9.93548562,56.65352717],[9.93633813,56.65671608],[9.94915573,56.66038038],[9.95721709,56.65797022],[9.9487971,56.66675535],[9.96329693,56.66574019],[9.9857932,56.67882624],[10.01504575,56.68135195],[10.01322026,56.68662032],[10.02461764,56.69443571],[10.03893085,56.69488302],[10.04274422,56.6988056],[10.06126184,56.70202159],[10.0718599,56.69893147],[10.07504599,56.69322866],[10.08203986,56.69389002],[10.08266557,56.69625058],[10.10041803,56.70047979],[10.10382619,56.70908966],[10.11774633,56.71596043],[10.14347891,56.72056285],[10.15242457,56.71942637],[10.15091438,56.71744009],[10.16274388,56.71952423],[10.16007489,56.71718372],[10.16563898,56.70819235],[10.18302225,56.70301283],[10.19955427,56.70553059],[10.20962012,56.71560279],[10.22567525,56.72010593],[10.25308293,56.71281007],[10.30007739,56.71092242],[10.32942211,56.70516545],[10.33283944,56.70871472],[10.33116688,56.71415155],[10.3346581,56.71645548],[10.33276831,56.72375911],[10.29901007,56.75199362],[10.27649672,56.80134847],[10.28509655,56.8048564],[10.27942216,56.8039361],[10.28493398,56.80517901],[10.27859531,56.80515885],[10.2754727,56.80864846],[10.27089808,56.83096238],[10.27151063,56.84887541],[10.26954677,56.85004182],[10.26904498,56.846422],[10.26687751,56.85423526],[10.26622291,56.88492786],[10.26179728,56.89360586],[10.26571644,56.89686139],[10.26300204,56.89740429],[10.26418661,56.90624008],[10.2691314,56.90597425],[10.26449838,56.9071317],[10.27011089,56.91824792],[10.27209512,56.93767646],[10.29015041,56.95464125],[10.2836069,56.95524045],[10.28255835,56.95898057],[10.28966255,56.96562916],[10.29814922,56.96843312],[10.30259961,56.97866527],[10.307999,56.980845],[10.30503078,56.98477866],[10.30770772,56.98423788],[10.30259818,56.98645131],[10.30070757,56.98270901],[10.23284737,56.97890731],[10.19248178,56.9868509],[10.137124,57.00892413],[10.11292956,57.02627155],[10.07444844,57.04100509],[10.07646014,57.04294985],[10.06313236,57.04985382],[10.05375463,57.04707991],[10.05203492,57.04861913],[10.05793507,57.0505727],[10.03750287,57.06038334],[10.02512838,57.07633294],[10.00643019,57.07883325]]],[[[8.93824445,56.98388201],[8.93472923,56.9842048],[8.93965782,56.98056285],[8.93745917,56.97843114],[8.92097503,56.97466868],[8.91831002,56.96372332],[8.8986689,56.95073337],[8.86795477,56.9502285],[8.85949427,56.95631356],[8.85092131,56.94374514],[8.83083843,56.9314038],[8.82548327,56.91198203],[8.81794881,56.90381998],[8.7566678,56.89785809],[8.73674788,56.88878095],[8.72516911,56.89137405],[8.68753947,56.88741051],[8.67014229,56.89038073],[8.63372979,56.88495376],[8.64551856,56.87896336],[8.64258959,56.8750152],[8.64839479,56.86655075],[8.64898986,56.85728963],[8.63128995,56.83905771],[8.64822454,56.83911267],[8.6481733,56.83417719],[8.63971279,56.83053744],[8.62182113,56.83384987],[8.60901284,56.82278296],[8.66296626,56.81690234],[8.66741275,56.81226461],[8.66656874,56.80652636],[8.65712846,56.80120778],[8.62222806,56.79174691],[8.5874598,56.79614788],[8.57536904,56.79481688],[8.56279122,56.78585001],[8.55648729,56.78618675],[8.55197805,56.79065298],[8.54190684,56.78781685],[8.54937094,56.78058072],[8.55424258,56.7651226],[8.55914514,56.76238672],[8.5585495,56.75809774],[8.55317331,56.75522493],[8.54277707,56.75700516],[8.52548635,56.74845287],[8.51028909,56.74638943],[8.50288174,56.73837837],[8.50711181,56.73115379],[8.5030595,56.72271456],[8.5173704,56.72655531],[8.54003131,56.74014742],[8.56206613,56.73237702],[8.57160438,56.72824671],[8.57547392,56.72296102],[8.5543157,56.71946237],[8.56285067,56.7033336],[8.5582477,56.70001349],[8.59002405,56.70859132],[8.58102379,56.71718512],[8.59230237,56.72162252],[8.57642476,56.72159572],[8.57620198,56.72728183],[8.58181548,56.72642009],[8.57613617,56.72897643],[8.57896531,56.731317],[8.59220475,56.73076322],[8.59796482,56.72321167],[8.59368713,56.71780786],[8.60231165,56.71570953],[8.62406982,56.72125692],[8.62811357,56.71802746],[8.61336063,56.71490501],[8.61171948,56.70681118],[8.63493598,56.69285482],[8.62973916,56.68392024],[8.63241228,56.68335147],[8.63573104,56.68983636],[8.63902684,56.68699686],[8.63459298,56.67983705],[8.64165638,56.6739557],[8.64280989,56.66870506],[8.70441895,56.68229688],[8.7306687,56.67940866],[8.72881702,56.68093291],[8.77573562,56.69413831],[8.76810228,56.70339353],[8.77532337,56.7106621],[8.79927178,56.72700241],[8.83091384,56.7396859],[8.82969122,56.74683918],[8.84119134,56.75275415],[8.83805573,56.75671918],[8.83972557,56.76128648],[8.83539722,56.76371376],[8.84336927,56.77428309],[8.86545463,56.78297807],[8.86399319,56.78653039],[8.86381362,56.78436492],[8.85441198,56.78714845],[8.85515684,56.79225921],[8.86759197,56.79141687],[8.86355196,56.7948128],[8.87160783,56.79492574],[8.87785012,56.78390043],[8.87802664,56.80107421],[8.87467393,56.80659762],[8.85353098,56.81895648],[8.84401423,56.83052978],[8.83866415,56.85305786],[8.8281122,56.86415232],[8.82864695,56.86977164],[8.84040521,56.88004892],[8.84380992,56.87905199],[8.84162897,56.88327229],[8.84524317,56.88342433],[8.84248417,56.88411442],[8.8440416,56.88543643],[8.85932671,56.88710559],[8.86483557,56.88458771],[8.8619527,56.88040114],[8.87288312,56.87528782],[8.86404958,56.88067798],[8.88657858,56.88130021],[8.88447537,56.87796004],[8.88839875,56.86707574],[8.88557591,56.86246716],[8.88132122,56.8622404],[8.88559897,56.86071662],[8.89058264,56.86387795],[8.89999581,56.8884252],[8.90694222,56.89798773],[8.90833036,56.90698838],[8.92369858,56.91847105],[8.91343922,56.93143265],[8.91239129,56.94016899],[8.90796051,56.94498721],[8.91006665,56.95480733],[8.92441339,56.96414938],[8.92739996,56.97495475],[8.94009323,56.97990708],[8.94118849,56.98230153],[8.93824445,56.98388201]]],[[[11.14740962,57.32815422],[11.13018169,57.32117178],[11.12104249,57.32004813],[11.12697982,57.32304205],[11.10884235,57.31836947],[11.02920473,57.31877748],[11.00963451,57.30621743],[10.97403617,57.30658876],[10.97573966,57.3049779],[10.96677892,57.30277277],[10.94916817,57.30295329],[10.92638341,57.29671775],[10.9229219,57.29839571],[10.92627166,57.29658972],[10.92370839,57.29515414],[10.92148423,57.29826988],[10.91921634,57.2907834],[10.90771469,57.28083426],[10.87326836,57.26607903],[10.87003942,57.25791429],[10.87977497,57.25162778],[10.91139697,57.24398076],[10.9244191,57.24685535],[10.94232942,57.24482166],[10.94662812,57.24312672],[10.94540161,57.24087639],[10.94865488,57.24268646],[10.94747644,57.2361931],[10.96802603,57.23369439],[10.96605011,57.23072145],[10.97029376,57.22905124],[10.97354553,57.21947578],[10.9785402,57.21836916],[10.97751525,57.2158703],[10.99108224,57.22033559],[10.99498469,57.21915847],[10.99197063,57.21676642],[10.99758683,57.21970844],[11.00446424,57.21764352],[11.06179777,57.23514331],[11.06778133,57.23902789],[11.06681625,57.24198726],[11.08715534,57.25468493],[11.09493448,57.27188068],[11.09406089,57.27883975],[11.07465888,57.28123663],[11.07319316,57.28427744],[11.07832117,57.28526994],[11.08045459,57.28923348],[11.11689259,57.29840256],[11.14653043,57.30096558],[11.16994869,57.29824022],[11.17402586,57.29994798],[11.17159211,57.30197831],[11.1863462,57.30926113],[11.18243385,57.30135145],[11.19316627,57.29803242],[11.19461766,57.29368429],[11.19032734,57.28616414],[11.18553878,57.28552315],[11.1952175,57.28644653],[11.19825442,57.29326563],[11.19592516,57.30532664],[11.1989691,57.32269348],[11.14740962,57.32815422]]],[[[9.84322296,57.07495689],[9.81453966,57.07181713],[9.81319195,57.06837899],[9.8211981,57.05971179],[9.83985861,57.05378358],[9.85727734,57.05509752],[9.87651839,57.06122738],[9.8759205,57.06425228],[9.86458041,57.06774453],[9.86085674,57.07273587],[9.84322296,57.07495689]]],[[[9.08528497,56.90474232],[9.06999791,56.89625213],[9.06989585,56.8912641],[9.13243061,56.86018736],[9.09816434,56.88027991],[9.0970376,56.88403516],[9.101472,56.89007871],[9.08528497,56.90474232]]],[[[11.02960846,57.21472151],[11.0001661,57.21023096],[10.99541921,57.20751786],[10.99368574,57.20100445],[11.02892456,57.20296495],[11.04088479,57.20840646],[11.02960846,57.21472151]]],[[[9.55601346,57.01291508],[9.54998657,57.01068734],[9.56147851,57.00277141],[9.57245719,57.00528931],[9.56477568,57.01160207],[9.55601346,57.01291508]]],[[[10.89649612,57.2465918],[10.89236379,57.24517516],[10.89891835,57.24013314],[10.91720721,57.24066626],[10.89649612,57.2465918]]],[[[10.86494905,57.25782606],[10.89370459,57.23778028],[10.90643716,57.23821737],[10.89578931,57.24019326],[10.86494905,57.25782606]]],[[[9.26414528,56.99070948],[9.24834534,56.98876132],[9.24573108,56.98551893],[9.24867925,56.98209882],[9.26414528,56.99070948]]],[[[8.54303215,56.70336321],[8.5302675,56.7015201],[8.54500673,56.69522452],[8.53734583,56.69815996],[8.54689868,56.69647732],[8.54303215,56.70336321]]],[[[9.59378901,56.98541451],[9.59137663,56.98329563],[9.59769362,56.98040709],[9.61164904,56.98074662],[9.59378901,56.98541451]]],[[[11.00073094,57.21063807],[10.98854053,57.20764326],[10.98766296,57.20458172],[10.99294446,57.20331541],[11.00073094,57.21063807]]],[[[10.60086502,57.49772668],[10.60596313,57.49268927],[10.60100725,57.4925291],[10.6035106,57.49011395],[10.61462255,57.48978812],[10.6164159,57.49286069],[10.61169051,57.49219648],[10.60086502,57.49772668]]],[[[9.3112622,57.00183286],[9.29692192,56.99829144],[9.31305484,57.00076133],[9.3112622,57.00183286]]],[[[10.9580559,57.21277071],[10.95461048,57.21116219],[10.96573172,57.21109307],[10.9580559,57.21277071]]],[[[10.27201407,56.70631822],[10.26935419,56.70632935],[10.28700421,56.70447092],[10.27201407,56.70631822]]],[[[10.62121635,57.48704625],[10.61849753,57.48600503],[10.62475557,57.48323656],[10.62021618,57.48347464],[10.62732441,57.48172408],[10.62742679,57.48555205],[10.62121635,57.48704625]]],[[[9.7875536,57.0764876],[9.78105487,57.07414956],[9.79009451,57.07632661],[9.7875536,57.0764876]]],[[[10.8610857,57.26764401],[10.85822264,57.26764513],[10.86067672,57.26115008],[10.86673341,57.26323123],[10.85930425,57.26524288],[10.86815014,57.2650638],[10.8610857,57.26764401]]],[[[9.13440006,57.03974124],[9.14747256,57.03245874],[9.13440006,57.03974124]]],[[[10.99044265,57.21575526],[10.9823509,57.2138479],[10.99044265,57.21575526]]],[[[10.93236529,57.36372503],[10.92780743,57.35977256],[10.92293227,57.36169753],[10.91916503,57.35954372],[10.92808797,57.3588322],[10.93236529,57.36372503]]],[[[11.19354736,57.29312788],[11.18781619,57.29071569],[11.18790654,57.28782365],[11.19354736,57.29312788]]],[[[10.95329754,57.21859346],[10.94971716,57.2186589],[10.95521402,57.21661831],[10.95329754,57.21859346]]],[[[9.50990567,57.01822095],[9.50571808,57.01686362],[9.51582477,57.01671162],[9.50990567,57.01822095]]],[[[8.62771973,56.68066605],[8.626089,56.6822632],[8.63766113,56.67477103],[8.62771973,56.68066605]]],[[[8.62285246,56.68996137],[8.61852065,56.68934868],[8.62888437,56.6886768],[8.62474024,56.68633447],[8.62594894,56.68233034],[8.62639919,56.6874506],[8.63045732,56.6876608],[8.62285246,56.68996137]]],[[[10.27091028,56.71216439],[10.26448954,56.71209404],[10.27849343,56.71092912],[10.27091028,56.71216439]]],[[[10.91644718,57.22618036],[10.91413243,57.22506133],[10.92095798,57.22525453],[10.91644718,57.22618036]]],[[[9.83246803,57.08161047],[9.82495661,57.08223168],[9.83246803,57.08161047]]],[[[9.49128468,57.03110284],[9.48698521,57.02950088],[9.49395652,57.03033421],[9.49128468,57.03110284]]],[[[10.91396847,57.23192765],[10.91134134,57.23185983],[10.92100175,57.22820551],[10.91396847,57.23192765]]],[[[10.95607676,57.22056498],[10.95326556,57.21877187],[10.9592781,57.21962957],[10.95607676,57.22056498]]],[[[10.97240432,57.21945085],[10.97122322,57.21718433],[10.97446702,57.21554322],[10.97240432,57.21945085]]],[[[10.34252094,56.99579193],[10.33765178,56.98695894],[10.34252094,56.99579193]]],[[[8.91147457,56.96179834],[8.90575977,56.95793663],[8.91452413,56.96112212],[8.91147457,56.96179834]]],[[[8.55341388,56.71786942],[8.54988149,56.71810764],[8.55341388,56.71786942]]],[[[8.63367779,56.68365707],[8.62909849,56.68092827],[8.63344282,56.68025386],[8.63367779,56.68365707]]],[[[10.29854047,56.9680005],[10.29484045,56.96562131],[10.2987516,56.96568688],[10.29854047,56.9680005]]],[[[11.0218857,57.21547365],[11.01251161,57.21346136],[11.0218857,57.21547365]]],[[[11.17447603,57.27869839],[11.18020069,57.28431309],[11.16918737,57.27887488],[11.17447603,57.27869839]]],[[[10.5778925,57.45257947],[10.58180682,57.44947819],[10.5778925,57.45257947]]],[[[11.00775003,57.21302695],[10.99987213,57.21129215],[11.00775003,57.21302695]]],[[[10.96339709,57.2174579],[10.95902428,57.21743176],[10.96339709,57.2174579]]],[[[11.18560042,57.2886529],[11.1830796,57.28726581],[11.18810663,57.28708495],[11.18431619,57.28685093],[11.18560042,57.2886529]]],[[[10.96167444,57.22925472],[10.95829384,57.22832952],[10.96167444,57.22925472]]],[[[10.93082425,57.18462544],[10.93019657,57.18102712],[10.93494016,57.17950007],[10.93082425,57.18462544]]],[[[8.90889753,56.98107264],[8.89947136,56.98082718],[8.90889753,56.98107264]]],[[[10.29017469,56.95730938],[10.29056174,56.95455318],[10.29017469,56.95730938]]],[[[11.1287414,57.29277607],[11.12424817,57.29697944],[11.1287414,57.29277607]]],[[[11.00270188,57.20032225],[10.99955114,57.19961698],[11.00270188,57.20032225]]],[[[10.99465326,57.21116105],[10.99161786,57.21036721],[10.99827926,57.21109],[10.99465326,57.21116105]]],[[[11.06927829,57.24033759],[11.07163515,57.24171173],[11.06715413,57.24099168],[11.06927829,57.24033759]]],[[[9.82255671,57.08487727],[9.81977323,57.0842953],[9.82466527,57.08450065],[9.82255671,57.08487727]]],[[[8.54972447,56.71680871],[8.55396499,56.71582448],[8.54972447,56.71680871]]],[[[11.00475471,57.21080338],[11.00726991,57.21220006],[11.00230065,57.21068179],[11.00475471,57.21080338]]],[[[10.34731667,57.00256987],[10.34256731,56.99827277],[10.34731667,57.00256987]]],[[[10.95733234,57.21431157],[10.95964134,57.21326703],[10.95733234,57.21431157]]],[[[10.9993019,57.21307262],[10.9953263,57.21202428],[10.9993019,57.21307262]]],[[[8.54244034,56.71882101],[8.54228982,56.71430437],[8.54244034,56.71882101]]],[[[8.60943788,56.71284875],[8.61156248,56.70922406],[8.60943788,56.71284875]]],[[[10.59878916,57.49777052],[10.59639333,57.49564177],[10.59878916,57.49777052]]],[[[9.32277515,56.66493946],[9.32469901,56.66709817],[9.32277515,56.66493946]]],[[[8.63712109,56.68699653],[8.634781,56.68660068],[8.63712109,56.68699653]]],[[[8.94809074,56.93479561],[8.94749583,56.9315496],[8.94809074,56.93479561]]],[[[10.33138955,56.97096601],[10.32911179,56.97033248],[10.33138955,56.97096601]]],[[[10.3364224,56.98263229],[10.33082085,56.98238634],[10.3364224,56.98263229]]],[[[10.98222821,57.21369996],[10.98033938,57.21275243],[10.98222821,57.21369996]]],[[[10.60534068,57.47322646],[10.60462519,57.47542728],[10.6029954,57.47310671],[10.60534068,57.47322646]]],[[[9.90717959,57.06136283],[9.90717959,57.06136283]]],[[[11.06872141,57.24191367],[11.07233462,57.24342254],[11.06872141,57.24191367]]],[[[9.5721526,57.00709112],[9.5700785,57.00730532],[9.5721526,57.00709112]]],[[[9.61203807,57.02535145],[9.6085851,57.02506598],[9.61203807,57.02535145]]],[[[10.32132194,56.9548726],[10.32311807,56.95866448],[10.32132194,56.9548726]]],[[[10.9595581,57.21472064],[10.95701949,57.21452697],[10.9595581,57.21472064]]],[[[10.9567938,57.2215315],[10.9567938,57.2215315]]],[[[10.91781896,57.35947636],[10.91996545,57.35866283],[10.91781896,57.35947636]]],[[[9.83234451,57.08041969],[9.82949023,57.08015347],[9.83234451,57.08041969]]],[[[11.00199148,57.21339988],[10.99963352,57.21321794],[11.00199148,57.21339988]]],[[[9.50599592,57.03277289],[9.51054665,57.03265264],[9.50599592,57.03277289]]],[[[10.92797599,57.24301183],[10.92603433,57.24240681],[10.92797599,57.24301183]]],[[[10.95695421,57.23398968],[10.95509393,57.23312551],[10.95695421,57.23398968]]],[[[8.63568138,56.68432731],[8.63568138,56.68432731]]],[[[11.01162781,57.20120415],[11.01162781,57.20120415]]],[[[8.54646362,56.72136983],[8.54276154,56.72014275],[8.54646362,56.72136983]]],[[[10.55370014,57.43375548],[10.5552475,57.43768479],[10.55370014,57.43375548]]],[[[10.97220114,57.21619595],[10.97220114,57.21619595]]],[[[9.84420169,57.08322498],[9.8402386,57.08245808],[9.84420169,57.08322498]]],[[[8.26527429,56.77343019],[8.2672334,56.77292648],[8.26527429,56.77343019]]],[[[8.87365044,56.87889446],[8.8710332,56.87864465],[8.87365044,56.87889446]]],[[[8.89882497,56.98129578],[8.90112363,56.98105408],[8.89882497,56.98129578]]],[[[9.16473722,57.02414109],[9.16193804,57.02458115],[9.16473722,57.02414109]]],[[[9.79397802,57.0939194],[9.79397802,57.0939194]]],[[[9.87909033,57.05808478],[9.8748868,57.05673528],[9.87909033,57.05808478]]],[[[10.89841454,57.2463506],[10.89633326,57.24717093],[10.89841454,57.2463506]]],[[[10.31946419,56.95252308],[10.32112828,56.95468786],[10.31946419,56.95252308]]],[[[10.95099891,57.22337983],[10.95099891,57.22337983]]],[[[10.9189848,57.2437153],[10.9189848,57.2437153]]],[[[10.96481286,57.2175425],[10.96481286,57.2175425]]],[[[10.96857317,57.21386124],[10.96857317,57.21386124]]],[[[9.52363628,57.03438319],[9.52002973,57.03404803],[9.52363628,57.03438319]]],[[[8.54409556,56.7133418],[8.54409556,56.7133418]]],[[[10.91760826,57.22317963],[10.91760826,57.22317963]]],[[[8.62828544,56.68431319],[8.62828544,56.68431319]]],[[[10.92481693,57.35847794],[10.92290141,57.3571954],[10.92481693,57.35847794]]],[[[10.95551777,57.21268681],[10.95551777,57.21268681]]],[[[8.63516769,56.68520381],[8.63516769,56.68520381]]],[[[10.97263948,57.22162207],[10.97263948,57.22162207]]],[[[8.5546086,56.71841714],[8.5546086,56.71841714]]],[[[11.00040286,57.21284977],[11.00040286,57.21284977]]],[[[10.5998729,57.49380488],[10.5998729,57.49380488]]],[[[8.58731817,56.73101172],[8.58731817,56.73101172]]],[[[10.99139594,57.21621027],[10.99139594,57.21621027]]],[[[10.60407365,57.49770631],[10.60250931,57.49900753],[10.60407365,57.49770631]]],[[[10.32699038,56.96813034],[10.32699038,56.96813034]]],[[[9.01219579,56.89972444],[9.00759319,56.90215371],[9.01219579,56.89972444]]],[[[9.67379443,57.08783135],[9.67379443,57.08783135]]],[[[10.33076452,56.98318755],[10.33076452,56.98318755]]],[[[10.92321324,57.35899933],[10.9205875,57.3578755],[10.92321324,57.35899933]]],[[[9.67240799,57.08681682],[9.67240799,57.08681682]]],[[[10.94665522,57.23323511],[10.94665522,57.23323511]]],[[[10.91643959,57.24338055],[10.91643959,57.24338055]]],[[[10.92330543,57.35932174],[10.92330543,57.35932174]]],[[[10.89046376,57.24907664],[10.89046376,57.24907664]]],[[[10.94986924,57.22330536],[10.94986924,57.22330536]]],[[[10.32596487,56.96726271],[10.32596487,56.96726271]]],[[[10.17826994,56.70321977],[10.17826994,56.70321977]]],[[[11.16275375,57.269783],[11.16275375,57.269783]]],[[[11.03997503,57.22865917],[11.03997503,57.22865917]]],[[[8.5503281,56.7198393],[8.54843033,56.72053319],[8.5503281,56.7198393]]],[[[10.97352876,57.21932311],[10.97352876,57.21932311]]],[[[8.61141142,56.71188312],[8.61141142,56.71188312]]],[[[10.96917412,57.21573812],[10.96917412,57.21573812]]],[[[8.56230134,56.73061824],[8.56230134,56.73061824]]],[[[10.9217818,57.17525408],[10.9217818,57.17525408]]],[[[10.26873587,56.8522883],[10.26873587,56.8522883]]],[[[9.5904788,56.98651334],[9.5904788,56.98651334]]],[[[10.9709616,57.2157134],[10.9709616,57.2157134]]],[[[8.62992504,56.68297595],[8.62992504,56.68297595]]],[[[8.85491023,56.98858448],[8.85491023,56.98858448]]],[[[8.54304171,56.71985018],[8.54304171,56.71985018]]],[[[10.17742741,56.70250105],[10.17742741,56.70250105]]],[[[10.91831738,57.24422588],[10.91831738,57.24422588]]],[[[8.54277937,56.69754125],[8.54277937,56.69754125]]],[[[10.95723147,57.21280064],[10.95723147,57.21280064]]],[[[10.26661702,56.89815852],[10.26661702,56.89815852]]],[[[8.5405079,56.69813465],[8.5405079,56.69813465]]],[[[10.89104271,57.24477841],[10.89104271,57.24477841]]],[[[11.17037494,57.2752084],[11.17037494,57.2752084]]],[[[10.89676265,57.27593805],[10.89676265,57.27593805]]],[[[10.92510524,57.17860552],[10.92510524,57.17860552]]],[[[10.04485669,57.06909026],[10.04485669,57.06909026]]],[[[10.95601869,57.22835769],[10.95601869,57.22835769]]],[[[10.91273357,57.18200703],[10.91273357,57.18200703]]],[[[8.62826145,56.68469314],[8.62826145,56.68469314]]],[[[10.54038853,57.22553513],[10.54038853,57.22553513]]],[[[9.68089392,57.09498033],[9.68089392,57.09498033]]],[[[10.60087347,57.49225938],[10.60087347,57.49225938]]],[[[10.97948689,57.21256109],[10.97948689,57.21256109]]],[[[10.92542416,57.1764225],[10.92542416,57.1764225]]],[[[10.92151499,57.22537054],[10.92151499,57.22537054]]],[[[10.32377241,56.96064009],[10.32377241,56.96064009]]],[[[10.90200017,57.35436663],[10.90200017,57.35436663]]],[[[8.63501011,56.68279617],[8.63501011,56.68279617]]],[[[10.27542833,56.7116237],[10.27542833,56.7116237]]],[[[11.17497458,57.27852128],[11.17497458,57.27852128]]],[[[8.61274603,56.70881502],[8.61274603,56.70881502]]],[[[11.17121364,57.27398209],[11.17121364,57.27398209]]],[[[10.32359812,56.95913352],[10.32359812,56.95913352]]],[[[11.01116845,57.21957727],[11.01116845,57.21957727]]],[[[10.61401218,57.48885644],[10.61401218,57.48885644]]],[[[10.94244808,57.23810162],[10.94244808,57.23810162]]],[[[11.16809301,57.2735617],[11.16809301,57.2735617]]],[[[9.62680712,57.08250385],[9.62680712,57.08250385]]],[[[8.25324892,56.70782746],[8.25324892,56.70782746]]],[[[8.63015345,56.68002322],[8.63015345,56.68002322]]],[[[11.17666909,57.27900943],[11.17666909,57.27900943]]],[[[9.67250661,57.08754316],[9.67250661,57.08754316]]],[[[8.50256072,56.72322744],[8.50256072,56.72322744]]],[[[10.91924918,57.24460223],[10.91924918,57.24460223]]],[[[8.87252858,56.87803502],[8.87252858,56.87803502]]],[[[10.18850411,56.70354691],[10.18850411,56.70354691]]],[[[8.8541032,56.99039524],[8.8541032,56.99039524]]],[[[11.16524725,57.26799825],[11.16524725,57.26799825]]],[[[10.5984838,57.49906516],[10.5984838,57.49906516]]],[[[10.92003966,57.24424961],[10.92003966,57.24424961]]],[[[10.29344232,56.71013953],[10.29344232,56.71013953]]],[[[9.7916095,57.09452767],[9.7916095,57.09452767]]],[[[10.99208511,57.19708094],[10.99208511,57.19708094]]],[[[8.63166117,56.68364429],[8.63166117,56.68364429]]],[[[8.84107867,56.74996676],[8.84107867,56.74996676]]],[[[10.94414126,57.23739506],[10.94414126,57.23739506]]],[[[10.28078702,56.71123944],[10.28078702,56.71123944]]],[[[10.27923064,56.70584407],[10.27923064,56.70584407]]],[[[8.53848783,56.69804821],[8.53848783,56.69804821]]],[[[10.99123073,57.21888614],[10.99123073,57.21888614]]],[[[9.67362575,57.0879654],[9.67362575,57.0879654]]],[[[9.29748201,57.00352194],[9.29748201,57.00352194]]],[[[11.15923804,57.26407092],[11.15923804,57.26407092]]],[[[10.54140136,57.22642672],[10.54140136,57.22642672]]],[[[9.51612269,57.01826905],[9.51612269,57.01826905]]],[[[8.90588737,56.98181138],[8.90588737,56.98181138]]],[[[10.31902358,56.95244992],[10.31902358,56.95244992]]],[[[8.90076825,56.97993885],[8.90076825,56.97993885]]],[[[10.54114722,57.22663235],[10.54114722,57.22663235]]],[[[8.8703441,56.87934215],[8.8703441,56.87934215]]],[[[11.17595796,57.27842671],[11.17595796,57.27842671]]],[[[10.95497444,57.21718946],[10.95497444,57.21718946]]],[[[9.24002864,56.96525267],[9.24002864,56.96525267]]],[[[9.26618384,56.99121354],[9.26618384,56.99121354]]],[[[9.24052106,56.96591912],[9.24052106,56.96591912]]],[[[8.90163956,56.97901145],[8.90163956,56.97901145]]],[[[10.92430605,57.17628402],[10.92430605,57.17628402]]],[[[10.25899023,56.71245853],[10.25899023,56.71245853]]],[[[10.32944269,56.96830295],[10.32944269,56.96830295]]],[[[10.28462817,56.70742503],[10.28462817,56.70742503]]],[[[11.01216913,57.21332443],[11.01216913,57.21332443]]],[[[8.54129011,56.69786442],[8.54129011,56.69786442]]],[[[8.83134179,56.96899985],[8.83134179,56.96899985]]],[[[10.2829012,56.70567281],[10.2829012,56.70567281]]],[[[11.17030243,57.27296168],[11.17030243,57.27296168]]],[[[10.26291493,56.71237568],[10.26291493,56.71237568]]],[[[8.63695043,56.68751252],[8.63695043,56.68751252]]],[[[10.97561098,57.21583271],[10.97561098,57.21583271]]],[[[10.92243254,57.17750185],[10.92243254,57.17750185]]],[[[10.92515198,57.17712474],[10.92515198,57.17712474]]],[[[10.60026278,57.49538197],[10.60026278,57.49538197]]],[[[11.16978543,57.27393811],[11.16978543,57.27393811]]],[[[10.97174397,57.21568862],[10.97174397,57.21568862]]],[[[10.27671812,56.71143053],[10.27671812,56.71143053]]],[[[9.60684201,56.98392178],[9.60684201,56.98392178]]],[[[10.27642482,56.71163147],[10.27642482,56.71163147]]],[[[8.82994209,56.96812942],[8.82994209,56.96812942]]],[[[10.9181003,57.24399064],[10.9181003,57.24399064]]],[[[10.89741585,57.27525709],[10.89741585,57.27525709]]],[[[10.95820346,57.20961662],[10.95820346,57.20961662]]],[[[11.00304211,57.21744041],[11.00304211,57.21744041]]],[[[10.26934924,56.84995605],[10.26934924,56.84995605]]],[[[8.5432411,56.69707488],[8.5432411,56.69707488]]],[[[11.16071953,57.26323637],[11.16071953,57.26323637]]],[[[10.89993823,57.27748549],[10.89993823,57.27748549]]],[[[10.29567236,56.96687133],[10.29567236,56.96687133]]],[[[10.32436035,56.96154867],[10.32436035,56.96154867]]],[[[10.97104292,57.21523212],[10.97104292,57.21523212]]],[[[10.31906907,56.9526763],[10.31906907,56.9526763]]],[[[10.60039195,57.49592765],[10.60039195,57.49592765]]],[[[11.1612726,57.26374884],[11.1612726,57.26374884]]],[[[8.86925921,56.87999197],[8.86925921,56.87999197]]],[[[10.27420476,56.71181897],[10.27420476,56.71181897]]],[[[10.33360079,56.97299039],[10.33360079,56.97299039]]],[[[10.328768,56.96763475],[10.328768,56.96763475]]],[[[9.2038374,56.70696555],[9.2038374,56.70696555]]],[[[8.83054068,56.96873025],[8.83054068,56.96873025]]],[[[10.31926374,56.95209457],[10.31926374,56.95209457]]],[[[9.23946078,56.96459059],[9.23946078,56.96459059]]],[[[9.79227616,57.09423679],[9.79227616,57.09423679]]],[[[8.91005297,56.98116484],[8.91005297,56.98116484]]],[[[8.86973525,56.87974919],[8.86973525,56.87974919]]],[[[11.16990987,57.27228365],[11.16990987,57.27228365]]],[[[11.00512432,57.21773631],[11.00512432,57.21773631]]],[[[8.594397,57.12275893],[8.594397,57.12275893]]],[[[11.16103025,57.26338262],[11.16103025,57.26338262]]],[[[8.5397381,56.69768108],[8.5397381,56.69768108]]],[[[10.99531495,57.19972249],[10.99531495,57.19972249]]]]}},{"type":"Feature","properties":{"code":"MID","name":"Midtjylland","sourceCode":"1082"},"geometry":{"type":"MultiPolygon","coordinates":[[[[9.06694952,56.80269],[9.05466837,56.79979269],[9.02520674,56.8002656],[9.03368501,56.79593772],[9.03057798,56.7939797],[9.03210581,56.79176454],[9.04028904,56.78989013],[9.03964102,56.78589641],[9.03312544,56.78425499],[9.02025309,56.78829273],[9.02736345,56.78692044],[9.02474896,56.78863123],[9.0082374,56.78923309],[8.96166924,56.80158925],[8.92646112,56.78767824],[8.90867774,56.77384652],[8.87769965,56.76334233],[8.86315543,56.76455648],[8.87081731,56.75360939],[8.85438943,56.74386006],[8.82496883,56.70673812],[8.850863,56.70745934],[8.86185236,56.71192264],[8.87565347,56.70506357],[8.8838652,56.71702693],[8.88909436,56.70788068],[8.90178489,56.71062271],[8.9153838,56.70759792],[8.9186088,56.70308825],[8.91750199,56.69772277],[8.90594735,56.69314078],[8.89170145,56.69244544],[8.88336525,56.69744161],[8.88206067,56.7024164],[8.86926584,56.69889065],[8.86863587,56.69128346],[8.85239825,56.69342565],[8.84130137,56.6866497],[8.8215839,56.69497424],[8.81332779,56.69443326],[8.78492565,56.67513518],[8.77386228,56.65420927],[8.75762178,56.64005942],[8.73137167,56.62525066],[8.71811488,56.62204673],[8.68936313,56.62765524],[8.67699145,56.62251864],[8.67459561,56.61045465],[8.69109686,56.6063836],[8.70029975,56.58728619],[8.70903104,56.57944032],[8.71073512,56.58098939],[8.75188597,56.56502353],[8.76206808,56.55395806],[8.75830007,56.54777876],[8.74894133,56.54490234],[8.7345647,56.53027918],[8.74060625,56.52083102],[8.7409724,56.50356022],[8.74377087,56.50024159],[8.73734138,56.48164259],[8.73107323,56.4781378],[8.66754365,56.46777915],[8.64653768,56.46730641],[8.62230929,56.47433082],[8.61185509,56.48519836],[8.61139016,56.49995992],[8.60295505,56.49486484],[8.59739584,56.49521638],[8.60267113,56.49418221],[8.59872241,56.49245692],[8.59283966,56.49593205],[8.59491595,56.49475983],[8.58754161,56.4938975],[8.59153437,56.49662962],[8.57514347,56.49345672],[8.55714624,56.49807371],[8.54907616,56.49105738],[8.55078856,56.48760902],[8.5483869,56.48329259],[8.53040784,56.48135654],[8.52401061,56.48347459],[8.52884292,56.48704732],[8.54208331,56.4861595],[8.54702384,56.4925149],[8.54326272,56.49552616],[8.54509347,56.49867056],[8.56135843,56.50492149],[8.5787239,56.50384975],[8.58144567,56.49458166],[8.58492347,56.49436953],[8.58313539,56.49999671],[8.59674187,56.5154265],[8.60422167,56.51842497],[8.61474152,56.51728064],[8.59736934,56.52279716],[8.58757554,56.53666801],[8.57344622,56.54361888],[8.573024,56.55084669],[8.5758207,56.54876231],[8.57753694,56.55192306],[8.56749077,56.5622105],[8.56639635,56.58086051],[8.56203897,56.57705481],[8.55849658,56.56634757],[8.54963893,56.55745825],[8.53092504,56.54598229],[8.51540345,56.54133843],[8.50286522,56.54350498],[8.49656181,56.5485649],[8.47212077,56.55735177],[8.38783099,56.57900674],[8.35537776,56.57536664],[8.32853883,56.57785552],[8.31837782,56.5751274],[8.30687998,56.57073977],[8.30482664,56.55897009],[8.30837649,56.55157247],[8.29809816,56.55140426],[8.29421377,56.5619393],[8.29946351,56.56475792],[8.29615468,56.5666503],[8.29944487,56.5660044],[8.28725809,56.57491333],[8.28267967,56.58269757],[8.28681203,56.58714407],[8.30582556,56.5878755],[8.30136821,56.5951859],[8.29162368,56.59886272],[8.25131318,56.5999205],[8.2365967,56.60678965],[8.23221709,56.60563498],[8.22883828,56.6086845],[8.231532,56.61813026],[8.22714205,56.62050351],[8.20276084,56.61173898],[8.21775902,56.61823213],[8.21183252,56.61942685],[8.2180198,56.6183715],[8.21218557,56.61950123],[8.21344433,56.62141909],[8.21845407,56.61864816],[8.23335273,56.62316994],[8.22616705,56.62777523],[8.19929667,56.63392469],[8.18616524,56.63254722],[8.19278291,56.64912387],[8.2176881,56.65513407],[8.21199423,56.66175735],[8.21987792,56.66288223],[8.22572128,56.65292536],[8.21750324,56.66760861],[8.23136409,56.68219565],[8.22501833,56.6839265],[8.22192904,56.68878633],[8.23257954,56.68454633],[8.22428369,56.68953539],[8.22766244,56.69187163],[8.22564805,56.69951901],[8.22678185,56.69198566],[8.2246659,56.69162419],[8.21715034,56.69918218],[8.22293362,56.69721777],[8.22367939,56.70144619],[8.21793891,56.70151478],[8.22371282,56.70301945],[8.22192592,56.70665177],[8.22546884,56.70024562],[8.22366873,56.70596214],[8.21406731,56.71021385],[8.19706674,56.69656367],[8.17077459,56.66316104],[8.15804212,56.64078241],[8.14967441,56.61557689],[8.12206006,56.55490028],[8.11516588,56.51780591],[8.12210271,56.47632438],[8.1253233,56.47090645],[8.11755529,56.38142768],[8.11354529,56.37237932],[8.12924389,56.37360872],[8.1321014,56.37859789],[8.12166896,56.3800859],[8.13630459,56.38566618],[8.12453322,56.39027935],[8.13584575,56.3900861],[8.13154477,56.39929006],[8.12249931,56.39962128],[8.13099185,56.40399537],[8.12277143,56.40726106],[8.12871562,56.40867842],[8.1232469,56.41716292],[8.13171474,56.41975724],[8.12916216,56.42799551],[8.1344026,56.42851726],[8.12455939,56.43368423],[8.13049814,56.4337258],[8.1317304,56.43923451],[8.14647084,56.43160219],[8.16318076,56.43530547],[8.1664006,56.4331391],[8.16441519,56.42707069],[8.16952152,56.41702945],[8.16267686,56.41295677],[8.16734691,56.4011228],[8.18129733,56.38952789],[8.18710197,56.37889823],[8.20074503,56.37065169],[8.23999683,56.35644667],[8.2430618,56.34993083],[8.25271437,56.34661339],[8.25837116,56.33521708],[8.27663165,56.32833911],[8.25815754,56.33463952],[8.2515915,56.33324325],[8.24958091,56.32931257],[8.25802554,56.32568713],[8.26888896,56.32590103],[8.26072279,56.32541197],[8.29169951,56.31700449],[8.29633343,56.31769128],[8.29644085,56.32324419],[8.3007114,56.32315605],[8.29678209,56.31918547],[8.30077646,56.32165777],[8.29891623,56.31881644],[8.30366571,56.31931977],[8.29112508,56.31331441],[8.27756893,56.29716207],[8.24734263,56.28821559],[8.23405059,56.29762539],[8.24463687,56.30182126],[8.23578115,56.31420855],[8.2377555,56.32169857],[8.20818443,56.32001795],[8.19045716,56.3268314],[8.16904322,56.32308367],[8.16616569,56.32972893],[8.16755465,56.33518666],[8.17077248,56.33603682],[8.16624536,56.33688282],[8.15087375,56.33192825],[8.14778376,56.33471013],[8.14719223,56.3304538],[8.14580166,56.33464042],[8.1467,56.3311683],[8.13086635,56.32797061],[8.12891733,56.33837891],[8.13168185,56.33915546],[8.1289829,56.33989583],[8.12805282,56.34853028],[8.13366678,56.35021657],[8.13253959,56.35710984],[8.13777669,56.36166071],[8.13502684,56.3619464],[8.13872097,56.3624078],[8.13648031,56.36608694],[8.13988146,56.36374812],[8.13485438,56.36771668],[8.1232047,56.36669368],[8.12569398,56.36938029],[8.13624189,56.36894892],[8.132006,56.37142672],[8.11902144,56.37173461],[8.12169159,56.36819296],[8.11990877,56.36576664],[8.11956255,56.3712211],[8.11376126,56.3714105],[8.11780018,56.37021486],[8.11998709,56.35892489],[8.12093204,56.31604804],[8.12965502,56.26223192],[8.13075463,56.22864696],[8.09764923,56.06036545],[8.09826377,56.04421682],[8.11116721,56.00295993],[8.10833227,55.99844562],[8.12126389,56.00182106],[8.12064785,56.00574542],[8.12364309,56.00296035],[8.14395881,56.00759075],[8.13107659,56.00832992],[8.13443722,56.00952712],[8.13020383,56.01791433],[8.13233065,56.01893189],[8.12774969,56.02406505],[8.12291596,56.02393671],[8.12781665,56.02424757],[8.12366656,56.03781066],[8.12901047,56.05149991],[8.12650889,56.0586707],[8.13221755,56.07672951],[8.13220059,56.08812084],[8.14927004,56.1015898],[8.1425712,56.10137114],[8.13918079,56.11041971],[8.12697302,56.11807412],[8.14077676,56.11489501],[8.16030572,56.10498247],[8.1713747,56.10557495],[8.2288844,56.09400233],[8.23467622,56.09057927],[8.23362835,56.08595631],[8.23868433,56.08914226],[8.24119985,56.08771105],[8.23964389,56.08571119],[8.24589958,56.08537604],[8.30333243,56.05820326],[8.30675395,56.05241535],[8.30178912,56.04564062],[8.30223759,56.0385723],[8.30888212,56.0273904],[8.30647854,56.01430872],[8.31111503,56.00996242],[8.31505943,55.99161885],[8.33255287,55.97616752],[8.34164908,55.97433187],[8.34430669,55.96893712],[8.35407849,55.96594614],[8.35156814,55.96467081],[8.35770375,55.96461811],[8.35306817,55.96038169],[8.3545041,55.95854788],[8.36280154,55.95687578],[8.36553873,55.95164846],[8.37305838,55.95468163],[8.36188419,55.94785571],[8.36890077,55.94916694],[8.37603325,55.94546208],[8.37589726,55.93644453],[8.38000251,55.93383887],[8.3749258,55.92726388],[8.3793103,55.92756513],[8.37465437,55.92666732],[8.37597517,55.92298278],[8.36972024,55.9183415],[8.37219437,55.91659078],[8.36323635,55.91483624],[8.3609597,55.91099223],[8.3802279,55.91114362],[8.37253616,55.90895072],[8.38373425,55.90617052],[8.37715113,55.90471369],[8.37727662,55.90078443],[8.3698306,55.89642471],[8.35692518,55.8943806],[8.3611319,55.89329784],[8.33160933,55.87573644],[8.3287889,55.86940241],[8.31504573,55.8661041],[8.29529275,55.85511793],[8.27671793,55.8515551],[8.28053343,55.84939472],[8.27636475,55.85047261],[8.2714522,55.84205168],[8.2580274,55.84687383],[8.26326379,55.85488472],[8.26050388,55.86633959],[8.27869122,55.87626109],[8.27875887,55.87951824],[8.27120659,55.88351099],[8.25871769,55.88420927],[8.24805824,55.88257362],[8.2482157,55.87770198],[8.24355253,55.87686365],[8.23357427,55.88061121],[8.2352814,55.88233957],[8.22936618,55.88738843],[8.23526846,55.89032374],[8.22388222,55.89063662],[8.22334104,55.89262707],[8.23293441,55.89069371],[8.23184583,55.89524387],[8.20842981,55.89679399],[8.20525693,55.89310616],[8.20870282,55.88943804],[8.20526942,55.88760518],[8.21263177,55.88078249],[8.19825493,55.88075782],[8.19479448,55.87822254],[8.20790676,55.87169486],[8.20428012,55.86820623],[8.20823436,55.86683377],[8.20584399,55.86536883],[8.20899754,55.86239977],[8.20274381,55.85480255],[8.18512868,55.85075809],[8.18394831,55.8464879],[8.18702199,55.84644139],[8.17968882,55.83062682],[8.20409917,55.832444],[8.22909033,55.82526315],[8.22358162,55.81743546],[8.2257937,55.81283965],[8.24265532,55.81240891],[8.27109876,55.79717297],[8.27925112,55.79723387],[8.28410317,55.80146356],[8.30369455,55.79742861],[8.32773652,55.80035526],[8.32758983,55.80407246],[8.35081284,55.82229452],[8.37331559,55.8077977],[8.37423206,55.80340139],[8.42397638,55.79905505],[8.41462117,55.79737149],[8.41454637,55.7951166],[8.44068245,55.78805748],[8.44317516,55.78017312],[8.44937939,55.77639484],[8.46888911,55.77310683],[8.46220722,55.78084801],[8.49471388,55.77671361],[8.49333143,55.77909148],[8.49997828,55.77710524],[8.49984717,55.77997339],[8.50488944,55.77965289],[8.50448501,55.78229926],[8.51389855,55.78758879],[8.50857258,55.79843722],[8.51275594,55.81026637],[8.53251401,55.81525533],[8.53714687,55.81315132],[8.53329046,55.81782134],[8.54641,55.82235957],[8.54340905,55.83144726],[8.53234874,55.84117021],[8.56659507,55.84988929],[8.57976419,55.84130093],[8.59240583,55.83783363],[8.59266478,55.83491976],[8.61948431,55.84353056],[8.62611978,55.84247069],[8.62575912,55.84493883],[8.65727061,55.84430318],[8.67619028,55.84831789],[8.69230113,55.84016013],[8.70797239,55.83775901],[8.70937481,55.82949169],[8.70691218,55.82465844],[8.72223845,55.8213549],[8.72235975,55.81384575],[8.74457588,55.806393],[8.7588802,55.80608106],[8.82603579,55.81919467],[8.7945667,55.83790584],[8.82314302,55.84753985],[8.83956237,55.88179032],[8.85554881,55.88024409],[8.86519743,55.89541014],[8.8757858,55.89293106],[8.88119763,55.89577452],[8.9432892,55.89217064],[8.96555134,55.88487129],[8.96754414,55.86521614],[8.95779038,55.84541178],[8.95930417,55.8417715],[8.99236175,55.83895988],[9.00139224,55.83526675],[9.00145296,55.83222113],[9.00953652,55.83065851],[9.01474947,55.83573517],[9.02071797,55.83392092],[9.03007112,55.84063964],[9.04629518,55.83645389],[9.05881588,55.85066479],[9.07092952,55.84445226],[9.07745459,55.85831999],[9.09730504,55.87720327],[9.1176412,55.86926907],[9.13830533,55.88371626],[9.14997574,55.88359388],[9.16043423,55.89569318],[9.16875609,55.8969919],[9.17923095,55.90656269],[9.17734672,55.90944334],[9.19577646,55.91673477],[9.19354899,55.92459907],[9.19699628,55.93367841],[9.2046463,55.93559512],[9.20997785,55.94441136],[9.21488322,55.94329774],[9.21829392,55.95456573],[9.22750719,55.9565982],[9.24052642,55.95261512],[9.25749772,55.95346801],[9.27609705,55.94374258],[9.28074642,55.93829952],[9.29457023,55.93545078],[9.30868033,55.93796289],[9.33547655,55.93138341],[9.3504208,55.93807768],[9.3857357,55.92651975],[9.3912952,55.91757477],[9.38835079,55.91982318],[9.38727856,55.91675723],[9.3940888,55.91426202],[9.39628635,55.90657383],[9.40809214,55.90014512],[9.4125232,55.89243608],[9.43044161,55.8867342],[9.44321678,55.87386723],[9.45903355,55.86523241],[9.45982572,55.86011586],[9.44919459,55.86046744],[9.44925496,55.85730926],[9.44018049,55.85378793],[9.45556285,55.84999436],[9.4553571,55.84511531],[9.44784356,55.84335068],[9.4456716,55.83972653],[9.44810915,55.83849281],[9.44419079,55.83634291],[9.48339005,55.83273096],[9.48296882,55.82741753],[9.48709198,55.8268219],[9.50245955,55.82806064],[9.50400342,55.81957001],[9.51002196,55.81220589],[9.50669148,55.80869568],[9.50800937,55.80248217],[9.51489942,55.80020969],[9.51435014,55.79557069],[9.51938598,55.79586473],[9.52029706,55.78571907],[9.54090331,55.78365677],[9.54138012,55.78104971],[9.53672076,55.77857875],[9.54049672,55.77542118],[9.53925482,55.77332979],[9.5557721,55.77814736],[9.56392447,55.77551426],[9.5643347,55.77291361],[9.57626453,55.77644768],[9.57950083,55.77472954],[9.58516284,55.77760421],[9.58169098,55.78018343],[9.585712,55.78135176],[9.59859173,55.77190074],[9.5848613,55.76410024],[9.59209246,55.76079383],[9.59322595,55.75222557],[9.62458358,55.75830722],[9.6478173,55.75388892],[9.65195461,55.75961615],[9.65754899,55.75500733],[9.66237124,55.75680864],[9.67361583,55.75420157],[9.68151515,55.74945211],[9.67838342,55.74543501],[9.68628284,55.73347234],[9.6805101,55.7317537],[9.68226983,55.72625376],[9.6754798,55.72121146],[9.67683442,55.71833931],[9.67203255,55.7121746],[9.69306904,55.70738231],[9.69944375,55.70309265],[9.71508474,55.70277192],[9.71888967,55.69747243],[9.74623571,55.68050959],[9.7845058,55.68161878],[9.80822,55.67805281],[9.8204322,55.66885854],[9.84767422,55.67364482],[9.86906494,55.68383521],[9.91925878,55.69276369],[9.97472236,55.69525096],[10.00860651,55.70166039],[10.02992938,55.69649282],[10.02030633,55.71034566],[10.01978245,55.71634845],[10.01626237,55.71649426],[10.01979989,55.71597287],[10.01588066,55.71382079],[10.00954292,55.7177926],[9.99996844,55.71852176],[10.00199747,55.72860505],[10.01656812,55.73324704],[10.03663979,55.7346417],[10.05398511,55.74568343],[10.08240732,55.74609205],[10.0768098,55.75277929],[10.02808083,55.75752104],[10.01670829,55.76723892],[10.01863506,55.77987488],[10.06593608,55.80806052],[10.05544864,55.81341134],[10.053888,55.82203471],[10.04620791,55.82607332],[10.04813288,55.8238813],[10.03034393,55.82350664],[10.01374757,55.81707992],[10.02116024,55.82474948],[10.01606493,55.82714323],[10.02290092,55.83154188],[10.02354644,55.84376679],[10.02094717,55.83647599],[10.01266047,55.82844395],[9.99970753,55.82522869],[9.89184161,55.84244661],[9.87834989,55.84736756],[9.85771412,55.84820088],[9.87805479,55.84733462],[9.87821223,55.85007409],[9.86135063,55.85477275],[9.88207375,55.85126258],[9.8578345,55.85915529],[9.87478442,55.85673478],[9.87843512,55.8613074],[9.8974098,55.86636066],[9.91613555,55.85783836],[9.93389478,55.86154344],[9.96554203,55.85745914],[9.96800453,55.86306678],[9.96195062,55.8670343],[9.97024384,55.88001802],[9.99853574,55.88041037],[10.01149232,55.87591107],[10.03617468,55.87564216],[10.06091645,55.8791036],[10.07683074,55.88471143],[10.11023835,55.88305192],[10.11211981,55.87480399],[10.11786447,55.87080082],[10.11521564,55.86416433],[10.0587902,55.8694391],[10.04701999,55.86240101],[10.03716686,55.8517308],[10.03574966,55.84387503],[10.08205379,55.84905805],[10.10430842,55.86163191],[10.11937868,55.8598866],[10.12055433,55.86252994],[10.11565592,55.86409357],[10.11895009,55.87076679],[10.12704622,55.87325279],[10.13319098,55.88097428],[10.14448818,55.87323392],[10.13922459,55.8618255],[10.1414408,55.8576422],[10.15864041,55.84556912],[10.19321309,55.83628562],[10.19864558,55.84185808],[10.1917623,55.85100716],[10.20283287,55.85829609],[10.20333481,55.85507423],[10.1976277,55.85239335],[10.20377269,55.85450546],[10.20442587,55.85915169],[10.20277927,55.86584807],[10.19701199,55.86856097],[10.20259253,55.86564844],[10.20021009,55.86463787],[10.19436237,55.87035324],[10.19239512,55.88586049],[10.20727324,55.88658308],[10.23791532,55.90755051],[10.26090408,55.91203298],[10.2567505,55.91562126],[10.25692705,55.92375238],[10.26622916,55.95966807],[10.25424371,55.97551703],[10.25307685,55.99102774],[10.27028659,56.01412549],[10.28169414,56.02052304],[10.26732156,56.02397219],[10.25771515,56.01879203],[10.25137134,56.02132098],[10.24598985,56.01916012],[10.23827001,56.00971498],[10.21999212,56.00711077],[10.21372473,56.01015505],[10.22709892,56.01221872],[10.24489903,56.02469878],[10.25501994,56.02642005],[10.25657309,56.0212193],[10.26733157,56.02419934],[10.27124764,56.04066349],[10.27125363,56.04809029],[10.26081987,56.05933456],[10.25308225,56.08112117],[10.24986799,56.08316159],[10.24872224,56.093112],[10.23917104,56.10059366],[10.22773007,56.12008899],[10.21647089,56.12610765],[10.20934628,56.13569856],[10.21519562,56.13761196],[10.21367152,56.13917038],[10.22726617,56.13929002],[10.25502393,56.15032643],[10.25671774,56.15396561],[10.24882442,56.15130764],[10.2504418,56.15394912],[10.24497648,56.15844746],[10.2309648,56.14901114],[10.23188933,56.14653747],[10.21808504,56.14223818],[10.22422873,56.15021104],[10.23426288,56.15537539],[10.23141657,56.16113788],[10.21335843,56.14576827],[10.22278419,56.15651879],[10.21471032,56.1520495],[10.21424258,56.15819756],[10.22604103,56.16143357],[10.22226722,56.16332376],[10.2241393,56.16438421],[10.22917769,56.16174288],[10.23249348,56.165673],[10.22584471,56.16961195],[10.2180769,56.16347349],[10.23864495,56.18407057],[10.25996882,56.19507744],[10.28076046,56.20004435],[10.28549777,56.20624552],[10.29300909,56.2091779],[10.28640679,56.20900234],[10.30457083,56.22499149],[10.33778876,56.23496094],[10.34421673,56.24313271],[10.339268,56.24164913],[10.33862672,56.24595007],[10.3435025,56.24301279],[10.34341615,56.24549616],[10.34757336,56.24609495],[10.34275605,56.24963037],[10.34814603,56.24629026],[10.35297228,56.24786127],[10.34660218,56.25197082],[10.34558546,56.26275839],[10.3618548,56.27198452],[10.37598644,56.26980031],[10.38911654,56.27826137],[10.38065372,56.28684907],[10.38280434,56.28948443],[10.39291028,56.29297409],[10.41652656,56.28997556],[10.42996037,56.29572845],[10.44651152,56.29118089],[10.45346243,56.29513368],[10.45663795,56.29305834],[10.45270398,56.28818007],[10.45395864,56.28299519],[10.47459906,56.27983307],[10.46599566,56.2740942],[10.47294153,56.27259588],[10.47502141,56.27856483],[10.48352295,56.28268841],[10.49321786,56.27659268],[10.50404057,56.27569662],[10.50164277,56.26955595],[10.50868421,56.26542072],[10.50556213,56.26056321],[10.48504408,56.26026836],[10.4835764,56.25237502],[10.47511759,56.24447328],[10.46382289,56.24064382],[10.44705776,56.22814091],[10.44876712,56.224028],[10.45734365,56.22988991],[10.46799928,56.22845408],[10.47156588,56.22490628],[10.46824043,56.22075646],[10.47996294,56.21072711],[10.48037625,56.20664927],[10.45983356,56.19747666],[10.43859006,56.20056117],[10.42504457,56.20928362],[10.44138354,56.22033523],[10.41634721,56.21960438],[10.40949671,56.21749282],[10.41196686,56.21150724],[10.40647234,56.20747885],[10.35978785,56.19899225],[10.35034988,56.2002744],[10.35817555,56.19959547],[10.3512356,56.20245568],[10.34772188,56.20088722],[10.34699771,56.19237667],[10.35772625,56.19253061],[10.37215219,56.18572648],[10.3754075,56.18272665],[10.37264022,56.18125734],[10.37711045,56.17756861],[10.37830202,56.16817114],[10.39532235,56.16215312],[10.41926501,56.1624599],[10.43294026,56.16932933],[10.43857115,56.17840353],[10.45103747,56.1816735],[10.47346319,56.17914329],[10.50637116,56.16750337],[10.5086312,56.16832272],[10.50331092,56.16913167],[10.51518429,56.17228963],[10.52474335,56.17099861],[10.52924615,56.16479132],[10.51749191,56.14537324],[10.49104974,56.14619217],[10.48108206,56.13968658],[10.51281432,56.09462025],[10.54541722,56.10189495],[10.55717157,56.11348412],[10.55890093,56.12430026],[10.55386146,56.13388048],[10.5529333,56.14647829],[10.53312619,56.1624415],[10.53591228,56.17387484],[10.54405288,56.18236567],[10.56220894,56.19694226],[10.57711865,56.20284923],[10.577198,56.20924729],[10.58564046,56.21948943],[10.60290231,56.22717197],[10.65497082,56.22589494],[10.671496,56.21685353],[10.67718133,56.20355846],[10.66842099,56.19718029],[10.67391661,56.19831913],[10.67022432,56.19692014],[10.671271,56.19475787],[10.66856884,56.19638311],[10.66701204,56.19120825],[10.66945948,56.19233731],[10.66939635,56.18961465],[10.66786041,56.1912049],[10.66804632,56.18788687],[10.66381445,56.18518435],[10.65445755,56.18322084],[10.64327269,56.18830572],[10.63731147,56.1872159],[10.64059351,56.17438781],[10.65929319,56.16105547],[10.65949917,56.15474856],[10.65979166,56.16121762],[10.66947555,56.15816264],[10.6637022,56.15350938],[10.66716094,56.15653684],[10.66610077,56.15344858],[10.66947298,56.15319602],[10.66499584,56.1520424],[10.67501797,56.15627576],[10.6806516,56.15240053],[10.67529346,56.15056742],[10.69169083,56.15364563],[10.68787607,56.15266717],[10.6931363,56.15116307],[10.6876862,56.15054731],[10.69449472,56.15110707],[10.68970139,56.14900065],[10.68447051,56.15293785],[10.67118075,56.14846418],[10.68105574,56.15107775],[10.67978104,56.14592084],[10.69359589,56.14057433],[10.71434835,56.14195847],[10.73980146,56.18005548],[10.73416278,56.20569065],[10.74285442,56.22442063],[10.77072587,56.24130082],[10.79173673,56.24418746],[10.81282871,56.25793757],[10.83383056,56.28723666],[10.84362186,56.29371243],[10.86367038,56.29992476],[10.8719383,56.31097483],[10.91398375,56.3429391],[10.9150829,56.38160764],[10.9213788,56.39263072],[10.92153042,56.40159276],[10.92605191,56.40292205],[10.92040229,56.40434621],[10.92776932,56.40560187],[10.92929336,56.4107524],[10.93816957,56.41667618],[10.92771346,56.40889469],[10.9219125,56.40810847],[10.9266852,56.41022312],[10.92160812,56.41291241],[10.93247333,56.4217743],[10.93685104,56.42070818],[10.93543513,56.41774413],[10.93785786,56.4224155],[10.92801531,56.42501979],[10.93522613,56.43236039],[10.94549081,56.43700187],[10.95507398,56.43687136],[10.95909002,56.44249016],[10.95300529,56.44796763],[10.95021513,56.45631163],[10.92641649,56.46950885],[10.87597188,56.48804118],[10.86238135,56.5170399],[10.837056,56.53071816],[10.79488643,56.53746601],[10.76943793,56.53811665],[10.71498951,56.5307641],[10.71395341,56.5375461],[10.71187589,56.53503258],[10.7145781,56.53309907],[10.71135717,56.53468389],[10.70923333,56.53196152],[10.71279916,56.53755204],[10.70697683,56.5306639],[10.63691879,56.52613714],[10.55922848,56.51440466],[10.49647326,56.51439464],[10.43090313,56.52440126],[10.4077959,56.53197425],[10.37632094,56.54950082],[10.35441028,56.56700396],[10.34494062,56.58071331],[10.34333336,56.59563482],[10.3026578,56.60732059],[10.29991109,56.60028085],[10.30266146,56.59144373],[10.28723069,56.5805029],[10.27029506,56.57436169],[10.26201399,56.5644275],[10.25306634,56.55937069],[10.25568736,56.55365406],[10.25270445,56.55133871],[10.24207277,56.5483171],[10.23675106,56.54177798],[10.23136479,56.54489677],[10.23016084,56.5198672],[10.23489313,56.5116324],[10.23244358,56.50529974],[10.23898978,56.50128085],[10.23275354,56.50201857],[10.23517836,56.4953727],[10.23113293,56.48455381],[10.21794987,56.4808233],[10.23307797,56.48011513],[10.23907864,56.47467999],[10.24999603,56.47213273],[10.29214751,56.47145798],[10.29402188,56.46811369],[10.27772553,56.47001795],[10.25151318,56.46765572],[10.21969508,56.47490084],[10.20560636,56.47078717],[10.18321741,56.47131891],[10.13101108,56.45608951],[10.09080513,56.46459566],[10.03959281,56.45686971],[10.06112834,56.46183942],[10.04171647,56.45848409],[10.05389152,56.46327637],[10.07594714,56.46407382],[10.07429757,56.46598957],[10.08446627,56.46804766],[10.11649006,56.46645327],[10.11941292,56.45992554],[10.13142356,56.45774329],[10.18310883,56.47218062],[10.2025807,56.47229293],[10.21195047,56.47534237],[10.22776636,56.50323629],[10.22389487,56.50737749],[10.22452065,56.52443383],[10.22041867,56.5256452],[10.21781588,56.54087256],[10.21492463,56.5430568],[10.21850908,56.54537549],[10.21648643,56.54704153],[10.22051581,56.55422897],[10.23186185,56.55561359],[10.24339012,56.56882863],[10.24335942,56.57536297],[10.24652816,56.57807569],[10.24250189,56.58029151],[10.25106364,56.57857634],[10.26466685,56.58821878],[10.28233043,56.59136011],[10.28007276,56.59374677],[10.27464643,56.59128042],[10.29760585,56.60901234],[10.34301073,56.6228597],[10.35857733,56.63731663],[10.35939012,56.64731634],[10.34799009,56.65649545],[10.3538486,56.65297069],[10.34997888,56.65969564],[10.36309689,56.66204219],[10.35268329,56.69325059],[10.33768541,56.70155942],[10.30952021,56.70105333],[10.2842439,56.69338293],[10.26620047,56.69856768],[10.25384113,56.69852322],[10.20550645,56.68192859],[10.1942242,56.6844512],[10.1929607,56.68131363],[10.1967967,56.67852759],[10.16636179,56.67104303],[10.16659255,56.66494394],[10.1611519,56.6647292],[10.16367695,56.66143367],[10.15580284,56.66045193],[10.15870619,56.65208282],[10.14103725,56.64597487],[10.13510139,56.64862401],[10.12364281,56.6466896],[10.11875894,56.64089067],[10.1246309,56.63665502],[10.11584293,56.62369076],[10.09322614,56.62182025],[10.05296856,56.60398472],[10.00920423,56.59771443],[10.00173869,56.59374437],[9.98005237,56.59184967],[9.95937586,56.59668247],[9.95835275,56.59156178],[9.94885663,56.58107106],[9.91064961,56.57595742],[9.90002482,56.57182892],[9.88847382,56.57422837],[9.87720576,56.56570937],[9.88108051,56.55747405],[9.87880704,56.55561597],[9.84588998,56.55547359],[9.83283344,56.55043257],[9.82363468,56.55713385],[9.80948538,56.56154651],[9.75074354,56.55537529],[9.7463385,56.56412767],[9.73141454,56.57104108],[9.72652399,56.57886739],[9.70312261,56.58951601],[9.69431976,56.59008241],[9.69483219,56.58783652],[9.68998391,56.58722697],[9.67734123,56.59009705],[9.66763184,56.58516638],[9.6589214,56.58474556],[9.65463756,56.58072388],[9.64140468,56.58056292],[9.63581809,56.58608802],[9.64285377,56.59060169],[9.64689767,56.60397767],[9.64459803,56.60837186],[9.6766073,56.61500789],[9.67630999,56.62107246],[9.67066855,56.62842374],[9.63934783,56.63189405],[9.59712534,56.62889244],[9.56419033,56.63508328],[9.57172789,56.64004626],[9.56803594,56.64255842],[9.57058616,56.64419967],[9.568416,56.64842174],[9.53769158,56.6505951],[9.53649532,56.65395036],[9.53129049,56.65091636],[9.52772429,56.65584424],[9.54156638,56.66343202],[9.53831869,56.66714684],[9.53428773,56.66667429],[9.53304363,56.67111257],[9.52189662,56.66901401],[9.5290252,56.67939634],[9.52571759,56.68095319],[9.49545934,56.68237577],[9.49238721,56.67525746],[9.47717477,56.67463208],[9.4751261,56.6676237],[9.46403288,56.66247668],[9.46579067,56.65647817],[9.45586066,56.647454],[9.45540291,56.63689924],[9.41885357,56.64136089],[9.42371394,56.64630384],[9.39476486,56.65345779],[9.39086025,56.6600239],[9.39583874,56.66535117],[9.36491355,56.66261026],[9.3540216,56.67137535],[9.33496292,56.67083827],[9.33094505,56.66803422],[9.32284689,56.66962786],[9.32141649,56.67267193],[9.31944079,56.67191912],[9.32191482,56.66677317],[9.32496681,56.66666849],[9.32248752,56.66478793],[9.32484916,56.65228948],[9.32037355,56.63993542],[9.31561322,56.63865675],[9.31316681,56.63399076],[9.31152515,56.62699979],[9.31387256,56.62449183],[9.31061015,56.61598732],[9.30196888,56.60810545],[9.29237037,56.6053822],[9.29744542,56.60296306],[9.29809258,56.59839345],[9.28800864,56.57345353],[9.28829554,56.56039636],[9.29510783,56.55378456],[9.30873511,56.55187844],[9.33882246,56.55791105],[9.35820695,56.56628946],[9.37576313,56.56620369],[9.36797532,56.56192894],[9.36611145,56.5553545],[9.36596783,56.54138186],[9.37023449,56.53567942],[9.36355881,56.53408924],[9.33662813,56.54094648],[9.30765614,56.52608611],[9.30713109,56.52142522],[9.30336045,56.52040965],[9.29923756,56.52185632],[9.30006035,56.52638454],[9.30620071,56.52920094],[9.30813036,56.53392322],[9.2938904,56.53403308],[9.27745947,56.5422824],[9.26064222,56.55580504],[9.25542046,56.57172197],[9.24541443,56.57413828],[9.25515846,56.58311017],[9.25675517,56.59372126],[9.2617367,56.59156898],[9.29010029,56.60249616],[9.28723307,56.60380614],[9.29230453,56.60548388],[9.28888229,56.60664192],[9.29041072,56.60954122],[9.29553236,56.6098923],[9.28525422,56.62201525],[9.27317185,56.62551263],[9.26283776,56.6230188],[9.25814814,56.62569851],[9.27312693,56.62556663],[9.26407236,56.62833045],[9.22446648,56.62734689],[9.21071659,56.62990667],[9.18725837,56.62121859],[9.16748161,56.62220178],[9.15043949,56.63552262],[9.15633627,56.65172719],[9.1522673,56.65392972],[9.14847534,56.66444082],[9.15162846,56.65532096],[9.14462399,56.64768624],[9.1395822,56.63507627],[9.11369835,56.62008274],[9.10358161,56.62032749],[9.12637704,56.61595833],[9.14985767,56.61936193],[9.15342865,56.61533784],[9.15174374,56.60986125],[9.13574428,56.59977876],[9.12252931,56.60165083],[9.11663879,56.60777752],[9.09521047,56.60300105],[9.08970211,56.59044891],[9.097251,56.57906183],[9.09448522,56.57033077],[9.07626696,56.55664007],[9.05927827,56.55614091],[9.05016029,56.5616133],[9.05862054,56.56319053],[9.05450073,56.56438361],[9.05537317,56.56735625],[9.05214397,56.56560655],[9.05515325,56.56774976],[9.05190582,56.57005729],[9.05512859,56.57038086],[9.05494694,56.57428894],[9.0512906,56.57615102],[9.05572411,56.57494345],[9.0485804,56.58000961],[9.0427391,56.59294327],[9.0439714,56.60969148],[9.05017753,56.61481966],[9.05514966,56.62812211],[9.08395713,56.6430238],[9.10516612,56.6434409],[9.09959547,56.64842495],[9.10026679,56.6565057],[9.09512409,56.66563665],[9.10118501,56.66912592],[9.11771895,56.66702208],[9.12075304,56.67807997],[9.14285524,56.69675785],[9.17206608,56.70757218],[9.18513468,56.70439407],[9.17535757,56.70808633],[9.17451081,56.71192913],[9.16458371,56.719446],[9.13141979,56.74028946],[9.10763643,56.77661634],[9.11258663,56.78690733],[9.06694952,56.80269]],[[10.77694478,56.3299965],[10.77694478,56.3299965]],[[10.20260115,56.38999904],[10.20260115,56.38999904]],[[10.70275528,56.3345223],[10.70275528,56.3345223]],[[10.37979523,56.39159244],[10.37979523,56.39159244]],[[10.20570629,56.36275027],[10.20570629,56.36275027]],[[10.7757324,56.33060805],[10.7757324,56.33060805]],[[10.17138441,56.32671424],[10.17138441,56.32671424]],[[10.17027807,56.32679289],[10.17027807,56.32679289]],[[10.59918507,56.42717979],[10.59918507,56.42717979]],[[10.1623277,56.33371263],[10.1623277,56.33371263]],[[10.40895717,56.40352603],[10.40895717,56.40352603]],[[10.20446727,56.36386273],[10.20446727,56.36386273]],[[10.16904372,56.32660637],[10.16904372,56.32660637]],[[10.16297194,56.34593252],[10.16297194,56.34593252]],[[10.40425462,56.40394095],[10.40425462,56.40394095]],[[10.20531181,56.36353343],[10.20531181,56.36353343]],[[10.20656975,56.3612368],[10.20656975,56.3612368]],[[10.18514665,56.35610815],[10.18514665,56.35610815]],[[10.22221405,56.35938313],[10.22221405,56.35938313]],[[10.20260348,56.3899996],[10.20260348,56.3899996]],[[10.78763721,56.32751095],[10.78763721,56.32751095]],[[10.4117634,56.40354106],[10.4117634,56.40354106]],[[10.2143978,56.35925075],[10.2143978,56.35925075]],[[10.3982772,56.4041038],[10.3982772,56.4041038]],[[10.7701106,56.33222683],[10.7701106,56.33222683]],[[10.20016214,56.36474418],[10.20016214,56.36474418]],[[10.19896173,56.36511221],[10.19896173,56.36511221]],[[10.16996771,56.32677641],[10.16996771,56.32677641]],[[10.37951475,56.39210152],[10.37951475,56.39210152]],[[10.38912071,56.40390416],[10.38912071,56.40390416]],[[10.2010469,56.36446791],[10.2010469,56.36446791]],[[10.78619196,56.32898745],[10.78619196,56.32898745]],[[10.20400299,56.36408534],[10.20400299,56.36408534]],[[10.39084138,56.40405819],[10.39084138,56.40405819]],[[10.1695465,56.32665163],[10.1695465,56.32665163]],[[10.2675053,56.39835839],[10.2675053,56.39835839]],[[10.79975581,56.32452351],[10.79975581,56.32452351]],[[10.28334723,56.39152854],[10.28334723,56.39152854]],[[10.27138097,56.39544768],[10.27138097,56.39544768]],[[10.37244188,56.3942478],[10.37244188,56.3942478]],[[10.18928054,56.326375],[10.18928054,56.326375]],[[10.17612225,56.3262554],[10.17612225,56.3262554]],[[10.209834,56.35996912],[10.209834,56.35996912]],[[10.38500999,56.40152084],[10.38500999,56.40152084]],[[10.28623846,56.39068927],[10.28623846,56.39068927]],[[10.2287844,56.37633733],[10.2287844,56.37633733]],[[10.74266321,56.33150718],[10.74266321,56.33150718]],[[10.20143163,56.39004532],[10.20143163,56.39004532]],[[10.20723513,56.36112561],[10.20723513,56.36112561]],[[10.3160758,56.39214455],[10.3160758,56.39214455]],[[10.22607653,56.37777723],[10.22607653,56.37777723]],[[10.26618613,56.39915008],[10.26618613,56.39915008]],[[10.22985185,56.37624735],[10.22985185,56.37624735]],[[10.20938766,56.3858718],[10.20938766,56.3858718]],[[10.20683779,56.3613563],[10.20683779,56.3613563]],[[10.20627656,56.36141752],[10.20627656,56.36141752]],[[10.78798502,56.32748516],[10.78798502,56.32748516]],[[10.60549114,56.42429065],[10.60549114,56.42429065]],[[10.57349188,56.43591468],[10.57349188,56.43591468]],[[10.70695775,56.33336162],[10.70695775,56.33336162]],[[10.70698272,56.3333593],[10.70698272,56.3333593]],[[10.22511661,56.37826285],[10.22511661,56.37826285]],[[10.21651575,56.38180485],[10.21651575,56.38180485]],[[10.57367478,56.43853913],[10.57367478,56.43853913]],[[10.40154211,56.40363286],[10.40154211,56.40363286]],[[10.79558296,56.32596048],[10.79558296,56.32596048]],[[10.21432658,56.38254655],[10.21432658,56.38254655]],[[10.20602125,56.38988829],[10.20602125,56.38988829]],[[10.20605709,56.38986974],[10.20605709,56.38986974]],[[10.69047903,56.38254992],[10.69047903,56.38254992]],[[10.32791264,56.39427581],[10.32791264,56.39427581]],[[10.28031223,56.39204905],[10.28031223,56.39204905]],[[10.16322868,56.34558571],[10.16322868,56.34558571]],[[10.16776644,56.34696991],[10.16776644,56.34696991]],[[10.39244856,56.40411887],[10.39244856,56.40411887]],[[10.39253259,56.40412108],[10.39253259,56.40412108]],[[10.1959655,56.36476165],[10.1959655,56.36476165]],[[10.16071047,56.32906648],[10.16071047,56.32906648]],[[10.20787161,56.3882459],[10.20787161,56.3882459]],[[10.29365959,56.38708931],[10.29365959,56.38708931]],[[10.29368923,56.38707489],[10.29368923,56.38707489]],[[10.22967018,56.37654904],[10.22967018,56.37654904]],[[10.17919758,56.32585005],[10.17919758,56.32585005]],[[10.40695553,56.40392156],[10.40695553,56.40392156]],[[10.22834549,56.36326461],[10.22834549,56.36326461]],[[10.23653089,56.37316967],[10.23653089,56.37316967]],[[10.23659701,56.37316137],[10.23659701,56.37316137]],[[10.19618219,56.38947722],[10.19618219,56.38947722]],[[10.21195041,56.38394413],[10.21195041,56.38394413]],[[10.21198862,56.38392466],[10.21198862,56.38392466]],[[10.1974944,56.36546425],[10.1974944,56.36546425]],[[10.59667753,56.42963072],[10.59667753,56.42963072]],[[10.74201098,56.33095805],[10.74201098,56.33095805]],[[10.31347725,56.39124202],[10.31347725,56.39124202]],[[10.22831939,56.37710609],[10.22831939,56.37710609]],[[10.22835014,56.37705829],[10.22835014,56.37705829]],[[10.4179134,56.40554443],[10.4179134,56.40554443]],[[10.41806759,56.40560746],[10.41806759,56.40560746]],[[10.2255555,56.36165451],[10.2255555,56.36165451]],[[10.22961348,56.37660863],[10.22961348,56.37660863]],[[10.33200006,56.39508003],[10.33200006,56.39508003]],[[10.21294577,56.3593413],[10.21294577,56.3593413]],[[10.21349322,56.35934855],[10.21349322,56.35934855]],[[10.24087392,56.37381005],[10.24087392,56.37381005]],[[10.17105053,56.34729703],[10.17105053,56.34729703]],[[10.21355857,56.35944446],[10.21355857,56.35944446]],[[10.24146307,56.37176767],[10.24146307,56.37176767]],[[10.18431688,56.35105888],[10.18431688,56.35105888]],[[10.33847214,56.39638139],[10.33586244,56.39584506],[10.33847214,56.39638139]],[[10.65255094,56.41961885],[10.65819012,56.4189172],[10.65255094,56.41961885]]],[[[10.59174249,55.93809801],[10.57150154,55.96116892],[10.56207881,56.00232788],[10.5223251,55.97913159],[10.52015903,55.97330636],[10.52197406,55.96188446],[10.52908995,55.94298815],[10.53578565,55.93663831],[10.5567114,55.93829899],[10.57376128,55.932795],[10.59254383,55.92089014],[10.60066825,55.90666076],[10.59334761,55.88168359],[10.58286166,55.86831942],[10.57139462,55.86456618],[10.5487048,55.86562466],[10.53016968,55.85223269],[10.52541423,55.8235797],[10.53058853,55.79649968],[10.52721988,55.79543175],[10.53764794,55.77818241],[10.55074862,55.76928764],[10.57977571,55.77004702],[10.62047651,55.76443617],[10.62601065,55.77662269],[10.63587862,55.78445308],[10.64295506,55.79701922],[10.64371745,55.80646239],[10.64846912,55.80785344],[10.64547771,55.80695189],[10.6466104,55.80908902],[10.64021758,55.8132629],[10.6419899,55.81722731],[10.63764865,55.81617481],[10.64123462,55.81681026],[10.63734482,55.82053914],[10.63942688,55.83349356],[10.64710941,55.84736447],[10.65852561,55.85955521],[10.67958303,55.87109161],[10.67747655,55.88067996],[10.68887882,55.89436325],[10.68890912,55.90292611],[10.68179879,55.90947692],[10.67469461,55.92474573],[10.67181788,55.91945052],[10.67682606,55.91916847],[10.6735213,55.91766882],[10.67722621,55.91757681],[10.68066532,55.9101627],[10.67824815,55.90907056],[10.6881669,55.90178861],[10.68780294,55.89397918],[10.67790877,55.88372042],[10.6620622,55.87863462],[10.64402815,55.87425003],[10.64120748,55.87798831],[10.64111482,55.87559132],[10.63494992,55.87708335],[10.62568626,55.88522988],[10.63041241,55.88956885],[10.61784882,55.89191318],[10.60993888,55.90769429],[10.61228893,55.91132388],[10.61941841,55.91199624],[10.61771438,55.91308667],[10.62318559,55.91378428],[10.62595615,55.91084179],[10.63016265,55.91391651],[10.62642821,55.91599493],[10.62868766,55.9185598],[10.63406472,55.91770766],[10.63566337,55.91369942],[10.63824985,55.91557268],[10.64198875,55.91074642],[10.64427088,55.91103265],[10.63908503,55.91736757],[10.65259977,55.91395004],[10.652396,55.91661124],[10.63117844,55.92451745],[10.61081818,55.92702922],[10.59174249,55.93809801]]],[[[8.58391727,56.69326456],[8.57516145,56.68517489],[8.55679903,56.68750598],[8.56064089,56.6891395],[8.55126986,56.68304725],[8.53905998,56.68327327],[8.52776421,56.67456376],[8.50598458,56.66657642],[8.48331362,56.67192305],[8.47539851,56.68049656],[8.47769203,56.68309622],[8.4854032,56.6827446],[8.4684408,56.68526475],[8.44407573,56.68038074],[8.42578444,56.67062167],[8.40523202,56.67573774],[8.40406072,56.67040346],[8.42576896,56.66483725],[8.44275766,56.65370615],[8.45786679,56.64811499],[8.46919827,56.63834548],[8.48333485,56.63397217],[8.49553965,56.62377292],[8.50219836,56.6051978],[8.51161356,56.59967111],[8.51497887,56.58933277],[8.52246769,56.5872244],[8.52865469,56.58084818],[8.549796,56.5772224],[8.55617533,56.57905655],[8.52995441,56.5870408],[8.53078406,56.59372306],[8.54396503,56.5994278],[8.58757841,56.60092261],[8.59218338,56.60494885],[8.59192619,56.61304488],[8.59704613,56.62420718],[8.59601549,56.6359521],[8.59275103,56.63758564],[8.59698001,56.63935858],[8.58462306,56.64169839],[8.56988967,56.65480198],[8.57657136,56.6603243],[8.57534718,56.66444751],[8.58006959,56.67341111],[8.59086214,56.68041299],[8.58364735,56.6871131],[8.58391727,56.69326456]]],[[[8.12284533,56.00094906],[8.11619824,55.9991686],[8.11778275,55.99695823],[8.10888937,55.99711838],[8.11868755,55.99684411],[8.12688862,55.98773857],[8.14111989,55.95122549],[8.15345468,55.89773375],[8.15650321,55.86527944],[8.17031888,55.81646961],[8.18166885,55.819035],[8.18986359,55.81742602],[8.17592497,55.82528124],[8.17399097,55.84363613],[8.18102544,55.85269957],[8.19689486,55.86393303],[8.18497226,55.86835099],[8.17936823,55.87401576],[8.18370884,55.88265916],[8.17049176,55.90175323],[8.17470834,55.90509341],[8.16716622,55.90649612],[8.17590291,55.91191075],[8.17395184,55.91570012],[8.16863792,55.91349107],[8.17079431,55.91716833],[8.17360965,55.91595364],[8.1751631,55.92483643],[8.16813541,55.92829932],[8.17049433,55.93727645],[8.16802253,55.93952015],[8.1703532,55.94020168],[8.16365603,55.94602368],[8.17039935,55.94414693],[8.17187962,55.94993125],[8.15677391,55.95626072],[8.15578086,55.96351752],[8.14589865,55.9741413],[8.14805665,55.97828662],[8.13486042,55.98909548],[8.13366684,55.9981622],[8.12284533,56.00094906]]],[[[9.03743627,56.84664856],[8.95890691,56.83791821],[8.9507595,56.83301589],[8.96402864,56.82859036],[8.97885515,56.81126707],[9.01010175,56.79621793],[9.01062707,56.80237286],[9.02370097,56.80411364],[9.02303839,56.81127571],[9.03359339,56.8234667],[9.03580415,56.82302067],[9.03412274,56.81749964],[9.04716846,56.82056334],[9.05514003,56.81748853],[9.07413435,56.82434794],[9.07760167,56.82865534],[9.06189571,56.82980765],[9.05940776,56.83698048],[9.06718129,56.84199862],[9.083797,56.84539233],[9.06414149,56.84350472],[9.03743627,56.84664856]]],[[[11.6504442,56.73784264],[11.58054202,56.72463937],[11.53717336,56.725991],[11.50721729,56.71516293],[11.51444682,56.71529985],[11.50806221,56.71415139],[11.52133645,56.70929093],[11.53884546,56.68958908],[11.57410366,56.68937597],[11.58503434,56.69280097],[11.61201507,56.71518067],[11.65832852,56.73565315],[11.6504442,56.73784264]]],[[[10.32383337,55.78014465],[10.31189121,55.79417744],[10.30439312,55.78242485],[10.30563554,55.77625203],[10.29724656,55.77030972],[10.29960798,55.76495573],[10.30464171,55.76743065],[10.30049558,55.76399722],[10.3022619,55.76304639],[10.27402316,55.75910936],[10.27247163,55.76284443],[10.26837689,55.75974728],[10.2501752,55.76194847],[10.23505301,55.75568864],[10.23464775,55.75302439],[10.24723706,55.74694244],[10.28039705,55.74832078],[10.31239072,55.74188341],[10.32196578,55.74633146],[10.32789749,55.76314428],[10.32383337,55.78014465]]],[[[8.61490094,56.66286859],[8.59186776,56.66261448],[8.58648982,56.65298216],[8.5985131,56.65031712],[8.59671192,56.647538],[8.60110091,56.64377666],[8.59742291,56.63921285],[8.61111502,56.63578897],[8.63905596,56.62065046],[8.63138593,56.6278486],[8.63643403,56.64003257],[8.62911464,56.64659164],[8.63850271,56.65164458],[8.64140886,56.66175304],[8.63068042,56.65871005],[8.61490094,56.66286859]]],[[[8.6720947,56.58307191],[8.66565287,56.58047128],[8.63945735,56.58114532],[8.61205263,56.55396159],[8.61255625,56.55055607],[8.6187059,56.54800443],[8.62123373,56.54208248],[8.61943977,56.53725615],[8.62962557,56.52489378],[8.61629827,56.51565706],[8.61973886,56.51470812],[8.63515132,56.52296441],[8.63597059,56.53555382],[8.63008006,56.54207489],[8.63297807,56.55324906],[8.66261942,56.57907001],[8.65098051,56.57029998],[8.64117295,56.57307396],[8.63978608,56.57809246],[8.65048623,56.57721919],[8.65423125,56.58163665],[8.66339732,56.57953183],[8.6720947,56.58307191]]],[[[10.41592737,55.96033721],[10.40287275,55.95944728],[10.41454182,55.95087637],[10.43336289,55.94395067],[10.45496581,55.94758323],[10.45230891,55.94916647],[10.46375751,55.95199507],[10.41592737,55.96033721]]],[[[10.07437386,55.8344755],[10.05687898,55.82953858],[10.06243713,55.82655865],[10.0634438,55.82241056],[10.07182576,55.82080574],[10.06772367,55.8183377],[10.07296567,55.81764933],[10.09092639,55.81849093],[10.10186388,55.82524782],[10.08333976,55.83401282],[10.08034081,55.8345043],[10.09613265,55.82895381],[10.07437386,55.8344755]]],[[[8.25468133,55.89289659],[8.25208443,55.89112196],[8.25418238,55.88952333],[8.25080087,55.88901858],[8.25329695,55.88591599],[8.27427976,55.88407851],[8.2657738,55.89058157],[8.25468133,55.89289659]]],[[[10.80554086,56.12984608],[10.81142299,56.13397523],[10.80467992,56.13803658],[10.79053685,56.13072076],[10.80554086,56.12984608]]],[[[10.01479114,55.87064483],[9.997385,55.87061745],[9.99294127,55.86543425],[10.00772664,55.86510157],[10.01479114,55.87064483]]],[[[10.74391908,55.94869537],[10.75465526,55.94368954],[10.76758084,55.94435382],[10.76347174,55.94782474],[10.74391908,55.94869537]]],[[[10.63118005,55.89939983],[10.62884052,55.89691226],[10.63357742,55.89046984],[10.64689601,55.88989707],[10.63771096,55.89619402],[10.63277599,55.89475443],[10.63118005,55.89939983]]],[[[8.29011088,56.0046178],[8.28079289,55.9931836],[8.27906687,55.98487423],[8.28227695,55.98542084],[8.29011088,56.0046178]]],[[[8.23833868,55.89833249],[8.23303056,55.89729803],[8.23284243,55.89461059],[8.23984588,55.89265297],[8.24552695,55.89488951],[8.23833868,55.89833249]]],[[[8.17897933,55.84638943],[8.17554545,55.84193284],[8.17862003,55.83097318],[8.18072191,55.83466686],[8.17840697,55.83938266],[8.18394641,55.84588487],[8.17897933,55.84638943]]],[[[8.19182792,56.34335719],[8.1771738,56.34166687],[8.17078033,56.33758405],[8.18784843,56.33826915],[8.19182792,56.34335719]]],[[[10.2350069,56.71027175],[10.22953383,56.70912192],[10.22842282,56.70577789],[10.22609017,56.70738658],[10.2299353,56.70523988],[10.23985928,56.70729732],[10.23011629,56.707538],[10.23720045,56.70919914],[10.2350069,56.71027175]]],[[[8.19791035,55.86782254],[8.19546028,55.86736716],[8.19836383,55.86371231],[8.18931404,55.85663043],[8.20076156,55.86296386],[8.2007369,55.86725435],[8.19791035,55.86782254]]],[[[10.67567144,55.9313473],[10.67191605,55.93447179],[10.66670366,55.93143563],[10.67567144,55.9313473]]],[[[10.64802084,55.90193459],[10.64185279,55.8975456],[10.65112128,55.89861667],[10.64802084,55.90193459]]],[[[9.18852775,56.72942195],[9.19060538,56.72427317],[9.19694426,56.72166437],[9.18490466,56.71916722],[9.19141361,56.71877495],[9.19999316,56.7239867],[9.19986275,56.72632605],[9.19937497,56.72373632],[9.19375552,56.72473881],[9.18852775,56.72942195]]],[[[10.65109194,55.90480443],[10.64915448,55.90231553],[10.65194024,55.89956212],[10.65871504,55.90437738],[10.65109194,55.90480443]]],[[[8.28072484,55.98464823],[8.2779272,55.98011275],[8.2831582,55.980499],[8.28072484,55.98464823]]],[[[10.2877839,55.90742687],[10.27573256,55.9030845],[10.28050002,55.90024552],[10.28266241,55.90520256],[10.2877839,55.90742687]]],[[[8.13271519,56.00218031],[8.12525153,56.00174455],[8.13367132,55.99867853],[8.13862495,56.00031172],[8.13271519,56.00218031]]],[[[10.71337294,55.932919],[10.68940499,55.92643388],[10.68009099,55.92673967],[10.69372143,55.9261015],[10.71337294,55.932919]]],[[[10.65278556,55.88692727],[10.64893076,55.88540795],[10.65512333,55.88407042],[10.65278556,55.88692727]]],[[[10.3277836,56.61453957],[10.32043931,56.61380881],[10.32417288,56.61193116],[10.3277836,56.61453957]]],[[[10.61937226,55.90413365],[10.6159943,55.90281982],[10.61838729,55.90039899],[10.62373036,55.90255917],[10.61937226,55.90413365]]],[[[8.18802695,55.85488128],[8.17961117,55.84862547],[8.18802695,55.85488128]]],[[[8.36819825,55.90374197],[8.36999431,55.90498314],[8.36669208,55.90569303],[8.36541422,55.90180346],[8.36819825,55.90374197]]],[[[8.24786625,56.32877405],[8.24492642,56.32686128],[8.25306886,56.32688997],[8.24786625,56.32877405]]],[[[10.23884367,55.88548112],[10.24178173,55.87943555],[10.23693303,55.87869279],[10.23500662,55.88243778],[10.23491083,55.87973821],[10.24330377,55.87937705],[10.23884367,55.88548112]]],[[[8.24565121,56.32630388],[8.23985383,56.3249414],[8.24565121,56.32630388]]],[[[10.11617591,56.46301487],[10.11230436,56.46336023],[10.11778836,56.46054101],[10.11617591,56.46301487]]],[[[8.29174079,56.00743298],[8.28914355,56.0057892],[8.29201579,56.00395316],[8.29174079,56.00743298]]],[[[10.35186884,55.82862571],[10.36531968,55.82352202],[10.35186884,55.82862571]]],[[[10.21789354,56.4764131],[10.21341922,56.47423688],[10.21789354,56.4764131]]],[[[8.25002875,55.89638163],[8.24653253,55.89575261],[8.25002875,55.89638163]]],[[[10.66658499,55.88626988],[10.66373783,55.88560295],[10.66805642,55.88417307],[10.66658499,55.88626988]]],[[[10.6180302,55.9076657],[10.61520219,55.90646863],[10.6201573,55.90791092],[10.6180302,55.9076657]]],[[[10.10598905,56.46430481],[10.1116319,56.463364],[10.10598905,56.46430481]]],[[[10.34743843,55.84047892],[10.34614204,55.83453236],[10.34994261,55.82952292],[10.34672677,55.83461555],[10.34743843,55.84047892]]],[[[10.32440142,56.60902487],[10.32043331,56.60933255],[10.32440142,56.60902487]]],[[[8.71815039,56.4814601],[8.72072535,56.47736585],[8.72203728,56.47976463],[8.71815039,56.4814601]]],[[[10.22499699,56.7121454],[10.22268874,56.71153635],[10.22722751,56.71112768],[10.22499699,56.7121454]]],[[[8.25820932,56.33523884],[8.25541443,56.33717725],[8.25820932,56.33523884]]],[[[10.78437573,55.93404278],[10.77536092,55.93672714],[10.79349232,55.93402415],[10.78437573,55.93404278]]],[[[10.11583938,55.85025947],[10.11372992,55.85019707],[10.12621904,55.84906729],[10.11583938,55.85025947]]],[[[10.22951772,56.52719687],[10.23033146,56.54494142],[10.22951772,56.52719687]]],[[[9.99303325,55.8642483],[9.98801716,55.86301405],[9.99303325,55.8642483]]],[[[8.15857256,56.40986467],[8.16142862,56.41222327],[8.15857256,56.40986467]]],[[[8.59393247,56.67891084],[8.59164023,56.67941508],[8.59735634,56.67889743],[8.59393247,56.67891084]]],[[[8.25561848,56.33754685],[8.25391149,56.3407038],[8.25561848,56.33754685]]],[[[8.25417692,56.34102058],[8.25177949,56.34491215],[8.25417692,56.34102058]]],[[[10.92411352,56.40594189],[10.92684481,56.40449825],[10.92411352,56.40594189]]],[[[8.27517045,55.88316527],[8.27149158,55.88358178],[8.27517045,55.88316527]]],[[[8.17758025,55.92084708],[8.17631344,55.91893523],[8.17758025,55.92084708]]],[[[10.32876215,56.61334328],[10.33100766,56.61436541],[10.32876215,56.61334328]]],[[[8.84788857,56.69521307],[8.84457036,56.69691251],[8.8507819,56.69414945],[8.84788857,56.69521307]]],[[[8.15735077,56.10451596],[8.15100469,56.10206636],[8.15735077,56.10451596]]],[[[8.2747531,55.88269072],[8.2747531,55.88269072]]],[[[10.30076114,55.77887463],[10.30381152,55.77726166],[10.30076114,55.77887463]]],[[[10.63287941,55.90905552],[10.63078086,55.90719959],[10.63287941,55.90905552]]],[[[8.23005851,56.09262747],[8.22762723,56.0911868],[8.23005851,56.09262747]]],[[[8.17464411,55.93241878],[8.17839076,55.92772254],[8.17464411,55.93241878]]],[[[10.11769698,56.46350209],[10.11918735,56.45995876],[10.11769698,56.46350209]]],[[[10.28255579,56.59788276],[10.27906963,56.59499809],[10.28255579,56.59788276]]],[[[10.09568234,56.46575148],[10.09161144,56.46530233],[10.09767032,56.46508287],[10.09568234,56.46575148]]],[[[10.50994566,56.16699428],[10.50660678,56.16384261],[10.50994566,56.16699428]]],[[[8.14507762,56.33268266],[8.14243763,56.3324778],[8.14507762,56.33268266]]],[[[10.22087296,55.7728587],[10.23424145,55.77617628],[10.21230406,55.7710462],[10.22087296,55.7728587]]],[[[10.35706828,55.96070781],[10.36769193,55.96009749],[10.35706828,55.96070781]]],[[[8.71961216,56.4822737],[8.72221739,56.47995676],[8.71961216,56.4822737]]],[[[8.23894805,56.32709075],[8.23894805,56.32709075]]],[[[10.32119526,56.60627424],[10.3272669,56.60592883],[10.32119526,56.60627424]]],[[[10.47754849,56.24848426],[10.47914481,56.24993085],[10.47583663,56.24700542],[10.47754849,56.24848426]]],[[[8.34671662,55.96514396],[8.34671662,55.96514396]]],[[[10.08385885,55.84989527],[10.08086215,55.84856649],[10.08385885,55.84989527]]],[[[8.21594831,55.89704382],[8.21892727,55.89648786],[8.21594831,55.89704382]]],[[[10.65216253,55.89384202],[10.65216253,55.89384202]]],[[[10.04927865,55.84377406],[10.04700662,55.84293995],[10.04927865,55.84377406]]],[[[10.11470004,56.4612829],[10.11233005,56.46213508],[10.11712327,56.46043459],[10.11470004,56.4612829]]],[[[8.23401852,56.65009784],[8.23401852,56.65009784]]],[[[8.25095396,55.88929662],[8.25095396,55.88929662]]],[[[8.25815979,55.885197],[8.25815979,55.885197]]],[[[10.1157723,56.46620356],[10.1157723,56.46620356]]],[[[8.37261299,55.89966365],[8.37261299,55.89966365]]],[[[10.11195829,56.46180372],[10.11195829,56.46180372]]],[[[10.22791576,56.70883572],[10.22791576,56.70883572]]],[[[10.02190711,55.87234454],[10.01912486,55.8716767],[10.02190711,55.87234454]]],[[[8.20649017,55.86282185],[8.20649017,55.86282185]]],[[[10.22632633,56.70968489],[10.22632633,56.70968489]]],[[[9.98718192,55.86109657],[9.98332873,55.86160078],[9.99097144,55.86048034],[9.98718192,55.86109657]]],[[[10.23515229,56.50250141],[10.23515229,56.50250141]]],[[[10.11817627,55.85512113],[10.11817627,55.85512113]]],[[[8.59545503,56.63627011],[8.59545503,56.63627011]]],[[[10.24442242,55.88301906],[10.24232086,55.88240642],[10.24442242,55.88301906]]],[[[10.27751361,56.59326049],[10.27751361,56.59326049]]],[[[10.93067042,56.41443001],[10.93224827,56.41786077],[10.93067042,56.41443001]]],[[[10.34001823,56.24297662],[10.34218113,56.24397923],[10.34001823,56.24297662]]],[[[10.12092197,55.85074901],[10.121346,55.85325928],[10.12092197,55.85074901]]],[[[10.66880073,55.90857376],[10.66538466,55.90714335],[10.66880073,55.90857376]]],[[[8.16744687,56.39535555],[8.17005854,56.3951983],[8.16744687,56.39535555]]],[[[8.23959105,56.32297338],[8.23959105,56.32297338]]],[[[8.25089006,55.89040593],[8.25089006,55.89040593]]],[[[10.92643274,56.41255315],[10.92613594,56.41458076],[10.92643274,56.41255315]]],[[[8.25303923,55.8856747],[8.25303923,55.8856747]]],[[[8.26404184,55.89135916],[8.26404184,55.89135916]]],[[[10.63920141,55.89527671],[10.63920141,55.89527671]]],[[[8.36126542,55.94699208],[8.36126542,55.94699208]]],[[[10.64935246,55.90657669],[10.64727548,55.90745623],[10.64935246,55.90657669]]],[[[10.68976382,56.14919417],[10.68976382,56.14919417]]],[[[10.21517991,56.13877187],[10.21517991,56.13877187]]],[[[9.99270175,55.86097409],[9.99185462,55.8633879],[9.99270175,55.86097409]]],[[[10.33808084,56.60458401],[10.3403596,56.60414222],[10.33808084,56.60458401]]],[[[8.35270828,55.96371008],[8.35270828,55.96371008]]],[[[10.31569652,56.61487615],[10.31358923,56.61401313],[10.31569652,56.61487615]]],[[[9.03794875,56.80791798],[9.03794875,56.80791798]]],[[[10.64842727,55.90730359],[10.64842727,55.90730359]]],[[[8.35464071,55.96412266],[8.35464071,55.96412266]]],[[[8.12719608,56.40013492],[8.12719608,56.40013492]]],[[[8.16980225,55.94219506],[8.16980225,55.94219506]]],[[[10.22762152,56.47959945],[10.22762152,56.47959945]]],[[[10.09861244,56.46496303],[10.09861244,56.46496303]]],[[[8.37532469,55.93704876],[8.37532469,55.93704876]]],[[[10.20486204,55.84981782],[10.19956718,55.85112892],[10.20699035,55.84973082],[10.20486204,55.84981782]]],[[[10.46479712,56.20555691],[10.46652734,56.2041012],[10.46479712,56.20555691]]],[[[9.03434835,56.82219727],[9.03434835,56.82219727]]],[[[10.4656957,56.20385281],[10.46375483,56.2043542],[10.4656957,56.20385281]]],[[[10.29193303,56.2093879],[10.29230357,56.21140667],[10.29193303,56.2093879]]],[[[8.17464662,56.39484643],[8.17464662,56.39484643]]],[[[10.23267249,56.7104928],[10.23267249,56.7104928]]],[[[10.03132599,55.84575749],[10.03132599,55.84575749]]],[[[8.20995892,56.61364655],[8.20745085,56.61279074],[8.20995892,56.61364655]]],[[[8.18279944,55.87994788],[8.18279944,55.87994788]]],[[[9.19247687,56.7222845],[9.19247687,56.7222845]]],[[[10.11115555,55.84968372],[10.11115555,55.84968372]]],[[[8.22577643,56.62101953],[8.22577643,56.62101953]]],[[[10.22475633,56.71005352],[10.22475633,56.71005352]]],[[[10.66458606,55.90700965],[10.66458606,55.90700965]]],[[[10.23384825,56.50423024],[10.23384825,56.50423024]]],[[[10.66963046,55.9083587],[10.66963046,55.9083587]]],[[[10.22839002,56.70942835],[10.22839002,56.70942835]]],[[[10.64938844,55.90558518],[10.64938844,55.90558518]]],[[[10.92798943,56.40596104],[10.92798943,56.40596104]]],[[[9.37086292,56.56600385],[9.37086292,56.56600385]]],[[[10.22644872,56.70765259],[10.22644872,56.70765259]]],[[[10.24967519,56.57872004],[10.24967519,56.57872004]]],[[[8.21037804,56.61390212],[8.21037804,56.61390212]]],[[[8.24829843,55.88976619],[8.24829843,55.88976619]]],[[[10.46373667,56.20624717],[10.46373667,56.20624717]]],[[[8.71585327,56.62303918],[8.71585327,56.62303918]]],[[[10.10528484,55.85803064],[10.10528484,55.85803064]]],[[[10.35512253,56.56723332],[10.35512253,56.56723332]]],[[[10.63302148,55.89895324],[10.63302148,55.89895324]]],[[[10.40954269,56.2118431],[10.40954269,56.2118431]]],[[[10.66999825,55.90922172],[10.66999825,55.90922172]]],[[[10.35487274,56.65250473],[10.35487274,56.65250473]]],[[[8.25247528,55.89036983],[8.25247528,55.89036983]]],[[[10.24300724,55.88532],[10.24300724,55.88532]]],[[[10.22762603,56.71141063],[10.22762603,56.71141063]]],[[[10.28317675,56.59843252],[10.28317675,56.59843252]]],[[[10.22598191,56.70796033],[10.22598191,56.70796033]]],[[[10.11394324,55.85581737],[10.11394324,55.85581737]]],[[[9.03021912,56.79437588],[9.03021912,56.79437588]]],[[[8.25027011,55.89184297],[8.25027011,55.89184297]]],[[[10.65711906,55.88754552],[10.65711906,55.88754552]]],[[[8.26251068,55.89183134],[8.26251068,55.89183134]]],[[[10.46786485,56.20320535],[10.46786485,56.20320535]]],[[[10.10523476,56.46338051],[10.10523476,56.46338051]]],[[[10.65991022,55.90526226],[10.65991022,55.90526226]]],[[[8.3496218,55.96699869],[8.3496218,55.96699869]]],[[[10.22648846,56.48235648],[10.22648846,56.48235648]]],[[[10.2361934,56.50326098],[10.2361934,56.50326098]]],[[[8.34035033,55.97426778],[8.34035033,55.97426778]]],[[[10.00837291,55.71765178],[10.00837291,55.71765178]]],[[[10.27887443,56.59449416],[10.27887443,56.59449416]]],[[[10.10671484,55.85779844],[10.10671484,55.85779844]]],[[[10.08615277,56.46762779],[10.08615277,56.46762779]]],[[[10.6462365,55.89267552],[10.6462365,55.89267552]]],[[[8.2521212,55.88593465],[8.2521212,55.88593465]]],[[[10.19380778,55.85094573],[10.19380778,55.85094573]]],[[[10.10550716,56.466159],[10.10550716,56.466159]]],[[[10.08484002,56.46795984],[10.08484002,56.46795984]]],[[[10.63981405,55.89574924],[10.63981405,55.89574924]]],[[[8.17085835,56.39505639],[8.17085835,56.39505639]]],[[[8.25101502,55.88794451],[8.25101502,55.88794451]]],[[[8.37847763,55.93342263],[8.37847763,55.93342263]]],[[[8.27405084,55.88555157],[8.27405084,55.88555157]]],[[[10.11055724,55.85701666],[10.11055724,55.85701666]]],[[[10.22625532,56.709089],[10.22625532,56.709089]]],[[[10.22822718,56.7083163],[10.22822718,56.7083163]]],[[[10.22488477,56.70978837],[10.22488477,56.70978837]]],[[[10.10181114,56.46634164],[10.10181114,56.46634164]]],[[[10.66779613,55.91253415],[10.66779613,55.91253415]]],[[[8.36301048,55.95374012],[8.36301048,55.95374012]]],[[[10.34472677,56.59081295],[10.34472677,56.59081295]]],[[[8.17263708,56.39499171],[8.17263708,56.39499171]]],[[[8.25082274,56.34582515],[8.25082274,56.34582515]]],[[[10.11636663,56.46638987],[10.11636663,56.46638987]]],[[[10.65890412,55.9049018],[10.65890412,55.9049018]]],[[[10.46676523,56.20351691],[10.46676523,56.20351691]]],[[[10.29293492,56.46975052],[10.29293492,56.46975052]]],[[[10.65565096,55.90524026],[10.65565096,55.90524026]]],[[[8.24904916,55.89067407],[8.24904916,55.89067407]]],[[[10.65419175,55.90489601],[10.65419175,55.90489601]]],[[[10.22916306,56.7081767],[10.22916306,56.7081767]]],[[[10.03226036,55.84528321],[10.03226036,55.84528321]]],[[[10.2244596,56.14851625],[10.2244596,56.14851625]]],[[[8.27657421,55.88335333],[8.27657421,55.88335333]]],[[[10.22749439,56.70762954],[10.22749439,56.70762954]]],[[[10.22608398,56.70853228],[10.22608398,56.70853228]]],[[[10.66038733,55.88961034],[10.66038733,55.88961034]]],[[[10.21720128,56.01100148],[10.21720128,56.01100148]]],[[[8.35297375,55.9658398],[8.35297375,55.9658398]]],[[[10.11544837,56.46642634],[10.11544837,56.46642634]]],[[[10.36850918,56.20037462],[10.36850918,56.20037462]]],[[[10.35374966,56.63331736],[10.35374966,56.63331736]]],[[[10.6351587,55.91334182],[10.6351587,55.91334182]]],[[[8.17845034,56.34421228],[8.17845034,56.34421228]]],[[[10.22835197,56.70749881],[10.22835197,56.70749881]]],[[[10.05697474,55.82842496],[10.05697474,55.82842496]]],[[[10.22433949,56.71423946],[10.22433949,56.71423946]]],[[[10.661748,55.90554319],[10.661748,55.90554319]]],[[[10.11227388,55.85622856],[10.11227388,55.85622856]]],[[[9.19291585,56.72214052],[9.19291585,56.72214052]]],[[[10.64360907,55.87916144],[10.64360907,55.87916144]]],[[[10.23034844,56.70922044],[10.23034844,56.70922044]]],[[[10.64213359,55.89702945],[10.64213359,55.89702945]]],[[[10.22629765,56.48186796],[10.22629765,56.48186796]]],[[[10.64074359,55.89630246],[10.64074359,55.89630246]]],[[[9.03427547,56.82168567],[9.03427547,56.82168567]]],[[[10.64030848,55.89613383],[10.64030848,55.89613383]]],[[[10.65753461,55.90547957],[10.65753461,55.90547957]]],[[[8.27551762,55.88553667],[8.27551762,55.88553667]]],[[[10.66705096,55.91390902],[10.66705096,55.91390902]]],[[[10.22846288,56.70707238],[10.22846288,56.70707238]]],[[[10.33673093,56.62069554],[10.33673093,56.62069554]]],[[[10.65432161,55.90467706],[10.65432161,55.90467706]]],[[[10.6569535,55.90482472],[10.6569535,55.90482472]]],[[[10.63002022,55.90016538],[10.63002022,55.90016538]]],[[[10.2297856,56.70937847],[10.2297856,56.70937847]]],[[[10.3361401,56.62047303],[10.3361401,56.62047303]]],[[[10.25169977,56.57870211],[10.25169977,56.57870211]]],[[[9.19804781,56.72538977],[9.19804781,56.72538977]]],[[[8.25208606,55.88671419],[8.25208606,55.88671419]]],[[[8.2512099,55.8863923],[8.2512099,55.8863923]]],[[[10.6523173,55.90823107],[10.6523173,55.90823107]]],[[[10.22865857,56.70787943],[10.22865857,56.70787943]]],[[[9.17998334,56.71685091],[9.17998334,56.71685091]]],[[[10.39244407,56.54027056],[10.39244407,56.54027056]]],[[[10.22497412,56.14942884],[10.22497412,56.14942884]]],[[[10.24225206,55.87799],[10.24225206,55.87799]]],[[[10.2279876,56.70720482],[10.2279876,56.70720482]]],[[[10.65148819,55.90811665],[10.65148819,55.90811665]]],[[[10.22441249,56.70809841],[10.22441249,56.70809841]]],[[[10.29194638,56.46976144],[10.29194638,56.46976144]]],[[[10.27639882,56.5923322],[10.27639882,56.5923322]]],[[[10.66979834,55.91382048],[10.66979834,55.91382048]]],[[[8.26537187,55.89155283],[8.26537187,55.89155283]]],[[[10.65997219,55.90545086],[10.65997219,55.90545086]]],[[[10.65481503,55.90459243],[10.65481503,55.90459243]]],[[[10.23063547,56.70962084],[10.23063547,56.70962084]]],[[[10.64967101,55.90138516],[10.64967101,55.90138516]]],[[[10.31756553,56.61588516],[10.31756553,56.61588516]]],[[[10.22656849,56.70747289],[10.22656849,56.70747289]]],[[[10.22781473,56.70652135],[10.22781473,56.70652135]]],[[[10.66508161,55.90704914],[10.66508161,55.90704914]]],[[[10.22470652,56.14875883],[10.22470652,56.14875883]]],[[[10.63972637,55.89588871],[10.63972637,55.89588871]]],[[[10.22397765,56.14812117],[10.22397765,56.14812117]]],[[[10.22878576,56.70914511],[10.22878576,56.70914511]]],[[[10.22874052,56.70943118],[10.22874052,56.70943118]]],[[[10.22295621,56.14761632],[10.22295621,56.14761632]]],[[[10.23238163,56.70771751],[10.23238163,56.70771751]]],[[[10.22963339,56.70956487],[10.22963339,56.70956487]]],[[[10.67593604,55.91139342],[10.67593604,55.91139342]]],[[[10.67852029,55.91073313],[10.67852029,55.91073313]]],[[[10.22932217,56.5246575],[10.22932217,56.5246575]]],[[[10.64290046,55.89359267],[10.64290046,55.89359267]]],[[[10.66497202,55.90750812],[10.66497202,55.90750812]]],[[[10.65597189,55.90441116],[10.65597189,55.90441116]]],[[[10.33146523,56.61452754],[10.33146523,56.61452754]]],[[[10.64409276,55.87487121],[10.64409276,55.87487121]]],[[[10.31680366,56.61527056],[10.31680366,56.61527056]]],[[[10.63110286,55.9004608],[10.63110286,55.9004608]]],[[[10.64659415,55.89188793],[10.64659415,55.89188793]]],[[[10.65722686,55.90517655],[10.65722686,55.90517655]]],[[[10.64575149,55.89256285],[10.64575149,55.89256285]]],[[[10.65788483,55.90509805],[10.65788483,55.90509805]]],[[[10.67473522,55.88474901],[10.67473522,55.88474901]]],[[[10.65752131,55.90499897],[10.65752131,55.90499897]]],[[[10.22454901,56.70963588],[10.22454901,56.70963588]]],[[[10.33170117,56.61453185],[10.33170117,56.61453185]]],[[[10.67310153,55.91443642],[10.67310153,55.91443642]]],[[[10.22546944,56.71004974],[10.22546944,56.71004974]]],[[[10.22404957,56.71042389],[10.22404957,56.71042389]]],[[[10.22464392,56.7095654],[10.22464392,56.7095654]]],[[[10.63991325,55.89533696],[10.63991325,55.89533696]]],[[[10.22704286,56.70997199],[10.22704286,56.70997199]]],[[[10.33130413,56.61442279],[10.33130413,56.61442279]]],[[[10.22819132,56.15773365],[10.22819132,56.15773365]]],[[[10.64486533,55.87498886],[10.64486533,55.87498886]]],[[[10.22879223,56.70933382],[10.22879223,56.70933382]]],[[[10.63505869,55.91312118],[10.63505869,55.91312118]]]]}},{"type":"Feature","properties":{"code":"SDJ","name":"Syddanmark","sourceCode":"1083"},"geometry":{"type":"MultiPolygon","coordinates":[[[[9.22985719,55.95607962],[9.21762307,55.95397202],[9.21488322,55.94329774],[9.20997785,55.94441136],[9.2046463,55.93559512],[9.19774823,55.93436402],[9.19517344,55.93074678],[9.19590782,55.91686251],[9.17734672,55.90944334],[9.17923095,55.90656269],[9.16875609,55.8969919],[9.16043423,55.89569318],[9.14997574,55.88359388],[9.13830533,55.88371626],[9.1176412,55.86926907],[9.09730504,55.87720327],[9.07745459,55.85831999],[9.07092952,55.84445226],[9.05881588,55.85066479],[9.04629518,55.83645389],[9.03007112,55.84063964],[9.02071797,55.83392092],[9.01474947,55.83573517],[9.00953652,55.83065851],[9.00145296,55.83222113],[9.00139224,55.83526675],[8.99236175,55.83895988],[8.95930417,55.8417715],[8.95779038,55.84541178],[8.96754414,55.86521614],[8.96555134,55.88487129],[8.9432892,55.89217064],[8.88119763,55.89577452],[8.8757858,55.89293106],[8.86519743,55.89541014],[8.85554881,55.88024409],[8.83956237,55.88179032],[8.82314302,55.84753985],[8.7945667,55.83790584],[8.82603579,55.81919467],[8.7588802,55.80608106],[8.74457588,55.806393],[8.72235975,55.81384575],[8.72223845,55.8213549],[8.70691218,55.82465844],[8.70937481,55.82949169],[8.70797239,55.83775901],[8.69230113,55.84016013],[8.67619028,55.84831789],[8.65727061,55.84430318],[8.62575912,55.84493883],[8.62611978,55.84247069],[8.61948431,55.84353056],[8.59266478,55.83491976],[8.59240583,55.83783363],[8.57976419,55.84130093],[8.56659507,55.84988929],[8.53234874,55.84117021],[8.54340905,55.83144726],[8.54641,55.82235957],[8.53329046,55.81782134],[8.53714687,55.81315132],[8.53251401,55.81525533],[8.51275594,55.81026637],[8.50857258,55.79843722],[8.51389855,55.78758879],[8.50448501,55.78229926],[8.50488944,55.77965289],[8.49984717,55.77997339],[8.49997828,55.77710524],[8.49333143,55.77909148],[8.49471388,55.77671361],[8.46220722,55.78084801],[8.46888911,55.77310683],[8.44937939,55.77639484],[8.44317516,55.78017312],[8.44068245,55.78805748],[8.41454637,55.7951166],[8.41462117,55.79737149],[8.42397638,55.79905505],[8.37423206,55.80340139],[8.37331559,55.8077977],[8.35081284,55.82229452],[8.32758983,55.80407246],[8.32773652,55.80035526],[8.30369455,55.79742861],[8.28410317,55.80146356],[8.27925112,55.79723387],[8.27109876,55.79717297],[8.24265532,55.81240891],[8.2257937,55.81283965],[8.22358162,55.81743546],[8.22909033,55.82526315],[8.20409917,55.832444],[8.18156407,55.83128708],[8.17968001,55.82467384],[8.19048728,55.81789495],[8.18166885,55.819035],[8.17114953,55.81548698],[8.17677356,55.77336662],[8.16426069,55.71975457],[8.10345912,55.60423026],[8.0726088,55.56139499],[8.08362554,55.55457695],[8.17507813,55.53349553],[8.20920634,55.51939686],[8.29347052,55.47680543],[8.30669803,55.48034899],[8.30388433,55.48471754],[8.30656258,55.49536022],[8.2874237,55.50660281],[8.2851968,55.51075966],[8.27172523,55.51462009],[8.25935246,55.52137692],[8.26015388,55.52405489],[8.25467046,55.52453196],[8.25850905,55.5265468],[8.25296726,55.52757689],[8.26982645,55.53415421],[8.25237019,55.53800876],[8.24425088,55.54336371],[8.23728628,55.55403821],[8.23634627,55.56682088],[8.24503511,55.5734333],[8.24773166,55.58059281],[8.26752847,55.59489383],[8.29047495,55.59473185],[8.31020656,55.58780236],[8.31519075,55.58337793],[8.31416868,55.57859717],[8.31878621,55.57865849],[8.29635722,55.57430328],[8.29319916,55.57001658],[8.29436765,55.56526522],[8.35444862,55.52129958],[8.37646379,55.5113322],[8.3850077,55.50276245],[8.41363454,55.48571192],[8.40717072,55.48065715],[8.41388719,55.47575956],[8.41123638,55.47797022],[8.41580392,55.47636601],[8.41580886,55.47928411],[8.42065263,55.47932806],[8.41727664,55.47550086],[8.42238201,55.47164576],[8.41982122,55.47482346],[8.42391844,55.47601142],[8.42602274,55.47385768],[8.4231658,55.47292707],[8.42727184,55.47257352],[8.42341584,55.47186962],[8.42434727,55.46887361],[8.42954981,55.47166616],[8.4363548,55.46631477],[8.42886164,55.46481957],[8.42525171,55.46802762],[8.43301869,55.45934851],[8.43559198,55.45819592],[8.4378297,55.46264794],[8.44159794,55.46069728],[8.44252355,55.46455555],[8.44639553,55.46332354],[8.44290333,55.46060411],[8.45080264,55.46202184],[8.44975958,55.45774311],[8.43841792,55.45719162],[8.47105149,55.44974167],[8.47934116,55.45372481],[8.48265353,55.45038146],[8.47589338,55.44865589],[8.48143789,55.44726935],[8.49454444,55.45504449],[8.51963944,55.45139988],[8.54400995,55.45603733],[8.62304539,55.42643436],[8.62354689,55.41668624],[8.63107722,55.40704828],[8.62895841,55.40565032],[8.63460014,55.40133574],[8.63223948,55.39910098],[8.63614629,55.39175294],[8.6404604,55.39051738],[8.63924792,55.38544495],[8.6465337,55.37726918],[8.65688404,55.34884648],[8.65972993,55.34878524],[8.66169642,55.34364354],[8.67578469,55.34008824],[8.66389811,55.33965499],[8.66543955,55.3364595],[8.67667626,55.33267591],[8.6702519,55.33229041],[8.66990961,55.32537612],[8.66629432,55.3279619],[8.66367069,55.32594697],[8.6703148,55.32340362],[8.66636748,55.31538638],[8.66082167,55.30849546],[8.64314998,55.3107494],[8.59712938,55.29437022],[8.55089526,55.29457696],[8.53379,55.28355378],[8.53077977,55.27509989],[8.54141388,55.26635923],[8.55915803,55.26527436],[8.568527,55.26906043],[8.5830454,55.28653706],[8.5939758,55.29248556],[8.64229426,55.30967343],[8.65780884,55.30564658],[8.65423289,55.2946438],[8.65108586,55.2939113],[8.65421501,55.29284178],[8.6562616,55.28006651],[8.65958535,55.27715796],[8.65437508,55.27621515],[8.65182151,55.27987314],[8.64928515,55.27323739],[8.64344995,55.2700148],[8.65127869,55.26780293],[8.65333344,55.26411415],[8.66314736,55.2651602],[8.66049706,55.26337891],[8.66283102,55.26074042],[8.65437082,55.25961345],[8.65720726,55.25469967],[8.66520213,55.25389055],[8.65798393,55.24964905],[8.66151445,55.24537935],[8.6562166,55.2475523],[8.66186873,55.23464003],[8.65773593,55.23400325],[8.66173441,55.22511984],[8.65570138,55.22387833],[8.65887978,55.21988591],[8.66544673,55.22227472],[8.68449459,55.15862949],[8.65809815,55.15650775],[8.65916475,55.15208591],[8.6377783,55.1486242],[8.56750704,55.15362975],[8.57364613,55.16207143],[8.56900955,55.16458296],[8.57259471,55.17301355],[8.58724632,55.18052538],[8.59292057,55.18835403],[8.56193295,55.20077463],[8.54520396,55.19969572],[8.55207851,55.20356798],[8.53172559,55.20815001],[8.52165018,55.19571163],[8.52972951,55.20894049],[8.51904864,55.21175152],[8.50691343,55.20864651],[8.48742596,55.1943123],[8.47655721,55.17222468],[8.48008684,55.16181999],[8.48758682,55.16251358],[8.48101954,55.16106749],[8.47582335,55.16509494],[8.47379681,55.13134074],[8.46401838,55.10038775],[8.47569004,55.10122233],[8.48550891,55.09459952],[8.47161722,55.10141538],[8.47509981,55.10023021],[8.46246788,55.0970519],[8.49999951,55.06267817],[8.51473773,55.05816109],[8.52210243,55.06359987],[8.53673629,55.06602057],[8.53680234,55.06964325],[8.54503694,55.07108309],[8.54524991,55.07379077],[8.55702771,55.07796253],[8.5634637,55.08466796],[8.57175702,55.08557968],[8.56538566,55.08703035],[8.57231767,55.08731621],[8.56284332,55.09014159],[8.55744097,55.09787508],[8.55078489,55.10114296],[8.55953088,55.12232777],[8.55503296,55.12486121],[8.55061926,55.1419351],[8.55638793,55.14983353],[8.61297784,55.14451926],[8.66392538,55.14849124],[8.68596477,55.14409902],[8.67785986,55.13563914],[8.68565502,55.13077025],[8.6756236,55.13011905],[8.65909428,55.09908763],[8.6496842,55.08921388],[8.64620757,55.08953265],[8.63166729,55.03998524],[8.6339998,55.03974874],[8.63385874,55.03222308],[8.64674564,55.00434879],[8.65896489,54.98641716],[8.65652141,54.9863401],[8.65783316,54.96311635],[8.63600007,54.9159085],[8.63351872,54.91607871],[8.6369937,54.91564233],[8.63482538,54.91161765],[8.6600304,54.90867513],[8.68026355,54.91057293],[8.72789683,54.89273979],[8.75499071,54.89687538],[8.77703593,54.89263877],[8.77648416,54.89548301],[8.79905416,54.90466933],[8.81885955,54.90393571],[8.82422376,54.9068733],[8.83699402,54.90554365],[8.84874657,54.897316],[8.85957637,54.89671692],[8.89224147,54.90488636],[8.94806707,54.9025443],[9.01453695,54.88650809],[9.04785749,54.87201241],[9.09067276,54.8702118],[9.11045136,54.87402049],[9.14318997,54.87299041],[9.24027332,54.84997954],[9.24489447,54.84385712],[9.23527486,54.83519033],[9.23583189,54.83126035],[9.25007872,54.80963739],[9.27047948,54.81213725],[9.28421595,54.80965294],[9.28637364,54.80429967],[9.29492927,54.80169073],[9.29345507,54.80893394],[9.32946139,54.80560937],[9.34371438,54.80023845],[9.34558791,54.80215513],[9.34205047,54.80361894],[9.34322331,54.8071255],[9.37416264,54.821207],[9.37475303,54.83331508],[9.37889414,54.83305897],[9.38285621,54.83914187],[9.403655,54.83885245],[9.4083,54.84261746],[9.41808171,54.838043],[9.41801428,54.83216518],[9.43209956,54.83212674],[9.48787861,54.84860726],[9.48421247,54.84943056],[9.49138975,54.85748082],[9.50030749,54.86010808],[9.50733344,54.8700065],[9.51971332,54.87189683],[9.5259729,54.87756433],[9.53599671,54.8765194],[9.53510017,54.87932424],[9.53907705,54.88161778],[9.55673041,54.87618413],[9.56594848,54.87936724],[9.57766174,54.88996222],[9.57927826,54.8978907],[9.57471125,54.8995761],[9.57518403,54.90210111],[9.60214403,54.90979014],[9.59756742,54.914149],[9.58896129,54.91505049],[9.6006725,54.91997038],[9.60996845,54.9146478],[9.61374191,54.9272883],[9.61690351,54.92840408],[9.61531955,54.93011967],[9.62730977,54.93515772],[9.670307,54.91920585],[9.67449621,54.91343098],[9.66955557,54.90958006],[9.65786026,54.91140102],[9.65592557,54.90849518],[9.65681719,54.91176595],[9.65263148,54.90972667],[9.65432878,54.91282804],[9.63689002,54.91633006],[9.60731186,54.91090214],[9.59854495,54.90605784],[9.61437289,54.90151523],[9.62063914,54.89618777],[9.6157224,54.89741197],[9.61806232,54.89519259],[9.63848146,54.89306166],[9.64361625,54.88378214],[9.65700133,54.88074306],[9.65624041,54.87748361],[9.65059903,54.87628258],[9.65392293,54.87618979],[9.65029134,54.87537971],[9.65031524,54.87245923],[9.63627396,54.86682203],[9.63788561,54.86159466],[9.65791453,54.85513404],[9.68007905,54.85727546],[9.70640014,54.85242734],[9.70806961,54.84973458],[9.70470634,54.8466685],[9.72160507,54.84108078],[9.72720841,54.83482195],[9.75084374,54.83918314],[9.76114913,54.84994327],[9.75832872,54.86199608],[9.74255609,54.86960764],[9.73912027,54.88217829],[9.72493238,54.88913233],[9.70502112,54.88941747],[9.70108018,54.89527756],[9.70979381,54.90347408],[9.75646768,54.89717616],[9.78060016,54.90486518],[9.78062802,54.91293923],[9.76716794,54.9160979],[9.7636364,54.91930974],[9.76396118,54.92567296],[9.75477291,54.92899185],[9.75554698,54.93965031],[9.74952159,54.95919148],[9.75192437,54.96640351],[9.73934213,54.97414524],[9.73836543,54.98742292],[9.71544102,54.9902524],[9.69249575,54.98787134],[9.68303983,54.99483877],[9.65295574,55.00620047],[9.63000627,55.0102246],[9.61754764,55.01940157],[9.60657578,55.03547699],[9.58097047,55.04431343],[9.57405875,55.042784],[9.57571985,55.0372773],[9.57243055,55.03408013],[9.520876,55.02533225],[9.5063958,55.01667043],[9.49553485,55.01484145],[9.48051754,55.01783828],[9.45342639,55.01635162],[9.4409664,55.02545057],[9.43439265,55.02453557],[9.43646482,55.02175897],[9.43400936,55.0217363],[9.4226338,55.02758321],[9.42173026,55.03266675],[9.42519568,55.03311848],[9.42585925,55.03711927],[9.42243338,55.03521071],[9.42543153,55.03855896],[9.42210667,55.0394521],[9.42823381,55.03753798],[9.42689972,55.04098294],[9.42318285,55.04037694],[9.4276168,55.04150272],[9.42309189,55.04182847],[9.4276133,55.04258416],[9.42650151,55.04682094],[9.42993701,55.04197865],[9.44187467,55.04062694],[9.46034003,55.04395072],[9.46585108,55.04828504],[9.49513363,55.04772563],[9.5029155,55.04484979],[9.50158314,55.04677462],[9.5169494,55.05322715],[9.55053997,55.07523496],[9.55090762,55.08960064],[9.53916614,55.09186051],[9.53334912,55.10015955],[9.51992146,55.10945075],[9.50723086,55.11071767],[9.49262674,55.11940971],[9.48223191,55.11475349],[9.47796211,55.11848348],[9.46634537,55.11381946],[9.45703382,55.11410438],[9.46424844,55.12211207],[9.46567377,55.11929265],[9.46261756,55.11660848],[9.46848127,55.11647455],[9.46941684,55.12258841],[9.46369567,55.12411202],[9.47507116,55.13157216],[9.49888346,55.12676745],[9.51983641,55.12757878],[9.50444043,55.13621565],[9.50213142,55.14934648],[9.49680896,55.15263023],[9.49843671,55.15652903],[9.56152238,55.177656],[9.59096961,55.19364818],[9.61263434,55.19240201],[9.62445927,55.1860296],[9.6245887,55.1894441],[9.61571328,55.19255222],[9.62918078,55.18946103],[9.63767862,55.17627104],[9.62917405,55.17578682],[9.62783735,55.18396706],[9.63130222,55.18467518],[9.62613455,55.18926103],[9.62081111,55.18385565],[9.62216021,55.17901062],[9.62987004,55.17428916],[9.69332344,55.19479707],[9.69623801,55.19975208],[9.6910238,55.21917811],[9.69612352,55.22683395],[9.67948478,55.21729881],[9.68940443,55.21564001],[9.68283904,55.21694157],[9.68200148,55.21194384],[9.65761235,55.21038543],[9.65415912,55.21428015],[9.65835855,55.21523393],[9.65805786,55.22156721],[9.66246134,55.22537415],[9.67177892,55.22683183],[9.67708389,55.22258856],[9.67460501,55.22234007],[9.6778709,55.21775549],[9.710672,55.23308967],[9.71573051,55.23768483],[9.71211057,55.24325101],[9.71881539,55.25095466],[9.71333013,55.26170514],[9.70709328,55.2626972],[9.71241545,55.26259518],[9.68326077,55.27088036],[9.65804408,55.28344483],[9.64487464,55.28075291],[9.63532734,55.2854241],[9.62677702,55.28380476],[9.61358664,55.27194626],[9.58666702,55.26922438],[9.58477694,55.26643641],[9.58959333,55.26125786],[9.58926082,55.25735415],[9.57095585,55.25234506],[9.56806133,55.24731353],[9.56368379,55.24828645],[9.56548007,55.25032835],[9.5583591,55.24669233],[9.56143397,55.24833654],[9.52610234,55.24803052],[9.51319046,55.25065706],[9.49425336,55.24752651],[9.51648712,55.25241954],[9.55071814,55.24921847],[9.56546644,55.25153993],[9.57163639,55.25805422],[9.58354123,55.25934934],[9.58128764,55.26598363],[9.58398275,55.27018511],[9.61097047,55.27409423],[9.62833514,55.28958017],[9.64037138,55.29063572],[9.64101689,55.29356893],[9.63732149,55.29433016],[9.64493132,55.2934554],[9.64303758,55.29009395],[9.65110033,55.28625888],[9.66642646,55.28770179],[9.67175473,55.28525926],[9.6523054,55.30096257],[9.6439794,55.31214843],[9.62028317,55.30964502],[9.63207231,55.31249754],[9.65001782,55.32726602],[9.64590698,55.33522877],[9.64679481,55.34195234],[9.62249139,55.3570624],[9.60309112,55.35626644],[9.59797468,55.35800495],[9.59850822,55.36133509],[9.57566654,55.36207228],[9.57450477,55.36640219],[9.5650785,55.37281623],[9.57314207,55.37431414],[9.59159865,55.37075285],[9.59935811,55.36613271],[9.59870631,55.3614575],[9.60272304,55.35997735],[9.60165578,55.36280908],[9.61809915,55.37562941],[9.62210062,55.39045846],[9.59415277,55.41447502],[9.59501133,55.4236945],[9.6086013,55.42947752],[9.6331138,55.43050757],[9.65676425,55.4377321],[9.68613599,55.45318527],[9.69343605,55.46166157],[9.62583866,55.49857895],[9.6083034,55.49481003],[9.60419658,55.49588593],[9.6050696,55.4978515],[9.58636033,55.4856547],[9.57680175,55.48701994],[9.56999843,55.49274883],[9.51422085,55.48350886],[9.49638914,55.48945657],[9.50378502,55.49059785],[9.50210466,55.49268461],[9.48232346,55.48973653],[9.49839763,55.49421979],[9.49900207,55.4980478],[9.51468367,55.50074433],[9.53900205,55.49654201],[9.5735845,55.49915508],[9.58392515,55.4970764],[9.58600527,55.49916583],[9.58068045,55.50974749],[9.55746859,55.51486887],[9.5696941,55.51564552],[9.57738675,55.51113259],[9.5891875,55.51692779],[9.58237813,55.51946973],[9.57126223,55.51748121],[9.56411899,55.52406317],[9.57006451,55.52770689],[9.60529581,55.51979104],[9.60502244,55.51365965],[9.61197402,55.51234769],[9.6084392,55.51036379],[9.62656284,55.51367995],[9.64036797,55.50906378],[9.67377004,55.52767227],[9.72389067,55.51810943],[9.74082595,55.51871583],[9.74230051,55.52407707],[9.72993492,55.54284427],[9.73016687,55.55366619],[9.72784711,55.5543976],[9.73355957,55.55347124],[9.73550272,55.55894592],[9.74755285,55.55803877],[9.74505573,55.55950681],[9.7567692,55.56154233],[9.76199343,55.56106938],[9.75567174,55.55914124],[9.76786842,55.55594788],[9.77002199,55.56906822],[9.7898862,55.58241822],[9.79355655,55.59373854],[9.8474952,55.61647331],[9.85975467,55.62501991],[9.8054324,55.62825659],[9.76322408,55.62268899],[9.74981111,55.62758637],[9.74006386,55.62665236],[9.74975054,55.62794968],[9.73763692,55.6583861],[9.71256871,55.66651736],[9.70458844,55.66507063],[9.69791267,55.66795992],[9.69232832,55.67526751],[9.6888859,55.67438328],[9.69067367,55.6756394],[9.68590567,55.6828303],[9.66752374,55.69482625],[9.65529609,55.68985046],[9.64036783,55.69423665],[9.58816103,55.68999252],[9.55799412,55.69854522],[9.55578785,55.70158712],[9.56135503,55.7007186],[9.56264635,55.70331778],[9.54314523,55.70715891],[9.55529916,55.70561306],[9.5582132,55.71057873],[9.56444606,55.70930188],[9.5659967,55.70461508],[9.56870786,55.70727027],[9.57922758,55.7040219],[9.59717705,55.70732771],[9.6031527,55.70482919],[9.67311597,55.71254535],[9.67683442,55.71833931],[9.6754798,55.72121146],[9.6822813,55.72628146],[9.6805101,55.7317537],[9.68628284,55.73347234],[9.67838342,55.74543501],[9.6822329,55.74772901],[9.67340441,55.75429528],[9.66237124,55.75680864],[9.65754899,55.75500733],[9.65195461,55.75961615],[9.6478173,55.75388892],[9.62458358,55.75830722],[9.59322595,55.75222557],[9.59209246,55.76079383],[9.5848613,55.76410024],[9.59859173,55.77190074],[9.585712,55.78135176],[9.58169098,55.78018343],[9.58516284,55.77760421],[9.57950083,55.77472954],[9.57626453,55.77644768],[9.5643347,55.77291361],[9.56392447,55.77551426],[9.5557721,55.77814736],[9.53925482,55.77332979],[9.54049672,55.77542118],[9.53672076,55.77857875],[9.54138012,55.78104971],[9.54090331,55.78365677],[9.52029706,55.78571907],[9.51938598,55.79586473],[9.51435014,55.79557069],[9.51489942,55.80020969],[9.50800937,55.80248217],[9.50669148,55.80869568],[9.51002196,55.81220589],[9.50400342,55.81957001],[9.50245955,55.82806064],[9.48709198,55.8268219],[9.48296882,55.82741753],[9.48339005,55.83273096],[9.44419079,55.83634291],[9.44810915,55.83849281],[9.4456716,55.83972653],[9.44784356,55.84335068],[9.4553571,55.84511531],[9.45556285,55.84999436],[9.44018049,55.85378793],[9.44925496,55.85730926],[9.44919459,55.86046744],[9.45982572,55.86011586],[9.45903355,55.86523241],[9.44321678,55.87386723],[9.43044161,55.8867342],[9.4125232,55.89243608],[9.40809214,55.90014512],[9.39628635,55.90657383],[9.3940888,55.91426202],[9.38727856,55.91675723],[9.38835079,55.91982318],[9.3912952,55.91757477],[9.3857357,55.92651975],[9.3504208,55.93807768],[9.33547655,55.93138341],[9.30868033,55.93796289],[9.29457023,55.93545078],[9.28074642,55.93829952],[9.27609705,55.94374258],[9.25749772,55.95346801],[9.24052642,55.95261512],[9.22985719,55.95607962]],[[9.2751983,55.56480497],[9.2751983,55.56480497]],[[9.27157556,55.55100447],[9.27157556,55.55100447]],[[9.266779,55.55009532],[9.266779,55.55009532]]],[[[10.59699786,55.61438896],[10.59141551,55.62054304],[10.58848477,55.61700718],[10.58889244,55.61268997],[10.60646389,55.6039572],[10.61293537,55.60330823],[10.6070742,55.60492265],[10.61006739,55.60873576],[10.6169678,55.60786734],[10.62050817,55.60242518],[10.61844711,55.59838092],[10.62862577,55.58958318],[10.63234172,55.57493098],[10.62275755,55.57346577],[10.63061909,55.57317927],[10.63028811,55.57030581],[10.63558917,55.56753381],[10.62982007,55.5663312],[10.63258365,55.56400231],[10.62680902,55.55767845],[10.61065585,55.56915758],[10.60255866,55.58188942],[10.59773399,55.58448596],[10.60148192,55.59144812],[10.60852762,55.59015111],[10.6061902,55.59343049],[10.60128733,55.59278377],[10.59628224,55.58374765],[10.60519792,55.56960969],[10.60573001,55.55918012],[10.62079723,55.54565861],[10.61781814,55.53152409],[10.62760879,55.52604501],[10.62917102,55.51993046],[10.62390365,55.51623201],[10.6170487,55.51631273],[10.60306571,55.5214807],[10.59688675,55.53014947],[10.58832891,55.53198279],[10.56866649,55.52589602],[10.56658076,55.51992768],[10.57065684,55.51639055],[10.61947202,55.50469581],[10.61969806,55.49610191],[10.62655433,55.49238639],[10.62416426,55.48709001],[10.6121366,55.47844228],[10.59852732,55.48379473],[10.59786041,55.48651183],[10.59476161,55.4830751],[10.5802685,55.48259855],[10.57316685,55.47659643],[10.55866131,55.4753759],[10.55743387,55.47137735],[10.55255377,55.47348952],[10.55848796,55.4789895],[10.54451652,55.47856939],[10.5386931,55.47588502],[10.53664988,55.47002374],[10.52858177,55.46764089],[10.53115147,55.47050254],[10.52295938,55.4655047],[10.48314781,55.47326545],[10.49146341,55.46088213],[10.48906985,55.45979754],[10.49852724,55.4545614],[10.49156549,55.44689279],[10.47335478,55.43827101],[10.45718521,55.44391201],[10.44478019,55.43694355],[10.43295113,55.43936521],[10.42631328,55.43651453],[10.42472983,55.43878847],[10.43594904,55.45222365],[10.42961011,55.45443411],[10.4343948,55.45534339],[10.43679196,55.46458402],[10.4436735,55.46670614],[10.44126575,55.46690104],[10.4335124,55.46228915],[10.42048134,55.43558206],[10.40005938,55.42731052],[10.38739066,55.42725651],[10.37999786,55.42148933],[10.37887825,55.41592533],[10.38406842,55.40842102],[10.3792874,55.41052059],[10.38258318,55.40657046],[10.37875343,55.40964798],[10.37755327,55.40737339],[10.38055993,55.40737265],[10.3762962,55.40712441],[10.37538338,55.4103557],[10.37948827,55.41230049],[10.37783715,55.416084],[10.37437922,55.41581492],[10.37776704,55.41623927],[10.37901796,55.42169449],[10.38644534,55.42757664],[10.40836625,55.43093308],[10.42009121,55.43631155],[10.43050914,55.46279232],[10.44276286,55.47298702],[10.44087994,55.47604725],[10.44373183,55.47943373],[10.45507415,55.47867468],[10.45442495,55.48674737],[10.45825701,55.48897822],[10.48989171,55.48457315],[10.48775394,55.48942289],[10.47923628,55.4919545],[10.48501294,55.49746356],[10.4933784,55.49506291],[10.50445277,55.49930921],[10.50016534,55.50416363],[10.49094809,55.50591619],[10.48471171,55.51188574],[10.48427617,55.52061166],[10.4704482,55.52778825],[10.47201254,55.53121533],[10.47763615,55.53016043],[10.48313056,55.53451721],[10.49748017,55.53194067],[10.48866392,55.53775424],[10.49723062,55.53895086],[10.4917176,55.54684652],[10.49565085,55.54795282],[10.51904687,55.53972117],[10.52823125,55.53369285],[10.53769472,55.52104566],[10.54322504,55.52096577],[10.55397056,55.51365607],[10.56178595,55.51627393],[10.54070064,55.53053794],[10.4588595,55.56464055],[10.41955631,55.58733564],[10.3610042,55.60515485],[10.32438192,55.6200416],[10.30074452,55.6228171],[10.28772557,55.61933046],[10.29207066,55.62076248],[10.29024593,55.61767053],[10.2940493,55.61903583],[10.30457326,55.60896882],[10.30374454,55.59489931],[10.31617201,55.58873065],[10.31413616,55.58435517],[10.29810349,55.58462788],[10.29306915,55.58142307],[10.28020373,55.58334117],[10.28309175,55.58735143],[10.27908353,55.58741083],[10.28236897,55.58988505],[10.27968803,55.59157455],[10.28569295,55.59462694],[10.27968374,55.60478722],[10.28264759,55.6079066],[10.29364709,55.60653747],[10.28617351,55.60926722],[10.21022991,55.60010621],[10.20203694,55.5913702],[10.19825991,55.59510106],[10.18895736,55.59648365],[10.19537675,55.59060795],[10.20088089,55.59053205],[10.17869323,55.58907493],[10.13722587,55.57683268],[10.12499855,55.57662262],[10.12047204,55.57953714],[10.11407013,55.573678],[10.10494625,55.57412676],[10.08861629,55.56854428],[10.07629336,55.57036837],[10.0838292,55.56640261],[10.0770441,55.56909743],[10.0808946,55.566676],[10.07869982,55.56529763],[10.07501842,55.56719244],[10.07588769,55.5702295],[10.07237317,55.5656053],[10.07841406,55.56469538],[10.07470879,55.56192739],[10.03606405,55.55689614],[10.0229393,55.54592651],[9.99896245,55.53906743],[9.93446513,55.51054973],[9.89250163,55.50989184],[9.86389313,55.51426045],[9.84935684,55.52485093],[9.8506666,55.54848136],[9.83456006,55.55480238],[9.8066198,55.55214279],[9.78220998,55.54266722],[9.75683876,55.54319514],[9.76755856,55.535567],[9.76958058,55.53053883],[9.76639495,55.52349388],[9.75703321,55.51691355],[9.75568635,55.51120025],[9.74663258,55.50662235],[9.72179473,55.5084375],[9.69452428,55.51849582],[9.68362418,55.51851831],[9.67711384,55.51329827],[9.68146476,55.50681904],[9.6967456,55.50114212],[9.70171884,55.49445201],[9.72935115,55.4931896],[9.72905836,55.4902258],[9.72331956,55.49187353],[9.73098308,55.48897157],[9.73452786,55.48035645],[9.74205514,55.47316127],[9.75856308,55.46711757],[9.77679015,55.46999534],[9.7838018,55.46421649],[9.79039912,55.46493635],[9.79075259,55.46140219],[9.79774933,55.45906383],[9.78701222,55.45900025],[9.78066738,55.46262658],[9.77596022,55.45905365],[9.79654936,55.44984458],[9.80328952,55.45132762],[9.8072403,55.44410459],[9.81959609,55.44126723],[9.82517456,55.43560543],[9.8130533,55.43295381],[9.78404943,55.44020148],[9.76747176,55.44654369],[9.7643709,55.45231533],[9.72813368,55.46681943],[9.72275256,55.47431148],[9.71696897,55.46984028],[9.72474698,55.46008153],[9.74695242,55.44585409],[9.74046481,55.43811574],[9.74393791,55.43522939],[9.79140078,55.43254447],[9.82688911,55.42255617],[9.82753721,55.41707762],[9.82421171,55.41342276],[9.81607307,55.41208825],[9.7984693,55.41590401],[9.78842174,55.41127141],[9.81969881,55.40526887],[9.83970275,55.39232752],[9.84001875,55.38492963],[9.83260825,55.37980345],[9.81863378,55.37657068],[9.7895739,55.37513395],[9.78600885,55.37090673],[9.78670176,55.36359193],[9.84001653,55.35057578],[9.87504315,55.34937093],[9.86203038,55.35110914],[9.87408449,55.35788545],[9.87327093,55.35244945],[9.88036608,55.34381234],[9.89901152,55.33903698],[9.89459333,55.33529003],[9.88051976,55.34034073],[9.8778887,55.33774519],[9.8749185,55.34748677],[9.87736796,55.33236632],[9.88781989,55.31968769],[9.89295319,55.30690532],[9.89008731,55.2745691],[9.88602896,55.27204495],[9.88903305,55.27236684],[9.88954978,55.26926754],[9.8849424,55.26597731],[9.88489084,55.27217425],[9.88075543,55.26632669],[9.88502802,55.25944384],[9.89853575,55.25296498],[9.89301144,55.24295168],[9.9073906,55.23960771],[9.89496388,55.24056666],[9.89190578,55.24531511],[9.88278725,55.2467344],[9.89070718,55.24729818],[9.88232231,55.24747437],[9.89128875,55.24840304],[9.87735221,55.25059048],[9.87689288,55.25330731],[9.86624834,55.25203266],[9.87880041,55.24331534],[9.8853351,55.24482591],[9.91538987,55.23325798],[9.92801971,55.21917089],[9.9659438,55.21870499],[9.98350632,55.20892947],[9.98814214,55.2006993],[9.98456848,55.19314171],[9.98550868,55.17782004],[9.98175619,55.16733246],[9.98969475,55.15573167],[9.99103516,55.14840564],[9.98713251,55.14067588],[9.97713173,55.13528053],[9.97845624,55.13268803],[10.00463311,55.12320544],[10.02450041,55.12050766],[10.03420218,55.12408322],[10.0440672,55.13252527],[10.01209968,55.16017496],[9.99734131,55.16588754],[9.99163027,55.1736176],[9.99559094,55.17940013],[9.99097413,55.18001674],[9.98567524,55.17571816],[9.98447495,55.18790355],[9.99549224,55.18378138],[10.00833286,55.19187456],[9.9974126,55.19225273],[9.98925066,55.1991483],[9.99401129,55.20204615],[10.0176937,55.1955995],[10.02042651,55.19043326],[10.02059341,55.18651648],[10.01683363,55.18386645],[10.01886301,55.18174592],[10.05383273,55.17647497],[10.0851132,55.17626281],[10.09354926,55.1844121],[10.09951855,55.18290042],[10.10631979,55.19017612],[10.11292172,55.18949346],[10.11824404,55.18397679],[10.11967398,55.17631801],[10.13342697,55.16567588],[10.13377644,55.15458374],[10.14533979,55.1531722],[10.14185949,55.15236719],[10.14677024,55.15144307],[10.16284607,55.132358],[10.17458966,55.12851241],[10.15707765,55.12189854],[10.145633,55.12368704],[10.14570744,55.12045359],[10.13919058,55.12164569],[10.13525444,55.1177983],[10.11656789,55.11617559],[10.11859026,55.12106547],[10.12372367,55.11976196],[10.12032594,55.1216183],[10.12467767,55.12217799],[10.12062578,55.1225207],[10.11357623,55.11298766],[10.1029009,55.10610109],[10.09214019,55.1071093],[10.09601955,55.10915922],[10.08012416,55.10571958],[10.08127258,55.09865707],[10.06984818,55.08644339],[10.07315551,55.07664748],[10.08070769,55.07604966],[10.13028149,55.09027597],[10.16025276,55.07976146],[10.18548514,55.07886573],[10.19677787,55.06984009],[10.19861924,55.06264452],[10.20732873,55.05953514],[10.21751903,55.06365802],[10.21363499,55.06640916],[10.21555303,55.06318616],[10.19924565,55.0632074],[10.1989665,55.06675481],[10.21311006,55.06587032],[10.21466684,55.07082004],[10.22452142,55.07285737],[10.22953934,55.07835881],[10.22319959,55.0884233],[10.20911714,55.09501647],[10.22955181,55.10105284],[10.23516526,55.09822851],[10.23065776,55.09683594],[10.23569416,55.09316741],[10.23895391,55.09550903],[10.24210928,55.093714],[10.23914724,55.09240663],[10.24275091,55.09364059],[10.25611405,55.0868577],[10.28277115,55.08084538],[10.28456456,55.0759091],[10.29584698,55.07123948],[10.29776033,55.06652972],[10.31804028,55.06319694],[10.32051456,55.05395721],[10.35564228,55.05073367],[10.37012474,55.05913266],[10.37083035,55.06243858],[10.36741925,55.06354875],[10.37261895,55.06563],[10.38836528,55.05471217],[10.38676423,55.04859455],[10.41490998,55.03951631],[10.47136217,55.0424712],[10.480877,55.03908098],[10.48918926,55.03116896],[10.51878666,55.02678471],[10.53188259,55.03289031],[10.59798215,55.04738891],[10.60478269,55.05336892],[10.6119438,55.05177356],[10.61481943,55.05923637],[10.62158608,55.05900622],[10.61516617,55.05938591],[10.61503403,55.06234547],[10.63642815,55.05976973],[10.64227538,55.05503559],[10.65337524,55.05497054],[10.65771771,55.05814981],[10.68132063,55.05697308],[10.68951922,55.06363807],[10.70658596,55.06106628],[10.70435703,55.05673191],[10.74362099,55.06874413],[10.7512151,55.07831216],[10.75496093,55.09475298],[10.76514597,55.10054597],[10.77554354,55.10136381],[10.77116909,55.11056147],[10.77891874,55.12099207],[10.77967457,55.13400425],[10.78759988,55.13890205],[10.78422762,55.14721532],[10.7908326,55.15539828],[10.79133865,55.16346909],[10.80082942,55.17091748],[10.80697765,55.18072548],[10.81251491,55.20507239],[10.80918727,55.21985582],[10.81533252,55.23121444],[10.78770533,55.27313584],[10.79203801,55.28706367],[10.78854296,55.29150102],[10.77947022,55.29726632],[10.77964975,55.29483761],[10.74774106,55.29613083],[10.77060736,55.29883297],[10.77653652,55.2972863],[10.77543689,55.29530814],[10.78421228,55.30071411],[10.78972726,55.29703085],[10.78978759,55.3045349],[10.78620557,55.30630899],[10.78898332,55.30838489],[10.7901575,55.30478994],[10.79193998,55.3097711],[10.79524811,55.30745784],[10.79467728,55.30342526],[10.79719887,55.30568099],[10.80514328,55.30301872],[10.81385306,55.29823707],[10.81130385,55.29659882],[10.81726525,55.29649452],[10.81803464,55.30023987],[10.82584405,55.29671131],[10.82446112,55.29270104],[10.83120935,55.28935667],[10.82256905,55.2864344],[10.82517416,55.28516031],[10.85047614,55.28913026],[10.85615428,55.29323581],[10.85529775,55.29603706],[10.85109532,55.2921497],[10.84303733,55.29642972],[10.85360456,55.29726236],[10.85304016,55.30020898],[10.83740183,55.30084722],[10.81686317,55.31274749],[10.80327134,55.3426014],[10.79105292,55.35953723],[10.77228728,55.37515086],[10.76747268,55.38474863],[10.73455874,55.40393924],[10.7255361,55.41539794],[10.71029798,55.41883821],[10.68803435,55.43718647],[10.66931403,55.44504078],[10.66893372,55.45091141],[10.65971103,55.44856154],[10.65568348,55.44224704],[10.64838057,55.44300718],[10.63954934,55.43843306],[10.60595412,55.44810258],[10.6059423,55.45242737],[10.5989759,55.45541322],[10.58537126,55.45705106],[10.57495407,55.45077822],[10.58313077,55.42824082],[10.57637385,55.42224541],[10.54442253,55.44147561],[10.54361649,55.44579753],[10.55523651,55.44537377],[10.55829072,55.44931594],[10.55425676,55.45320799],[10.55568418,55.45501016],[10.57967283,55.45831058],[10.5835872,55.46245052],[10.60170477,55.45890349],[10.62054577,55.44734446],[10.63483115,55.44626642],[10.63249403,55.4486223],[10.63471309,55.45262957],[10.65328693,55.44702184],[10.66802679,55.45105589],[10.66810291,55.45335411],[10.66504575,55.45175821],[10.66538225,55.45527082],[10.66820526,55.45372586],[10.66638304,55.45780702],[10.67553474,55.46498992],[10.6882678,55.46676829],[10.70889443,55.47527658],[10.73684875,55.47406859],[10.74748438,55.47680363],[10.74907647,55.47992776],[10.73946783,55.49494997],[10.72226598,55.5030658],[10.71160486,55.5131082],[10.70282189,55.52823833],[10.70538636,55.53899395],[10.68218364,55.5540307],[10.67197309,55.56880123],[10.65973361,55.57752486],[10.65204937,55.58926374],[10.63210556,55.60452949],[10.62421307,55.61469216],[10.61739173,55.61932262],[10.60175962,55.61737131],[10.599223,55.61456288],[10.60314684,55.61695435],[10.60516596,55.61329099],[10.60583771,55.61712746],[10.60970949,55.61835256],[10.61971874,55.61655876],[10.61530635,55.61053873],[10.60051942,55.60932312],[10.59484786,55.61101976],[10.60029994,55.61291153],[10.59699786,55.61438896]],[[10.06571399,55.45753455],[10.06571399,55.45753455]],[[10.60632185,55.35965754],[10.60632185,55.35965754]],[[10.61509564,55.35915692],[10.61509564,55.35915692]],[[10.51947857,55.37505551],[10.51947857,55.37505551]],[[10.55649683,55.35672114],[10.55649683,55.35672114]],[[10.0030456,55.40368588],[10.0030456,55.40368588]],[[10.65312449,55.34981958],[10.65312449,55.34981958]],[[10.0764415,55.44359702],[10.0764415,55.44359702]],[[10.06942926,55.44798622],[10.06942926,55.44798622]],[[10.53787411,55.36140321],[10.53787411,55.36140321]],[[10.06670062,55.45463261],[10.06670062,55.45463261]],[[10.59166857,55.33509685],[10.59166857,55.33509685]],[[10.04124881,55.48041167],[10.04124881,55.48041167]],[[10.08710348,55.43412815],[10.08710348,55.43412815]],[[10.07675555,55.44325846],[10.07675555,55.44325846]],[[10.59497743,55.33352606],[10.59497743,55.33352606]],[[10.58392834,55.34111778],[10.58392834,55.34111778]],[[10.00089549,55.39612686],[10.00089549,55.39612686]],[[10.62183967,55.33409373],[10.62183967,55.33409373]],[[10.08026487,55.43716238],[10.08026487,55.43716238]],[[10.55494844,55.35521492],[10.55494844,55.35521492]],[[10.09003994,55.43191744],[10.09003994,55.43191744]],[[10.60482477,55.32412792],[10.60482477,55.32412792]],[[10.00245765,55.40446313],[10.00245765,55.40446313]],[[10.55483693,55.32472314],[10.55483693,55.32472314]],[[10.55578587,55.35599656],[10.55578587,55.35599656]],[[10.07472375,55.44599999],[10.07472375,55.44599999]],[[10.04280413,55.48060539],[10.04280413,55.48060539]],[[9.99429451,55.414471],[9.99429451,55.414471]],[[10.60809649,55.35955585],[10.60809649,55.35955585]],[[10.07730611,55.44265324],[10.07730611,55.44265324]],[[10.07941637,55.44026818],[10.07941637,55.44026818]],[[10.00354669,55.40339941],[10.00354669,55.40339941]],[[10.0044164,55.40077258],[10.0044164,55.40077258]],[[10.6208121,55.35783894],[10.6208121,55.35783894]],[[10.61170873,55.32335637],[10.61170873,55.32335637]],[[10.04361539,55.4803421],[10.04361539,55.4803421]],[[10.62005234,55.35795444],[10.62005234,55.35795444]],[[10.04322159,55.48068504],[10.04322159,55.48068504]],[[10.55736224,55.35746005],[10.55736224,55.35746005]],[[10.05880234,55.46391645],[10.05880234,55.46391645]],[[10.59554484,55.33323996],[10.59554484,55.33323996]],[[10.6182273,55.33328356],[10.6182273,55.33328356]],[[9.99558279,55.41618862],[9.99558279,55.41618862]],[[10.62397212,55.33468415],[10.62397212,55.33468415]],[[10.08313549,55.43685062],[10.08313549,55.43685062]],[[10.51688657,55.37520139],[10.51688657,55.37520139]],[[10.62748703,55.33420488],[10.62748703,55.33420488]],[[10.59694041,55.33263365],[10.59694041,55.33263365]],[[10.08094207,55.43715668],[10.08094207,55.43715668]],[[10.64904117,55.3484314],[10.64904117,55.3484314]],[[10.55554758,55.35583061],[10.55554758,55.35583061]],[[10.05336126,55.46997031],[10.05336126,55.46997031]],[[10.50785448,55.38652539],[10.50785448,55.38652539]],[[10.6181116,55.33263473],[10.6181116,55.33263473]],[[10.04664666,55.47760849],[10.04664666,55.47760849]],[[10.07917663,55.44109857],[10.07917663,55.44109857]],[[10.07417015,55.4460085],[10.07417015,55.4460085]],[[10.08695735,55.43430315],[10.08695735,55.43430315]],[[10.07583624,55.44375639],[10.07583624,55.44375639]],[[9.99351999,55.4138812],[9.99351999,55.4138812]],[[10.04724497,55.47682372],[10.04724497,55.47682372]],[[9.98723218,55.43035865],[9.98723218,55.43035865]],[[10.04589337,55.47831352],[10.04589337,55.47831352]],[[9.99648247,55.41693623],[9.99648247,55.41693623]],[[10.6373304,55.34263521],[10.6373304,55.34263521]],[[9.99357949,55.40942259],[9.99357949,55.40942259]],[[9.99570788,55.42070264],[9.99570788,55.42070264]],[[10.04625015,55.47800844],[10.04625015,55.47800844]],[[10.07889949,55.43971828],[10.07889949,55.43971828]],[[10.58378006,55.34065021],[10.58378006,55.34065021]],[[10.09051049,55.43280514],[10.09051049,55.43280514]],[[10.58221226,55.33867044],[10.58221226,55.33867044]],[[9.99270148,55.41061318],[9.99270148,55.41061318]],[[9.99575312,55.42111434],[9.99575312,55.42111434]],[[9.99460479,55.41473156],[9.99460479,55.41473156]],[[10.09046428,55.43308152],[10.09046428,55.43308152]],[[10.08965285,55.43326408],[10.08965285,55.43326408]],[[9.99539654,55.42159176],[9.99539654,55.42159176]],[[10.05298151,55.47039194],[10.05298151,55.47039194]],[[10.0368515,55.48115774],[10.0368515,55.48115774]],[[10.07882625,55.44158207],[10.07882625,55.44158207]],[[10.63641557,55.34199917],[10.63641557,55.34199917]],[[10.58266219,55.33927736],[10.58266219,55.33927736]],[[10.07950668,55.44005567],[10.07950668,55.44005567]],[[10.06047405,55.46255718],[10.06047405,55.46255718]],[[10.08731816,55.43397473],[10.08731816,55.43397473]],[[10.06969306,55.45009842],[10.06969306,55.45009842]],[[10.53824051,55.36124531],[10.53824051,55.36124531]],[[10.5383255,55.36121056],[10.5383255,55.36121056]],[[10.55491234,55.32478391],[10.55491234,55.32478391]],[[9.98930302,55.42335134],[9.98930302,55.42335134]],[[10.61863012,55.33221222],[10.61863012,55.33221222]],[[10.00089913,55.39587473],[10.00089913,55.39587473]],[[10.62876952,55.33333153],[10.62876952,55.33333153]],[[10.07282355,55.44614948],[10.07282355,55.44614948]],[[10.04787182,55.47624513],[10.04787182,55.47624513]],[[10.08931657,55.4333688],[10.08931657,55.4333688]],[[10.6031683,55.35971261],[10.6031683,55.35971261]],[[10.6478616,55.34717859],[10.6478616,55.34717859]],[[10.04461914,55.4793141],[10.04461914,55.4793141]],[[10.04482752,55.47928638],[10.04482752,55.47928638]],[[10.07911769,55.44088136],[10.07911769,55.44088136]],[[10.07929255,55.44062661],[10.07929255,55.44062661]],[[10.62782013,55.33355031],[10.62782013,55.33355031]],[[10.62789534,55.33344697],[10.62789534,55.33344697]],[[10.05557662,55.46672592],[10.05557662,55.46672592]],[[10.04884189,55.4747336],[10.04884189,55.4747336]],[[10.61874251,55.33336566],[10.61874251,55.33336566]],[[10.56535421,55.33202898],[10.56535421,55.33202898]],[[10.56548287,55.33212934],[10.56548287,55.33212934]],[[10.61960183,55.33354671],[10.61960183,55.33354671]],[[10.04390628,55.4799373],[10.04390628,55.4799373]],[[10.07777845,55.4381463],[10.07777845,55.4381463]],[[9.99581465,55.42041127],[9.99581465,55.42041127]],[[10.63762533,55.3433168],[10.63762533,55.3433168]],[[10.06277107,55.46105515],[10.06277107,55.46105515]],[[10.06288417,55.46074828],[10.06288417,55.46074828]],[[10.63986057,55.34397778],[10.63986057,55.34397778]],[[9.99644419,55.41973122],[9.99644419,55.41973122]],[[10.03868481,55.48087495],[10.03868481,55.48087495]],[[10.64797663,55.34851281],[10.64797663,55.34851281]],[[10.64824403,55.34848332],[10.64824403,55.34848332]],[[10.04440065,55.47963675],[10.04440065,55.47963675]],[[10.04447672,55.47952536],[10.04447672,55.47952536]],[[10.53879199,55.36106339],[10.53879199,55.36106339]],[[10.53898996,55.36097321],[10.53898996,55.36097321]],[[10.55608286,55.35632767],[10.55608286,55.35632767]],[[10.51936431,55.37500615],[10.51936431,55.37500615]],[[10.04987376,55.47327662],[10.04987376,55.47327662]],[[10.61828457,55.33295634],[10.61828457,55.33295634]],[[10.00273979,55.39798881],[10.00273979,55.39798881]],[[10.55703744,55.35714328],[10.55703744,55.35714328]],[[10.06387781,55.45981864],[10.06387781,55.45981864]],[[10.08601427,55.43478079],[10.08601427,55.43478079]],[[10.53557744,55.36443775],[10.53557744,55.36443775]],[[10.61263677,55.32436169],[10.61263677,55.32436169]],[[9.99296283,55.41009539],[9.99296283,55.41009539]],[[9.99306998,55.40990177],[9.99306998,55.40990177]],[[9.98702752,55.43079514],[9.98702752,55.43079514]],[[9.98704265,55.43091633],[9.98704265,55.43091633]],[[10.04813881,55.4759143],[10.04813881,55.4759143]],[[10.00268941,55.39713399],[10.00268941,55.39713399]],[[10.60807879,55.35943221],[10.60807879,55.35943221]],[[10.64335813,55.34472905],[10.64335813,55.34472905]],[[10.08387639,55.43689447],[10.08387639,55.43689447]],[[10.08566227,55.43571275],[10.08566227,55.43571275]],[[10.08802322,55.4337456],[10.08802322,55.4337456]],[[10.05847892,55.46446696],[10.05847892,55.46446696]],[[10.62658789,55.35577306],[10.62658789,55.35577306]],[[10.5644861,55.33140698],[10.5644861,55.33140698]],[[10.00391433,55.39853354],[10.00391433,55.39853354]],[[10.56130178,55.32935531],[10.56130178,55.32935531]],[[10.56137267,55.32940617],[10.56137267,55.32940617]],[[10.07843393,55.43910817],[10.07843393,55.43910817]],[[10.56351331,55.33078798],[10.56351331,55.33078798]],[[10.08538093,55.43619637],[10.08538093,55.43619637]],[[10.61640026,55.3261062],[10.61640026,55.3261062]],[[10.17238149,55.23570491],[10.17238149,55.23570491]],[[10.64733306,55.34870587],[10.64733306,55.34870587]],[[10.55631241,55.3257508],[10.55631241,55.3257508]],[[10.00473677,55.39958861],[10.00473677,55.39958861]],[[10.60937829,55.32289869],[10.61141023,55.32306421],[10.60937829,55.32289869]],[[10.55788584,55.32684076],[10.55788584,55.32684076]],[[10.00100073,55.39659848],[10.00100073,55.39659848]],[[10.61550201,55.3296055],[10.61722353,55.33083273],[10.61550201,55.3296055]],[[10.56064107,55.32885332],[10.56064107,55.32885332]],[[10.05469291,55.46817305],[10.05469291,55.46817305]],[[10.00230618,55.39516189],[10.00230618,55.39516189]],[[9.99692835,55.41885633],[9.99692835,55.41885633]],[[10.62174665,55.35779257],[10.62174665,55.35779257]],[[10.62332965,55.35767454],[10.62332965,55.35767454]],[[10.54552986,55.36152192],[10.54768894,55.36078089],[10.54552986,55.36152192]],[[10.64495134,55.3447956],[10.64495134,55.3447956]],[[10.00345259,55.38946303],[10.00345259,55.38946303]],[[10.60545567,55.32336858],[10.60830694,55.32278507],[10.60545567,55.32336858]],[[10.55055943,55.3597956],[10.55376113,55.35869648],[10.55055943,55.3597956]]],[[[9.74459193,55.08380898],[9.69953194,55.07753301],[9.66740055,55.06588238],[9.6534907,55.05540278],[9.64025009,55.05196272],[9.63875544,55.04447355],[9.64407258,55.03899815],[9.68455398,55.03481685],[9.69058683,55.03538892],[9.68659364,55.0383742],[9.69690876,55.04185064],[9.6968169,55.04436633],[9.70648389,55.04475294],[9.70707481,55.04190714],[9.69809072,55.0393651],[9.70930722,55.03922495],[9.70741628,55.03749336],[9.71860764,55.03128465],[9.70436631,55.03174498],[9.70257551,55.03335287],[9.70536162,55.03681862],[9.69711996,55.03821499],[9.68606211,55.03236877],[9.66272886,55.02942374],[9.65952374,55.02406753],[9.70087471,55.00659495],[9.79211998,55.01094253],[9.79483563,55.0048171],[9.77703033,54.99997522],[9.77597738,54.99541193],[9.78009837,54.99316011],[9.80397324,54.99624843],[9.78435026,54.99152091],[9.78089492,54.98771111],[9.78431972,54.98302191],[9.82253586,54.97949086],[9.83746216,54.97279163],[9.84242877,54.97372448],[9.83915284,54.97069351],[9.8493866,54.96788886],[9.85056807,54.97056092],[9.85973255,54.97038909],[9.85250324,54.96946626],[9.85576199,54.96656202],[9.8523022,54.96478904],[9.84089447,54.96538933],[9.83256211,54.95688601],[9.84031514,54.95349849],[9.85672264,54.95301966],[9.83572929,54.94835198],[9.8536264,54.94193398],[9.87379701,54.94255097],[9.83989836,54.93500817],[9.83760215,54.93095504],[9.83519167,54.93367092],[9.82380613,54.93387613],[9.82966248,54.93778449],[9.8205102,54.94149238],[9.79139656,54.96870709],[9.77407484,54.97024055],[9.75982312,54.9825379],[9.75123537,54.97759372],[9.7594197,54.97101674],[9.76146566,54.94798178],[9.76531796,54.94352486],[9.76336317,54.93415855],[9.76987102,54.92672002],[9.76944622,54.91878664],[9.78164917,54.91560409],[9.78540059,54.91071623],[9.78263167,54.90665488],[9.79617696,54.89752144],[9.79128412,54.89770087],[9.83182026,54.8892286],[9.87123682,54.90018456],[9.88027226,54.89920871],[9.88500512,54.90575042],[9.8894979,54.9058553],[9.88640685,54.90674674],[9.90042242,54.90794627],[9.91380241,54.90455834],[9.91891913,54.90003975],[9.94895469,54.89302803],[9.9811341,54.87839722],[9.98835838,54.87349302],[9.99762727,54.86043712],[9.99105557,54.85576884],[9.98053968,54.85950394],[9.97108267,54.86764464],[9.95453098,54.86831786],[9.95167821,54.87446607],[9.91701157,54.88404001],[9.89965425,54.89691608],[9.86766534,54.87766055],[9.88888967,54.86531833],[9.90848229,54.86446195],[9.92949745,54.85610165],[9.94904832,54.85294705],[9.9885644,54.85245026],[10.01976437,54.87196003],[10.03557678,54.87504848],[10.06456384,54.87337613],[10.07142574,54.87718395],[10.06552419,54.89462566],[10.05841769,54.89729754],[10.05130243,54.90530147],[10.04513496,54.91784776],[10.04430987,54.92942953],[10.0472159,54.93329196],[10.04385372,54.93169629],[10.02674355,54.94831016],[10.003087,54.97831939],[9.98716985,54.98986262],[9.98916085,54.99378819],[9.98495687,54.9917457],[9.98870358,54.99569299],[9.97937134,54.99411804],[9.96490437,55.00653961],[9.94117535,55.01588637],[9.90138627,55.01938563],[9.87908299,55.0265394],[9.86169652,55.03687203],[9.85288641,55.04664528],[9.83686617,55.05107843],[9.81553691,55.06518842],[9.77095766,55.08015132],[9.74459193,55.08380898]]],[[[10.93949781,55.16469685],[10.93093918,55.16037687],[10.92063949,55.14878761],[10.90133487,55.13842822],[10.90247428,55.1317209],[10.89794475,55.12369979],[10.87640524,55.10214392],[10.87113246,55.08256438],[10.86259645,55.06761268],[10.86278984,55.06270733],[10.86000709,55.06293728],[10.86190326,55.06037171],[10.84878968,55.0450866],[10.84781306,55.03598935],[10.82952454,55.02310355],[10.82428306,55.01123887],[10.81339254,55.00325259],[10.8092132,54.99483272],[10.78910479,54.98187467],[10.77012057,54.98285813],[10.76716491,54.97880334],[10.7567399,54.97571992],[10.72461345,54.95475769],[10.71969098,54.94545523],[10.71273831,54.946499],[10.71738434,54.94406748],[10.70224796,54.93798171],[10.69945615,54.93108413],[10.68442283,54.92232507],[10.68243819,54.91371317],[10.67538098,54.91068947],[10.67505401,54.90420276],[10.68109025,54.89784819],[10.68642075,54.900934],[10.69775638,54.89718014],[10.70388126,54.90650554],[10.70743512,54.90714646],[10.70703164,54.8972914],[10.71855571,54.89529897],[10.7114775,54.89335657],[10.71570419,54.88874267],[10.7137359,54.88370502],[10.71747176,54.88443861],[10.72771469,54.87762507],[10.70944659,54.87531662],[10.70544601,54.87800876],[10.70848351,54.87996283],[10.7019344,54.87939569],[10.7058936,54.87690342],[10.70222481,54.87050623],[10.68536872,54.87550349],[10.69131035,54.87601994],[10.69249255,54.88247405],[10.68851385,54.88050319],[10.69019308,54.87662699],[10.6857261,54.87629441],[10.68241151,54.88277401],[10.67216575,54.88228068],[10.66338854,54.8512487],[10.67015652,54.84794099],[10.65914934,54.84575379],[10.64702863,54.83024338],[10.64171632,54.82939678],[10.64208466,54.83251447],[10.63710767,54.83335241],[10.63398944,54.83000032],[10.62168009,54.83543365],[10.59862971,54.83623283],[10.60195464,54.84041076],[10.5957253,54.83912054],[10.60252034,54.83051774],[10.63634105,54.81749207],[10.65691687,54.79961473],[10.66070702,54.79318126],[10.6601484,54.77955006],[10.67614746,54.75665867],[10.67551072,54.75314037],[10.67103435,54.75227601],[10.67487059,54.75209653],[10.67101548,54.75050131],[10.66962376,54.75322166],[10.66660411,54.74928419],[10.67037395,54.74279173],[10.66765112,54.74000031],[10.68598001,54.72376594],[10.69394772,54.72190235],[10.71684881,54.72751018],[10.73584679,54.74362366],[10.7546304,54.78726943],[10.77452155,54.81893677],[10.77660294,54.82985602],[10.81484668,54.88619599],[10.81797848,54.89470422],[10.81664182,54.9048103],[10.82669398,54.91643551],[10.82981258,54.93172047],[10.83458864,54.93248939],[10.83095828,54.93221518],[10.83487268,54.93286548],[10.83293965,54.93500406],[10.83595997,54.93480657],[10.8364249,54.94072602],[10.85893357,54.96869114],[10.88825142,54.98773287],[10.89518132,54.99548284],[10.89766151,55.01114054],[10.91843103,55.04696025],[10.93071154,55.07845272],[10.9356687,55.08252686],[10.94165518,55.11028158],[10.95569175,55.14629967],[10.95463893,55.15735231],[10.93949781,55.16469685]]],[[[10.20748013,54.97170452],[10.20455752,54.96702127],[10.21166383,54.95802157],[10.24054262,54.93994755],[10.2465377,54.91900893],[10.25932079,54.912172],[10.2881317,54.8885326],[10.31999105,54.87678963],[10.35747712,54.84626788],[10.37307113,54.83696696],[10.39804417,54.82866988],[10.41537569,54.81794418],[10.42616746,54.81687272],[10.43525499,54.82285867],[10.43889564,54.8315901],[10.45839504,54.83938156],[10.53720635,54.84674741],[10.52301505,54.8563949],[10.52858656,54.84749374],[10.52732971,54.8510251],[10.53455794,54.8483685],[10.52047662,54.84441464],[10.52345124,54.84825663],[10.52248849,54.85620908],[10.51729411,54.86116142],[10.47171459,54.88703885],[10.45773578,54.88828843],[10.46102936,54.89231053],[10.47166187,54.89368356],[10.4503067,54.89232622],[10.4492839,54.88975783],[10.4606976,54.8862799],[10.48608733,54.86539045],[10.48216826,54.86404958],[10.46170112,54.87529426],[10.45791862,54.86698072],[10.45857072,54.87061781],[10.4506583,54.87195511],[10.45660908,54.86679628],[10.44835642,54.86231023],[10.4370356,54.86615812],[10.41918737,54.87781822],[10.4143674,54.89166183],[10.40546884,54.89609367],[10.40738475,54.89893391],[10.41226022,54.89805543],[10.41354589,54.90244561],[10.39512372,54.91429514],[10.38888147,54.91400625],[10.39099003,54.91063925],[10.40625027,54.90567481],[10.40580745,54.90089886],[10.39059538,54.89338092],[10.3818512,54.88521069],[10.37126714,54.88470025],[10.36366796,54.8951885],[10.33738292,54.89960348],[10.32437247,54.91503486],[10.28704437,54.93764256],[10.25910189,54.94340717],[10.26207598,54.94204191],[10.25708705,54.94162231],[10.25500224,54.94368988],[10.25828968,54.9437047],[10.25163216,54.9440701],[10.22492824,54.96004182],[10.2215169,54.9641919],[10.22216701,54.9691515],[10.20748013,54.97170452]]],[[[10.63116606,55.05529183],[10.6206413,55.05526299],[10.62516819,55.05242277],[10.6052326,55.04553096],[10.59705887,55.03759408],[10.58707443,55.03685047],[10.57697197,55.03063893],[10.5748933,55.03329111],[10.572899,55.02624928],[10.5443671,55.01796561],[10.53322642,55.00865947],[10.51857159,55.00977159],[10.51355931,55.0070056],[10.51823727,54.99900174],[10.52983538,54.99635736],[10.52397581,54.99288597],[10.52505577,54.97734162],[10.52974651,54.97203272],[10.55007872,54.96219492],[10.54942912,54.95218391],[10.56931452,54.95229285],[10.55612466,54.94783925],[10.55410209,54.94319686],[10.57091139,54.94871285],[10.58849427,54.94745779],[10.57607691,54.95479372],[10.58348929,54.95556426],[10.61998216,54.9481747],[10.63346029,54.96196765],[10.64949009,54.9684472],[10.65572736,54.96574177],[10.64963688,54.96907839],[10.65268646,54.9718514],[10.68776345,54.97255886],[10.68943124,54.97858088],[10.68686644,54.98515447],[10.69184342,54.99691665],[10.67096775,54.99474564],[10.66734985,54.98513329],[10.65474319,54.97826808],[10.63092699,54.98210814],[10.62358027,54.98885121],[10.62859179,54.9968146],[10.63099954,54.99530854],[10.62640511,54.99381196],[10.63845839,54.99821252],[10.63851459,55.00387193],[10.6479975,55.0193734],[10.65646114,55.02063215],[10.6593018,55.0252833],[10.65659996,55.0339188],[10.63846246,55.03678055],[10.64315025,55.04117872],[10.642871,55.04547138],[10.63418531,55.04878682],[10.63664844,55.05361045],[10.63116606,55.05529183]]],[[[8.39148332,55.47180376],[8.38496819,55.47404976],[8.3575832,55.46440624],[8.34983698,55.45842069],[8.35305546,55.46521925],[8.36139007,55.47129176],[8.35617085,55.47093644],[8.33098285,55.45863845],[8.32821811,55.44794654],[8.33483294,55.4407069],[8.3570393,55.42933657],[8.37488254,55.41553131],[8.42374444,55.35403382],[8.45071043,55.34132508],[8.47753469,55.34032456],[8.47170046,55.34297373],[8.48428186,55.35687818],[8.47286227,55.35601821],[8.46715405,55.37739167],[8.44910749,55.38944406],[8.44744092,55.39345238],[8.46623738,55.40591079],[8.46022116,55.42047164],[8.45331362,55.42737434],[8.45450343,55.43238553],[8.44037844,55.43776776],[8.42949119,55.43426815],[8.42256472,55.42529186],[8.41181455,55.42860508],[8.40509697,55.43666922],[8.4058986,55.44226803],[8.40971215,55.44331403],[8.40684877,55.44273191],[8.40653012,55.44643787],[8.41012173,55.4654387],[8.39155211,55.46893948],[8.39148332,55.47180376]]],[[[10.70188662,55.05493801],[10.6703681,55.05018594],[10.65383232,55.05469892],[10.65576805,55.05216874],[10.64701423,55.04883473],[10.65187259,55.03786446],[10.66866383,55.0424251],[10.70092799,55.04105767],[10.67004591,55.03740486],[10.66792764,55.03051358],[10.67033157,55.0293239],[10.70098682,55.03384097],[10.7174821,55.0297405],[10.70795504,55.05347017],[10.70188662,55.05493801]]],[[[10.1460718,55.06406786],[10.12469747,55.0544725],[10.12609678,55.04350888],[10.13687988,55.03459387],[10.15099828,55.03249464],[10.17101482,55.0362845],[10.1800605,55.04238263],[10.17360904,55.05124822],[10.1672061,55.04888293],[10.15920461,55.04988271],[10.15876676,55.05226689],[10.15748319,55.05005528],[10.14001058,55.05261275],[10.14026596,55.06071731],[10.1460718,55.06406786]]],[[[9.8204482,55.32680871],[9.80471894,55.32340283],[9.80577321,55.32107527],[9.81194243,55.32266724],[9.81236825,55.31928332],[9.8068688,55.31873242],[9.80442329,55.32369944],[9.7956624,55.32603491],[9.79020162,55.31595893],[9.7954281,55.31041491],[9.79744223,55.29584041],[9.8278153,55.30093216],[9.83016976,55.31040329],[9.82682381,55.32210851],[9.8204482,55.32680871]]],[[[9.7743546,55.27631728],[9.77195014,55.27563076],[9.7757978,55.26714541],[9.76854207,55.26481792],[9.77324325,55.26199394],[9.76243002,55.26486927],[9.77006313,55.26021732],[9.76389841,55.2580686],[9.76473691,55.25495633],[9.75879563,55.26126513],[9.75743667,55.27193285],[9.75296459,55.27378356],[9.72826563,55.27114808],[9.72627507,55.26628335],[9.73419631,55.26109914],[9.73194465,55.26261903],[9.72465219,55.25871711],[9.74091856,55.24846746],[9.75845991,55.24949721],[9.77637393,55.26263259],[9.77887428,55.26989774],[9.7743546,55.27631728]]],[[[10.25351825,55.04039129],[10.23896859,55.03748106],[10.23580006,55.03144618],[10.25714831,55.01811532],[10.29353041,55.01856433],[10.32955961,55.00475078],[10.34663784,55.00453535],[10.34039095,55.00550046],[10.3374403,55.0167793],[10.31650361,55.01210761],[10.29925399,55.01964635],[10.2823692,55.01959089],[10.25398278,55.03714666],[10.25351825,55.04039129]]],[[[8.49644198,55.3599169],[8.48961867,55.3586728],[8.48169088,55.35163097],[8.48414847,55.35429018],[8.48211852,55.35377604],[8.47395077,55.34448914],[8.47967055,55.33926973],[8.49475421,55.34237012],[8.51989978,55.33896855],[8.53462495,55.34734917],[8.53059152,55.35260988],[8.51723986,55.35407408],[8.51516082,55.34991468],[8.51385689,55.35403695],[8.49644198,55.3599169]]],[[[10.61125143,54.91895677],[10.58999812,54.91266463],[10.59331015,54.90537003],[10.60002775,54.90145288],[10.59654229,54.89958992],[10.61120583,54.88947085],[10.62437603,54.89715672],[10.62582952,54.90308702],[10.62997497,54.90360085],[10.62028422,54.90750211],[10.62276858,54.91605668],[10.61125143,54.91895677]]],[[[10.42308359,54.98332295],[10.42081839,54.98367415],[10.42604001,54.97702186],[10.42198847,54.9745185],[10.4133509,54.97455178],[10.40990241,54.97898331],[10.38599948,54.97842593],[10.38571033,54.98194408],[10.38896988,54.98272322],[10.36060273,54.97685233],[10.36536099,54.97165133],[10.3712423,54.9706689],[10.38089138,54.97663192],[10.39000307,54.97709424],[10.42055903,54.96251643],[10.43448959,54.96681793],[10.43718171,54.96516624],[10.43543084,54.96719634],[10.44039784,54.97035079],[10.43868723,54.97372272],[10.42308359,54.98332295]]],[[[9.68086215,55.50057107],[9.67745743,55.49879197],[9.67564393,55.49125535],[9.68659886,55.48230607],[9.68861247,55.47623078],[9.69763605,55.47428995],[9.71645327,55.4787094],[9.71458573,55.48580583],[9.70425581,55.48648534],[9.69226697,55.49786447],[9.68086215,55.50057107]]],[[[9.55609035,55.13037923],[9.54972716,55.13062323],[9.54460208,55.1235674],[9.54588996,55.11973793],[9.55216711,55.11837068],[9.55279988,55.1111467],[9.57100469,55.11281133],[9.57344202,55.11680872],[9.57170336,55.12112928],[9.56185237,55.12936906],[9.55609035,55.13037923]]],[[[10.17054571,55.64628553],[10.16233008,55.64674581],[10.16247894,55.64273244],[10.18083103,55.62744704],[10.18134026,55.61573708],[10.17800398,55.60806881],[10.18262406,55.60458262],[10.18049157,55.60708067],[10.18314082,55.60504393],[10.18775671,55.60905641],[10.19110672,55.60670494],[10.18227753,55.61488731],[10.18115374,55.62167444],[10.18229392,55.63199227],[10.19184423,55.63728906],[10.18992824,55.64303113],[10.17054571,55.64628553]]],[[[9.70414583,55.36547343],[9.6872224,55.35644344],[9.70110538,55.35100832],[9.72147756,55.35729007],[9.70414583,55.36547343]]],[[[10.46662659,55.01101758],[10.46439755,55.01561174],[10.47225839,55.02025306],[10.45351648,55.00632135],[10.45342409,55.00219697],[10.47100454,54.99854779],[10.46773486,54.99968671],[10.47450732,55.00391869],[10.49125203,55.00216434],[10.47312191,55.01150612],[10.46662659,55.01101758]]],[[[10.23671781,55.07155223],[10.23410841,55.06871822],[10.23675096,55.06546749],[10.25481573,55.05633881],[10.27687819,55.05285456],[10.26392553,55.05633139],[10.25189936,55.06765641],[10.23671781,55.07155223]]],[[[10.66575383,54.96107023],[10.66162272,54.96235709],[10.66526193,54.95819207],[10.68622306,54.95418391],[10.68964738,54.94921373],[10.70303129,54.94929957],[10.69848974,54.95729685],[10.66575383,54.96107023]]],[[[10.47860317,55.4816714],[10.46392531,55.47879877],[10.45964405,55.47491899],[10.45609876,55.47673646],[10.45907352,55.47476502],[10.45549689,55.47332856],[10.45618393,55.46481685],[10.47469924,55.46631667],[10.46587173,55.47280485],[10.47399177,55.48070252],[10.48240642,55.48140433],[10.47860317,55.4816714]]],[[[10.78886611,55.51829333],[10.77933536,55.51600877],[10.78085454,55.51048273],[10.77582492,55.5080789],[10.80025636,55.51150075],[10.79911076,55.5145817],[10.78886611,55.51829333]]],[[[10.51460973,54.92881658],[10.50235162,54.93549092],[10.50147091,54.94046266],[10.49547888,54.9342279],[10.49855522,54.92674273],[10.51145561,54.9275691],[10.52445482,54.92369773],[10.51460973,54.92881658]]],[[[10.49714093,54.96684073],[10.47624546,54.9669339],[10.47725168,54.96457666],[10.46668551,54.96816421],[10.48512254,54.95850265],[10.49042884,54.95944226],[10.49714093,54.96684073]]],[[[10.10148861,55.13649847],[10.08938014,55.1322878],[10.0597465,55.13108362],[10.10623566,55.13078714],[10.11480543,55.13348633],[10.10148861,55.13649847]]],[[[8.31342428,55.51668846],[8.30828937,55.51972205],[8.3046711,55.51618089],[8.31253035,55.51008735],[8.32937807,55.50438503],[8.31342428,55.51668846]]],[[[10.48215696,54.92458575],[10.47477182,54.91686523],[10.49142317,54.91422961],[10.48309419,54.9240294],[10.48656128,54.92337274],[10.48215696,54.92458575]]],[[[10.57839454,54.90128],[10.57070626,54.89816636],[10.58089004,54.89521158],[10.58468479,54.89766369],[10.57839454,54.90128]]],[[[10.4794539,54.89123156],[10.48040198,54.88800686],[10.48075607,54.89064678],[10.50935914,54.88537538],[10.4794539,54.89123156]]],[[[10.61379771,55.5992042],[10.60975265,55.59092156],[10.62015089,55.58180726],[10.61768799,55.58679945],[10.62315904,55.58837523],[10.61578829,55.58876755],[10.61379771,55.5992042]]],[[[10.61383173,55.57923581],[10.60973999,55.5862554],[10.60688577,55.58501573],[10.60837223,55.57611706],[10.61314827,55.57570723],[10.61383173,55.57923581]]],[[[10.34142322,55.04469865],[10.3444903,55.04872576],[10.34096828,55.04476118],[10.33711378,55.04509512],[10.34253963,55.04600818],[10.3346228,55.04504751],[10.33177057,55.04113184],[10.3224877,55.03843409],[10.32598116,55.0345528],[10.32574645,55.03698837],[10.33442351,55.03936898],[10.33492467,55.04428855],[10.34142322,55.04469865]]],[[[10.54671969,54.90798432],[10.53769347,54.90786404],[10.54840126,54.90118584],[10.54423056,54.90432906],[10.54814625,54.90466462],[10.54671969,54.90798432]]],[[[10.17795509,55.60480117],[10.17056138,55.60392788],[10.1671561,55.59950138],[10.1819279,55.60154372],[10.17795509,55.60480117]]],[[[10.29461977,55.61751058],[10.29242225,55.61825761],[10.29221143,55.61485616],[10.30049008,55.60866639],[10.30203412,55.60335758],[10.30276022,55.60877556],[10.29461977,55.61751058]]],[[[10.48348216,55.46186802],[10.48030925,55.45707028],[10.49485149,55.45626362],[10.48928319,55.4557391],[10.48898125,55.45981776],[10.48348216,55.46186802]]],[[[10.49855962,54.97647989],[10.49302637,54.97204188],[10.49990853,54.97106788],[10.49855962,54.97647989]]],[[[10.57591756,54.85386321],[10.59888342,54.84099601],[10.57591756,54.85386321]]],[[[8.48401723,55.36319315],[8.47822069,55.35901242],[8.48506,55.35772506],[8.48678025,55.36079923],[8.48401723,55.36319315]]],[[[10.1225053,55.14781261],[10.11052929,55.14219197],[10.12522095,55.1476649],[10.1225053,55.14781261]]],[[[10.42809762,54.89720783],[10.42472805,54.90013409],[10.42085117,54.89749978],[10.42403295,54.89663864],[10.42314103,54.89367782],[10.42809762,54.89720783]]],[[[10.19381827,55.60226481],[10.19185044,55.60168025],[10.20741557,55.59902199],[10.19381827,55.60226481]]],[[[9.79058324,55.33185052],[9.78497165,55.32730902],[9.7954618,55.32606883],[9.78727465,55.32786833],[9.79058324,55.33185052]]],[[[8.49179154,55.36351084],[8.48854914,55.36336325],[8.48860947,55.35999312],[8.49515893,55.36177252],[8.49179154,55.36351084]]],[[[9.50794999,54.85914417],[9.50782655,54.85652388],[9.51333703,54.85670696],[9.50794999,54.85914417]]],[[[10.58814536,54.92031008],[10.59338363,54.9246507],[10.58814536,54.92031008]]],[[[10.48607288,55.53116141],[10.48329788,55.53129237],[10.49153849,55.52786731],[10.48607288,55.53116141]]],[[[9.71337262,55.28986584],[9.71056501,55.28932237],[9.71917889,55.28724096],[9.71337262,55.28986584]]],[[[10.52627536,54.96253263],[10.51837933,54.96033077],[10.52627536,54.96253263]]],[[[10.43028811,54.88234661],[10.42284729,54.8819351],[10.43725022,54.87871651],[10.43028811,54.88234661]]],[[[10.88157691,55.21087523],[10.8830504,55.21594965],[10.88979553,55.22110167],[10.88062027,55.2145908],[10.88157691,55.21087523]]],[[[9.77028653,55.28353105],[9.76988052,55.28604698],[9.76719826,55.28466578],[9.77028653,55.28353105]]],[[[9.83380888,54.97280307],[9.82963753,54.97243474],[9.83779321,54.97131354],[9.83181042,54.97236471],[9.83380888,54.97280307]]],[[[9.62812324,55.18921271],[9.63034119,55.18628511],[9.62812324,55.18921271]]],[[[10.49491228,54.91302752],[10.49878835,54.91145907],[10.49491228,54.91302752]]],[[[10.10332748,55.58502655],[10.09804236,55.58152411],[10.10101146,55.58105356],[10.09960859,55.58285161],[10.10221701,55.58199571],[10.10332748,55.58502655]]],[[[9.50325639,54.85904481],[9.50119193,54.85625389],[9.50481607,54.8567353],[9.50325639,54.85904481]]],[[[9.59347331,55.51343992],[9.59649135,55.50963117],[9.59347331,55.51343992]]],[[[9.66142449,55.49100256],[9.65868887,55.49271322],[9.66142449,55.49100256]]],[[[10.79427956,55.30819368],[10.79202735,55.3088716],[10.79321252,55.30560594],[10.79427956,55.30819368]]],[[[8.2724116,55.5334164],[8.27000418,55.53278771],[8.2724116,55.5334164]]],[[[10.56245184,54.86236503],[10.55997608,54.86212992],[10.56110381,54.85842263],[10.56245184,54.86236503]]],[[[10.10216876,55.13879159],[10.10622471,55.14125317],[10.0992543,55.13802231],[10.10216876,55.13879159]]],[[[10.29152354,55.61533259],[10.29020126,55.61736438],[10.29152354,55.61533259]]],[[[10.46769495,54.91545826],[10.46861827,54.91761347],[10.46617663,54.91532614],[10.47093547,54.91274394],[10.46769495,54.91545826]]],[[[8.6304087,55.40417123],[8.63163329,55.40231116],[8.6304087,55.40417123]]],[[[10.09512646,55.57687065],[10.0913252,55.57526682],[10.09277126,55.57327276],[10.09512646,55.57687065]]],[[[9.76406354,55.26331252],[9.76238257,55.26222733],[9.76406354,55.26331252]]],[[[10.10005511,55.58018833],[10.09676512,55.57634514],[10.10005511,55.58018833]]],[[[10.50677515,55.54010448],[10.51016892,55.53948116],[10.50677515,55.54010448]]],[[[10.51639222,54.96375448],[10.51288962,54.96286862],[10.51639222,54.96375448]]],[[[10.44265104,55.46903363],[10.44380034,55.47185135],[10.44265104,55.46903363]]],[[[10.15668376,55.60491351],[10.14817895,55.6030685],[10.15668376,55.60491351]]],[[[9.76345335,55.25881887],[9.76345335,55.25881887]]],[[[10.63101428,54.95422854],[10.6334651,54.95303981],[10.63101428,54.95422854]]],[[[8.46659871,55.08838783],[8.46659871,55.08838783]]],[[[10.58493867,54.91841411],[10.58493867,54.91841411]]],[[[10.46419452,55.48375867],[10.46146602,55.48549345],[10.46419452,55.48375867]]],[[[10.45662493,55.46314366],[10.45869686,55.46323024],[10.45662493,55.46314366]]],[[[10.69416655,54.88495574],[10.69416655,54.88495574]]],[[[10.71429412,54.87881696],[10.71429412,54.87881696]]],[[[10.56791769,55.03464033],[10.56500183,55.03222841],[10.56791769,55.03464033]]],[[[9.76815608,55.27839011],[9.76580274,55.27829122],[9.76815608,55.27839011]]],[[[10.54011411,54.85877128],[10.54612293,54.85815117],[10.54011411,54.85877128]]],[[[10.4585637,54.97767113],[10.4585637,54.97767113]]],[[[10.29916355,55.601507],[10.29962844,55.60382037],[10.29916355,55.601507]]],[[[10.11522742,55.58256163],[10.11229573,55.58206455],[10.11692647,55.58058269],[10.11522742,55.58256163]]],[[[10.70873594,54.88555176],[10.70873594,54.88555176]]],[[[10.16033901,55.6002696],[10.15785398,55.60089481],[10.16525123,55.5996143],[10.16033901,55.6002696]]],[[[10.60576929,55.50742882],[10.6032002,55.50873872],[10.60576929,55.50742882]]],[[[10.29231871,55.61318941],[10.29231871,55.61318941]]],[[[10.51894815,55.48115679],[10.51570256,55.48224569],[10.52110983,55.48128515],[10.51894815,55.48115679]]],[[[8.1794983,55.82446453],[8.1794983,55.82446453]]],[[[10.46002485,55.47755845],[10.46002485,55.47755845]]],[[[10.3217557,55.0525936],[10.32648208,55.05197618],[10.3217557,55.0525936]]],[[[10.43784267,55.45553739],[10.43904805,55.45761417],[10.43784267,55.45553739]]],[[[10.54374694,55.48089071],[10.54162605,55.48108288],[10.54374694,55.48089071]]],[[[9.7281378,55.27118973],[9.72561715,55.26889454],[9.7281378,55.27118973]]],[[[10.10554676,55.58251542],[10.1109752,55.58178385],[10.10554676,55.58251542]]],[[[8.60266996,55.43201481],[8.60047448,55.43179146],[8.60266996,55.43201481]]],[[[10.62000862,55.58518245],[10.62000862,55.58518245]]],[[[10.63383573,54.95413025],[10.63383573,54.95413025]]],[[[10.37613292,55.00606639],[10.37613292,55.00606639]]],[[[9.80423692,55.32304134],[9.80423692,55.32304134]]],[[[10.50856759,55.54360594],[10.50997218,55.54177835],[10.50856759,55.54360594]]],[[[10.21298918,55.06498523],[10.21298918,55.06498523]]],[[[10.00099476,55.19315251],[10.00099476,55.19315251]]],[[[9.69212335,55.22473926],[9.69017807,55.22390656],[9.69212335,55.22473926]]],[[[10.29192636,55.61842737],[10.29192636,55.61842737]]],[[[10.6214525,55.57048458],[10.6214525,55.57048458]]],[[[10.53091823,54.84816019],[10.53091823,54.84816019]]],[[[9.62221819,55.30878212],[9.62221819,55.30878212]]],[[[10.55203579,54.89690339],[10.55203579,54.89690339]]],[[[9.76894825,55.26380009],[9.77079953,55.26293184],[9.76894825,55.26380009]]],[[[10.66591793,55.038149],[10.66591793,55.038149]]],[[[10.53508315,54.91285194],[10.53508315,54.91285194]]],[[[9.71021153,55.36646789],[9.71362001,55.36913138],[9.71021153,55.36646789]]],[[[10.48509688,55.5262257],[10.48713315,55.52569729],[10.48509688,55.5262257]]],[[[8.30419144,55.49735341],[8.30419144,55.49735341]]],[[[10.15966972,55.60587622],[10.15966972,55.60587622]]],[[[10.49929083,55.53766428],[10.49929083,55.53766428]]],[[[9.81288232,55.41347053],[9.8156392,55.41251897],[9.81288232,55.41347053]]],[[[10.58323383,55.45986091],[10.58323383,55.45986091]]],[[[9.58565221,55.26075249],[9.58565221,55.26075249]]],[[[10.61579468,55.4979427],[10.61579468,55.4979427]]],[[[10.12874705,55.12260813],[10.12543366,55.12216652],[10.12874705,55.12260813]]],[[[10.55139021,54.897521],[10.55139021,54.897521]]],[[[10.5057726,55.54307344],[10.5057726,55.54307344]]],[[[10.60310478,55.58726593],[10.60310478,55.58726593]]],[[[8.63821598,55.38924384],[8.63821598,55.38924384]]],[[[8.18459361,55.82244988],[8.18459361,55.82244988]]],[[[10.1039578,55.5778581],[10.1039578,55.5778581]]],[[[10.30365677,55.60806438],[10.30365677,55.60806438]]],[[[10.55600551,55.48435363],[10.55600551,55.48435363]]],[[[9.74181831,55.6269383],[9.74181831,55.6269383]]],[[[10.48574107,55.48375331],[10.48574107,55.48375331]]],[[[10.67890811,54.97122354],[10.67890811,54.97122354]]],[[[10.49308472,55.48293217],[10.49308472,55.48293217]]],[[[10.47119872,54.9675743],[10.47119872,54.9675743]]],[[[10.63217696,55.56971305],[10.63217696,55.56971305]]],[[[10.38272252,55.40667098],[10.38272252,55.40667098]]],[[[9.79127368,54.8990771],[9.79320075,54.90043152],[9.79127368,54.8990771]]],[[[10.4716782,54.89715895],[10.4716782,54.89715895]]],[[[10.09649061,55.57673409],[10.09649061,55.57673409]]],[[[10.50665309,55.54417706],[10.50665309,55.54417706]]],[[[10.55433956,55.48670644],[10.55433956,55.48670644]]],[[[10.44443859,55.46887191],[10.44443859,55.46887191]]],[[[10.66917894,55.45268518],[10.66917894,55.45268518]]],[[[10.09565987,55.57673262],[10.09565987,55.57673262]]],[[[10.56240843,55.48735396],[10.56240843,55.48735396]]],[[[9.68603759,55.21616087],[9.68603759,55.21616087]]],[[[9.79182739,54.89792281],[9.79182739,54.89792281]]],[[[10.54600394,54.85887691],[10.54600394,54.85887691]]],[[[10.15794043,55.60519793],[10.15794043,55.60519793]]],[[[10.52881246,55.47184368],[10.52881246,55.47184368]]],[[[10.54361512,55.03356442],[10.5404633,55.03324054],[10.54361512,55.03356442]]],[[[8.1831024,55.82329236],[8.1831024,55.82329236]]],[[[9.59329917,55.36065139],[9.59329917,55.36065139]]],[[[10.55660614,55.45286988],[10.55660614,55.45286988]]],[[[10.46339607,55.48178466],[10.46339607,55.48178466]]],[[[10.52413369,54.85726849],[10.52413369,54.85726849]]],[[[10.49191148,55.48297523],[10.49191148,55.48297523]]],[[[10.78532258,55.1381473],[10.78532258,55.1381473]]],[[[10.48032904,55.48101787],[10.48032904,55.48101787]]],[[[10.53723232,55.49876027],[10.53723232,55.49876027]]],[[[9.58001006,55.52111108],[9.58001006,55.52111108]]],[[[10.50049769,55.53680952],[10.50049769,55.53680952]]],[[[10.50319944,55.54406176],[10.50319944,55.54406176]]],[[[10.62980148,54.90400889],[10.62779107,54.90406604],[10.62980148,54.90400889]]],[[[10.53234823,55.47439964],[10.53234823,55.47439964]]],[[[10.5515947,55.49325297],[10.5515947,55.49325297]]],[[[10.34191415,55.05165256],[10.34191415,55.05165256]]],[[[10.88463882,55.14503557],[10.88463882,55.14503557]]],[[[10.37863856,55.05958891],[10.38070533,55.05918362],[10.37863856,55.05958891]]],[[[10.4585795,55.48866766],[10.4585795,55.48866766]]],[[[10.57361698,54.85757211],[10.57361698,54.85757211]]],[[[8.3045144,55.51676013],[8.3045144,55.51676013]]],[[[9.71331872,55.35287148],[9.71331872,55.35287148]]],[[[10.15766041,55.05183571],[10.15766041,55.05183571]]],[[[8.40897966,55.47853615],[8.40897966,55.47853615]]],[[[8.2416056,55.57183179],[8.2416056,55.57183179]]],[[[10.53538409,55.497795],[10.53538409,55.497795]]],[[[10.28304107,55.6127329],[10.28304107,55.6127329]]],[[[8.30983925,55.52019635],[8.30983925,55.52019635]]],[[[10.5190541,54.96140759],[10.5190541,54.96140759]]],[[[10.23872692,55.09280041],[10.23872692,55.09280041]]],[[[10.53342614,54.91054893],[10.53342614,54.91054893]]],[[[10.50755927,55.53974704],[10.50755927,55.53974704]]],[[[8.68004678,55.14565847],[8.68004678,55.14565847]]],[[[10.44653585,55.47393238],[10.44653585,55.47393238]]],[[[10.54374886,55.44417893],[10.54374886,55.44417893]]],[[[10.5259293,55.47713104],[10.5259293,55.47713104]]],[[[10.68639571,54.89752147],[10.68639571,54.89752147]]],[[[9.76762962,55.28641764],[9.76762962,55.28641764]]],[[[8.24237046,55.54631618],[8.24237046,55.54631618]]],[[[10.1575334,55.0520021],[10.1575334,55.0520021]]],[[[8.30676429,55.52016281],[8.30676429,55.52016281]]],[[[10.42627035,54.99308277],[10.42627035,54.99308277]]],[[[10.53674157,55.49667582],[10.53674157,55.49667582]]],[[[8.25711363,55.58542653],[8.25711363,55.58542653]]],[[[10.53366232,55.47627168],[10.53366232,55.47627168]]],[[[9.67143375,54.99956501],[9.67143375,54.99956501]]],[[[9.765712,55.28575643],[9.765712,55.28575643]]],[[[10.44714377,55.47390803],[10.44714377,55.47390803]]],[[[9.46017573,55.1154557],[9.46017573,55.1154557]]],[[[10.63148566,55.56863952],[10.63148566,55.56863952]]],[[[10.41051299,54.89441935],[10.41051299,54.89441935]]],[[[9.6008519,55.41023578],[9.6008519,55.41023578]]],[[[9.73202225,55.26266296],[9.73202225,55.26266296]]],[[[8.30734945,55.52018553],[8.30734945,55.52018553]]],[[[8.23827959,55.56960047],[8.23827959,55.56960047]]],[[[8.30483204,55.51643072],[8.30483204,55.51643072]]],[[[10.88548955,55.14361608],[10.88548955,55.14361608]]],[[[9.56252618,55.24864127],[9.56252618,55.24864127]]],[[[10.46176114,55.47788435],[10.46176114,55.47788435]]],[[[10.37850367,55.05942255],[10.37850367,55.05942255]]],[[[10.68779823,54.89857002],[10.68779823,54.89857002]]],[[[10.52329479,55.47583955],[10.52329479,55.47583955]]],[[[10.44530829,55.47049597],[10.44530829,55.47049597]]],[[[10.54933723,55.48596229],[10.54933723,55.48596229]]],[[[9.73888935,55.50699594],[9.73888935,55.50699594]]],[[[10.5175701,55.47758175],[10.5175701,55.47758175]]],[[[10.54829004,55.48177929],[10.54829004,55.48177929]]],[[[10.54326551,55.44440062],[10.54326551,55.44440062]]],[[[10.52599331,54.85763349],[10.52599331,54.85763349]]],[[[10.55897535,55.47924643],[10.55897535,55.47924643]]],[[[8.30766627,55.52019191],[8.30766627,55.52019191]]],[[[10.55035269,55.48384731],[10.55035269,55.48384731]]],[[[8.30472475,55.51905785],[8.30472475,55.51905785]]],[[[10.52316248,54.85954603],[10.52316248,54.85954603]]],[[[10.25049566,55.04021541],[10.25049566,55.04021541]]],[[[10.47159227,54.89730433],[10.47159227,54.89730433]]],[[[8.30779165,55.52021328],[8.30779165,55.52021328]]],[[[10.25054149,55.04015419],[10.25054149,55.04015419]]],[[[10.46240831,55.47808942],[10.46240831,55.47808942]]],[[[10.54311783,55.4445904],[10.54311783,55.4445904]]]]}},{"type":"Feature","properties":{"code":"HST","name":"Hovedstaden","sourceCode":"1084"},"geometry":{"type":"MultiPolygon","coordinates":[[[[12.31075485,56.12983472],[12.27486326,56.12797191],[12.18275555,56.1094182],[12.06228756,56.05930919],[12.00740585,56.03042475],[11.94335826,56.00900188],[11.88956239,55.98679095],[11.85509879,55.97678964],[11.84863938,55.9686974],[11.84209468,55.96581754],[11.84794544,55.96560239],[11.84403484,55.96458062],[11.84810244,55.96312019],[11.84180031,55.96308454],[11.84296156,55.96516191],[11.84114382,55.9597044],[11.84642366,55.96114498],[11.84825269,55.95736303],[11.84320553,55.95862298],[11.85113359,55.95561602],[11.85366693,55.94572534],[11.86783279,55.93990984],[11.8649644,55.94238824],[11.86996226,55.94208811],[11.86602551,55.94259556],[11.87027486,55.94260238],[11.8680802,55.94487107],[11.88897394,55.94157437],[11.93303508,55.94992602],[11.9756603,55.96687419],[11.98909377,55.96504772],[11.99769042,55.96757584],[12.00226746,55.9649621],[11.99714184,55.96249048],[12.01078214,55.96854642],[11.99782716,55.96116707],[12.01209111,55.96757787],[12.00611871,55.96501127],[12.0040783,55.96056571],[12.00999915,55.95969639],[12.01316169,55.96384795],[12.01642954,55.9622203],[12.01057951,55.95936532],[12.01859321,55.9592754],[12.02272768,55.94647822],[12.04326473,55.92461946],[12.04787155,55.91461166],[12.04629502,55.9002902],[12.05561071,55.88563302],[12.06698922,55.87734004],[12.06344599,55.86724756],[12.06495222,55.86076507],[12.04672405,55.85792964],[12.04128686,55.84375258],[12.05065247,55.84184878],[12.05447198,55.83834498],[12.05274245,55.83561518],[12.05645929,55.83661663],[12.05254353,55.83275208],[12.05689958,55.83167507],[12.05605914,55.82624188],[12.06273065,55.82846606],[12.06919888,55.81256887],[12.06707973,55.80988622],[12.07967562,55.79861604],[12.07764257,55.79368355],[12.07351627,55.79360651],[12.07349206,55.78671537],[12.10768745,55.77542029],[12.11329139,55.76777744],[12.12636292,55.76225217],[12.15087232,55.7560611],[12.15803748,55.74798811],[12.19234206,55.74640871],[12.20673852,55.75125238],[12.22605943,55.74307413],[12.2271877,55.74015581],[12.2215545,55.73873358],[12.2277407,55.73572502],[12.22626713,55.73390011],[12.20859392,55.7297472],[12.22081015,55.72504632],[12.2288104,55.71705449],[12.24201075,55.71454538],[12.2507876,55.70841404],[12.21210415,55.68721701],[12.1854634,55.68821489],[12.18130251,55.68254857],[12.16871216,55.68171803],[12.16856457,55.67636454],[12.164556,55.6736018],[12.15047391,55.6710351],[12.1514493,55.66666023],[12.1585319,55.66574188],[12.15729764,55.65866207],[12.16285454,55.6574713],[12.16386433,55.6530349],[12.1574032,55.65294325],[12.15706706,55.63386433],[12.16686626,55.63418308],[12.15959351,55.61282046],[12.2095142,55.60455323],[12.21153385,55.61160012],[12.21536886,55.61249158],[12.21522948,55.61766881],[12.23033545,55.61692576],[12.23126548,55.62108452],[12.23503202,55.6210551],[12.2431805,55.61346436],[12.27596808,55.62208838],[12.28805975,55.61598072],[12.29381684,55.61747099],[12.30084309,55.61282683],[12.33705352,55.60787592],[12.36042345,55.60078054],[12.3574931,55.59903938],[12.3632346,55.59403791],[12.37657275,55.59623111],[12.37557287,55.59899514],[12.39095425,55.60461351],[12.40079248,55.60444933],[12.40034874,55.61089525],[12.41344468,55.61302231],[12.43839919,55.61187001],[12.44020162,55.60696775],[12.44631858,55.60711475],[12.44818938,55.60422334],[12.4806734,55.60104834],[12.48480438,55.5977994],[12.49191104,55.60107073],[12.49655379,55.61009928],[12.50267343,55.61031677],[12.50045154,55.61146376],[12.50494064,55.61447475],[12.49792966,55.61552941],[12.49427045,55.62043037],[12.49726709,55.6247949],[12.50295751,55.62513606],[12.49781822,55.62542251],[12.50306067,55.62573609],[12.50424176,55.62857387],[12.50023459,55.62846541],[12.5040389,55.62886309],[12.50655938,55.63595109],[12.53214303,55.6381216],[12.5292346,55.63615457],[12.5332262,55.63177183],[12.54674803,55.63896296],[12.54131739,55.64304092],[12.55127896,55.64155076],[12.54745265,55.64506728],[12.55150166,55.64684665],[12.54573617,55.64567776],[12.54147725,55.65047883],[12.54666524,55.65128366],[12.55174439,55.64781971],[12.5564628,55.65002246],[12.55841398,55.65217699],[12.55466517,55.6508541],[12.55645451,55.6526892],[12.54886074,55.65463112],[12.55523999,55.65692376],[12.55276068,55.65442661],[12.5586003,55.6531114],[12.56426228,55.65914007],[12.55818977,55.65929994],[12.56652824,55.66329896],[12.56055328,55.66050518],[12.56258123,55.66330987],[12.58010817,55.6721095],[12.57564194,55.67564781],[12.57763829,55.67710353],[12.58751175,55.67571561],[12.59364015,55.67885586],[12.58795774,55.6806586],[12.59503924,55.67955721],[12.6003369,55.6907712],[12.59823968,55.69424436],[12.60066668,55.69430657],[12.59757865,55.69902764],[12.59496344,55.69586707],[12.59777256,55.70256411],[12.59470832,55.70280205],[12.60034442,55.70529105],[12.59506491,55.70372432],[12.5920886,55.70598368],[12.59896092,55.70644035],[12.59932764,55.70932775],[12.60567332,55.70751998],[12.59627119,55.71255312],[12.61141539,55.70901654],[12.61579396,55.71186351],[12.60630561,55.71453313],[12.61770803,55.7122449],[12.63986038,55.72237954],[12.62730928,55.72509564],[12.61590208,55.720634],[12.60230072,55.72569918],[12.60652095,55.72380632],[12.60228958,55.72474691],[12.60029267,55.72052774],[12.60478087,55.71961258],[12.59563652,55.71971646],[12.59005853,55.71257216],[12.59269811,55.71038387],[12.58834887,55.71239154],[12.58983537,55.71470733],[12.58434217,55.7159216],[12.59265231,55.71837688],[12.58394967,55.71748865],[12.58315666,55.72190044],[12.58980693,55.72563249],[12.58100684,55.7256867],[12.58865668,55.72693129],[12.58084534,55.72760001],[12.58410614,55.72874315],[12.58138399,55.73056866],[12.58398363,55.73912261],[12.59780762,55.75737999],[12.60422534,55.76070779],[12.60002473,55.7595999],[12.60006707,55.76289245],[12.60405957,55.76192952],[12.5983844,55.76493508],[12.59665199,55.77189029],[12.59238704,55.77468832],[12.59691166,55.7874159],[12.58722032,55.80408529],[12.57680175,55.81282467],[12.57242942,55.84618036],[12.57541045,55.85049859],[12.57185875,55.84838803],[12.57042467,55.85043995],[12.57353659,55.85079532],[12.56958308,55.85168303],[12.54569007,55.88166824],[12.54954925,55.88635387],[12.54496085,55.88326952],[12.54863454,55.88590993],[12.54410783,55.88692847],[12.54895953,55.88619781],[12.54162152,55.88863619],[12.51737777,55.92014832],[12.51908947,55.92709421],[12.52709395,55.92832505],[12.52141506,55.93199658],[12.52377288,55.93574152],[12.52847979,55.93557051],[12.52994556,55.93967782],[12.52366589,55.93998591],[12.52994877,55.94001923],[12.52747643,55.94324924],[12.53428962,55.95264329],[12.53817805,55.95357296],[12.53526646,55.95354522],[12.55436315,55.98530077],[12.56573207,55.99659089],[12.59531899,56.01137692],[12.60910442,56.02882558],[12.62006709,56.03437401],[12.61540964,56.03373584],[12.61550239,56.03821482],[12.61940771,56.03492308],[12.62450144,56.0390408],[12.61705657,56.04137769],[12.61821055,56.04383441],[12.61056174,56.04224827],[12.61811231,56.04474203],[12.60561252,56.04422916],[12.54359309,56.07840003],[12.51885953,56.08611742],[12.4983365,56.091364],[12.46287758,56.09316546],[12.45922401,56.09616551],[12.45726942,56.09337601],[12.45855843,56.09621762],[12.43473366,56.09332409],[12.41027096,56.09933925],[12.38573103,56.10116665],[12.35430335,56.11800777],[12.31400524,56.12483277],[12.31075485,56.12983472]],[[12.41026492,55.70943712],[12.41026492,55.70943712]],[[12.36453377,55.65666153],[12.36453377,55.65666153]],[[12.36961551,55.65285529],[12.36961551,55.65285529]],[[12.40353,55.65881338],[12.40353,55.65881338]],[[12.36474778,55.65642339],[12.36474778,55.65642339]],[[12.39523372,55.6604035],[12.39523372,55.6604035]],[[12.40662387,55.65800259],[12.40662387,55.65800259]],[[12.39430552,55.75833173],[12.39430552,55.75833173]],[[12.41298242,55.65972496],[12.41298242,55.65972496]],[[12.39519952,55.66040901],[12.39519952,55.66040901]],[[12.4154888,55.66153964],[12.4154888,55.66153964]],[[12.36441851,55.65678182],[12.36441851,55.65678182]],[[12.39443634,55.75874512],[12.39443634,55.75874512]],[[12.36430681,55.65690528],[12.36430681,55.65690528]],[[12.36434642,55.65686046],[12.36434642,55.65686046]],[[12.41254029,55.65975813],[12.41254029,55.65975813]],[[12.49327376,55.64573215],[12.49327376,55.64573215]],[[12.41541867,55.6656727],[12.41541867,55.6656727]],[[12.42464945,55.66956873],[12.42464945,55.66956873]],[[12.40302369,55.75542496],[12.40302369,55.75542496]],[[12.41039661,55.75243202],[12.41039661,55.75243202]],[[12.40810642,55.65893285],[12.40810642,55.65893285]],[[12.42299166,55.6717126],[12.42299166,55.6717126]],[[12.44578506,55.74859554],[12.44578506,55.74859554]],[[12.37494918,55.67003137],[12.37494918,55.67003137]],[[12.41463772,55.75309995],[12.41463772,55.75309995]],[[12.41509559,55.66460483],[12.41509559,55.66460483]],[[12.31941792,55.65726643],[12.31941792,55.65726643]],[[12.41286149,55.65973753],[12.41286149,55.65973753]],[[12.39446113,55.75881375],[12.39446113,55.75881375]],[[12.43461048,55.75229272],[12.43461048,55.75229272]],[[12.49060127,55.64640092],[12.49060127,55.64640092]],[[12.41376283,55.75310604],[12.41376283,55.75310604]],[[12.39552042,55.75928922],[12.39552042,55.75928922]],[[12.40327859,55.75523758],[12.40327859,55.75523758]],[[12.40328068,55.75523622],[12.40328068,55.75523622]],[[12.35609378,55.84418115],[12.35609378,55.84418115]],[[12.41438243,55.75311407],[12.41438243,55.75311407]],[[12.39830276,55.65971376],[12.39830276,55.65971376]],[[12.38441046,55.67351946],[12.38441046,55.67351946]],[[12.32151294,55.65744067],[12.32151294,55.65744067]],[[12.40982349,55.65989983],[12.40982349,55.65989983]],[[12.42964316,55.75229736],[12.42964316,55.75229736]],[[12.41628995,55.66628209],[12.41628995,55.66628209]],[[12.42219429,55.7529522],[12.42219429,55.7529522]],[[12.42305457,55.67222842],[12.42305457,55.67222842]],[[12.40638827,55.75305266],[12.40638827,55.75305266]],[[12.42631189,55.75271622],[12.42631189,55.75271622]],[[12.4305051,55.75232731],[12.4305051,55.75232731]],[[12.41558556,55.66179806],[12.41558556,55.66179806]],[[12.41554976,55.66267804],[12.41554976,55.66267804]],[[12.40340375,55.75514829],[12.40340375,55.75514829]],[[12.40778953,55.65824946],[12.40778953,55.65824946]],[[12.20716372,55.82924022],[12.20716372,55.82924022]],[[12.35821479,55.84635192],[12.35821479,55.84635192]],[[12.3817955,55.67208611],[12.3817955,55.67208611]],[[12.42260852,55.66927089],[12.42260852,55.66927089]],[[12.37476843,55.67000111],[12.37476843,55.67000111]],[[12.38220155,55.64136444],[12.38220155,55.64136444]],[[12.31889093,55.65783231],[12.31889093,55.65783231]],[[12.41522131,55.66538718],[12.41522131,55.66538718]],[[12.40161888,55.75658131],[12.40161888,55.75658131]],[[12.36084431,55.84986756],[12.36084431,55.84986756]],[[12.40734407,55.65808403],[12.40734407,55.65808403]],[[12.371163,55.66929459],[12.371163,55.66929459]],[[12.36913018,55.65317032],[12.36913018,55.65317032]],[[12.39010362,55.66077278],[12.39010362,55.66077278]],[[12.39058946,55.6608052],[12.39058946,55.6608052]],[[12.37594707,55.64697533],[12.37594707,55.64697533]],[[12.36966077,55.6528097],[12.36966077,55.6528097]],[[12.40498898,55.65863396],[12.40498898,55.65863396]],[[12.31819478,55.65841181],[12.31819478,55.65841181]],[[12.41619313,55.75299275],[12.41619313,55.75299275]],[[12.42486407,55.75289563],[12.42486407,55.75289563]],[[12.32157045,55.82668368],[12.32157045,55.82668368]],[[12.37843916,55.64508343],[12.37843916,55.64508343]],[[12.37844055,55.64508259],[12.37844055,55.64508259]],[[12.37129292,55.65148603],[12.37129292,55.65148603]],[[12.37671579,55.64629271],[12.37671579,55.64629271]],[[12.40665211,55.75296298],[12.40665211,55.75296298]],[[12.42403566,55.67071581],[12.42403566,55.67071581]],[[12.51796646,55.65063083],[12.51796646,55.65063083]],[[12.3149078,55.82465944],[12.3149078,55.82465944]],[[12.21700072,55.83712513],[12.21700072,55.83712513]],[[12.4145015,55.66104514],[12.4145015,55.66104514]],[[12.32297901,55.65768694],[12.32297901,55.65768694]],[[12.40239414,55.75600728],[12.40239414,55.75600728]],[[12.40241593,55.75599044],[12.40241593,55.75599044]],[[12.42857617,55.75242684],[12.42857617,55.75242684]],[[12.41863397,55.66856335],[12.41863397,55.66856335]],[[12.32276972,55.65500675],[12.32276972,55.65500675]],[[12.32288834,55.65494653],[12.32288834,55.65494653]],[[12.41255028,55.75295543],[12.41255028,55.75295543]],[[12.37294472,55.65021456],[12.37294472,55.65021456]],[[12.21657003,55.83569092],[12.21657003,55.83569092]],[[12.36344953,55.65849699],[12.36344953,55.65849699]],[[12.41365462,55.66031184],[12.41365462,55.66031184]],[[12.42332639,55.67325986],[12.42332639,55.67325986]],[[12.41677174,55.66651546],[12.41677174,55.66651546]],[[12.38081422,55.64330018],[12.38081422,55.64330018]],[[12.37448803,55.67188275],[12.37448803,55.67188275]],[[12.31964094,55.65718828],[12.31964094,55.65718828]],[[12.31729573,55.65928709],[12.31729573,55.65928709]],[[12.31806341,55.65936777],[12.31806341,55.65936777]]],[[[14.77320973,55.29918725],[14.7520795,55.2879802],[14.7520126,55.28186352],[14.75743095,55.27776156],[14.75237327,55.27317537],[14.75250671,55.2682274],[14.73675761,55.24877475],[14.73197194,55.24533114],[14.72805487,55.24643221],[14.73118615,55.24466629],[14.71083742,55.2228647],[14.70619307,55.2120269],[14.70109317,55.19658921],[14.7036534,55.19007456],[14.69986727,55.18880159],[14.70346993,55.18908325],[14.70286691,55.1842299],[14.69825254,55.18866224],[14.70181777,55.18606938],[14.70040145,55.18165554],[14.70624593,55.16856975],[14.70422824,55.14842177],[14.70701893,55.13029817],[14.69886351,55.12164501],[14.70255409,55.11429471],[14.69942367,55.10700388],[14.68557899,55.1027211],[14.68070111,55.09482182],[14.69400185,55.09983613],[14.69254318,55.0981077],[14.6960669,55.09876368],[14.69848318,55.09540789],[14.68139853,55.09346829],[14.68975751,55.09224836],[14.69469701,55.08800356],[14.68411556,55.08899135],[14.69244519,55.08621025],[14.70071817,55.08842826],[14.70750927,55.0826318],[14.72227292,55.08016272],[14.74460801,55.06362874],[14.77687702,55.05223436],[14.79833582,55.0533523],[14.83201193,55.04098619],[14.84133566,55.04271803],[14.86286974,55.03817391],[14.88632713,55.03148016],[14.9244648,55.01437751],[14.93551416,55.01496993],[14.96355264,55.00358421],[15.02153539,54.99458973],[15.04334073,54.99433272],[15.07669434,54.98701851],[15.08573387,54.99001199],[15.10763282,55.00902153],[15.12052031,55.01448146],[15.11681736,55.02093663],[15.12288262,55.02650622],[15.11284842,55.03226114],[15.10953182,55.03875543],[15.12374662,55.04620143],[15.12409737,55.05250796],[15.12779636,55.05640038],[15.13841298,55.05695624],[15.14129268,55.06489862],[15.13652665,55.06302823],[15.13621076,55.0573594],[15.13562065,55.06570112],[15.13935708,55.06457573],[15.13728245,55.06422087],[15.13772721,55.06840216],[15.15096398,55.07518937],[15.15696197,55.08299831],[15.15315778,55.08920634],[15.15593063,55.09240361],[15.14577009,55.10278513],[15.14889862,55.10745486],[15.14378492,55.10871959],[15.14643349,55.11144012],[15.14349419,55.11395335],[15.14844984,55.11715018],[15.14707878,55.1202745],[15.15589256,55.12384021],[15.15238935,55.12797645],[15.15404601,55.13340098],[15.14414605,55.13562676],[15.14645747,55.13598791],[15.14530071,55.14082827],[15.14015772,55.13880973],[15.13753138,55.14425302],[15.11752611,55.14347415],[15.11513981,55.14640929],[15.0885784,55.1506305],[15.0606468,55.16028414],[15.04098463,55.17230032],[15.02056575,55.17669056],[14.98920712,55.19399762],[14.98325757,55.20135819],[14.98437901,55.20424591],[14.96904817,55.2152455],[14.94574062,55.2093296],[14.9392684,55.21052846],[14.9210524,55.21988108],[14.8840672,55.2282946],[14.8722664,55.23900529],[14.85455049,55.24176141],[14.84820385,55.2471809],[14.83558998,55.2506312],[14.83939422,55.24792614],[14.83692332,55.24764034],[14.82506573,55.25253016],[14.81609235,55.26048854],[14.81704529,55.26440178],[14.80665643,55.27291386],[14.80614731,55.27702782],[14.79485447,55.28222816],[14.79420754,55.285532],[14.77851963,55.28972979],[14.77917351,55.29543412],[14.77320973,55.29918725]]],[[[11.90517312,55.9373428],[11.90657348,55.93217206],[11.90191571,55.91842847],[11.91625744,55.90466948],[11.92042192,55.90427003],[11.91983526,55.90061743],[11.93117919,55.89129193],[11.92903052,55.88075602],[11.9325032,55.87542792],[11.94493784,55.87094109],[11.96013175,55.85068241],[11.94884927,55.8329828],[11.94851182,55.82792292],[11.94229565,55.82191482],[11.93542656,55.82145096],[11.93395266,55.81768069],[11.92140316,55.81663784],[11.91312853,55.82046798],[11.87605027,55.8123123],[11.87511472,55.81036848],[11.87731122,55.81238733],[11.8806111,55.80760686],[11.87868159,55.80095425],[11.86441119,55.79639274],[11.86050036,55.78883577],[11.86264196,55.78262547],[11.85737918,55.77253677],[11.85881317,55.7628212],[11.85337082,55.75569629],[11.84596576,55.7561085],[11.85057187,55.75111989],[11.8565996,55.75169889],[11.85448876,55.74197937],[11.85647134,55.73691222],[11.88965622,55.73698704],[11.90520622,55.73137105],[11.92100814,55.73625005],[11.92207059,55.74491233],[11.9355543,55.74550521],[11.94796087,55.74189391],[11.94695832,55.73953338],[11.95771633,55.73440926],[11.98121868,55.73009211],[11.98586282,55.73204528],[11.98970641,55.74089524],[11.99668213,55.73152354],[12.00723745,55.73423314],[12.00723363,55.72280252],[12.01347619,55.72205428],[12.01381749,55.71935711],[12.02577105,55.72771734],[12.03350439,55.72799835],[12.03523728,55.73134014],[12.03997425,55.72941621],[12.05556506,55.73357364],[12.06247118,55.72997714],[12.06522934,55.73829106],[12.06169066,55.74015948],[12.06286537,55.74786286],[12.06057055,55.74959025],[12.06366797,55.75287096],[12.05454119,55.75648945],[12.06368698,55.7603589],[12.06748004,55.76660307],[12.05248075,55.78300814],[12.05942183,55.79732576],[12.04236208,55.79744993],[12.04006539,55.80534911],[12.05265983,55.80988784],[12.04140676,55.81300228],[12.03604365,55.81971368],[12.03818078,55.82493207],[12.0355304,55.82751831],[12.04755787,55.83314134],[12.03667538,55.82913032],[12.03455981,55.83294527],[12.03678687,55.83825226],[12.03347975,55.84128815],[12.03928183,55.84324147],[12.03308419,55.84177446],[12.02985503,55.85132144],[12.00147513,55.85849098],[11.99708031,55.86386883],[12.00181055,55.87263979],[11.99920732,55.87543823],[12.00101589,55.88284145],[12.00806772,55.88440809],[12.0109159,55.89017435],[12.03217667,55.90166233],[12.02627525,55.90067221],[12.02294652,55.90806027],[12.00473055,55.91519049],[11.98341981,55.9135188],[11.96438704,55.92954679],[11.90517312,55.9373428]]],[[[12.62852766,55.69743181],[12.60953072,55.69776533],[12.61267769,55.69529728],[12.60818206,55.69729805],[12.61005526,55.69500052],[12.60707389,55.69258517],[12.61127836,55.69173129],[12.60642051,55.69003702],[12.61085851,55.68937249],[12.60835012,55.68721264],[12.60975253,55.68403337],[12.60781799,55.68923601],[12.60386891,55.68876091],[12.60462458,55.68399179],[12.60978738,55.68380898],[12.60747381,55.67684908],[12.60246077,55.67448521],[12.60132986,55.67653118],[12.60382157,55.67484311],[12.60724539,55.67767559],[12.59795601,55.68022779],[12.60108234,55.6766602],[12.5875548,55.67034164],[12.58355125,55.67233514],[12.56816878,55.66119147],[12.55195212,55.64219682],[12.55399082,55.64140084],[12.53480457,55.63093504],[12.51382116,55.61433627],[12.50494067,55.61447472],[12.51302413,55.61377737],[12.50885298,55.60804579],[12.51211779,55.5945402],[12.52872268,55.57620107],[12.54120385,55.57248242],[12.56368818,55.57585626],[12.55664028,55.57439814],[12.56399683,55.56027932],[12.59218512,55.55480658],[12.61956637,55.56699999],[12.63183274,55.57678987],[12.66167718,55.5815515],[12.68148453,55.58965579],[12.67657416,55.58802473],[12.68271058,55.59384466],[12.67458568,55.59400554],[12.67998967,55.59462847],[12.67311607,55.59601289],[12.66955109,55.60528975],[12.68130784,55.61026523],[12.68044784,55.62998082],[12.67286013,55.63345765],[12.65371699,55.63465068],[12.65784041,55.63665762],[12.65332204,55.64326179],[12.65307339,55.64094007],[12.64778651,55.64330016],[12.65242936,55.64289068],[12.64789739,55.64572518],[12.65073988,55.64766376],[12.64229399,55.65078253],[12.63499539,55.66472176],[12.63055851,55.6646797],[12.63490594,55.66498006],[12.63077776,55.67067942],[12.6366017,55.6701964],[12.63688343,55.66680731],[12.64342409,55.66991399],[12.64178878,55.66706156],[12.64492919,55.67058034],[12.63655096,55.67039357],[12.64573024,55.67089939],[12.64812195,55.67607736],[12.64046731,55.6791416],[12.63299462,55.6757061],[12.63435512,55.67943406],[12.63973427,55.68040093],[12.63559371,55.68503704],[12.62491165,55.68051335],[12.63349099,55.67197904],[12.63053322,55.67094203],[12.62024457,55.68009202],[12.63594036,55.68775926],[12.63285847,55.69053435],[12.61361139,55.68717119],[12.62517553,55.69002625],[12.63055481,55.69465112],[12.62852766,55.69743181]],[[12.59312542,55.63175839],[12.59312542,55.63175839]],[[12.5930097,55.63093218],[12.5930097,55.63093218]],[[12.59241727,55.63758358],[12.59241727,55.63758358]],[[12.59339094,55.63343311],[12.59339094,55.63343311]],[[12.59307368,55.63134981],[12.59307368,55.63134981]],[[12.5933165,55.63402408],[12.5933165,55.63402408]],[[12.59283447,55.6359623],[12.59283447,55.6359623]],[[12.59303374,55.63513748],[12.59303374,55.63513748]],[[12.59272974,55.63639132],[12.59272974,55.63639132]],[[12.59343161,55.63374097],[12.59343161,55.63374097]],[[12.59332767,55.63398581],[12.59332767,55.63398581]],[[12.592702,55.63651685],[12.592702,55.63651685]],[[12.59320776,55.63213128],[12.59320776,55.63213128]],[[12.57269552,55.6159516],[12.57269552,55.6159516]],[[12.59237826,55.63773207],[12.59237826,55.63773207]],[[12.5925294,55.63716752],[12.5925294,55.63716752]],[[12.59333565,55.63303387],[12.59333565,55.63303387]],[[12.59335854,55.63319532],[12.59335854,55.63319532]],[[12.59209516,55.62430035],[12.59209516,55.62430035]],[[12.59292168,55.63559782],[12.59292168,55.63559782]]],[[[12.76943888,55.67176502],[12.76225483,55.67168419],[12.76477358,55.67003165],[12.76067856,55.66959972],[12.7629841,55.66815302],[12.75846369,55.66950137],[12.75537275,55.66619911],[12.74092783,55.66734165],[12.74637481,55.66335892],[12.74242263,55.66395426],[12.74486712,55.66039009],[12.73718868,55.65658137],[12.74107571,55.65671817],[12.73826782,55.65206673],[12.74061414,55.65133087],[12.73002801,55.65145766],[12.74156758,55.64896275],[12.7360579,55.64642286],[12.73913646,55.6451399],[12.73502111,55.64446714],[12.73749881,55.64217667],[12.73365795,55.64259096],[12.73891389,55.64053654],[12.73260698,55.63920154],[12.73708893,55.63694515],[12.73266746,55.63260988],[12.7347061,55.63483633],[12.73908026,55.63218262],[12.74020045,55.62938973],[12.73606971,55.63005971],[12.73570927,55.62727208],[12.74339422,55.62802344],[12.74456517,55.62207422],[12.73859621,55.62392255],[12.74295297,55.61950596],[12.74546015,55.62107019],[12.74762829,55.61740329],[12.75377033,55.62139252],[12.75314154,55.61729682],[12.75809864,55.61746578],[12.75752574,55.61398077],[12.76079342,55.61423012],[12.76351901,55.60649456],[12.78166339,55.60640041],[12.78704267,55.60855844],[12.78687783,55.611832],[12.78753072,55.60902283],[12.7920543,55.60904276],[12.79351331,55.61189726],[12.78800103,55.61263124],[12.78644139,55.61602392],[12.7841352,55.61429414],[12.78371232,55.61763132],[12.789305,55.62053015],[12.78279888,55.62305888],[12.78230253,55.62817904],[12.77889645,55.62752166],[12.78276257,55.62920456],[12.78404352,55.6396011],[12.7803715,55.641202],[12.77652405,55.66708189],[12.76943888,55.67176502]]],[[[12.07756238,55.7440766],[12.07435643,55.74143545],[12.07584479,55.73882323],[12.06759043,55.73468857],[12.06982942,55.72918795],[12.07338824,55.72881678],[12.07048791,55.7270268],[12.09119162,55.72912461],[12.09761012,55.7245347],[12.09866722,55.72830105],[12.08662594,55.73215132],[12.08630095,55.73961642],[12.07756238,55.7440766]]],[[[12.77581136,55.58841959],[12.74389305,55.60677024],[12.72606908,55.61097043],[12.75758204,55.59236819],[12.77581136,55.58841959]]],[[[11.69894336,56.19988361],[11.69435362,56.19912221],[11.70083281,56.19407139],[11.71596189,56.19240773],[11.71499116,56.19820498],[11.69894336,56.19988361]]],[[[12.64013983,55.66252252],[12.63953181,55.66551469],[12.63693496,55.66277942],[12.64663732,55.65435416],[12.64285176,55.65089787],[12.65082098,55.64788911],[12.64805398,55.65193279],[12.65205374,55.65460797],[12.64013983,55.66252252]]],[[[12.58424778,55.67585963],[12.57598924,55.67577247],[12.58048626,55.67225968],[12.58741623,55.67526018],[12.58424778,55.67585963]]],[[[15.18803142,55.32355095],[15.18618951,55.31896644],[15.19077015,55.31756491],[15.19323786,55.32019783],[15.18803142,55.32355095]]],[[[12.60522895,55.6830091],[12.60073793,55.67956282],[12.60655992,55.67818599],[12.6079428,55.68290311],[12.60522895,55.6830091]]],[[[12.59380267,55.6747027],[12.59162577,55.67630922],[12.5839249,55.67256699],[12.5875951,55.67068952],[12.59380267,55.6747027]]],[[[12.00793758,55.87920128],[12.00898966,55.87395324],[12.01280205,55.87207797],[12.00793758,55.87920128]]],[[[15.17879671,55.32544353],[15.17422045,55.32450292],[15.17974991,55.32280382],[15.17879671,55.32544353]]],[[[12.60015706,55.69542402],[12.60128327,55.7039692],[12.60015706,55.69542402]]],[[[11.89542096,55.91781634],[11.89005496,55.91395578],[11.9005131,55.91671903],[11.89542096,55.91781634]]],[[[12.59673117,55.67838397],[12.59197338,55.67636728],[12.5941883,55.67480928],[12.59673117,55.67838397]]],[[[12.05607249,55.83536451],[12.05053198,55.83424021],[12.05607249,55.83536451]]],[[[12.6682125,55.72053428],[12.66356876,55.7206689],[12.6682125,55.72053428]]],[[[12.79654858,55.60646723],[12.7896712,55.60606387],[12.79899163,55.60622754],[12.79654858,55.60646723]]],[[[15.18440579,55.3227405],[15.18583778,55.31884979],[15.18440579,55.3227405]]],[[[12.6128464,55.70398362],[12.61275353,55.70781196],[12.61164201,55.70365716],[12.61608775,55.70168445],[12.6160459,55.69848627],[12.6128464,55.70398362]]],[[[12.73425231,55.70326389],[12.72895109,55.70381401],[12.73425231,55.70326389]]],[[[12.59991666,55.70775946],[12.60308847,55.70672678],[12.59991666,55.70775946]]],[[[12.06157102,55.80405452],[12.05699906,55.80718988],[12.06157102,55.80405452]]],[[[12.60136261,55.68406254],[12.60360197,55.68344195],[12.60136261,55.68406254]]],[[[12.5561124,55.64992158],[12.55295623,55.64926203],[12.5561124,55.64992158]]],[[[12.55494747,55.64630697],[12.55186248,55.64544508],[12.55494747,55.64630697]]],[[[12.60096765,55.68039583],[12.59847009,55.68054684],[12.60096765,55.68039583]]],[[[12.59984817,55.68266561],[12.60239996,55.6820526],[12.59984817,55.68266561]]],[[[12.00043919,55.96531185],[11.9961816,55.96322923],[12.00043919,55.96531185]]],[[[12.78587383,55.60591441],[12.78587383,55.60591441]]],[[[12.59691475,55.70399757],[12.5994346,55.70534761],[12.59691475,55.70399757]]],[[[11.85970449,55.80251706],[11.85755622,55.80244226],[11.85970449,55.80251706]]],[[[12.55422923,55.64858976],[12.5519576,55.64774403],[12.55422923,55.64858976]]],[[[11.86540517,55.80119587],[11.86540517,55.80119587]]],[[[12.78781085,55.60811967],[12.78781085,55.60811967]]],[[[12.73760072,55.63183434],[12.73760072,55.63183434]]],[[[12.04999616,55.81336044],[12.04720916,55.81427193],[12.04999616,55.81336044]]],[[[12.5480112,55.64712245],[12.5480112,55.64712245]]],[[[12.80427998,55.60981218],[12.80279775,55.60817469],[12.80427998,55.60981218]]],[[[12.07457507,55.79503757],[12.07457507,55.79503757]]],[[[12.56527253,55.66435461],[12.56290947,55.66328621],[12.56527253,55.66435461]]],[[[12.55180214,55.64561264],[12.55180214,55.64561264]]],[[[12.01980449,55.85411145],[12.01970238,55.85934367],[12.01980449,55.85411145]]],[[[12.7409875,55.62499699],[12.7409875,55.62499699]]],[[[12.54987667,55.64432236],[12.54987667,55.64432236]]],[[[11.86220456,55.80375323],[11.86220456,55.80375323]]],[[[12.55226901,55.64430609],[12.55010433,55.64423439],[12.55226901,55.64430609]]],[[[12.81710099,55.61315202],[12.81448988,55.61170559],[12.81710099,55.61315202]]],[[[11.68039108,56.20346178],[11.67576359,56.20514229],[11.68039108,56.20346178]]],[[[12.81405762,55.61707395],[12.81515262,55.62075547],[12.81405762,55.61707395]]],[[[12.55067244,55.64593724],[12.55067244,55.64593724]]],[[[11.68338161,56.20262038],[11.68151139,56.20338427],[11.68551272,56.20254462],[11.68338161,56.20262038]]],[[[12.79484083,55.6109191],[12.79484083,55.6109191]]],[[[12.06298472,55.79475891],[12.06110131,55.79407712],[12.06298472,55.79475891]]],[[[12.74053329,55.62682346],[12.74053329,55.62682346]]],[[[12.7922808,55.61316553],[12.7922808,55.61316553]]],[[[12.76127613,55.66984603],[12.75640784,55.66933553],[12.76127613,55.66984603]]],[[[11.85861516,55.8030103],[11.85861516,55.8030103]]],[[[12.77144318,55.60559885],[12.77144318,55.60559885]]],[[[12.55204654,55.645169],[12.55204654,55.645169]]],[[[11.99709361,55.72698729],[11.99797972,55.72890781],[11.99709361,55.72698729]]],[[[12.78969802,55.62037915],[12.78969802,55.62037915]]],[[[12.0617667,55.86223679],[12.05644383,55.86417131],[12.0617667,55.86223679]]],[[[12.73741147,55.6452444],[12.73741147,55.6452444]]],[[[11.99757668,55.723922],[11.99742364,55.7265817],[11.99757668,55.723922]]],[[[12.73812651,55.62551586],[12.73812651,55.62551586]]],[[[12.06014235,55.79918987],[12.06014235,55.79918987]]],[[[12.80737463,55.61076538],[12.80737463,55.61076538]]],[[[12.79991497,55.60714709],[12.79991497,55.60714709]]],[[[12.54735219,55.6508319],[12.54735219,55.6508319]]],[[[12.50709367,55.63413856],[12.50709367,55.63413856]]],[[[15.1748682,55.33065534],[15.1748682,55.33065534]]],[[[12.01710567,55.7181445],[12.02352519,55.71428743],[12.01710567,55.7181445]]],[[[12.77747463,55.60555128],[12.77747463,55.60555128]]],[[[11.85426984,55.80416989],[11.85426984,55.80416989]]],[[[12.79098381,55.62157324],[12.79098381,55.62157324]]],[[[12.79513718,55.61001605],[12.79513718,55.61001605]]],[[[12.73487378,55.64373704],[12.73487378,55.64373704]]],[[[12.74052256,55.62497953],[12.74052256,55.62497953]]],[[[15.15303493,55.07718741],[15.15303493,55.07718741]]],[[[12.79381493,55.61315516],[12.79381493,55.61315516]]],[[[12.74226809,55.62669045],[12.74226809,55.62669045]]],[[[12.73616114,55.6306006],[12.73616114,55.6306006]]],[[[12.73830387,55.62611106],[12.73830387,55.62611106]]],[[[12.79583263,55.61427402],[12.79583263,55.61427402]]],[[[12.78403713,55.60528296],[12.78403713,55.60528296]]],[[[11.86792431,55.80049652],[11.86792431,55.80049652]]],[[[15.09972038,55.14916039],[15.09972038,55.14916039]]],[[[12.79753405,55.60738586],[12.79753405,55.60738586]]],[[[12.72601949,55.63356984],[12.72373857,55.63368549],[12.72601949,55.63356984]]],[[[14.9715888,55.21366211],[14.9715888,55.21366211]]],[[[12.73390793,55.63276147],[12.73390793,55.63276147]]],[[[15.1818852,55.3214859],[15.1818852,55.3214859]]],[[[12.82258035,55.60083991],[12.82258035,55.60083991]]],[[[12.7380005,55.65586123],[12.7380005,55.65586123]]],[[[15.1230468,55.0245615],[15.1230468,55.0245615]]],[[[12.76092997,55.60982795],[12.76092997,55.60982795]]],[[[12.741991,55.62521219],[12.741991,55.62521219]]],[[[15.15618767,55.12360635],[15.15618767,55.12360635]]],[[[12.73600972,55.63114845],[12.73600972,55.63114845]]],[[[12.79395662,55.60967763],[12.79395662,55.60967763]]],[[[12.09677788,55.72193732],[12.09677788,55.72193732]]],[[[12.7889104,55.60659325],[12.7889104,55.60659325]]],[[[11.88663355,55.9417819],[11.88663355,55.9417819]]],[[[12.77272567,55.60551546],[12.77272567,55.60551546]]],[[[12.5894768,55.72738611],[12.5894768,55.72738611]]],[[[12.7408932,55.61934065],[12.7408932,55.61934065]]],[[[12.73574467,55.63039686],[12.73574467,55.63039686]]],[[[12.78497611,55.6051035],[12.78497611,55.6051035]]],[[[12.54502336,55.64078818],[12.54502336,55.64078818]]],[[[12.77695097,55.60650617],[12.77695097,55.60650617]]],[[[11.87458626,55.79944371],[11.87458626,55.79944371]]],[[[12.77456648,55.6705713],[12.77456648,55.6705713]]],[[[12.78944113,55.6161602],[12.78944113,55.6161602]]],[[[14.78106442,55.0508462],[14.78106442,55.0508462]]],[[[12.05348193,55.78347043],[12.05348193,55.78347043]]],[[[12.80157271,55.60862692],[12.80157271,55.60862692]]],[[[12.80175093,55.60848389],[12.80175093,55.60848389]]],[[[12.78709689,55.60954505],[12.78709689,55.60954505]]],[[[15.15117586,55.1200531],[15.15117586,55.1200531]]],[[[15.12264305,55.02542909],[15.12264305,55.02542909]]],[[[12.79415684,55.6097833],[12.79415684,55.6097833]]],[[[12.7406889,55.62532723],[12.7406889,55.62532723]]],[[[12.59044457,56.00807532],[12.59044457,56.00807532]]],[[[12.00626428,55.88001548],[12.00626428,55.88001548]]],[[[12.77332256,55.6715888],[12.77332256,55.6715888]]],[[[15.05621092,55.16440418],[15.05621092,55.16440418]]],[[[12.78232763,55.6063665],[12.78232763,55.6063665]]],[[[12.73789275,55.65545536],[12.73549154,55.65615912],[12.73789275,55.65545536]]],[[[12.73618304,55.63342302],[12.73618304,55.63342302]]],[[[12.77535593,55.60609357],[12.77535593,55.60609357]]],[[[12.79503115,55.60839067],[12.79503115,55.60839067]]],[[[12.73664534,55.64503064],[12.73664534,55.64503064]]],[[[15.19687122,55.31848525],[15.19687122,55.31848525]]],[[[12.73896934,55.6267748],[12.73896934,55.6267748]]],[[[15.1118641,55.1468905],[15.1118641,55.1468905]]],[[[12.78958665,55.60749974],[12.78958665,55.60749974]]],[[[12.7610014,55.60828569],[12.7610014,55.60828569]]],[[[12.75002478,55.66788579],[12.75002478,55.66788579]]],[[[12.06134505,55.79353533],[12.06134505,55.79353533]]],[[[12.04894198,55.79952396],[12.04894198,55.79952396]]],[[[12.06866979,55.72885518],[12.06866979,55.72885518]]],[[[12.76449749,55.60599867],[12.76449749,55.60599867]]],[[[12.79334837,55.60858363],[12.79334837,55.60858363]]],[[[12.73734794,55.64119804],[12.73734794,55.64119804]]],[[[12.6054909,55.76044188],[12.6054909,55.76044188]]],[[[12.73680608,55.640901],[12.73680608,55.640901]]],[[[15.1903125,55.32343397],[15.1903125,55.32343397]]],[[[12.78455826,55.60472056],[12.78455826,55.60472056]]],[[[12.73749576,55.65207409],[12.73749576,55.65207409]]],[[[12.01204214,55.89021025],[12.01204214,55.89021025]]],[[[12.78117921,55.64166195],[12.78117921,55.64166195]]],[[[12.60587312,55.56102396],[12.60587312,55.56102396]]],[[[12.78307217,55.63024722],[12.78307217,55.63024722]]],[[[14.76157374,55.29280989],[14.76157374,55.29280989]]],[[[12.73355535,55.63702338],[12.73355535,55.63702338]]],[[[12.06765463,55.79304685],[12.06765463,55.79304685]]],[[[12.74225233,55.62551086],[12.74225233,55.62551086]]],[[[12.74022943,55.62463876],[12.74022943,55.62463876]]],[[[12.74457144,55.66457701],[12.74457144,55.66457701]]],[[[12.78938206,55.62105483],[12.78938206,55.62105483]]],[[[12.79782742,55.61076718],[12.79782742,55.61076718]]],[[[12.7615273,55.60841234],[12.7615273,55.60841234]]],[[[15.1818899,55.32086795],[15.1818899,55.32086795]]],[[[12.78690555,55.61622836],[12.78690555,55.61622836]]],[[[12.64845642,55.64807696],[12.64845642,55.64807696]]],[[[14.96113661,55.21449586],[14.96113661,55.21449586]]],[[[12.78378671,55.60597261],[12.78378671,55.60597261]]],[[[15.12879154,55.05513238],[15.12879154,55.05513238]]],[[[15.0726515,55.15691437],[15.0726515,55.15691437]]],[[[12.74198369,55.62137561],[12.74198369,55.62137561]]],[[[15.07723558,55.15575077],[15.07723558,55.15575077]]],[[[12.07374606,55.740301],[12.07374606,55.740301]]],[[[12.79977095,55.60928579],[12.79977095,55.60928579]]],[[[15.11496138,55.14665004],[15.11496138,55.14665004]]],[[[12.74108415,55.65800248],[12.74108415,55.65800248]]],[[[12.78232654,55.63010568],[12.78232654,55.63010568]]],[[[15.00747788,55.18629762],[15.00747788,55.18629762]]],[[[12.74144935,55.61979703],[12.74144935,55.61979703]]],[[[12.74014943,55.62373648],[12.74014943,55.62373648]]],[[[12.7905838,55.62371427],[12.7905838,55.62371427]]],[[[12.7611546,55.61012131],[12.7611546,55.61012131]]],[[[15.11293021,55.14659679],[15.11293021,55.14659679]]],[[[15.14970103,55.13443349],[15.14970103,55.13443349]]],[[[12.76542867,55.60557635],[12.76542867,55.60557635]]],[[[12.58780778,55.71860992],[12.58780778,55.71860992]]],[[[12.76192681,55.67008865],[12.76192681,55.67008865]]],[[[12.05195233,55.79848452],[12.05195233,55.79848452]]],[[[12.75989877,55.61393871],[12.75989877,55.61393871]]],[[[12.75071812,55.66683899],[12.75071812,55.66683899]]],[[[15.14585555,55.11005941],[15.14585555,55.11005941]]],[[[12.81318178,55.61708072],[12.81318178,55.61708072]]],[[[12.74802588,55.61672496],[12.74802588,55.61672496]]],[[[12.784059,55.60454093],[12.784059,55.60454093]]],[[[15.1919146,55.32246886],[15.1919146,55.32246886]]],[[[12.75309807,55.66832805],[12.75309807,55.66832805]]],[[[12.0688271,55.72827166],[12.0688271,55.72827166]]],[[[12.79169565,55.6123485],[12.79169565,55.6123485]]],[[[12.79487353,55.61400734],[12.79487353,55.61400734]]],[[[12.75578642,55.61504964],[12.75578642,55.61504964]]],[[[12.79562509,55.60951362],[12.79562509,55.60951362]]],[[[12.78257646,55.63692964],[12.78257646,55.63692964]]],[[[12.79024898,55.60693105],[12.79024898,55.60693105]]],[[[12.68679323,55.63585774],[12.68679323,55.63585774]]],[[[12.73476923,55.63037552],[12.73476923,55.63037552]]],[[[15.00652502,55.18623893],[15.00652502,55.18623893]]],[[[12.59185154,55.74966493],[12.59185154,55.74966493]]],[[[12.81087927,55.61281716],[12.81087927,55.61281716]]],[[[11.99914666,55.86282626],[11.99914666,55.86282626]]],[[[15.13178585,55.1449924],[15.13178585,55.1449924]]],[[[12.80037305,55.60846379],[12.80037305,55.60846379]]],[[[14.77816709,55.29216271],[14.77816709,55.29216271]]],[[[14.80577894,55.27767853],[14.80577894,55.27767853]]],[[[14.84889979,55.2468518],[14.84889979,55.2468518]]],[[[12.73671777,55.64033987],[12.73671777,55.64033987]]],[[[15.15652292,55.08120441],[15.15652292,55.08120441]]],[[[12.75160512,55.66791216],[12.75160512,55.66791216]]],[[[15.15689589,55.08415575],[15.15689589,55.08415575]]],[[[12.78808696,55.61540902],[12.78808696,55.61540902]]],[[[15.09633973,55.15013563],[15.09633973,55.15013563]]],[[[12.79614482,55.61013851],[12.79614482,55.61013851]]],[[[14.85801973,55.24188003],[14.85801973,55.24188003]]],[[[12.55174323,55.64291646],[12.55174323,55.64291646]]],[[[12.74272053,55.62711636],[12.74272053,55.62711636]]],[[[12.74370842,55.6221254],[12.74370842,55.6221254]]],[[[14.86913325,55.23983335],[14.86913325,55.23983335]]],[[[12.0044919,55.96165676],[12.0044919,55.96165676]]],[[[12.78937332,55.61973543],[12.78937332,55.61973543]]],[[[15.17596618,55.33007089],[15.17596618,55.33007089]]],[[[15.14938322,55.10725761],[15.14938322,55.10725761]]],[[[12.55279099,55.6445956],[12.55279099,55.6445956]]],[[[12.71149839,55.53632719],[12.71149839,55.53632719]]],[[[15.14668802,55.11574803],[15.14668802,55.11574803]]],[[[14.7771473,55.29750799],[14.7771473,55.29750799]]],[[[15.12432499,55.04973481],[15.12432499,55.04973481]]],[[[12.58967339,55.72626879],[12.58967339,55.72626879]]],[[[12.73560189,55.64117979],[12.73560189,55.64117979]]],[[[15.10043919,55.14940467],[15.10043919,55.14940467]]],[[[11.84893384,55.97121734],[11.84893384,55.97121734]]],[[[14.80628704,55.27456991],[14.80628704,55.27456991]]],[[[12.7391415,55.62428458],[12.7391415,55.62428458]]],[[[12.74041139,55.6270752],[12.74041139,55.6270752]]],[[[12.790638,55.62103539],[12.790638,55.62103539]]],[[[15.12476546,55.04854275],[15.12476546,55.04854275]]],[[[14.80741019,55.27384357],[14.80741019,55.27384357]]],[[[12.79815277,55.61025809],[12.79815277,55.61025809]]],[[[15.14584969,55.11528668],[15.14584969,55.11528668]]],[[[12.73505779,55.64303002],[12.73505779,55.64303002]]],[[[12.73637886,55.62692496],[12.73637886,55.62692496]]],[[[12.8110289,55.61429064],[12.8110289,55.61429064]]],[[[12.7442918,55.61727214],[12.7442918,55.61727214]]],[[[12.74813475,55.61747205],[12.74813475,55.61747205]]],[[[12.79378152,55.61181045],[12.79378152,55.61181045]]],[[[15.14862928,55.10831707],[15.14862928,55.10831707]]],[[[15.15699095,55.08364938],[15.15699095,55.08364938]]],[[[12.78518786,55.61746326],[12.78518786,55.61746326]]],[[[12.80677145,55.61162918],[12.80677145,55.61162918]]],[[[11.94754522,55.82838668],[11.94754522,55.82838668]]],[[[12.79447245,55.60983359],[12.79447245,55.60983359]]],[[[15.15197885,55.0758923],[15.15197885,55.0758923]]],[[[14.69704178,55.09581966],[14.69704178,55.09581966]]],[[[12.8020389,55.61071188],[12.8020389,55.61071188]]],[[[12.74026747,55.62439103],[12.74026747,55.62439103]]],[[[14.80481055,55.2777511],[14.80481055,55.2777511]]],[[[15.19694257,55.31873114],[15.19694257,55.31873114]]],[[[11.99853612,55.86341442],[11.99853612,55.86341442]]],[[[12.7792757,55.60631854],[12.7792757,55.60631854]]],[[[14.79683452,55.28249279],[14.79683452,55.28249279]]],[[[12.77384874,55.66941763],[12.77384874,55.66941763]]],[[[11.84961483,55.97179335],[11.84961483,55.97179335]]],[[[12.02083602,55.90891371],[12.02083602,55.90891371]]],[[[15.09606488,55.15013754],[15.09606488,55.15013754]]],[[[12.77353795,55.60519234],[12.77353795,55.60519234]]],[[[14.79306089,55.28554752],[14.79306089,55.28554752]]],[[[15.12410322,55.14387513],[15.12410322,55.14387513]]],[[[12.74372966,55.61794523],[12.74372966,55.61794523]]],[[[14.85658118,55.2422454],[14.85658118,55.2422454]]],[[[12.81218848,55.6166816],[12.81218848,55.6166816]]],[[[14.80580059,55.27479621],[14.80580059,55.27479621]]],[[[12.74142616,55.62312449],[12.74142616,55.62312449]]],[[[11.86504723,55.80386102],[11.86504723,55.80386102]]],[[[15.11259911,55.14640511],[15.11259911,55.14640511]]],[[[12.73614153,55.63276217],[12.73614153,55.63276217]]],[[[12.79700693,55.61087158],[12.79700693,55.61087158]]],[[[12.74246269,55.62693099],[12.74246269,55.62693099]]],[[[12.53251157,56.08206067],[12.53251157,56.08206067]]],[[[12.73371551,55.63072057],[12.73371551,55.63072057]]],[[[15.14895673,55.10845544],[15.14895673,55.10845544]]],[[[11.87395258,55.98310751],[11.87395258,55.98310751]]],[[[15.14836904,55.11823605],[15.14836904,55.11823605]]],[[[12.78293761,55.62939115],[12.78293761,55.62939115]]],[[[15.0194608,55.17950137],[15.0194608,55.17950137]]],[[[12.53411587,56.08166988],[12.53411587,56.08166988]]],[[[12.73709269,55.62792959],[12.73709269,55.62792959]]],[[[15.1457198,55.13585299],[15.1457198,55.13585299]]],[[[15.14972898,55.13362664],[15.14972898,55.13362664]]],[[[14.87506047,55.23824278],[14.87506047,55.23824278]]],[[[12.78126871,55.64083439],[12.78126871,55.64083439]]],[[[12.54030889,56.079807],[12.54030889,56.079807]]],[[[12.74303642,55.62475734],[12.74303642,55.62475734]]],[[[12.53327455,56.08186069],[12.53327455,56.08186069]]],[[[15.19739964,55.31874082],[15.19739964,55.31874082]]],[[[12.74139013,55.66682999],[12.74139013,55.66682999]]],[[[12.53153433,56.08230193],[12.53153433,56.08230193]]],[[[12.53515711,56.08144124],[12.53515711,56.08144124]]],[[[15.12664222,55.14374237],[15.12664222,55.14374237]]],[[[15.15143693,55.0755243],[15.15143693,55.0755243]]],[[[15.13109985,55.14461177],[15.13109985,55.14461177]]],[[[12.74307834,55.62459708],[12.74307834,55.62459708]]],[[[15.15712065,55.08387259],[15.15712065,55.08387259]]],[[[12.53602836,56.08117727],[12.53602836,56.08117727]]],[[[14.98864507,55.19784491],[14.98864507,55.19784491]]],[[[15.11224564,55.14636374],[15.11224564,55.14636374]]],[[[15.15731268,55.08327549],[15.15731268,55.08327549]]],[[[15.117348,55.14397573],[15.117348,55.14397573]]],[[[15.19167046,55.31860525],[15.19167046,55.31860525]]],[[[12.53694511,56.08093978],[12.53694511,56.08093978]]],[[[12.78157637,55.62850594],[12.78157637,55.62850594]]],[[[14.76923571,55.29777355],[14.76923571,55.29777355]]],[[[12.54112426,56.07945361],[12.54112426,56.07945361]]],[[[12.54188672,56.0791002],[12.54188672,56.0791002]]],[[[14.86680069,55.24036703],[14.86680069,55.24036703]]],[[[12.74529414,55.62319955],[12.74529414,55.62319955]]],[[[15.15005268,55.13373424],[15.15005268,55.13373424]]],[[[12.79230066,55.60915581],[12.79230066,55.60915581]]],[[[12.53781225,56.08067861],[12.53781225,56.08067861]]],[[[12.06775983,55.79342459],[12.06775983,55.79342459]]],[[[12.53957903,56.08011999],[12.53957903,56.08011999]]],[[[12.5386848,56.08041693],[12.5386848,56.08041693]]],[[[15.11733796,55.14431786],[15.11733796,55.14431786]]],[[[12.78163634,55.62830374],[12.78163634,55.62830374]]],[[[15.17388276,55.32983765],[15.17388276,55.32983765]]],[[[15.11211596,55.14638638],[15.11211596,55.14638638]]],[[[11.87814815,55.98384502],[11.87814815,55.98384502]]],[[[15.12677533,55.14382084],[15.12677533,55.14382084]]],[[[15.15033419,55.13299198],[15.15033419,55.13299198]]],[[[14.9620649,55.21432501],[14.9620649,55.21432501]]],[[[12.76134598,55.67027337],[12.76134598,55.67027337]]],[[[14.75275662,55.27182855],[14.75275662,55.27182855]]],[[[14.87026526,55.23918616],[14.87026526,55.23918616]]],[[[15.19309711,55.31951434],[15.19309711,55.31951434]]],[[[14.88057187,55.23376611],[14.88057187,55.23376611]]],[[[15.07799698,55.15512139],[15.07799698,55.15512139]]],[[[15.0053143,55.18758464],[15.0053143,55.18758464]]],[[[15.18374153,55.3225078],[15.18374153,55.3225078]]],[[[14.7842362,55.28898584],[14.7842362,55.28898584]]],[[[12.52165921,56.08522083],[12.52165921,56.08522083]]],[[[14.85351984,55.24306625],[14.85351984,55.24306625]]],[[[15.14517232,55.10958346],[15.14517232,55.10958346]]],[[[12.74055152,55.62858273],[12.74055152,55.62858273]]],[[[12.53067323,56.08253338],[12.53067323,56.08253338]]],[[[14.76574408,55.29609264],[14.76574408,55.29609264]]],[[[14.87578947,55.23689902],[14.87578947,55.23689902]]],[[[12.78280826,55.62837646],[12.78280826,55.62837646]]],[[[14.85319258,55.24316041],[14.85319258,55.24316041]]],[[[14.8083404,55.27249663],[14.8083404,55.27249663]]],[[[15.12812851,55.05556404],[15.12812851,55.05556404]]],[[[14.81611571,55.26554019],[14.81611571,55.26554019]]],[[[14.87209445,55.23874703],[14.87209445,55.23874703]]],[[[14.85669461,55.24214703],[14.85669461,55.24214703]]],[[[14.85396514,55.24322235],[14.85396514,55.24322235]]],[[[14.79785141,55.2813909],[14.79785141,55.2813909]]],[[[15.14796858,55.12018028],[15.14796858,55.12018028]]],[[[14.79643506,55.28414699],[14.79643506,55.28414699]]],[[[12.80847751,55.61225149],[12.80847751,55.61225149]]],[[[14.85773297,55.24170812],[14.85773297,55.24170812]]],[[[15.15337917,55.07706559],[15.15337917,55.07706559]]],[[[15.18238912,55.32128579],[15.18238912,55.32128579]]],[[[12.52075057,56.08553872],[12.52075057,56.08553872]]],[[[14.76589514,55.29618316],[14.76589514,55.29618316]]],[[[15.12800118,55.05564098],[15.12800118,55.05564098]]],[[[11.85762535,55.80340503],[11.85762535,55.80340503]]],[[[15.15326529,55.07838914],[15.15326529,55.07838914]]],[[[12.81417736,55.61778254],[12.81417736,55.61778254]]],[[[15.15350665,55.07838492],[15.15350665,55.07838492]]],[[[12.46655497,55.59977421],[12.46655497,55.59977421]]],[[[15.15066288,55.09592145],[15.15066288,55.09592145]]],[[[15.19076623,55.32357739],[15.19076623,55.32357739]]],[[[11.85548033,55.80378911],[11.85548033,55.80378911]]],[[[15.153231,55.07744237],[15.153231,55.07744237]]],[[[14.77090639,55.29846998],[14.77090639,55.29846998]]],[[[15.14957796,55.0976154],[15.14957796,55.0976154]]],[[[15.00159669,55.18897457],[15.00159669,55.18897457]]],[[[12.60666048,55.68955609],[12.60666048,55.68955609]]],[[[12.59198201,55.7491145],[12.59198201,55.7491145]]],[[[14.78422603,55.28926206],[14.78422603,55.28926206]]],[[[12.81420399,55.61807451],[12.81420399,55.61807451]]],[[[12.58701386,55.67414906],[12.58701386,55.67414906]]],[[[12.60506201,55.68928855],[12.60506201,55.68928855]]],[[[12.68078376,55.5934536],[12.68078376,55.5934536]]],[[[12.60417293,55.56121448],[12.60417293,55.56121448]]],[[[15.14905807,55.10572588],[15.14905807,55.10572588]]],[[[15.14988733,55.09800995],[15.14988733,55.09800995]]],[[[11.87747338,55.80854039],[11.87747338,55.80854039]]],[[[15.1489263,55.10511243],[15.1489263,55.10511243]]],[[[12.0652434,55.81742805],[12.0652434,55.81742805]]],[[[12.60206167,55.68899681],[12.60206167,55.68899681]]],[[[15.14627018,55.10289055],[15.14627018,55.10289055]]],[[[12.60168942,55.6870467],[12.60168942,55.6870467]]]]}},{"type":"Feature","properties":{"code":"SJA","name":"Sjælland","sourceCode":"1085"},"geometry":{"type":"MultiPolygon","coordinates":[[[[11.27753095,56.01062469],[11.29025014,55.98165289],[11.29776634,55.97186155],[11.29808806,55.97534583],[11.30267045,55.97421825],[11.30011474,55.97172309],[11.3092836,55.97535519],[11.3351251,55.96958912],[11.37765569,55.95306542],[11.46390632,55.94885984],[11.51675828,55.93187764],[11.52591233,55.9189109],[11.52311875,55.89598164],[11.52789349,55.88538401],[11.53016528,55.88555699],[11.52710852,55.88672852],[11.52650559,55.89267519],[11.5294711,55.89491816],[11.525655,55.89813688],[11.52808296,55.90232845],[11.53125503,55.89498233],[11.52822836,55.89250408],[11.53112967,55.8863853],[11.52631218,55.88078532],[11.52625433,55.87512079],[11.52381665,55.87532829],[11.5280649,55.88382217],[11.52564398,55.88421956],[11.51716197,55.86751973],[11.50730334,55.85665408],[11.48919895,55.84629623],[11.45003563,55.84800851],[11.39284662,55.83061152],[11.37677413,55.83598089],[11.3678329,55.84375436],[11.35758172,55.84377054],[11.35419635,55.84074721],[11.36579109,55.84096333],[11.3755523,55.82719523],[11.37794888,55.80900866],[11.37597879,55.79794432],[11.38266658,55.788686],[11.37713351,55.77889446],[11.38011195,55.77881568],[11.38295968,55.78399085],[11.38021265,55.77731056],[11.37059879,55.76813872],[11.34758299,55.7568471],[11.32721251,55.7530941],[11.30963757,55.75397632],[11.30367972,55.74277126],[11.29577126,55.75254706],[11.30410102,55.75200102],[11.28550534,55.75506448],[11.29313654,55.75166692],[11.29106694,55.74505563],[11.2829763,55.73759151],[11.2672637,55.73063205],[11.25239232,55.73051303],[11.22270683,55.7476569],[11.21648345,55.74631783],[11.21503324,55.74246253],[11.2190368,55.73949673],[11.2127304,55.73243233],[11.19671167,55.73187308],[11.1867928,55.73752992],[11.18571257,55.74402345],[11.17635421,55.75470522],[11.1558585,55.7507742],[11.14624141,55.75332288],[11.12828963,55.75222666],[11.08415209,55.73582798],[11.04593786,55.73172746],[11.01756693,55.73666334],[10.98630239,55.74652699],[10.9468788,55.74979999],[10.94486059,55.75212558],[10.94178965,55.7492615],[10.91979449,55.74913122],[10.89793001,55.74369403],[10.86834241,55.74330712],[10.88529578,55.73504616],[10.91805986,55.727307],[10.96715163,55.72969823],[10.98453997,55.727166],[10.99470167,55.72398396],[11.02377567,55.69838215],[11.06112405,55.68272464],[11.07694144,55.66980816],[11.07974754,55.67067036],[11.07467038,55.67197052],[11.07093965,55.6802381],[11.09502465,55.67495273],[11.10180477,55.67623671],[11.10299969,55.67397481],[11.09094493,55.67289243],[11.08955049,55.67038069],[11.10357253,55.66905568],[11.10194054,55.66663398],[11.09208489,55.66666517],[11.09717183,55.66549973],[11.08722856,55.66135324],[11.08441532,55.6654969],[11.07143508,55.6639405],[11.08166769,55.66113711],[11.07122729,55.66374529],[11.06679464,55.66128285],[11.05893399,55.6648603],[11.057116,55.66176735],[10.99891056,55.66924455],[10.9644537,55.66825292],[10.94094058,55.67379055],[10.93178484,55.66852979],[10.93335336,55.66348407],[10.94347824,55.65884592],[11.00894657,55.65479376],[11.0393744,55.64936254],[11.11078533,55.62383696],[11.12674617,55.61548552],[11.14929363,55.58757832],[11.15831022,55.5587625],[11.15132347,55.54532401],[11.14042727,55.53591934],[11.15670816,55.53811863],[11.14458127,55.53202296],[11.13924422,55.53410774],[11.14370822,55.53815271],[11.13282476,55.53520854],[11.1173672,55.53702157],[11.10463452,55.53364283],[11.09635737,55.53611433],[11.08960104,55.53444166],[11.08041944,55.51509441],[11.0946777,55.51079054],[11.11261955,55.51220778],[11.12115335,55.51738223],[11.11785076,55.51683873],[11.12464003,55.52379349],[11.11783641,55.52221201],[11.11475589,55.52581077],[11.12306061,55.53262251],[11.1271266,55.52616078],[11.13604235,55.52335453],[11.15060265,55.50901588],[11.17246233,55.49853187],[11.17301656,55.49379875],[11.17563747,55.49351689],[11.17193284,55.49372612],[11.17822575,55.48882477],[11.17769794,55.47599809],[11.20319943,55.44957231],[11.20388694,55.43954876],[11.19499236,55.41828962],[11.21329498,55.40332739],[11.21438521,55.39487275],[11.20204275,55.38269693],[11.17713842,55.37958655],[11.14947462,55.36736817],[11.12099126,55.3647754],[11.11327505,55.37023467],[11.093959,55.35198382],[11.09243639,55.34690849],[11.10096916,55.34806154],[11.10438368,55.34482802],[11.10945617,55.34848982],[11.11241948,55.34389443],[11.10581182,55.34404617],[11.11308825,55.34377699],[11.12231023,55.33860546],[11.12145795,55.33426724],[11.1240412,55.33748485],[11.13461176,55.33655907],[11.14138854,55.33139749],[11.16330215,55.33772965],[11.1573354,55.34197161],[11.16139515,55.34579281],[11.15656196,55.35017384],[11.16499484,55.35437209],[11.1806968,55.35402967],[11.19263912,55.34714568],[11.20583833,55.34435738],[11.2054603,55.33640178],[11.19008724,55.3314598],[11.19038417,55.32801746],[11.18368749,55.32544189],[11.17018931,55.32850532],[11.15472483,55.32767311],[11.15429501,55.3298481],[11.13939686,55.33120409],[11.13698815,55.33494622],[11.13073152,55.33177997],[11.12727185,55.33380804],[11.12924273,55.32991196],[11.12527376,55.33214389],[11.12683697,55.32819616],[11.13239448,55.3288219],[11.12884252,55.32676491],[11.15307992,55.31954275],[11.17392582,55.30615876],[11.23379163,55.28721506],[11.23717496,55.28167017],[11.23703577,55.27338397],[11.24511739,55.26163644],[11.23859667,55.24980493],[11.24643427,55.24577974],[11.25779707,55.24709399],[11.26622468,55.23889355],[11.27376368,55.24707116],[11.29193238,55.25461013],[11.28380603,55.25721871],[11.28690801,55.27284992],[11.29135499,55.27759327],[11.30049193,55.27954538],[11.30585461,55.27538378],[11.30587199,55.26637538],[11.29859139,55.25602361],[11.28823805,55.25209517],[11.2888151,55.24750269],[11.28214467,55.24288817],[11.27919051,55.2348039],[11.24665891,55.24067599],[11.24813291,55.24392802],[11.23809253,55.24744527],[11.23420277,55.24472457],[11.23531222,55.23920799],[11.25133361,55.22260993],[11.23759107,55.22044151],[11.24319957,55.21219185],[11.2503781,55.20885545],[11.243419,55.20839187],[11.25309283,55.20567506],[11.24509109,55.20434296],[11.25188948,55.20502045],[11.25946303,55.2011963],[11.25474567,55.20105469],[11.25972122,55.19752868],[11.25689524,55.19967401],[11.27842695,55.20081842],[11.29529148,55.1927362],[11.30994149,55.19476887],[11.34307419,55.19253912],[11.37029104,55.18676136],[11.35755463,55.18901087],[11.35312569,55.19335972],[11.32621584,55.19621116],[11.31820081,55.19434289],[11.31215275,55.19936304],[11.31248963,55.20295914],[11.31740942,55.20741175],[11.31604838,55.20910339],[11.32353232,55.21049736],[11.33047137,55.20947461],[11.33172979,55.20498443],[11.33895547,55.20027419],[11.34163563,55.2058718],[11.35158717,55.20982886],[11.36197225,55.20013276],[11.36899982,55.19794463],[11.37908068,55.19898465],[11.39720335,55.2089069],[11.41348172,55.20649892],[11.41660401,55.20273284],[11.41368163,55.20186838],[11.41592075,55.20170214],[11.41632917,55.19214917],[11.42203013,55.18956732],[11.40458549,55.19425529],[11.40447247,55.19101406],[11.39612363,55.19637716],[11.38426273,55.18889799],[11.40184468,55.19072815],[11.43744757,55.18592753],[11.45847858,55.18757724],[11.46992905,55.19163425],[11.45616876,55.18778443],[11.45842275,55.19105468],[11.45438472,55.19282068],[11.45474196,55.19678268],[11.44822049,55.19778071],[11.44867964,55.20347293],[11.43633089,55.20647273],[11.42959663,55.20337918],[11.43199421,55.20537277],[11.42744429,55.20654948],[11.41688831,55.20291417],[11.41404776,55.20616438],[11.42022092,55.20744859],[11.42937321,55.2186738],[11.43351974,55.21944129],[11.44553118,55.21377626],[11.45603272,55.21687872],[11.46794392,55.2100101],[11.46753401,55.20443334],[11.47725839,55.20696764],[11.48836081,55.20496613],[11.49200683,55.19748924],[11.50464613,55.19983796],[11.5513866,55.19024176],[11.58041265,55.18816064],[11.59632058,55.19021526],[11.61904932,55.18236569],[11.63094562,55.18155473],[11.63811068,55.1771721],[11.63698229,55.17527556],[11.65581837,55.18105292],[11.65460425,55.18889422],[11.66037626,55.19026405],[11.67244884,55.20083917],[11.69271052,55.20865867],[11.71390646,55.20908926],[11.73592447,55.19696923],[11.74570432,55.19736549],[11.73324281,55.1923979],[11.72368195,55.18368095],[11.72738654,55.18159861],[11.73868923,55.18456814],[11.74292422,55.18017391],[11.71453715,55.16889093],[11.71316632,55.15889573],[11.71621589,55.15634671],[11.73320896,55.15211015],[11.74142429,55.15615812],[11.75417912,55.15359008],[11.77197647,55.156798],[11.77460994,55.15432167],[11.77087164,55.14963692],[11.78055358,55.14647716],[11.7860018,55.14813447],[11.78694775,55.15284052],[11.79502098,55.15376635],[11.81119954,55.1491394],[11.81822436,55.13464238],[11.81665002,55.13096584],[11.80765427,55.1287719],[11.77837498,55.13247641],[11.76839942,55.12900506],[11.76506809,55.12130227],[11.75944996,55.11857975],[11.748972,55.1211736],[11.72811468,55.12000247],[11.73137086,55.12550566],[11.72432335,55.12870098],[11.71950395,55.12445577],[11.72005402,55.11287071],[11.74240478,55.09373417],[11.75609517,55.09143525],[11.7628219,55.09376549],[11.75637269,55.08739934],[11.74825748,55.08770232],[11.7607587,55.07668943],[11.77787861,55.07503211],[11.78001905,55.07766952],[11.7718836,55.07835852],[11.76731828,55.08362981],[11.77455631,55.08657222],[11.78063147,55.08114444],[11.80808225,55.07283606],[11.81193438,55.06535855],[11.83071281,55.05286354],[11.83232789,55.04467955],[11.82720259,55.04151064],[11.81604455,55.04311861],[11.8042242,55.04896155],[11.74704329,55.06437585],[11.66975105,55.07417598],[11.63578516,55.08249301],[11.61625114,55.08127987],[11.64451231,55.07866265],[11.65831578,55.07376609],[11.6731982,55.07390119],[11.72970382,55.05497333],[11.76660316,55.04957541],[11.80939198,55.03770623],[11.82906838,55.0240345],[11.8493694,55.01746825],[11.86375577,55.00745284],[11.88417167,55.00214021],[11.89824319,54.9941092],[11.91868853,54.99519074],[11.9175843,55.00071165],[11.90780295,55.00323513],[11.91120206,55.00489315],[11.95124296,54.99775066],[11.96131088,54.98614259],[11.99774382,54.96896632],[12.02533756,54.96270891],[12.05198034,54.96256731],[12.07689706,54.9693373],[12.09453182,54.9816993],[12.10376076,54.98430805],[12.10860207,54.99031076],[12.12110261,54.99494299],[12.14069489,54.99307599],[12.1562978,54.99598062],[12.16150682,54.99188744],[12.15873014,54.99555851],[12.1646537,54.99604018],[12.16922415,54.99328472],[12.17089668,55.00420596],[12.13902274,55.03831957],[12.14393903,55.04593023],[12.12754202,55.04768786],[12.12876487,55.05083067],[12.12646527,55.05087469],[12.12979201,55.05079822],[12.13064431,55.05597504],[12.12337839,55.06032965],[12.12200252,55.06826493],[12.11488062,55.06871999],[12.1166174,55.07098843],[12.12263761,55.0695828],[12.12597099,55.07375611],[12.1159472,55.07537103],[12.11981589,55.07784248],[12.1165356,55.08362991],[12.102597,55.08485893],[12.0991939,55.08987837],[12.1070525,55.08998853],[12.1118585,55.08459142],[12.11886044,55.08510518],[12.12307792,55.07891899],[12.1354254,55.08270706],[12.15361925,55.07587775],[12.17111319,55.08822415],[12.16981263,55.09799424],[12.17413818,55.10435721],[12.18063281,55.10526911],[12.18357398,55.11169365],[12.16511168,55.12452954],[12.1295654,55.13161645],[12.12223273,55.1306295],[12.12661784,55.13015869],[12.12599855,55.12641308],[12.11387361,55.12413128],[12.1045838,55.1269059],[12.09913495,55.1227286],[12.08439034,55.12303452],[12.09029502,55.12763371],[12.08076414,55.13054449],[12.06606657,55.12992658],[12.05731006,55.12050814],[12.04878451,55.1216307],[12.05165957,55.12469093],[12.04954891,55.12615129],[12.03538181,55.12284414],[12.03365897,55.12698041],[12.04037996,55.13370902],[12.03569314,55.14087529],[12.01094382,55.14607333],[12.02218443,55.16139179],[12.04300297,55.1711778],[12.09166844,55.17721189],[12.09575568,55.17317574],[12.08411204,55.16352168],[12.0843198,55.15224647],[12.07767393,55.13784956],[12.08577217,55.1335701],[12.09856417,55.13429556],[12.10935702,55.14284501],[12.10756759,55.13896359],[12.11200069,55.14081838],[12.10617093,55.162627],[12.11115384,55.17995624],[12.13647948,55.19221505],[12.15767692,55.21295055],[12.16503636,55.21347858],[12.16030204,55.21415328],[12.16780813,55.21131062],[12.1902471,55.22361058],[12.20438519,55.22461691],[12.23230149,55.23492309],[12.25926939,55.24055999],[12.27561325,55.24197831],[12.30180818,55.23684892],[12.3408997,55.23838514],[12.35410176,55.23599857],[12.36821603,55.25345962],[12.39550036,55.25363487],[12.41385635,55.26029072],[12.43287213,55.27361424],[12.44480336,55.27678946],[12.45336958,55.2858088],[12.45489661,55.29358577],[12.44735795,55.30028277],[12.44490672,55.31453101],[12.45492873,55.33039264],[12.44706383,55.33486943],[12.44479343,55.34768837],[12.42523876,55.35994579],[12.41642236,55.37017493],[12.40296752,55.37422713],[12.36445166,55.39742715],[12.30294161,55.40071128],[12.2267706,55.42319655],[12.21425821,55.42885708],[12.19989998,55.44377583],[12.19786721,55.45186208],[12.21123916,55.45704932],[12.19976008,55.45293667],[12.18561197,55.45260239],[12.1882212,55.45497221],[12.1987664,55.45395399],[12.19475657,55.45636549],[12.20230934,55.4578901],[12.20277041,55.46663628],[12.20568633,55.46582813],[12.20568957,55.45836948],[12.2117927,55.4582622],[12.20119035,55.4716097],[12.20222887,55.46923467],[12.19358088,55.46835062],[12.19878343,55.46988919],[12.19753742,55.47272022],[12.20065375,55.47191747],[12.19845673,55.4771768],[12.21721461,55.50867275],[12.21334781,55.50690338],[12.20349417,55.49010114],[12.19925785,55.49235988],[12.20384728,55.49756795],[12.20160148,55.49812033],[12.20262559,55.50268266],[12.20623678,55.50459256],[12.20406656,55.50705541],[12.20913117,55.50848681],[12.21498886,55.51582827],[12.21784452,55.51517052],[12.21762777,55.51916353],[12.22299592,55.52426173],[12.2132125,55.50790383],[12.21730875,55.510441],[12.22845014,55.52991675],[12.24452767,55.54642797],[12.2639657,55.5587771],[12.28751454,55.56570864],[12.28503993,55.56618162],[12.28785159,55.56666575],[12.28670943,55.56932392],[12.30063345,55.57645696],[12.34454171,55.58951659],[12.35504122,55.58857517],[12.35597093,55.59165137],[12.3632346,55.59403791],[12.3574931,55.59903938],[12.36042345,55.60078054],[12.33705352,55.60787592],[12.30084309,55.61282683],[12.29381684,55.61747099],[12.28805975,55.61598072],[12.2765191,55.62205036],[12.2431805,55.61346436],[12.23503202,55.6210551],[12.23126548,55.62108452],[12.23033545,55.61692576],[12.21522948,55.61766881],[12.21536886,55.61249158],[12.21153385,55.61160012],[12.2095142,55.60455323],[12.15959351,55.61282046],[12.16686626,55.63418308],[12.15706706,55.63386433],[12.1574032,55.65294325],[12.16386433,55.6530349],[12.16285454,55.6574713],[12.15729764,55.65866207],[12.1585319,55.66574188],[12.1514493,55.66666023],[12.15047391,55.6710351],[12.164556,55.6736018],[12.16856457,55.67636454],[12.16871216,55.68171803],[12.18130251,55.68254857],[12.1854634,55.68821489],[12.21210415,55.68721701],[12.2507876,55.70841404],[12.24201075,55.71454538],[12.2288104,55.71705449],[12.22081015,55.72504632],[12.20859392,55.7297472],[12.22763826,55.7349806],[12.22172396,55.73772175],[12.2271877,55.74015581],[12.22535514,55.74370525],[12.20673852,55.75125238],[12.19234206,55.74640871],[12.15803748,55.74798811],[12.15087232,55.7560611],[12.13810333,55.75775516],[12.11331805,55.76776175],[12.10766174,55.77543182],[12.08680545,55.78040541],[12.08895042,55.76760167],[12.08532683,55.76555232],[12.1008532,55.75569168],[12.10111362,55.75020041],[12.0951993,55.74357882],[12.10905239,55.73279289],[12.10576942,55.73023433],[12.1203532,55.72925635],[12.11911738,55.72642914],[12.10816976,55.72375782],[12.11089249,55.72148525],[12.10149646,55.71888099],[12.10193407,55.71044523],[12.1139314,55.70896446],[12.1101023,55.70344404],[12.0978479,55.70414583],[12.10670222,55.70102964],[12.09880242,55.69605133],[12.083324,55.69466099],[12.08210921,55.69143924],[12.09523786,55.69296275],[12.09392308,55.68611537],[12.09083317,55.68408012],[12.0854504,55.68990847],[12.07795292,55.68844711],[12.06798731,55.67867566],[12.08186876,55.66972624],[12.09086609,55.6701659],[12.08648755,55.65506766],[12.07997816,55.64985692],[12.07025736,55.65545489],[12.05643073,55.65705343],[12.05622452,55.66326533],[12.06187561,55.66672545],[12.05722976,55.66874572],[12.05856884,55.67363234],[12.04551446,55.67270819],[12.04230066,55.66813956],[12.0356646,55.67162266],[12.02497816,55.66808805],[12.01880072,55.67157833],[12.01196034,55.66676103],[12.00730051,55.66799768],[12.01163494,55.66973058],[12.00800554,55.66921273],[12.01206861,55.67449179],[12.00598018,55.67985747],[12.00857166,55.68133751],[12.0071754,55.68479501],[11.99653857,55.68561411],[11.99857901,55.68972495],[12.01448593,55.68711084],[12.02447397,55.68079416],[12.03731204,55.68281022],[12.05033952,55.67826461],[12.05318286,55.68131576],[12.04831221,55.68501349],[12.04125232,55.68513928],[12.04442503,55.69023057],[12.03140493,55.69527406],[12.01949468,55.69347903],[12.01390619,55.69661315],[12.00601492,55.69143608],[12.00016608,55.69278667],[11.9969202,55.69532483],[12.00825329,55.70527979],[11.99517689,55.70280903],[11.99122607,55.70696612],[11.99173898,55.69828038],[11.98053983,55.69351072],[11.9906769,55.69024552],[11.99346931,55.68386203],[11.99101658,55.6833785],[11.99732937,55.67833329],[11.95187925,55.67579376],[11.94970024,55.66619396],[11.95333051,55.66336202],[11.94171312,55.66101145],[11.9374569,55.64953809],[11.92990618,55.64905134],[11.9273289,55.65331928],[11.93096469,55.66363983],[11.9378975,55.66605689],[11.94304763,55.67907048],[11.956444,55.69265849],[11.96416537,55.69579085],[11.97284596,55.71069673],[11.98090611,55.71659577],[11.9818452,55.72198617],[11.98121868,55.73009211],[11.95771633,55.73440926],[11.94695832,55.73953338],[11.94796087,55.74189391],[11.9355543,55.74550521],[11.92207059,55.74491233],[11.92100814,55.73625005],[11.90520622,55.73137105],[11.8898644,55.73695383],[11.87588841,55.7378727],[11.87211766,55.73422944],[11.85735176,55.73141753],[11.84052649,55.70790752],[11.83668562,55.68331153],[11.83121609,55.68207166],[11.83357507,55.68938834],[11.8306785,55.69311721],[11.82673451,55.68664965],[11.82904837,55.68285287],[11.8131026,55.67370698],[11.81301507,55.66678331],[11.80555579,55.66138758],[11.79877362,55.66307243],[11.78994878,55.65998627],[11.78440789,55.66319371],[11.78043215,55.6619018],[11.78233146,55.65830562],[11.77008626,55.65880924],[11.77651542,55.66858182],[11.78957908,55.67130907],[11.78962471,55.68180771],[11.80082873,55.68149959],[11.80405598,55.67960867],[11.80417006,55.67346869],[11.81132983,55.67353305],[11.80737642,55.67424089],[11.80270835,55.68308229],[11.81178501,55.68630548],[11.80731619,55.68724427],[11.80743864,55.69327511],[11.80369344,55.69802961],[11.79220084,55.6994145],[11.793109,55.71252474],[11.78388954,55.72353719],[11.77093613,55.73157571],[11.7668813,55.73338256],[11.76322075,55.73031044],[11.77489045,55.72707872],[11.76874585,55.72056537],[11.76241039,55.72185593],[11.7600247,55.72645164],[11.76153576,55.72201018],[11.75774236,55.72264245],[11.75992127,55.72585061],[11.75613961,55.72215159],[11.73266118,55.71979305],[11.72032844,55.72347885],[11.72152257,55.72016401],[11.71331412,55.72021816],[11.71742719,55.72338274],[11.71059129,55.7199121],[11.69533955,55.7204029],[11.66774203,55.71552357],[11.6626389,55.71657902],[11.66332458,55.71968239],[11.65223912,55.7212657],[11.654967,55.72322141],[11.65229869,55.72448512],[11.65724721,55.72512698],[11.65171241,55.73100258],[11.66149933,55.73410987],[11.70735001,55.73397467],[11.77015528,55.7443985],[11.76950439,55.75289976],[11.74760501,55.7571474],[11.7421211,55.76161609],[11.74072025,55.76590709],[11.74946747,55.77078289],[11.75275463,55.7691271],[11.75053591,55.76642686],[11.75279257,55.76284961],[11.76098566,55.76565244],[11.74917895,55.77410362],[11.74404198,55.78922911],[11.73217055,55.7965547],[11.72823976,55.79593478],[11.72204576,55.79152992],[11.70281148,55.7905693],[11.69671433,55.78575217],[11.68506243,55.78504931],[11.67589943,55.77812221],[11.65511633,55.77286288],[11.6309827,55.7717234],[11.60988781,55.77989456],[11.61800689,55.77818485],[11.61792053,55.78045903],[11.60906508,55.78176865],[11.61718009,55.78676241],[11.64672705,55.79446616],[11.64505151,55.79864849],[11.64775028,55.80261878],[11.6556034,55.8038586],[11.64869898,55.80861047],[11.66362423,55.81851853],[11.71055791,55.81063475],[11.714536,55.8061226],[11.73326903,55.82071534],[11.73427028,55.82537201],[11.73754507,55.82418944],[11.72901487,55.83914598],[11.71376506,55.85138209],[11.70883905,55.86123571],[11.69152439,55.87439845],[11.66852446,55.88087458],[11.66552828,55.89476507],[11.67033199,55.90116327],[11.67038979,55.90978399],[11.6759975,55.91277805],[11.66870816,55.91344183],[11.67606413,55.91361471],[11.67537234,55.91662164],[11.68784337,55.91175904],[11.6968349,55.91471275],[11.7089447,55.91261636],[11.71095075,55.90376863],[11.73361524,55.89883542],[11.75113108,55.90469545],[11.75362185,55.91255333],[11.74865222,55.92414757],[11.75467502,55.94047164],[11.76321127,55.94417078],[11.7677736,55.94300349],[11.76636689,55.94517384],[11.76979685,55.94419811],[11.76702293,55.94557708],[11.77861062,55.95348307],[11.78748833,55.95305629],[11.78872751,55.94771196],[11.79215728,55.94895797],[11.79116593,55.95704374],[11.77753494,55.97703975],[11.75335192,55.9705134],[11.7061081,55.94960663],[11.63500497,55.93877975],[11.60910141,55.94572719],[11.59159888,55.96181484],[11.52115105,55.95144216],[11.48240969,55.96049395],[11.42293188,55.96153336],[11.38230884,55.9672652],[11.36660597,55.97267941],[11.37134958,55.97253607],[11.30542569,55.9882002],[11.27753095,56.01062469]],[[11.94214649,55.37541188],[11.94214649,55.37541188]],[[11.96243828,55.40180962],[11.96243828,55.40180962]],[[12.12890201,55.55162049],[12.12890201,55.55162049]],[[11.93594511,55.43249099],[11.93594511,55.43249099]],[[11.9648786,55.3972258],[11.9648786,55.3972258]],[[11.93504895,55.43745543],[11.93504895,55.43745543]],[[11.95423861,55.4096073],[11.95423861,55.4096073]],[[11.9337738,55.43848036],[11.9337738,55.43848036]],[[12.18411178,55.55951101],[12.18411178,55.55951101]],[[11.94365089,55.42991823],[11.94365089,55.42991823]],[[11.93260742,55.37012695],[11.93260742,55.37012695]],[[11.93381017,55.4487935],[11.93381017,55.4487935]],[[11.91246323,55.53150329],[11.91246323,55.53150329]],[[11.93719018,55.43222466],[11.93719018,55.43222466]],[[12.18552843,55.56426083],[12.18552843,55.56426083]],[[11.88326904,55.5447704],[11.88326904,55.5447704]],[[11.94328487,55.42992697],[11.94328487,55.42992697]],[[11.96528034,55.39701461],[11.96528034,55.39701461]],[[12.06501206,55.37550789],[12.06501206,55.37550789]],[[12.15356156,55.56305759],[12.15356156,55.56305759]],[[12.18047385,55.55415651],[12.18047385,55.55415651]],[[11.9483959,55.37739391],[11.9483959,55.37739391]],[[12.06604502,55.38506818],[12.06604502,55.38506818]],[[11.9427311,55.42990012],[11.9427311,55.42990012]],[[11.93625343,55.45197916],[11.93625343,55.45197916]],[[11.87525143,55.54481095],[11.87525143,55.54481095]],[[11.93663589,55.45220434],[11.93663589,55.45220434]],[[12.15062648,55.56493565],[12.15062648,55.56493565]],[[12.13733164,55.55242367],[12.13733164,55.55242367]],[[11.93765874,55.43194747],[11.93765874,55.43194747]],[[11.93771729,55.43178209],[11.93771729,55.43178209]],[[11.93470235,55.44388898],[11.93470235,55.44388898]],[[12.14839744,55.56431509],[12.14839744,55.56431509]],[[12.14397762,55.55921147],[12.14397762,55.55921147]],[[12.0610999,55.38025971],[12.0610999,55.38025971]],[[11.89107608,55.54404945],[11.89107608,55.54404945]],[[11.9095818,55.53694762],[11.9095818,55.53694762]],[[11.90111099,55.54355793],[11.90111099,55.54355793]],[[11.90114649,55.54352279],[11.90114649,55.54352279]],[[12.12594472,55.55259686],[12.12594472,55.55259686]],[[11.93378966,55.44706592],[11.93378966,55.44706592]],[[11.93381939,55.44729816],[11.93381939,55.44729816]],[[11.87100488,55.54592391],[11.87100488,55.54592391]],[[12.13955501,55.55478548],[12.13955501,55.55478548]],[[12.14875913,55.56489935],[12.14875913,55.56489935]],[[11.96529819,55.39644228],[11.96529819,55.39644228]],[[11.88744727,55.5456591],[11.88744727,55.5456591]],[[11.94960818,55.37916523],[11.94960818,55.37916523]],[[11.93559509,55.45143884],[11.93559509,55.45143884]],[[11.86824083,55.54926056],[11.86824083,55.54926056]],[[12.13874159,55.55397139],[12.13874159,55.55397139]],[[12.13211093,55.55095209],[12.13211093,55.55095209]],[[11.88995908,55.54574252],[11.88995908,55.54574252]],[[11.90986193,55.53659404],[11.90986193,55.53659404]],[[12.05015846,55.39188948],[12.05189325,55.39088486],[12.05015846,55.39188948]],[[11.9337727,55.44667025],[11.93458498,55.44424019],[11.9337727,55.44667025]]],[[[11.18497188,54.96075649],[11.1733586,54.95919823],[11.16686169,54.95486096],[11.1565732,54.95603053],[11.14334629,54.9492601],[11.13065034,54.95190629],[11.12908594,54.94459406],[11.11638306,54.94933197],[11.10648634,54.94711995],[11.11832347,54.94045357],[11.11997225,54.93165509],[11.10629756,54.94123553],[11.08925645,54.93992667],[11.08410403,54.94252743],[11.07296369,54.93961207],[11.06015596,54.92822167],[11.02828339,54.9138721],[11.01637335,54.8910876],[11.01779664,54.88030053],[11.02382741,54.87725465],[11.02747892,54.88210191],[11.03194397,54.87933559],[11.02697684,54.87514223],[11.03023596,54.87493551],[11.02866543,54.87118596],[11.03664723,54.87062332],[11.0414666,54.87664569],[11.04604661,54.87455743],[11.04522398,54.86754521],[11.06104943,54.86916476],[11.05530003,54.86146328],[11.06748045,54.85575266],[11.06902827,54.84792786],[11.07866055,54.8477748],[11.08032697,54.83911796],[11.07711446,54.83547235],[11.08797491,54.8350869],[11.09024333,54.83064304],[11.08654189,54.82951457],[11.1026821,54.83488027],[11.11533616,54.83213463],[11.12513788,54.8345206],[11.13931973,54.82825948],[11.10979535,54.83102003],[11.11249096,54.82476238],[11.1004504,54.82234713],[11.09350378,54.81249546],[11.08490628,54.81118778],[11.07001825,54.82232383],[11.06745649,54.81429056],[11.08009015,54.80688854],[11.06981424,54.79934876],[11.04483855,54.79886356],[11.03878498,54.81242177],[11.02945878,54.81054193],[11.01758055,54.81769457],[11.01481577,54.81492377],[11.00099174,54.82024165],[10.98529998,54.82138169],[11.0069945,54.81332273],[11.01355326,54.80781769],[10.99865607,54.79781203],[10.98435116,54.79878248],[10.97729297,54.79263344],[10.97262844,54.79630002],[10.9747594,54.79851311],[10.96970356,54.79857427],[10.9634447,54.80430018],[10.95750814,54.8227242],[10.96111549,54.82680838],[10.96850375,54.82651601],[10.96215236,54.83197885],[10.96385832,54.83517317],[10.986637,54.8273066],[10.97375288,54.83481789],[10.96241875,54.8368976],[10.95607447,54.83313786],[10.95475611,54.82868017],[10.9564651,54.8151838],[10.96278005,54.80432109],[11.00693026,54.76199152],[11.06547182,54.74545904],[11.11932756,54.73693563],[11.20025463,54.71797503],[11.22584967,54.70893758],[11.249337,54.70478314],[11.25106936,54.70809485],[11.24971071,54.70580501],[11.29731753,54.68599153],[11.31693642,54.6708117],[11.31960209,54.66681992],[11.31788152,54.66412963],[11.32675304,54.65889345],[11.34470718,54.65067472],[11.3446631,54.65569913],[11.35124668,54.6567009],[11.34675036,54.65414281],[11.3542649,54.6511124],[11.34556769,54.65001756],[11.37263439,54.63942103],[11.37508174,54.63311409],[11.37666077,54.63477376],[11.3745613,54.63395268],[11.37304686,54.63914272],[11.37667864,54.64026968],[11.38855921,54.63692358],[11.37818753,54.63222616],[11.40389357,54.6345732],[11.44656038,54.61404047],[11.48362847,54.59933979],[11.50540644,54.59426928],[11.53266717,54.5969952],[11.52619892,54.59851074],[11.52363384,54.595579],[11.512408,54.59437607],[11.50130165,54.59917304],[11.49166002,54.59800229],[11.46048387,54.61098233],[11.49702096,54.63540954],[11.54309654,54.63986567],[11.55049149,54.64567263],[11.54878869,54.64924619],[11.55102894,54.65142715],[11.56919049,54.65200959],[11.56004175,54.65588207],[11.5615998,54.65950432],[11.58902311,54.65786459],[11.59079276,54.65904946],[11.58292095,54.66276329],[11.59106299,54.66491269],[11.6077388,54.65942544],[11.62659013,54.65942195],[11.63085647,54.66331749],[11.644468,54.66162533],[11.65031002,54.65776139],[11.65748104,54.65968038],[11.65824609,54.65727688],[11.66364627,54.65984139],[11.66029554,54.66221716],[11.66554829,54.6674949],[11.6695958,54.66190673],[11.68796629,54.6645652],[11.70196853,54.66158064],[11.71205822,54.65184416],[11.72375139,54.65548089],[11.7205106,54.66335454],[11.72665369,54.6658327],[11.73407819,54.65863322],[11.72879165,54.65355296],[11.78497728,54.64912716],[11.80842802,54.64233998],[11.80378404,54.64468844],[11.8088507,54.64830455],[11.81676739,54.64670394],[11.81856588,54.65147714],[11.83416947,54.65153436],[11.81743423,54.65914867],[11.84820001,54.66606408],[11.83934114,54.67054304],[11.85233428,54.67526869],[11.83850578,54.68294371],[11.8605345,54.68658042],[11.85786333,54.69058632],[11.86014956,54.69153435],[11.85318142,54.69607704],[11.83619165,54.69632784],[11.81597644,54.70401638],[11.81400004,54.70517372],[11.81760014,54.70653354],[11.81325888,54.70795586],[11.80668712,54.70560015],[11.81211747,54.70825315],[11.80669585,54.71368649],[11.82320162,54.71876259],[11.81489099,54.72300815],[11.82036432,54.72892217],[11.81512491,54.72876163],[11.8186585,54.73055066],[11.81271864,54.73694657],[11.83422583,54.72617209],[11.84704047,54.72659493],[11.84699358,54.72923025],[11.86483143,54.73621819],[11.86554479,54.74776677],[11.85722358,54.75606119],[11.86405353,54.75803407],[11.85596385,54.75802132],[11.86234835,54.76085701],[11.85647086,54.76078861],[11.85688376,54.76875966],[11.85213004,54.77302827],[11.83370569,54.78018221],[11.82194209,54.78970591],[11.8125482,54.79133251],[11.81122867,54.78836302],[11.80953903,54.79383425],[11.79989857,54.79409633],[11.79794809,54.79921864],[11.78193452,54.80681585],[11.77981812,54.81916771],[11.78707729,54.82522717],[11.78944456,54.83180442],[11.79436183,54.83326186],[11.77976955,54.83143619],[11.7592295,54.8390047],[11.74955663,54.83931086],[11.73728611,54.85842688],[11.73909215,54.86570443],[11.74754893,54.87173174],[11.74326512,54.87474241],[11.71600723,54.87309615],[11.68416268,54.88642229],[11.67239328,54.89603104],[11.66374837,54.89726454],[11.65961666,54.90117984],[11.63719653,54.90394582],[11.63641152,54.89912375],[11.64859906,54.88841101],[11.64263094,54.87116065],[11.65131153,54.86469248],[11.65118246,54.85836284],[11.63782937,54.85789135],[11.62822404,54.85218892],[11.60978952,54.84859159],[11.58342468,54.85746615],[11.57387767,54.85211694],[11.56379341,54.85175693],[11.56144199,54.84572813],[11.57443157,54.8349816],[11.59310025,54.83049534],[11.59300067,54.82688322],[11.63718759,54.80139143],[11.59002229,54.82655345],[11.56526977,54.82353298],[11.55400699,54.82920639],[11.53174291,54.82911923],[11.51087909,54.83330791],[11.49263281,54.83108837],[11.48993919,54.83552023],[11.49378612,54.83755251],[11.48730475,54.83721214],[11.49210061,54.8389521],[11.46781042,54.83959934],[11.46408439,54.84511476],[11.46951777,54.85739017],[11.46445838,54.86276989],[11.44664182,54.86564058],[11.43265647,54.86104132],[11.42623313,54.86392232],[11.43243272,54.86871938],[11.43070443,54.87053371],[11.42036723,54.87090753],[11.40946873,54.87682425],[11.39891156,54.87742433],[11.37955554,54.88482328],[11.36141743,54.89741288],[11.36321222,54.90607579],[11.35815359,54.91235144],[11.35986632,54.9157016],[11.35819103,54.91315155],[11.35745976,54.91556486],[11.36129315,54.91655597],[11.34352935,54.92195732],[11.31803179,54.92425104],[11.30315867,54.93911962],[11.28399626,54.94888453],[11.28472617,54.95230485],[11.278492,54.95099229],[11.26183767,54.9569589],[11.18497188,54.96075649]]],[[[11.8255191,54.96795888],[11.8213929,54.96634859],[11.82905634,54.9598085],[11.82733702,54.9523763],[11.82351864,54.94500942],[11.81759534,54.9432697],[11.81408815,54.9380135],[11.80088937,54.93629556],[11.78561254,54.95310908],[11.7666525,54.96089496],[11.77386426,54.96022873],[11.75397546,54.96169634],[11.74233677,54.96007632],[11.73104057,54.95024514],[11.73992855,54.94707475],[11.73636051,54.94192918],[11.72092698,54.94430142],[11.70481253,54.93215644],[11.74715487,54.92826087],[11.75546634,54.9195174],[11.75631856,54.91431537],[11.74331129,54.90256564],[11.74051263,54.89434962],[11.74699331,54.8853635],[11.75678617,54.88161452],[11.74943272,54.87048199],[11.75386982,54.86944616],[11.75833562,54.86088656],[11.75518932,54.85544914],[11.78372126,54.85368567],[11.80705584,54.84309746],[11.80460384,54.83654532],[11.80024292,54.83507679],[11.81389842,54.83242705],[11.8146377,54.82778267],[11.80702125,54.8172818],[11.79448367,54.80992433],[11.81211707,54.79889234],[11.83092945,54.79654489],[11.83734392,54.78648069],[11.84751628,54.7841051],[11.86595706,54.77195757],[11.8601476,54.77123681],[11.8633068,54.77071819],[11.86135756,54.76963959],[11.86922816,54.76114468],[11.86753643,54.75951112],[11.88434032,54.74705781],[11.87500965,54.7413676],[11.87481192,54.73453432],[11.86916957,54.73093554],[11.86987942,54.72684365],[11.91084539,54.71785687],[11.91009644,54.71331685],[11.90011622,54.70395236],[11.87795805,54.68851181],[11.87759904,54.67884883],[11.86627218,54.65708772],[11.87303952,54.64511291],[11.91668164,54.60256032],[11.92203216,54.58903714],[11.91925132,54.58117902],[11.92311161,54.58014111],[11.91979216,54.58082027],[11.91797485,54.57461035],[11.97005345,54.55908589],[11.97368353,54.56422198],[11.97403971,54.57502628],[11.9640114,54.62367928],[11.96091395,54.65538644],[11.96307318,54.67289355],[11.97426356,54.69617929],[11.98741192,54.70815937],[12.01777226,54.72443763],[12.02521527,54.73131298],[12.03998406,54.75645667],[12.06687673,54.77851292],[12.08376065,54.79015612],[12.1165071,54.80020608],[12.12701277,54.80802066],[12.13311868,54.82151891],[12.15929415,54.82832222],[12.16526856,54.83548195],[12.15575588,54.84784381],[12.12755097,54.86725844],[12.12163343,54.87674179],[12.12057343,54.8869094],[12.07384625,54.89333218],[12.05852347,54.88853792],[12.04525752,54.89257137],[12.03025898,54.89163537],[12.00064993,54.89607406],[11.98518335,54.90427303],[11.98767431,54.90835081],[11.98114362,54.91581787],[11.9785073,54.92761286],[11.9813116,54.93274407],[11.96583514,54.93907294],[11.93336431,54.93582105],[11.9252988,54.94001839],[11.92355919,54.92308729],[11.91672059,54.92454527],[11.91930926,54.91702266],[11.90353115,54.91739913],[11.88929627,54.92245814],[11.88697114,54.92650823],[11.88923039,54.93182601],[11.87339098,54.93939888],[11.87509016,54.94265328],[11.88148448,54.9436815],[11.86859823,54.94930208],[11.87087593,54.95363197],[11.86396334,54.95472533],[11.86647787,54.95848054],[11.85935316,54.95510713],[11.85276387,54.95692755],[11.85446532,54.95979271],[11.8522276,54.96054057],[11.850078,54.9574961],[11.84216445,54.95854444],[11.8255191,54.96795888]]],[[[12.26412587,55.05999684],[12.25880061,55.06060349],[12.2601128,55.05886375],[12.25331809,55.05435795],[12.23545456,55.04937306],[12.23231792,55.0424519],[12.23843288,55.03665986],[12.24635987,55.03612157],[12.2471071,55.03889468],[12.2528489,55.0396391],[12.26183141,55.03544482],[12.26030894,55.03299477],[12.27403058,55.02548222],[12.26724483,55.02042349],[12.27492372,55.02442262],[12.28323199,55.01568364],[12.28449556,55.01848928],[12.28176102,55.02031781],[12.28546861,55.02042214],[12.28678299,55.0169899],[12.28282186,55.01018079],[12.27061673,54.9987143],[12.27978446,54.98940781],[12.27868929,54.98460436],[12.28520957,54.98119572],[12.30008876,54.98778319],[12.30085865,54.99153018],[12.30423386,54.98653492],[12.31379793,54.98414312],[12.35444769,54.98613916],[12.31190058,54.97877787],[12.29128959,54.96514614],[12.27380802,54.96119071],[12.26681494,54.96316467],[12.27238906,54.96484073],[12.27508239,54.97250164],[12.2846689,54.98066339],[12.27718572,54.98368507],[12.26040857,54.98234213],[12.25363814,54.97796478],[12.22989129,54.97454961],[12.20650996,54.96666457],[12.20239924,54.97070262],[12.20272154,54.97785116],[12.19728522,54.98068531],[12.16747075,54.98684332],[12.16981871,54.98025714],[12.18361886,54.97091949],[12.18264968,54.96826163],[12.16240034,54.97166096],[12.14537238,54.96856431],[12.14547282,54.96548254],[12.12107111,54.9581712],[12.1215882,54.9535608],[12.12998511,54.94698438],[12.14699316,54.94299453],[12.1198986,54.93316362],[12.11189743,54.92267307],[12.10971887,54.91705571],[12.1160179,54.9160684],[12.12258022,54.9088046],[12.09910762,54.90557979],[12.11153618,54.90067071],[12.1287379,54.90289258],[12.14796845,54.90067302],[12.14871863,54.8987077],[12.14191687,54.89951619],[12.14209057,54.8956891],[12.13209238,54.8966407],[12.13463424,54.89778736],[12.13077335,54.8998734],[12.12461863,54.89895564],[12.14336111,54.88077934],[12.19479259,54.87983748],[12.21026555,54.88293869],[12.23057005,54.89545825],[12.24433351,54.91133404],[12.28431948,54.93899752],[12.31604661,54.95355834],[12.34014902,54.96078231],[12.37442465,54.96542845],[12.42954635,54.96143418],[12.46109245,54.95582631],[12.46403697,54.95194258],[12.46257424,54.95518969],[12.46532437,54.95204963],[12.46741172,54.95344552],[12.46324923,54.95128758],[12.4733819,54.95163171],[12.50891886,54.94344551],[12.5373594,54.94504929],[12.55250471,54.95829322],[12.5471406,54.9805272],[12.52161858,55.00784822],[12.46164889,55.02296261],[12.41936064,55.02238039],[12.3875056,55.02719792],[12.31180451,55.02829691],[12.28699338,55.03632232],[12.2792763,55.04360881],[12.27304539,55.05568091],[12.26412587,55.05999684]]],[[[11.41835642,54.9653358],[11.40995209,54.96780782],[11.40802655,54.96249634],[11.4104961,54.94942205],[11.40429112,54.94762973],[11.39622865,54.95273293],[11.38027029,54.95563036],[11.37739578,54.95540365],[11.3794196,54.95363759],[11.37658477,54.94977084],[11.36913716,54.94956424],[11.36386581,54.95631882],[11.36863224,54.95950776],[11.3661909,54.96393129],[11.35807075,54.96843422],[11.35043667,54.96836373],[11.34959577,54.9658546],[11.35515984,54.95714304],[11.36323165,54.95726619],[11.36436038,54.94814467],[11.37299591,54.93751409],[11.37122371,54.93563697],[11.38949132,54.92957259],[11.4013591,54.92104668],[11.43377718,54.94458979],[11.46993269,54.94377504],[11.4700715,54.9513835],[11.45449677,54.96316005],[11.44257482,54.96525228],[11.42662714,54.96260023],[11.41835642,54.9653358]]],[[[11.82815215,55.80912219],[11.82192759,55.80733438],[11.82189219,55.80304426],[11.82714075,55.79854055],[11.82365711,55.7962954],[11.82117359,55.78609462],[11.81616881,55.782559],[11.80667546,55.78492359],[11.79825849,55.79255657],[11.79196523,55.78608288],[11.77512791,55.78271641],[11.78454895,55.76586167],[11.79521548,55.75994963],[11.79232595,55.75838229],[11.80130505,55.75841108],[11.79921535,55.75472262],[11.80350269,55.75646924],[11.8148043,55.7501569],[11.83684399,55.75691725],[11.83330322,55.75790727],[11.8336767,55.76172721],[11.84810728,55.78155655],[11.84166608,55.7967034],[11.82815215,55.80912219]]],[[[11.99488165,54.9557513],[11.98473387,54.95469162],[11.9827922,54.95067904],[11.9981315,54.9425808],[11.99384962,54.93359017],[12.00326964,54.92176803],[12.09874027,54.9057519],[12.08403997,54.90829015],[12.08145584,54.9114848],[12.07547759,54.90981939],[12.08706112,54.92151076],[12.08819506,54.92625793],[12.06916048,54.93830277],[12.03193042,54.93849433],[12.02127372,54.93283953],[12.00868763,54.93421709],[12.00942111,54.9374648],[12.00254314,54.93828333],[11.99740624,54.94492827],[11.99752142,54.95459554],[11.99488165,54.9557513]]],[[[11.08034863,55.91965116],[11.07833585,55.91321252],[11.08463283,55.90459097],[11.11540215,55.89708661],[11.13632226,55.87847527],[11.13423173,55.88128147],[11.15615554,55.87059543],[11.20115622,55.86283569],[11.21935312,55.8535871],[11.21464527,55.85705912],[11.21358391,55.86399789],[11.19122626,55.87097638],[11.14641775,55.89700688],[11.12191231,55.90395568],[11.11648248,55.91172885],[11.08034863,55.91965116]]],[[[11.51887978,54.99164317],[11.50234305,54.98658427],[11.49818182,54.97913748],[11.51638982,54.97174714],[11.52510446,54.95722564],[11.53839283,54.94678538],[11.54277856,54.95538672],[11.56770841,54.97261105],[11.54914226,54.98831803],[11.51887978,54.99164317]]],[[[11.17447197,55.25080434],[11.1690728,55.24857094],[11.17484469,55.24212702],[11.17045528,55.23171393],[11.17441826,55.19872232],[11.20882942,55.18435522],[11.21609217,55.18587028],[11.21891542,55.19916799],[11.21319288,55.19148556],[11.21540718,55.18802001],[11.21201755,55.19019421],[11.20837303,55.18645529],[11.20364035,55.1912977],[11.1948323,55.19365399],[11.1972954,55.19629339],[11.2041507,55.19458634],[11.20672052,55.19902896],[11.19751533,55.20936237],[11.19897829,55.21172018],[11.19350248,55.22253934],[11.17829165,55.23019013],[11.18100465,55.23343606],[11.17658607,55.23217931],[11.17861208,55.23772976],[11.17242182,55.2361383],[11.1775444,55.23768204],[11.17447876,55.23839242],[11.17651852,55.24028746],[11.18218519,55.23744721],[11.18049092,55.23629158],[11.19010128,55.24044193],[11.18709139,55.2456796],[11.17447197,55.25080434]]],[[[11.70735576,55.20291665],[11.70129573,55.20194374],[11.70151547,55.1943244],[11.69324397,55.18874718],[11.6888881,55.18017613],[11.69159312,55.17789662],[11.68700245,55.1756297],[11.68967996,55.17228745],[11.70526322,55.17478124],[11.71909404,55.17255475],[11.71622276,55.17818429],[11.72032999,55.17866721],[11.72126537,55.18419071],[11.73264009,55.19542926],[11.71637267,55.19799029],[11.70735576,55.20291665]]],[[[12.23380254,55.06088166],[12.2123875,55.0584195],[12.19602743,55.04992233],[12.19777991,55.04872944],[12.18025879,55.04678372],[12.18746222,55.04044099],[12.19906163,55.04017714],[12.21899122,55.03356913],[12.22858391,55.05028986],[12.23365758,55.04972529],[12.22962325,55.05103938],[12.2362229,55.05626043],[12.23664507,55.05856139],[12.23264902,55.05889954],[12.23766083,55.06034268],[12.23380254,55.06088166]]],[[[11.17728746,55.17018327],[11.17922862,55.17675435],[11.16447421,55.17036636],[11.15880617,55.17203104],[11.13313571,55.1597537],[11.14081943,55.15469811],[11.14253756,55.14676624],[11.15085351,55.14003105],[11.16314667,55.15843616],[11.17952511,55.16683041],[11.17728746,55.17018327]]],[[[11.50538306,54.91246961],[11.47281377,54.91308643],[11.47363824,54.90987391],[11.48119916,54.90565027],[11.48504422,54.90701249],[11.49083362,54.90061917],[11.47625955,54.89744901],[11.47836127,54.88681236],[11.48345684,54.88395928],[11.50703943,54.88926253],[11.51946251,54.88628157],[11.51760692,54.89041883],[11.49877925,54.89693361],[11.48490221,54.90747017],[11.49460426,54.91247932],[11.50031501,54.90943133],[11.50538306,54.91246961]]],[[[11.67963085,55.1794132],[11.67318776,55.17974429],[11.66102609,55.1712478],[11.65733007,55.172441],[11.66473315,55.1743455],[11.65266267,55.17784093],[11.63758745,55.17475932],[11.64730164,55.17599312],[11.66247836,55.16232623],[11.67977603,55.1604516],[11.70423658,55.14355157],[11.71266827,55.14109311],[11.70372752,55.14469638],[11.7121185,55.14480012],[11.70732654,55.15064465],[11.70024082,55.15186197],[11.70213665,55.14806433],[11.6944179,55.15720291],[11.6793546,55.16236846],[11.6765176,55.16935306],[11.67963085,55.1794132]]],[[[11.28504909,55.79578086],[11.2804692,55.79343156],[11.28018274,55.78561267],[11.29147596,55.77545084],[11.29297967,55.77021906],[11.30773094,55.76446004],[11.30218426,55.76941894],[11.30431955,55.77604177],[11.29019987,55.78491067],[11.29495266,55.78891564],[11.29397137,55.79209375],[11.28504909,55.79578086]]],[[[11.87220234,54.99543767],[11.87582743,54.99762876],[11.8747395,55.00008151],[11.87559587,54.99759666],[11.87184169,54.99534073],[11.86599808,54.99533632],[11.87877088,54.98909616],[11.8853821,54.98126696],[11.89103525,54.98075288],[11.89122008,54.97649334],[11.89856172,54.97739399],[11.89175065,54.99472232],[11.88107864,54.99888866],[11.87220234,54.99543767]]],[[[12.10414644,54.96102069],[12.09298888,54.96102104],[12.08259957,54.95623236],[12.05962327,54.95272332],[12.07696262,54.94703416],[12.07588321,54.94947133],[12.09129212,54.95347497],[12.09971686,54.94886992],[12.09581167,54.9547907],[12.10137278,54.95596191],[12.10414644,54.96102069]]],[[[11.37220526,55.0398698],[11.34550347,55.03094045],[11.34283514,55.02878238],[11.34407347,55.02357944],[11.37636467,55.03454381],[11.37220526,55.0398698]]],[[[10.98771151,55.33961458],[10.98744021,55.34200338],[10.9723783,55.33957459],[10.94502958,55.325341],[10.99221652,55.33588243],[10.9761011,55.3347091],[10.98771151,55.33961458]]],[[[11.71944656,55.14729635],[11.71248095,55.13561581],[11.7138104,55.12518887],[11.71692534,55.12364653],[11.72816631,55.13670375],[11.71964253,55.14237846],[11.72268304,55.14633191],[11.71944656,55.14729635]]],[[[12.13080562,54.98893425],[12.12398985,54.98565322],[12.11856016,54.98810587],[12.10659024,54.985776],[12.11497171,54.98026074],[12.10183869,54.97267734],[12.10161924,54.96984854],[12.1042142,54.96777873],[12.10873227,54.97293823],[12.11595383,54.97080248],[12.1170952,54.97766904],[12.13080562,54.98893425]]],[[[11.02237848,54.84664782],[11.02049577,54.85111384],[11.01612182,54.85147887],[11.01433136,54.83834355],[11.01950798,54.82843116],[11.02054191,54.83671128],[11.02569257,54.84168104],[11.02073632,54.84235258],[11.02237848,54.84664782]]],[[[12.24719336,55.08732832],[12.24483958,55.08697679],[12.2605937,55.08228397],[12.26072913,55.07979353],[12.25616757,55.0791142],[12.25691281,55.07588283],[12.26738054,55.06829821],[12.27241194,55.06810525],[12.27043881,55.07561637],[12.26046947,55.08351848],[12.24719336,55.08732832]]],[[[11.3181706,54.96626938],[11.31210865,54.97179367],[11.30201211,54.97039963],[11.30233717,54.9636044],[11.30722229,54.96216028],[11.3181706,54.96626938]]],[[[11.48562117,55.19999353],[11.47080463,55.19297242],[11.49124385,55.19840995],[11.48562117,55.19999353]]],[[[12.11951777,55.13174778],[12.09500398,55.12943282],[12.10857111,55.12641504],[12.10957476,55.12894613],[12.1218416,55.12994921],[12.11951777,55.13174778]]],[[[11.05290308,54.8585519],[11.05338975,54.85278324],[11.04967083,54.84871242],[11.05461683,54.84800428],[11.05992056,54.85270793],[11.05505146,54.85390531],[11.05290308,54.8585519]]],[[[11.68747201,55.19091477],[11.68132927,55.19243086],[11.67667477,55.18879107],[11.69068183,55.1909388],[11.68747201,55.19091477]]],[[[11.07941945,55.48210747],[11.07307333,55.47400205],[11.08849793,55.47549872],[11.07885208,55.47720625],[11.08186462,55.48201934],[11.07941945,55.48210747]]],[[[11.81502404,55.74637627],[11.80992614,55.74468052],[11.81446004,55.74308671],[11.81102786,55.73841054],[11.81905082,55.73604399],[11.81502404,55.74637627]]],[[[11.8311527,54.57695009],[11.82695179,54.58110197],[11.83860595,54.57223122],[11.86027282,54.56418715],[11.88969476,54.56451477],[11.85913395,54.56491653],[11.8311527,54.57695009]]],[[[11.85677838,54.72622626],[11.85408725,54.72516245],[11.87192102,54.72080646],[11.86576899,54.72206293],[11.86455227,54.72561808],[11.85677838,54.72622626]]],[[[11.29345857,54.97672815],[11.28970324,54.97573807],[11.29036409,54.9703471],[11.29751599,54.96925249],[11.29099402,54.97022773],[11.29826842,54.97183049],[11.29094892,54.97327717],[11.29122608,54.97630498],[11.29511096,54.97494611],[11.29345857,54.97672815]]],[[[12.06546872,55.13575987],[12.05888597,55.13369742],[12.06978098,55.13232531],[12.06546872,55.13575987]]],[[[11.06208076,54.83968244],[11.05879555,54.84272827],[11.0540351,54.84025966],[11.05731438,54.83671466],[11.06208076,54.83968244]]],[[[11.51106014,54.62554882],[11.50258258,54.62347696],[11.51199812,54.6221508],[11.51106014,54.62554882]]],[[[11.6383387,54.90996404],[11.63308405,54.90810455],[11.63061646,54.90324718],[11.64024857,54.90958074],[11.64804356,54.90582598],[11.6383387,54.90996404]]],[[[11.46179748,55.20506689],[11.45530104,55.20512993],[11.4535022,55.20216265],[11.46179748,55.20506689]]],[[[11.75100025,55.09210068],[11.75005874,55.08873322],[11.75727757,55.09057358],[11.75100025,55.09210068]]],[[[12.09458226,55.75630371],[12.09154627,55.7559884],[12.09491017,55.75365631],[12.09208709,55.75260888],[12.09773333,55.75368598],[12.09458226,55.75630371]]],[[[11.90112525,54.56372659],[11.87537671,54.56211905],[11.90112525,54.56372659]]],[[[11.65653963,54.64899622],[11.65873459,54.65598407],[11.65472411,54.65036874],[11.65653963,54.64899622]]],[[[11.69940595,55.15566899],[11.69638403,55.15482606],[11.70408988,55.1543489],[11.69940595,55.15566899]]],[[[11.45136448,54.88361613],[11.4434863,54.88155913],[11.45339071,54.88320565],[11.45136448,54.88361613]]],[[[11.09463194,54.82843058],[11.08485227,54.82527182],[11.09463194,54.82843058]]],[[[11.59180366,54.64839493],[11.60338785,54.64441811],[11.59180366,54.64839493]]],[[[12.23637053,55.03190541],[12.23358956,55.02973877],[12.23637053,55.03190541]]],[[[11.83997629,55.74627868],[11.84138038,55.74837191],[11.83171943,55.74649004],[11.83480826,55.74364924],[11.83997629,55.74627868]]],[[[11.83254714,54.71766067],[11.83088133,54.71574238],[11.83490354,54.71373514],[11.83254714,54.71766067]]],[[[12.22221441,55.00808712],[12.22136302,55.00533723],[12.22728553,55.00411853],[12.22221441,55.00808712]]],[[[11.05584021,54.93219145],[11.04657603,54.93004463],[11.04206863,54.92555656],[11.05584021,54.93219145]]],[[[11.70287443,54.94449355],[11.69547274,54.94379154],[11.70764467,54.94332572],[11.70287443,54.94449355]]],[[[12.04411759,54.95560158],[12.04734914,54.95167304],[12.0559506,54.95240901],[12.04770092,54.95176985],[12.04411759,54.95560158]]],[[[11.60192748,54.65424376],[11.59622679,54.65499023],[11.59935404,54.65229293],[11.60192748,54.65424376]]],[[[12.05217631,55.133667],[12.04968375,55.13276683],[12.05420732,55.13178891],[12.05217631,55.133667]]],[[[11.57375504,54.65235557],[11.58170216,54.6508963],[11.57375504,54.65235557]]],[[[11.86506617,54.73128267],[11.86170805,54.73028765],[11.86506617,54.73128267]]],[[[11.03653082,54.84381037],[11.03775282,54.84584231],[11.03345227,54.84387133],[11.03653082,54.84381037]]],[[[11.71714799,55.20070128],[11.71959712,55.19876369],[11.71714799,55.20070128]]],[[[12.21292596,55.50881582],[12.2094629,55.50682543],[12.21292596,55.50881582]]],[[[11.80020235,55.74742099],[11.80421734,55.74605235],[11.80020235,55.74742099]]],[[[12.16840057,55.06764616],[12.17138711,55.06613651],[12.16840057,55.06764616]]],[[[11.96714735,55.69059127],[11.96316839,55.6893369],[11.96613158,55.68392311],[11.96714735,55.69059127]]],[[[12.04132279,55.67982892],[12.0470752,55.67823382],[12.04132279,55.67982892]]],[[[11.82839915,54.71860305],[11.83028102,54.71739843],[11.82839915,54.71860305]]],[[[11.87861454,54.97728145],[11.88245359,54.97852445],[11.87861454,54.97728145]]],[[[12.08161255,55.75160659],[12.0774148,55.75159204],[12.08161255,55.75160659]]],[[[11.6595999,55.17857745],[11.66104496,55.17681578],[11.6595999,55.17857745]]],[[[11.11731847,55.52552903],[11.11731847,55.52552903]]],[[[12.22252827,55.07424159],[12.23116906,55.07812573],[12.22252827,55.07424159]]],[[[11.90263474,54.56235414],[11.90719652,54.56339142],[11.8977465,54.56177092],[11.90263474,54.56235414]]],[[[11.0561338,54.81868353],[11.05216257,54.82186226],[11.0561338,54.81868353]]],[[[12.22855177,55.04321064],[12.22855177,55.04321064]]],[[[11.65996013,55.17231755],[11.66220671,55.17199017],[11.65996013,55.17231755]]],[[[12.06182837,55.68664265],[12.06680248,55.6853256],[12.06182837,55.68664265]]],[[[11.14302729,55.53471732],[11.14302729,55.53471732]]],[[[12.04510012,55.677882],[12.042915,55.67781207],[12.04510012,55.677882]]],[[[11.70866772,55.15002601],[11.71059727,55.14864057],[11.70866772,55.15002601]]],[[[11.95716688,55.68560262],[11.95925773,55.68733002],[11.95716688,55.68560262]]],[[[11.30749039,54.97610092],[11.30279601,54.97422891],[11.30749039,54.97610092]]],[[[11.40222671,55.20058799],[11.40222671,55.20058799]]],[[[11.06610759,54.80660891],[11.0636846,54.80640251],[11.06610759,54.80660891]]],[[[11.29750913,54.97474395],[11.30168516,54.97465076],[11.29750913,54.97474395]]],[[[11.29920846,55.27642196],[11.29737098,55.27750193],[11.29920846,55.27642196]]],[[[11.72165163,55.08353841],[11.71881159,55.08355559],[11.72486402,55.0826019],[11.72165163,55.08353841]]],[[[11.05429301,54.82993566],[11.05544332,54.83312161],[11.05429301,54.82993566]]],[[[12.02916261,55.67527441],[12.02932022,55.67284043],[12.02916261,55.67527441]]],[[[12.12021309,54.90029597],[12.12021309,54.90029597]]],[[[11.72143793,55.73208807],[11.71848819,55.73194074],[11.72143793,55.73208807]]],[[[11.8094122,55.74595267],[11.8094122,55.74595267]]],[[[11.69782806,55.15213442],[11.69782806,55.15213442]]],[[[12.07555108,55.74892041],[12.07555108,55.74892041]]],[[[11.495344,54.84007468],[11.49714414,54.84138392],[11.495344,54.84007468]]],[[[11.40313516,55.19303749],[11.40313516,55.19303749]]],[[[12.09197138,55.69145835],[12.08934539,55.69055051],[12.09197138,55.69145835]]],[[[12.25212113,55.08233854],[12.25412822,55.0805501],[12.25212113,55.08233854]]],[[[11.76904786,54.83760672],[11.77102884,54.83962924],[11.76904786,54.83760672]]],[[[11.7978508,55.6639258],[11.7978508,55.6639258]]],[[[12.07956965,55.65092469],[12.07956965,55.65092469]]],[[[11.82468448,54.97014402],[11.82109302,54.97176251],[11.82468448,54.97014402]]],[[[11.37935922,55.18865797],[11.37935922,55.18865797]]],[[[12.24731354,55.08351479],[12.2449539,55.08262979],[12.24731354,55.08351479]]],[[[11.12409446,55.52816315],[11.12409446,55.52816315]]],[[[11.72549082,54.66373627],[11.72549082,54.66373627]]],[[[12.09016232,55.75181811],[12.0875348,55.75049273],[12.09016232,55.75181811]]],[[[11.15198267,55.53634089],[11.15198267,55.53634089]]],[[[11.6690457,55.17974041],[11.6690457,55.17974041]]],[[[11.53070209,55.89479398],[11.53070209,55.89479398]]],[[[10.97584482,54.79547952],[10.97584482,54.79547952]]],[[[11.36619006,54.95650398],[11.36619006,54.95650398]]],[[[12.239039,55.08500697],[12.239039,55.08500697]]],[[[11.23957016,55.24872211],[11.23957016,55.24872211]]],[[[11.73208947,55.08211287],[11.72676798,55.08245597],[11.7356324,55.08179713],[11.73208947,55.08211287]]],[[[11.08968102,55.48430783],[11.08968102,55.48430783]]],[[[11.7986229,55.67064435],[11.7986229,55.67064435]]],[[[11.78247405,55.76157258],[11.78247405,55.76157258]]],[[[11.88992656,54.71442135],[11.88832795,54.71200431],[11.88992656,54.71442135]]],[[[11.52971336,55.88569014],[11.52971336,55.88569014]]],[[[11.5139486,54.62735631],[11.5139486,54.62735631]]],[[[12.07805911,55.74880101],[12.07590757,55.7476322],[12.07805911,55.74880101]]],[[[11.91658375,54.92367495],[11.91658375,54.92367495]]],[[[11.54935546,54.59735436],[11.54935546,54.59735436]]],[[[11.78969961,55.66591796],[11.78792175,55.66750122],[11.78969961,55.66591796]]],[[[11.11952422,55.33236342],[11.12196542,55.33093849],[11.11952422,55.33236342]]],[[[11.4390523,55.21323473],[11.4390523,55.21323473]]],[[[11.93520438,55.65487126],[11.932879,55.6540236],[11.93520438,55.65487126]]],[[[11.66810595,55.88998842],[11.66810595,55.88998842]]],[[[11.50984742,54.6356992],[11.50984742,54.6356992]]],[[[11.46417228,55.19026649],[11.46417228,55.19026649]]],[[[11.81618375,55.13263932],[11.81618375,55.13263932]]],[[[11.27771587,55.24019473],[11.27771587,55.24019473]]],[[[11.93372312,55.6577266],[11.93372312,55.6577266]]],[[[11.80587061,55.74722418],[11.80587061,55.74722418]]],[[[11.3740563,55.18691622],[11.37142545,55.18690082],[11.3740563,55.18691622]]],[[[11.66526234,55.17871669],[11.66526234,55.17871669]]],[[[11.24838485,55.22469429],[11.24692323,55.22625619],[11.24838485,55.22469429]]],[[[11.93409377,55.65523899],[11.93409377,55.65523899]]],[[[12.08553953,55.74629498],[12.08553953,55.74629498]]],[[[11.35611935,55.76598876],[11.35818696,55.76648262],[11.35611935,55.76598876]]],[[[11.80867927,54.63969255],[11.80867927,54.63969255]]],[[[11.99070953,55.71043737],[11.99226962,55.71454986],[11.99070953,55.71043737]]],[[[12.0097994,55.68027993],[12.0097994,55.68027993]]],[[[11.67856409,55.18003383],[11.67856409,55.18003383]]],[[[11.6531815,55.1785852],[11.6531815,55.1785852]]],[[[12.28274132,55.01409794],[12.28274132,55.01409794]]],[[[12.20431989,55.49935488],[12.20431989,55.49935488]]],[[[12.25130658,55.08040641],[12.25130658,55.08040641]]],[[[11.88916315,54.71028354],[11.88916315,54.71028354]]],[[[11.48874621,55.20057123],[11.48874621,55.20057123]]],[[[11.79196167,55.67103696],[11.79196167,55.67103696]]],[[[11.16470026,54.9560155],[11.16470026,54.9560155]]],[[[11.24693236,55.73502142],[11.24693236,55.73502142]]],[[[12.19899962,55.47086343],[12.19899962,55.47086343]]],[[[11.80444278,55.74673749],[11.80444278,55.74673749]]],[[[11.91499455,54.92241784],[11.91499455,54.92241784]]],[[[11.76173012,55.74272204],[11.76173012,55.74272204]]],[[[12.08473436,55.75076773],[12.08473436,55.75076773]]],[[[12.08664311,55.75102911],[12.08664311,55.75102911]]],[[[11.04588367,54.82961552],[11.04588367,54.82961552]]],[[[11.75301091,55.93286694],[11.75301091,55.93286694]]],[[[11.24726694,55.22174339],[11.24726694,55.22174339]]],[[[11.74049031,55.19567041],[11.74049031,55.19567041]]],[[[11.93155633,55.65216784],[11.93155633,55.65216784]]],[[[12.20184318,55.49172151],[12.20184318,55.49172151]]],[[[11.12412902,55.52902475],[11.12412902,55.52902475]]],[[[11.55657614,54.59688716],[11.55657614,54.59688716]]],[[[12.08928261,55.75295322],[12.08928261,55.75295322]]],[[[11.6716199,55.17881094],[11.6716199,55.17881094]]],[[[12.09597627,55.6975007],[12.09597627,55.6975007]]],[[[12.08408668,55.74840343],[12.08408668,55.74840343]]],[[[11.18701842,55.73841065],[11.18701842,55.73841065]]],[[[11.80205833,55.67211559],[11.80205833,55.67211559]]],[[[11.52857007,55.88623865],[11.52857007,55.88623865]]],[[[11.69930787,55.20159034],[11.69930787,55.20159034]]],[[[11.53023113,55.88748993],[11.53023113,55.88748993]]],[[[11.3766881,55.18691321],[11.3766881,55.18691321]]],[[[11.93497756,55.65613803],[11.93497756,55.65613803]]],[[[12.20241227,55.4908044],[12.20241227,55.4908044]]],[[[12.01156319,55.67041746],[12.01156319,55.67041746]]],[[[11.52840825,55.89955606],[11.52840825,55.89955606]]],[[[12.20312056,55.49709132],[12.20312056,55.49709132]]],[[[12.24800975,55.08252901],[12.24800975,55.08252901]]],[[[11.83166216,54.96623901],[11.83166216,54.96623901]]],[[[12.45623783,55.32222258],[12.45623783,55.32222258]]],[[[11.46444392,54.6087701],[11.46444392,54.6087701]]],[[[11.48936429,55.19928127],[11.48936429,55.19928127]]],[[[11.2331572,55.24430697],[11.2331572,55.24430697]]],[[[12.0478176,54.89215306],[12.0478176,54.89215306]]],[[[11.71220048,55.14526801],[11.71220048,55.14526801]]],[[[11.71461107,55.85262007],[11.71461107,55.85262007]]],[[[12.08678499,55.75170079],[12.08678499,55.75170079]]],[[[11.74549849,55.14211261],[11.74549849,55.14211261]]],[[[11.5292867,55.89274147],[11.5292867,55.89274147]]],[[[11.52956745,55.8943465],[11.52956745,55.8943465]]],[[[11.7161488,55.85037395],[11.7161488,55.85037395]]],[[[11.48778995,55.20074384],[11.48778995,55.20074384]]],[[[11.47216209,55.19498307],[11.47216209,55.19498307]]],[[[12.08558601,55.74739186],[12.08558601,55.74739186]]],[[[12.21830558,55.51841925],[12.21830558,55.51841925]]],[[[11.39948465,55.19289798],[11.39948465,55.19289798]]],[[[11.70010332,55.14978095],[11.70010332,55.14978095]]],[[[11.64430017,55.1759487],[11.64430017,55.1759487]]],[[[11.81279757,54.70859213],[11.81279757,54.70859213]]],[[[11.13750016,55.36767941],[11.13750016,55.36767941]]],[[[11.14089705,55.53538921],[11.14089705,55.53538921]]],[[[11.49153993,54.63007001],[11.49153993,54.63007001]]],[[[11.02699751,54.87614697],[11.02699751,54.87614697]]],[[[11.17980394,55.23622386],[11.17980394,55.23622386]]],[[[11.7769095,55.77762614],[11.7769095,55.77762614]]],[[[11.79410306,55.67927069],[11.79410306,55.67927069]]],[[[11.55633491,54.59638064],[11.55633491,54.59638064]]],[[[11.49217696,54.63032614],[11.49217696,54.63032614]]],[[[11.81818037,54.71697406],[11.81818037,54.71697406]]],[[[11.98356293,55.69776405],[11.98356293,55.69776405]]],[[[11.80763778,55.74585904],[11.80763778,55.74585904]]],[[[11.80934621,55.74488203],[11.80934621,55.74488203]]],[[[11.55549205,54.59700608],[11.55549205,54.59700608]]],[[[12.28500776,55.0181281],[12.28500776,55.0181281]]],[[[12.13249897,54.89966543],[12.13249897,54.89966543]]],[[[11.37672451,55.77914963],[11.37672451,55.77914963]]],[[[11.27377311,55.23705767],[11.27377311,55.23705767]]],[[[12.10249036,55.08570975],[12.10249036,55.08570975]]],[[[12.10262558,55.70431352],[12.10262558,55.70431352]]],[[[11.39884274,55.19386685],[11.39884274,55.19386685]]],[[[11.78494455,55.66791925],[11.78494455,55.66791925]]],[[[11.3005313,55.74563668],[11.3005313,55.74563668]]],[[[11.02851777,54.87637273],[11.02851777,54.87637273]]],[[[12.09391559,55.75337049],[12.09391559,55.75337049]]],[[[12.20124413,55.49234586],[12.20124413,55.49234586]]],[[[11.08640527,55.66429846],[11.08640527,55.66429846]]],[[[11.08539161,55.6650782],[11.08539161,55.6650782]]],[[[11.83426608,54.65190413],[11.83426608,54.65190413]]],[[[11.37334733,54.93575686],[11.37334733,54.93575686]]],[[[11.20108694,55.19475306],[11.20108694,55.19475306]]],[[[11.75847809,55.11885708],[11.75847809,55.11885708]]],[[[11.81625682,54.71647226],[11.81625682,54.71647226]]],[[[11.80977339,55.74488556],[11.80977339,55.74488556]]],[[[11.08996592,55.6667819],[11.08996592,55.6667819]]],[[[11.39995863,55.19426799],[11.39995863,55.19426799]]],[[[11.93403064,55.65672804],[11.93403064,55.65672804]]],[[[11.56351603,54.65833346],[11.56351603,54.65833346]]],[[[11.09151968,55.666476],[11.09151968,55.666476]]],[[[12.10433418,55.70440309],[12.10433418,55.70440309]]],[[[12.09663097,55.74268254],[12.09663097,55.74268254]]],[[[11.25764896,55.19981619],[11.25764896,55.19981619]]],[[[11.24619117,55.20393107],[11.24619117,55.20393107]]],[[[11.25738501,55.19970899],[11.25738501,55.19970899]]],[[[11.24446702,55.20584349],[11.24446702,55.20584349]]],[[[11.25789432,55.19992256],[11.25789432,55.19992256]]],[[[11.25713042,55.19960062],[11.25713042,55.19960062]]],[[[11.25833145,55.19859737],[11.25833145,55.19859737]]],[[[11.25786608,55.19893776],[11.25786608,55.19893776]]],[[[12.28185677,54.98204323],[12.28185677,54.98204323]]],[[[11.12109551,55.52248959],[11.12109551,55.52248959]]],[[[11.39854497,55.19409949],[11.39854497,55.19409949]]],[[[12.20268302,55.49035946],[12.20268302,55.49035946]]],[[[11.12148855,55.52294233],[11.12148855,55.52294233]]],[[[11.0909662,55.66665548],[11.0909662,55.66665548]]],[[[11.82163693,54.71729916],[11.82163693,54.71729916]]],[[[12.45624264,55.32275205],[12.45624264,55.32275205]]],[[[12.45595612,55.32182881],[12.45595612,55.32182881]]],[[[12.45634756,55.32319624],[12.45634756,55.32319624]]],[[[12.45582805,55.32138501],[12.45582805,55.32138501]]],[[[11.11571876,55.52769075],[11.11571876,55.52769075]]],[[[11.072461,55.66525271],[11.072461,55.66525271]]],[[[11.92801099,54.57215437],[11.92801099,54.57215437]]],[[[11.37306904,54.93540839],[11.37306904,54.93540839]]],[[[11.12101354,55.52317139],[11.12101354,55.52317139]]]]}}]}
