{"type":"FeatureCollection","features":[{"type":"Feature","properties":{"code":"UUS","name":"Uusimaa","sourceCode":"01"},"geometry":{"type":"MultiPolygon","coordinates":[[[[25.98236257,60.46516108],[25.98614751,60.46719563],[25.97978231,60.474435],[25.97358565,60.47482697],[25.96799154,60.47012381],[25.98236257,60.46516108]]],[[[25.98507806,60.45258091],[25.98916403,60.4547135],[25.98719182,60.46030676],[25.96662673,60.45789102],[25.97272739,60.45399237],[25.98507806,60.45258091]]],[[[26.01047578,60.442988],[26.0124856,60.44633481],[26.00235034,60.44907773],[26.00227478,60.44583732],[26.01047578,60.442988]]],[[[26.02091121,60.43770853],[26.02287233,60.43903347],[26.01720835,60.44428462],[26.01205018,60.44388621],[26.02091121,60.43770853]]],[[[26.01683105,60.4270163],[26.02063716,60.42765242],[26.01654919,60.43241738],[26.02031639,60.43338218],[26.00916311,60.4385222],[26.006075,60.43200351],[26.01683105,60.4270163]]],[[[26.06465841,60.41088015],[26.06730496,60.41484355],[26.06067188,60.4207614],[26.05245725,60.42095795],[26.06465841,60.41088015]]],[[[26.44979299,60.39036039],[26.44643391,60.39524981],[26.44265015,60.39383838],[26.44979299,60.39036039]]],[[[26.24256243,60.38922696],[26.25108693,60.3944622],[26.24829457,60.39698077],[26.23952257,60.39494044],[26.24212451,60.39286248],[26.23785929,60.38923961],[26.24256243,60.38922696]]],[[[26.14921354,60.38685963],[26.15204015,60.38874117],[26.14315649,60.39023032],[26.14367439,60.3873541],[26.14921354,60.38685963]]],[[[26.26857864,60.38556955],[26.27449355,60.38916636],[26.25955988,60.38920657],[26.26857864,60.38556955]]],[[[25.67803483,60.37719715],[25.67903108,60.38057693],[25.67216197,60.38211351],[25.67803483,60.37719715]]],[[[26.2024532,60.37973538],[26.21128399,60.38800736],[26.21922958,60.38950465],[26.21958617,60.39248561],[26.21347745,60.3944879],[26.19684978,60.3893105],[26.19713507,60.38462718],[26.20231383,60.38320374],[26.2024532,60.37973538]]],[[[26.05977898,60.3751798],[26.06289368,60.37644565],[26.06085772,60.38012334],[26.0541624,60.38302699],[26.05977898,60.3751798]]],[[[26.26265191,60.37261523],[26.26694619,60.37627091],[26.25953323,60.37665002],[26.26265191,60.37261523]]],[[[26.11561706,60.36848347],[26.12329304,60.37187354],[26.11636219,60.3774482],[26.12042258,60.38753063],[26.1011184,60.39434821],[26.08754987,60.39427575],[26.08500645,60.389214],[26.09000193,60.38345413],[26.10758122,60.38613989],[26.10600243,60.38264664],[26.11328437,60.37805052],[26.11443751,60.37343037],[26.11166531,60.3709599],[26.11561706,60.36848347]]],[[[26.08644792,60.3648415],[26.08718552,60.36947138],[26.08345852,60.37153116],[26.07743891,60.3682489],[26.07766142,60.36502257],[26.08644792,60.3648415]]],[[[25.6740653,60.36005019],[25.68557923,60.36705287],[25.68096931,60.37312135],[25.66158483,60.369717],[25.6667791,60.36044917],[25.6740653,60.36005019]]],[[[26.22248584,60.36299945],[26.22773137,60.36446581],[26.22288566,60.36782809],[26.20793352,60.36592742],[26.22248584,60.36299945]]],[[[26.35916639,60.36226647],[26.36316736,60.36482667],[26.3544486,60.36484169],[26.34801142,60.37423131],[26.3389867,60.37144266],[26.34773365,60.36246679],[26.35916639,60.36226647]]],[[[26.49990753,60.35170598],[26.50193542,60.35459378],[26.4994871,60.35750125],[26.49223439,60.35933988],[26.49990753,60.35170598]]],[[[26.47046601,60.35072763],[26.47411467,60.35374662],[26.4660706,60.35527833],[26.47046601,60.35072763]]],[[[25.98438541,60.34578904],[25.99247942,60.34806355],[25.98674248,60.35091724],[25.98438541,60.34578904]]],[[[26.4072548,60.34525269],[26.41122941,60.34665414],[26.40987761,60.3489117],[26.40370144,60.34689156],[26.4072548,60.34525269]]],[[[26.42775813,60.34290043],[26.43694843,60.34789856],[26.43914566,60.35273726],[26.4373138,60.35615879],[26.4395444,60.35840268],[26.43547055,60.36207943],[26.41450351,60.3524409],[26.42775813,60.34290043]]],[[[26.52249364,60.34217522],[26.54107438,60.34383557],[26.53877432,60.3475873],[26.54149117,60.35403135],[26.52078018,60.35522299],[26.52743629,60.35794341],[26.53524301,60.35628527],[26.53981303,60.3606114],[26.53197106,60.36950555],[26.50924939,60.367625],[26.51450715,60.3608202],[26.50609613,60.35996384],[26.50335163,60.36348323],[26.50781252,60.36954622],[26.50028822,60.36936556],[26.48921681,60.37914556],[26.48439223,60.37713671],[26.48849152,60.37366717],[26.48367049,60.37286502],[26.45983222,60.38065251],[26.43838166,60.3925225],[26.43718488,60.3978876],[26.42598325,60.40761159],[26.41711599,60.40203354],[26.42137139,60.39687036],[26.41844953,60.39545535],[26.42040951,60.39294773],[26.42739641,60.38930338],[26.42332359,60.38621422],[26.42783028,60.38253888],[26.42407178,60.37481397],[26.39899782,60.38161452],[26.38936931,60.38722418],[26.38428422,60.38628315],[26.3872478,60.38327442],[26.38301875,60.38127079],[26.38575288,60.37485378],[26.39504865,60.36987025],[26.38710285,60.36943227],[26.38411005,60.36353343],[26.39491243,60.35699778],[26.41016395,60.35842588],[26.41083568,60.36392752],[26.42419547,60.36159051],[26.42740024,60.37272836],[26.43931103,60.36945753],[26.44701179,60.35846357],[26.46124994,60.35681209],[26.46897321,60.36090596],[26.49828357,60.36211979],[26.50300205,60.35970236],[26.50769099,60.35044377],[26.50575941,60.34524653],[26.52249364,60.34217522]]],[[[26.13016107,60.33927345],[26.13343055,60.34043796],[26.12878383,60.34620171],[26.1240872,60.34463817],[26.13016107,60.33927345]]],[[[26.12165342,60.33889793],[26.12426952,60.34172772],[26.12045022,60.3441658],[26.12255063,60.34824178],[26.11912657,60.35097729],[26.12314919,60.35092139],[26.12646247,60.35903107],[26.10579732,60.356468],[26.10576187,60.34556912],[26.12165342,60.33889793]]],[[[26.40981342,60.33944122],[26.41389517,60.33999791],[26.41375075,60.34290866],[26.40685272,60.34085477],[26.40981342,60.33944122]]],[[[25.65632568,60.33376489],[25.7001783,60.33890283],[25.66961092,60.35514176],[25.64124914,60.35183566],[25.64393278,60.34700428],[25.63849806,60.34017125],[25.64615077,60.3343663],[25.65632568,60.33376489]]],[[[26.30564052,60.33683588],[26.30403696,60.34173336],[26.28591804,60.34537839],[26.28797181,60.34834933],[26.28125169,60.35376924],[26.26425885,60.35716239],[26.27524533,60.34758005],[26.27579379,60.34301021],[26.30564052,60.33683588]]],[[[26.35904366,60.33200235],[26.36164031,60.33567182],[26.355569,60.33561836],[26.35583281,60.33241142],[26.35904366,60.33200235]]],[[[26.50889954,60.33206394],[26.51712883,60.3335933],[26.51522265,60.34168879],[26.50621445,60.33804334],[26.50889954,60.33206394]]],[[[25.90065605,60.32328618],[25.90893846,60.32564987],[25.89918937,60.32661444],[25.90065605,60.32328618]]],[[[26.29637893,60.32498339],[26.30292469,60.32551883],[26.2976476,60.3299113],[26.29637893,60.32498339]]],[[[26.30988093,60.32327322],[26.31407004,60.32660396],[26.30905785,60.33023021],[26.30951525,60.33429669],[26.30453955,60.33486681],[26.30311539,60.32940597],[26.30988093,60.32327322]]],[[[25.55302138,60.3162444],[25.556775,60.31792252],[25.54902897,60.32128492],[25.55302138,60.3162444]]],[[[25.89304652,60.31699159],[25.89659593,60.31935464],[25.89521623,60.32278228],[25.89042215,60.32028824],[25.89304652,60.31699159]]],[[[26.27285109,60.31816932],[26.2754611,60.31909575],[26.2654539,60.32347394],[26.26555312,60.32583397],[26.26009728,60.32402815],[26.26447609,60.31824311],[26.27285109,60.31816932]]],[[[25.92188205,60.31570595],[25.93333191,60.3195704],[25.93274969,60.32369053],[25.92188205,60.31570595]]],[[[26.20152337,60.3166627],[26.20572287,60.32034774],[26.21447324,60.3170192],[26.24958178,60.32048704],[26.23673825,60.33370207],[26.22725374,60.33248602],[26.22872315,60.33591215],[26.21498159,60.33874701],[26.20353641,60.34546166],[26.17686429,60.35184103],[26.16639581,60.3498425],[26.16809151,60.34167076],[26.17739035,60.33884608],[26.19465066,60.31871973],[26.20152337,60.3166627]]],[[[26.28907297,60.31044465],[26.28656352,60.31516809],[26.27445655,60.31767898],[26.2759373,60.3110407],[26.28907297,60.31044465]]],[[[25.91199675,60.30688979],[25.91617694,60.30870771],[25.91692701,60.31388632],[25.90984031,60.3109031],[25.91199675,60.30688979]]],[[[26.22695822,60.30892731],[26.22987021,60.31024314],[26.2186515,60.31298183],[26.22695822,60.30892731]]],[[[26.48923756,60.30451766],[26.49346407,60.30653158],[26.48708747,60.30893864],[26.4858985,60.30638564],[26.48923756,60.30451766]]],[[[26.24785422,60.30189702],[26.25222352,60.30414208],[26.25057155,60.30692931],[26.24121788,60.30951694],[26.24185275,60.30375652],[26.24785422,60.30189702]]],[[[26.25836418,60.30159733],[26.26609517,60.30517959],[26.25550175,60.30340659],[26.25836418,60.30159733]]],[[[26.26195676,60.2977705],[26.26948674,60.29969967],[26.26597976,60.30223242],[26.26055421,60.30052367],[26.26195676,60.2977705]]],[[[26.03242925,60.29613844],[26.03694165,60.29772248],[26.03025372,60.299156],[26.03242925,60.29613844]]],[[[26.02762607,60.29175881],[26.03431161,60.2937171],[26.02211644,60.29417571],[26.02762607,60.29175881]]],[[[26.14361276,60.28970004],[26.14665551,60.29027074],[26.13574439,60.29708103],[26.12703113,60.31076513],[26.09804154,60.30878609],[26.10381147,60.30406404],[26.0903156,60.29716981],[26.10142367,60.29474315],[26.09682984,60.29205301],[26.0994331,60.28965968],[26.10763722,60.29330387],[26.14361276,60.28970004]]],[[[26.13431489,60.28538765],[26.13241754,60.28873789],[26.12545855,60.28920604],[26.13431489,60.28538765]]],[[[25.81880988,60.27872789],[25.82234863,60.28169232],[25.80766295,60.28251462],[25.81880988,60.27872789]]],[[[26.09071506,60.27610891],[26.09673238,60.27936079],[26.08678021,60.28015251],[26.09071506,60.27610891]]],[[[26.10233606,60.27298422],[26.1062471,60.27649947],[26.09892669,60.27799183],[26.10233606,60.27298422]]],[[[26.44064178,60.272504],[26.45585208,60.27613574],[26.43541292,60.27385787],[26.44064178,60.272504]]],[[[25.94070996,60.26829082],[25.95488568,60.2736059],[25.98194018,60.27619314],[25.99740174,60.28610454],[26.00073679,60.28590991],[26.00770728,60.27742009],[26.01663984,60.28068819],[26.02584222,60.27835736],[26.03908503,60.28472193],[26.03414781,60.28933347],[26.01532449,60.28828104],[26.0085891,60.29276273],[25.98929559,60.29251427],[26.00392105,60.29663703],[26.00779858,60.30131937],[26.00879497,60.32267657],[25.99574097,60.32273834],[25.99006289,60.3303037],[25.99843722,60.33586437],[25.9882604,60.33752819],[25.97981623,60.34358548],[25.97229809,60.34012589],[25.94112701,60.35430675],[25.93101137,60.35322088],[25.92817076,60.34672924],[25.93047219,60.34377796],[25.9275648,60.34184402],[25.94446749,60.33140586],[25.94910524,60.32192751],[25.95420365,60.31930377],[25.95183249,60.31574552],[25.95674225,60.30630514],[25.96159903,60.30483499],[25.96303098,60.30014239],[25.95570131,60.29925013],[25.95493581,60.3036301],[25.94606561,60.30502362],[25.93265913,60.30158272],[25.93693119,60.2989769],[25.93633184,60.29381897],[25.94128554,60.28918211],[25.94044097,60.28362007],[25.93244376,60.28204264],[25.93639049,60.27747685],[25.93630398,60.27157393],[25.94070996,60.26829082]]],[[[25.37282266,60.26162285],[25.38139232,60.26656554],[25.36957026,60.26445728],[25.37282266,60.26162285]]],[[[26.10608648,60.26848959],[26.11182765,60.27146798],[26.11048704,60.27353197],[26.12172225,60.27541625],[26.11779814,60.27727654],[26.12121628,60.27987875],[26.13344327,60.27575191],[26.1360649,60.28326986],[26.12248671,60.28538925],[26.1097851,60.29236492],[26.09604609,60.28799343],[26.06574875,60.2974495],[26.0510668,60.29791133],[26.0395976,60.29343368],[26.04165158,60.28818215],[26.07093636,60.28778963],[26.0683105,60.28289499],[26.07533055,60.27791424],[26.07934088,60.27743441],[26.07754136,60.28282699],[26.08402404,60.28828955],[26.09847781,60.28551536],[26.11120945,60.27827546],[26.10579013,60.27502135],[26.10608648,60.26848959]]],[[[25.97798331,60.26577],[25.977895,60.2741334],[25.97058834,60.27439304],[25.96644415,60.27069613],[25.97798331,60.26577]]],[[[25.98904344,60.26555742],[26.00452436,60.26790049],[25.99809442,60.27151291],[26.00099017,60.27832968],[25.99371976,60.28055197],[25.98305995,60.27433936],[25.9804137,60.26583673],[25.98904344,60.26555742]]],[[[25.95419798,60.26453332],[25.96011563,60.26695902],[25.95030389,60.26600148],[25.95419798,60.26453332]]],[[[25.96887957,60.26437449],[25.96963591,60.26666358],[25.962377,60.26738417],[25.96887957,60.26437449]]],[[[25.36556906,60.2553537],[25.36814859,60.26004167],[25.35926712,60.25939074],[25.36556906,60.2553537]]],[[[25.36294537,60.2508593],[25.36544213,60.25254127],[25.35361895,60.25828158],[25.35469469,60.25310715],[25.36294537,60.2508593]]],[[[25.30543309,60.24977232],[25.31153432,60.25151633],[25.29981132,60.25048742],[25.30543309,60.24977232]]],[[[25.84029757,60.25463928],[25.84039392,60.25895491],[25.83332729,60.25837645],[25.84029757,60.25463928]]],[[[26.20628855,60.25716181],[26.20249672,60.25994834],[26.20668027,60.26126001],[26.1947089,60.26105046],[26.20628855,60.25716181]]],[[[25.80121396,60.25372511],[25.80679609,60.25606559],[25.79785846,60.26169396],[25.79647906,60.25746409],[25.80121396,60.25372511]]],[[[25.40093504,60.24941242],[25.40535104,60.25011126],[25.405337,60.25257822],[25.39661375,60.25160008],[25.40093504,60.24941242]]],[[[25.22309822,60.245449],[25.23846862,60.24955456],[25.22687012,60.2562495],[25.20342752,60.25125494],[25.22309822,60.245449]]],[[[25.25469408,60.24522493],[25.26637336,60.24753639],[25.25248422,60.24609792],[25.25469408,60.24522493]]],[[[25.4969078,60.24812811],[25.50331269,60.25200732],[25.50320357,60.25612068],[25.49638792,60.25324393],[25.499063,60.25125438],[25.4969078,60.24812811]]],[[[26.21811596,60.25385703],[26.22017712,60.25433332],[26.20926236,60.25977731],[26.21811596,60.25385703]]],[[[25.9290304,60.25113078],[25.93823738,60.25277164],[25.93379646,60.25456635],[25.9290304,60.25113078]]],[[[25.9481453,60.2502975],[25.95788177,60.2548812],[25.94391727,60.25321419],[25.9481453,60.2502975]]],[[[25.24789236,60.24248456],[25.25017691,60.24570238],[25.24229782,60.24538076],[25.24789236,60.24248456]]],[[[25.55709053,60.24567171],[25.56344038,60.24631343],[25.56329058,60.2486296],[25.55401327,60.24730035],[25.55709053,60.24567171]]],[[[25.75229718,60.24655447],[25.76260839,60.25035182],[25.75119875,60.25247623],[25.74308091,60.25009427],[25.75229718,60.24655447]]],[[[25.84915155,60.24684588],[25.86163294,60.2498624],[25.85842751,60.25782315],[25.84511933,60.26176527],[25.84248965,60.258152],[25.84948533,60.25378911],[25.84618164,60.25036658],[25.84915155,60.24684588]]],[[[25.35342263,60.24123766],[25.35378233,60.24505277],[25.34487351,60.24665],[25.3489722,60.24396123],[25.34748056,60.24181065],[25.35342263,60.24123766]]],[[[25.3662924,60.24066922],[25.37111227,60.24293755],[25.35954,60.25013929],[25.35682681,60.24892781],[25.3590324,60.24733048],[25.35646259,60.24509271],[25.3662924,60.24066922]]],[[[26.03319685,60.24647185],[26.03761139,60.24770025],[26.03664491,60.25032434],[26.03060862,60.24964558],[26.02937418,60.24687814],[26.03319685,60.24647185]]],[[[25.29557723,60.23861639],[25.28706111,60.2478213],[25.27940555,60.24369218],[25.29557723,60.23861639]]],[[[25.25636272,60.23751464],[25.26041877,60.24214614],[25.2500064,60.24192913],[25.25636272,60.23751464]]],[[[25.93968659,60.24129983],[25.9615118,60.24417576],[25.96780505,60.24805601],[25.96227477,60.2519165],[25.92944605,60.24576134],[25.93968659,60.24129983]]],[[[25.88603748,60.23925307],[25.89348364,60.24151746],[25.88398075,60.24056502],[25.88603748,60.23925307]]],[[[25.3202713,60.23290379],[25.32198836,60.23469153],[25.31174211,60.235075],[25.3202713,60.23290379]]],[[[25.53643207,60.2337886],[25.53947751,60.23760603],[25.53241362,60.24301189],[25.54264347,60.24616636],[25.53381941,60.24839787],[25.53699396,60.25375467],[25.53478937,60.25475914],[25.52446294,60.25426698],[25.51919796,60.24466543],[25.51176739,60.23945991],[25.53643207,60.2337886]]],[[[25.90636119,60.23689244],[25.92726866,60.24156771],[25.91059182,60.24696674],[25.88664847,60.23742738],[25.90636119,60.23689244]]],[[[25.45248981,60.23164875],[25.46189441,60.23383994],[25.46719269,60.24240283],[25.48993566,60.24718639],[25.47807149,60.24829752],[25.47868137,60.25316232],[25.45030643,60.24649177],[25.44619149,60.23757492],[25.45132248,60.23552844],[25.45248981,60.23164875]]],[[[26.016517,60.23612022],[26.02277512,60.23922633],[26.01453303,60.24255682],[26.01112357,60.2407157],[26.01036125,60.23832978],[26.016517,60.23612022]]],[[[25.93191791,60.23290128],[25.94215077,60.2387676],[25.92520645,60.23617097],[25.93191791,60.23290128]]],[[[25.91146872,60.23270647],[25.92290282,60.23483008],[25.90695201,60.23503995],[25.91146872,60.23270647]]],[[[25.29514922,60.22434725],[25.30045122,60.23295834],[25.2876286,60.23785869],[25.2774429,60.2370681],[25.28404215,60.23205163],[25.28547532,60.22571919],[25.29514922,60.22434725]]],[[[25.97114067,60.23090751],[25.97342335,60.23159529],[25.97095625,60.23449439],[25.96204863,60.2312805],[25.97114067,60.23090751]]],[[[25.52791342,60.22599849],[25.53813719,60.22787239],[25.52640067,60.22840539],[25.52791342,60.22599849]]],[[[25.35288738,60.22385042],[25.35296797,60.22831028],[25.36944168,60.23476329],[25.36091998,60.24004941],[25.32946388,60.24324985],[25.3239006,60.24867553],[25.29862477,60.24718352],[25.2991172,60.24313559],[25.30726132,60.23936621],[25.3154725,60.23781115],[25.31977808,60.24117],[25.32989473,60.23498697],[25.34319038,60.233468],[25.34550947,60.232338],[25.34300287,60.22927357],[25.35288738,60.22385042]]],[[[25.34753922,60.22210821],[25.34047206,60.22748938],[25.3374175,60.22578882],[25.34753922,60.22210821]]],[[[26.01820289,60.2285665],[26.01472414,60.23049624],[26.01601678,60.2326459],[26.00888381,60.23167106],[26.00918751,60.22908196],[26.01820289,60.2285665]]],[[[25.43249525,60.22252079],[25.44876543,60.229568],[25.44796123,60.23608834],[25.44450339,60.23636758],[25.44777722,60.24581906],[25.42866764,60.24815489],[25.42654999,60.24536176],[25.4154738,60.24564966],[25.41775719,60.24876853],[25.40737819,60.25040335],[25.40545192,60.24498503],[25.41873004,60.23620409],[25.41574042,60.22961139],[25.41901089,60.22761238],[25.4160066,60.22454906],[25.42952447,60.22776992],[25.43249525,60.22252079]]],[[[25.23065761,60.21980457],[25.24843554,60.22284358],[25.24848769,60.22839814],[25.25270823,60.2310644],[25.22847274,60.23511039],[25.21658539,60.22881729],[25.21510207,60.2253046],[25.21775527,60.22296086],[25.23065761,60.21980457]]],[[[25.30952832,60.21955318],[25.330142,60.22384131],[25.30347767,60.22939437],[25.3033323,60.22284398],[25.30952832,60.21955318]]],[[[25.94781384,60.22593968],[25.95570471,60.23025325],[25.93821069,60.22981109],[25.94781384,60.22593968]]],[[[25.99366757,60.22621211],[25.99745998,60.2274254],[25.99163254,60.23194895],[25.99366757,60.22621211]]],[[[25.52047937,60.22119912],[25.52559741,60.22550429],[25.51691485,60.22611387],[25.52047937,60.22119912]]],[[[25.55585456,60.22079291],[25.56565853,60.22237453],[25.56121436,60.22743471],[25.5485744,60.22448238],[25.55585456,60.22079291]]],[[[25.49772891,60.22011722],[25.50672469,60.22423605],[25.49268532,60.22523341],[25.49772891,60.22011722]]],[[[25.54194157,60.22034172],[25.54512878,60.22153488],[25.54192342,60.22624495],[25.53933028,60.22189262],[25.54194157,60.22034172]]],[[[25.26607682,60.2169431],[25.26957338,60.21916081],[25.25392943,60.21981123],[25.26607682,60.2169431]]],[[[25.96491514,60.22419956],[25.97901002,60.22691266],[25.97015899,60.22684442],[25.96826105,60.23009237],[25.95579951,60.22568614],[25.96491514,60.22419956]]],[[[25.2755871,60.21580676],[25.28096266,60.21640303],[25.27980694,60.22027469],[25.27251271,60.22051881],[25.2755871,60.21580676]]],[[[26.01917444,60.22109316],[26.01592842,60.22470258],[26.01877148,60.22708583],[26.00779596,60.2280364],[26.00337729,60.22505906],[26.01917444,60.22109316]]],[[[25.50441687,60.21395409],[25.51011458,60.21498204],[25.50799238,60.21802383],[25.51372502,60.22111393],[25.49656745,60.21729481],[25.50441687,60.21395409]]],[[[25.275284,60.21094801],[25.27887747,60.21191337],[25.26878542,60.21170333],[25.275284,60.21094801]]],[[[25.38261073,60.21158862],[25.39050762,60.21514251],[25.37944978,60.21430556],[25.38261073,60.21158862]]],[[[25.56077003,60.21243433],[25.57622582,60.21747221],[25.55955167,60.21766685],[25.55688387,60.21603041],[25.56077003,60.21243433]]],[[[25.94834367,60.21592994],[25.95352507,60.21752524],[25.95099877,60.22022014],[25.9339395,60.22045852],[25.94090374,60.2235891],[25.93929922,60.22591034],[25.92743825,60.22576346],[25.92650404,60.22766543],[25.93552369,60.23113042],[25.90101399,60.23295156],[25.89455331,60.22984405],[25.8976288,60.2289363],[25.8953956,60.22574821],[25.90086543,60.22306134],[25.90957483,60.22443433],[25.9135928,60.22111509],[25.92800222,60.22119285],[25.93370145,60.21696038],[25.94834367,60.21592994]]],[[[25.95865297,60.21588249],[25.97853115,60.22030375],[25.98005271,60.22378693],[25.95960453,60.22240266],[25.95555771,60.2192253],[25.95865297,60.21588249]]],[[[25.48727908,60.21078155],[25.49364541,60.21458035],[25.48067002,60.21515867],[25.48727908,60.21078155]]],[[[25.91037911,60.21486449],[25.90610571,60.22025014],[25.90141902,60.22017092],[25.91037911,60.21486449]]],[[[25.22586098,60.20746868],[25.22992119,60.21229074],[25.24229646,60.21227502],[25.24720479,60.21620449],[25.21392072,60.21851067],[25.22586098,60.20746868]]],[[[25.97437776,60.21370584],[25.98105686,60.21727136],[25.97421598,60.21727513],[25.97437776,60.21370584]]],[[[25.68952307,60.21048297],[25.68787977,60.21828944],[25.68289564,60.21991879],[25.68232989,60.22350902],[25.67107866,60.23266433],[25.66490437,60.2268184],[25.66565121,60.22339897],[25.65153463,60.21920969],[25.65660646,60.21457589],[25.66435942,60.21834308],[25.67082656,60.21401137],[25.66900136,60.21144638],[25.68952307,60.21048297]]],[[[25.92371698,60.21164567],[25.92990568,60.21415796],[25.91158385,60.21646166],[25.92371698,60.21164567]]],[[[26.02614356,60.2112279],[26.02702469,60.21513835],[26.02114782,60.21687663],[26.02614356,60.2112279]]],[[[25.33501784,60.20424408],[25.33959113,60.20556236],[25.3367145,60.2094239],[25.33330135,60.20837653],[25.33501784,60.20424408]]],[[[25.49941179,60.20544489],[25.50440551,60.20574314],[25.51257404,60.21292422],[25.49471982,60.21038669],[25.49941179,60.20544489]]],[[[25.80797193,60.20785093],[25.81114692,60.20955199],[25.81166598,60.21567597],[25.80797193,60.20785093]]],[[[25.95896614,60.20823662],[25.95653541,60.21156295],[25.96213031,60.21206617],[25.95889785,60.21448252],[25.94896678,60.21396821],[25.95896614,60.20823662]]],[[[25.21548651,60.19999657],[25.21769721,60.20005522],[25.21048638,60.20508638],[25.2003854,60.20494804],[25.21548651,60.19999657]]],[[[26.00947925,60.20633854],[26.00665992,60.21001692],[26.01060693,60.21895995],[26.00428801,60.21617466],[26.0056704,60.20855897],[26.00947925,60.20633854]]],[[[25.99674977,60.20577287],[26.00220921,60.20968403],[25.9946195,60.20865172],[25.99674977,60.20577287]]],[[[25.62312303,60.20221934],[25.63276548,60.20447033],[25.64186825,60.21314863],[25.63052594,60.2182002],[25.63730183,60.22074593],[25.6359234,60.22704828],[25.65809543,60.22912095],[25.66493281,60.23905305],[25.67975011,60.23984394],[25.66992562,60.24884849],[25.67316281,60.25319415],[25.66804324,60.25584308],[25.67219405,60.25957097],[25.65700827,60.25996996],[25.64888678,60.26560341],[25.65300298,60.26670439],[25.6483037,60.27458056],[25.63419865,60.27685126],[25.63674009,60.28186637],[25.61848438,60.28210748],[25.61184583,60.2877881],[25.61351404,60.28944944],[25.60941404,60.29527495],[25.61859215,60.30337561],[25.60390819,60.30186769],[25.60246609,60.30488101],[25.61005512,60.30761192],[25.60123972,60.31645873],[25.58417371,60.30590637],[25.5762446,60.30440102],[25.57340233,60.29560292],[25.57632006,60.28978319],[25.57502613,60.28388317],[25.5695766,60.27423337],[25.5738213,60.26598575],[25.5704443,60.26361151],[25.58508823,60.25216222],[25.58619913,60.2469936],[25.61431644,60.23541994],[25.63809194,60.245412],[25.64427685,60.24522729],[25.63911574,60.23706691],[25.60822831,60.23150128],[25.59395796,60.22584962],[25.61283045,60.21939282],[25.60700515,60.21782663],[25.60828999,60.21498886],[25.6258441,60.21039382],[25.62779647,60.20805285],[25.62312303,60.20221934]]],[[[25.92205578,60.20487879],[25.92125017,60.20822264],[25.9156762,60.20643444],[25.92205578,60.20487879]]],[[[25.90271205,60.20467854],[25.91720186,60.20868391],[25.91346215,60.2132285],[25.89811127,60.21580306],[25.89292743,60.2212904],[25.86163273,60.21175604],[25.8783312,60.20503103],[25.8792574,60.20910217],[25.90271205,60.20467854]]],[[[25.49920999,60.19575795],[25.49687207,60.20156918],[25.4868179,60.20073512],[25.48718446,60.19800249],[25.49920999,60.19575795]]],[[[25.22902435,60.19067248],[25.23497783,60.19147257],[25.23385417,60.19585556],[25.22710241,60.19452425],[25.22902435,60.19067248]]],[[[25.90384604,60.19742914],[25.92259061,60.19888338],[25.89899436,60.20054777],[25.90384604,60.19742914]]],[[[25.06440949,60.18697282],[25.07326387,60.19365778],[25.06672263,60.19598656],[25.0491588,60.19076109],[25.06440949,60.18697282]]],[[[25.93008081,60.1965554],[25.93735925,60.19772695],[25.92009823,60.20284772],[25.93008081,60.1965554]]],[[[24.85854995,60.18243693],[24.87149372,60.18758009],[24.86868919,60.1897641],[24.85319592,60.18482619],[24.85854995,60.18243693]]],[[[25.86309852,60.19444831],[25.86734331,60.19779482],[25.88712246,60.20010343],[25.87126566,60.20195657],[25.85728111,60.19619637],[25.86309852,60.19444831]]],[[[25.82610956,60.19339908],[25.83366906,60.19880699],[25.86290317,60.20459587],[25.86460889,60.20718119],[25.85767606,60.20952941],[25.85859866,60.21173247],[25.87377449,60.21882967],[25.889653,60.22089406],[25.89229294,60.22576879],[25.8723092,60.22803371],[25.87214465,60.23202964],[25.86781358,60.23116636],[25.87021961,60.22749446],[25.86715299,60.22544088],[25.85938535,60.22468611],[25.85612444,60.22711536],[25.84898722,60.2248658],[25.83779093,60.23257639],[25.83545739,60.23073065],[25.83951446,60.22770207],[25.82293866,60.22929815],[25.8132872,60.2035491],[25.80254043,60.19898779],[25.81172724,60.19982904],[25.82610956,60.19339908]]],[[[25.84378716,60.19211104],[25.84560349,60.19351737],[25.84288689,60.19627546],[25.83857468,60.19692167],[25.84378716,60.19211104]]],[[[25.54364173,60.18901845],[25.54867138,60.18954369],[25.5482209,60.19286511],[25.54400501,60.19370917],[25.539287,60.20434959],[25.55062852,60.20808112],[25.53448659,60.21516618],[25.51847196,60.21372604],[25.5216188,60.20877216],[25.53393932,60.20749577],[25.53063032,60.2053036],[25.53519312,60.19911205],[25.52451943,60.19212191],[25.54364173,60.18901845]]],[[[25.01584432,60.17903449],[25.01994051,60.18732625],[25.00815289,60.19100444],[24.99348629,60.18485537],[25.01584432,60.17903449]]],[[[24.98967574,60.17806602],[25.00104371,60.18074581],[24.98821813,60.18322431],[24.98172694,60.17972044],[24.98967574,60.17806602]]],[[[25.0780036,60.1792992],[25.08652582,60.18423855],[25.0843159,60.18991315],[25.07382514,60.1891462],[25.07232983,60.18514556],[25.06649976,60.18470224],[25.06776584,60.18063803],[25.0780036,60.1792992]]],[[[24.88519552,60.17624339],[24.88867567,60.1826523],[24.88316082,60.18615028],[24.87881974,60.18206423],[24.88112543,60.1770799],[24.88519552,60.17624339]]],[[[25.50710971,60.1836934],[25.51051112,60.18611277],[25.50515315,60.18927119],[25.50241872,60.18475945],[25.50710971,60.1836934]]],[[[24.85305842,60.17388774],[24.85692825,60.17396869],[24.85402365,60.1765519],[24.85920993,60.18042333],[24.85223316,60.18323198],[24.84372871,60.18030797],[24.85305842,60.17388774]]],[[[25.83506239,60.18551151],[25.83834933,60.18612071],[25.83875498,60.19110432],[25.82982581,60.18649725],[25.83506239,60.18551151]]],[[[25.77883029,60.18246871],[25.7936994,60.18815942],[25.77883029,60.18246871]]],[[[25.2430051,60.17477602],[25.24796038,60.17824545],[25.2412077,60.18147976],[25.23411279,60.180673],[25.23496441,60.1757062],[25.2430051,60.17477602]]],[[[24.98638065,60.17043058],[24.99307504,60.17615114],[24.98380717,60.17733016],[24.9787275,60.17420555],[24.98638065,60.17043058]]],[[[25.47338217,60.17418334],[25.4933661,60.17990492],[25.48195197,60.18082324],[25.47341886,60.17722074],[25.47338217,60.17418334]]],[[[25.51704803,60.17341287],[25.52339993,60.17795922],[25.51300926,60.1750239],[25.51704803,60.17341287]]],[[[25.46063954,60.17104136],[25.46773847,60.17261193],[25.46273966,60.17588307],[25.46416232,60.18039681],[25.47827303,60.18233718],[25.46551893,60.18549964],[25.435854,60.17778606],[25.45680347,60.17425111],[25.46063954,60.17104136]]],[[[24.84757138,60.16143742],[24.85323795,60.16451055],[24.83942256,60.16708088],[24.83440129,60.16343295],[24.84162924,60.16567563],[24.84855706,60.16430159],[24.84757138,60.16143742]]],[[[24.96981111,60.16307996],[24.98086228,60.1672619],[24.96270529,60.16927691],[24.95827679,60.16669546],[24.96981111,60.16307996]]],[[[25.35109073,60.16723612],[25.35387005,60.1685369],[25.35235708,60.17027453],[25.33858678,60.17578543],[25.32406472,60.17161388],[25.35109073,60.16723612]]],[[[25.25648995,60.16294312],[25.26182308,60.16602638],[25.25358244,60.16550035],[25.25648995,60.16294312]]],[[[25.41704856,60.16483321],[25.42077312,60.16628143],[25.41019851,60.16700521],[25.41704856,60.16483321]]],[[[25.0678867,60.15764932],[25.09648184,60.16080692],[25.09741028,60.16433135],[25.0804622,60.1727255],[25.07204067,60.1670816],[25.06338832,60.16654323],[25.06695634,60.16834581],[25.06335239,60.17447602],[25.06521055,60.17862821],[25.06268131,60.18517766],[25.05792989,60.18769797],[25.04232979,60.18472385],[25.04621591,60.18093394],[25.0287969,60.18042219],[25.00999953,60.17030391],[25.01189015,60.16310429],[25.03560151,60.164089],[25.04157055,60.16042562],[25.0678867,60.15764932]]],[[[24.80836951,60.15322293],[24.80909033,60.15796929],[24.80213798,60.15617003],[24.80836951,60.15322293]]],[[[25.2635748,60.15967163],[25.26772113,60.16131584],[25.25698115,60.16124512],[25.2635748,60.15967163]]],[[[25.13381341,60.15539931],[25.14762625,60.15926669],[25.13675973,60.16030147],[25.12766247,60.15716716],[25.13381341,60.15539931]]],[[[25.22829273,60.15625328],[25.22608522,60.15962412],[25.21579184,60.16037225],[25.22829273,60.15625328]]],[[[25.43949747,60.15843802],[25.44755251,60.15891276],[25.45187497,60.16377901],[25.43939035,60.16739817],[25.44913843,60.17211408],[25.42920843,60.17199355],[25.41966892,60.16840732],[25.42551696,60.16755964],[25.42443206,60.16315231],[25.43949747,60.15843802]]],[[[24.8041154,60.14935574],[24.80670055,60.15095083],[24.79592485,60.15416915],[24.79647213,60.15151742],[24.8041154,60.14935574]]],[[[25.41228885,60.15666833],[25.42353075,60.16072475],[25.41996232,60.164249],[25.40428162,60.16132058],[25.41068607,60.16084545],[25.41228885,60.15666833]]],[[[25.12416842,60.15283452],[25.12955273,60.1538545],[25.12231695,60.15704773],[25.12636657,60.16177329],[25.10878404,60.16247784],[25.10502,60.16116683],[25.10756573,60.15936822],[25.09935706,60.16014798],[25.0928903,60.15563412],[25.12416842,60.15283452]]],[[[25.01276654,60.14978935],[25.01756587,60.15376861],[25.01263441,60.15607742],[25.01000897,60.15152025],[25.01276654,60.14978935]]],[[[24.818773,60.14498921],[24.82632211,60.14693289],[24.82124129,60.14857683],[24.81751557,60.14679741],[24.818773,60.14498921]]],[[[25.2846814,60.15088955],[25.28934849,60.15378536],[25.27845478,60.15233147],[25.2846814,60.15088955]]],[[[24.87653163,60.14410097],[24.89017686,60.14666383],[24.89274379,60.15053648],[24.88652007,60.15722037],[24.8932066,60.15851606],[24.89337819,60.16230241],[24.88033136,60.16565533],[24.86638101,60.16440555],[24.86061137,60.16686992],[24.85947804,60.17065085],[24.85590127,60.17023626],[24.85296969,60.16143155],[24.85805861,60.15840355],[24.85469742,60.15326082],[24.8726662,60.15475693],[24.87575003,60.15014865],[24.87268034,60.14468809],[24.87653163,60.14410097]]],[[[25.09763582,60.14623649],[25.10146884,60.14803371],[25.09734622,60.15012985],[25.09132863,60.14819064],[25.09763582,60.14623649]]],[[[24.99182159,60.14300925],[24.99393504,60.14482192],[24.98947368,60.14925273],[24.98141123,60.14779594],[24.99182159,60.14300925]]],[[[24.75970701,60.13623169],[24.76541285,60.13834317],[24.76528679,60.14191501],[24.75694747,60.14281847],[24.7556046,60.13889372],[24.75970701,60.13623169]]],[[[25.25330532,60.14250445],[25.2561989,60.14421186],[25.25148316,60.14651606],[25.24656777,60.14300426],[25.25330532,60.14250445]]],[[[24.99014467,60.13776509],[24.986425,60.14551628],[24.97769362,60.14521138],[24.9855257,60.13788755],[24.99014467,60.13776509]]],[[[24.91636949,60.13580823],[24.91960415,60.13842754],[24.91450902,60.1401737],[24.90949153,60.13741393],[24.91636949,60.13580823]]],[[[24.76713237,60.13129361],[24.77323022,60.13447749],[24.76659701,60.13571145],[24.76389031,60.13243307],[24.76713237,60.13129361]]],[[[24.63682083,60.12741941],[24.64684177,60.12879849],[24.64086759,60.13147967],[24.63682083,60.12741941]]],[[[25.03310079,60.13297571],[25.04791672,60.13754759],[25.06184429,60.13652167],[25.06415282,60.13821077],[25.05747957,60.14054324],[25.05820386,60.14419379],[25.08496678,60.14649638],[25.07817318,60.15073005],[25.06213426,60.15205004],[25.05023641,60.1566741],[25.02581511,60.14478225],[25.02938405,60.14259353],[25.0285917,60.13493061],[25.03310079,60.13297571]]],[[[24.77982322,60.12832168],[24.79294757,60.13426095],[24.78855524,60.13716235],[24.77719737,60.13445229],[24.77353605,60.12959414],[24.77982322,60.12832168]]],[[[25.00003764,60.13090004],[25.01096686,60.13446403],[25.02319686,60.13280055],[25.02014814,60.13737326],[25.00970819,60.13648459],[25.00950984,60.13994452],[24.99409857,60.13830281],[24.99725776,60.13247689],[24.99542994,60.13098224],[25.00003764,60.13090004]]],[[[24.81103575,60.12756401],[24.81664129,60.13163335],[24.81361589,60.1334397],[24.80913684,60.13090214],[24.81103575,60.12756401]]],[[[24.88174473,60.12773889],[24.89507323,60.13070703],[24.88807234,60.13588654],[24.88174473,60.12773889]]],[[[24.72774172,60.12301545],[24.72986063,60.12477716],[24.72745911,60.12962068],[24.73118652,60.13108989],[24.72566674,60.13432531],[24.71538298,60.13025984],[24.70276985,60.13228533],[24.69885121,60.12696099],[24.71230829,60.12295696],[24.72267137,60.12666836],[24.72774172,60.12301545]]],[[[24.7405978,60.12113124],[24.74098351,60.1261739],[24.73664173,60.12692461],[24.73526062,60.12461821],[24.7405978,60.12113124]]],[[[24.68747436,60.11366186],[24.70316731,60.11984518],[24.69595826,60.11963792],[24.68747436,60.11366186]]],[[[25.22436888,60.12077129],[25.22705543,60.12650708],[25.22080703,60.12685206],[25.21882643,60.12189348],[25.22436888,60.12077129]]],[[[24.74018852,60.11167787],[24.74753257,60.11432043],[24.74027028,60.11626059],[24.73777551,60.11351063],[24.74018852,60.11167787]]],[[[24.67108009,60.1089326],[24.67065403,60.11381424],[24.66795094,60.11414202],[24.66566847,60.11057361],[24.67108009,60.1089326]]],[[[24.7063726,60.10629248],[24.72432783,60.11210423],[24.72843019,60.11672752],[24.73948558,60.1181641],[24.73637317,60.12174645],[24.71142253,60.12170789],[24.68745127,60.11174977],[24.68414315,60.10766983],[24.69668046,60.10960599],[24.7063726,60.10629248]]],[[[23.52347173,60.08027354],[23.52664743,60.08457736],[23.51847422,60.08473981],[23.52347173,60.08027354]]],[[[24.72325537,60.10264003],[24.72583424,60.10847411],[24.71865324,60.10554997],[24.72325537,60.10264003]]],[[[24.76666825,60.10152663],[24.77013167,60.1028829],[24.76585453,60.1063042],[24.76049755,60.10522591],[24.76666825,60.10152663]]],[[[24.75609106,60.09907589],[24.76484399,60.10064255],[24.74996684,60.10401672],[24.75086385,60.10048227],[24.75609106,60.09907589]]],[[[23.03831842,60.05864612],[23.04097321,60.05999535],[23.03716313,60.06419062],[23.0302937,60.0631483],[23.03831842,60.05864612]]],[[[23.21871904,60.06352576],[23.22831914,60.065278],[23.21465086,60.06630824],[23.2061072,60.06368665],[23.21871904,60.06352576]]],[[[24.83214974,60.09947043],[24.83639435,60.10134305],[24.8285261,60.10088184],[24.83214974,60.09947043]]],[[[24.65846747,60.09564764],[24.6731175,60.09863882],[24.67732357,60.10656922],[24.66052605,60.10765832],[24.65533789,60.0997077],[24.65846747,60.09564764]]],[[[25.01566998,60.0985531],[25.01971802,60.10668448],[25.01261442,60.10282673],[25.01566998,60.0985531]]],[[[23.0163282,60.05065959],[23.0212327,60.05522714],[23.0100577,60.05318348],[23.01046371,60.0506927],[23.0163282,60.05065959]]],[[[25.04369369,60.09540144],[25.07390038,60.107696],[25.06746789,60.10430975],[25.04293163,60.104496],[25.04369369,60.09540144]]],[[[24.6249534,60.08591189],[24.64173626,60.0945766],[24.64833796,60.10123774],[24.64830186,60.10625323],[24.62629548,60.10225867],[24.60465132,60.09234304],[24.6249534,60.08591189]]],[[[24.65181621,60.08542158],[24.65558671,60.08642957],[24.65569001,60.08950099],[24.65008876,60.08734855],[24.65181621,60.08542158]]],[[[23.11223413,60.04777397],[23.11737563,60.05132756],[23.11594493,60.05312098],[23.10791955,60.05061174],[23.11223413,60.04777397]]],[[[24.65387887,60.07892291],[24.67101178,60.08920277],[24.64824119,60.0820304],[24.65387887,60.07892291]]],[[[24.62879549,60.07063605],[24.63239124,60.07156912],[24.63338137,60.07596094],[24.62790766,60.07367567],[24.62879549,60.07063605]]],[[[24.34798551,60.06097386],[24.3540236,60.06613117],[24.34779167,60.06838608],[24.33654624,60.06268515],[24.34798551,60.06097386]]],[[[24.62539029,60.0650469],[24.63082144,60.06962661],[24.62458967,60.06885384],[24.62301885,60.06583151],[24.62539029,60.0650469]]],[[[24.32366122,60.05535567],[24.33153149,60.06229006],[24.3207662,60.05957814],[24.32366122,60.05535567]]],[[[24.7186902,60.06267222],[24.72245767,60.0657431],[24.71349759,60.06636431],[24.71365589,60.06354732],[24.7186902,60.06267222]]],[[[24.60434828,60.05727691],[24.61772092,60.06426757],[24.62076654,60.06922024],[24.60284824,60.06937995],[24.59205552,60.06134041],[24.60434828,60.05727691]]],[[[23.09727829,60.01942578],[23.11188481,60.02448489],[23.1124794,60.02883713],[23.10150693,60.0246903],[23.09727829,60.01942578]]],[[[24.30662388,60.04619266],[24.32147815,60.05216419],[24.30458166,60.05444956],[24.29895495,60.0481709],[24.30662388,60.04619266]]],[[[24.60246357,60.05047784],[24.6165922,60.05754941],[24.60803039,60.05756884],[24.59987878,60.05103222],[24.60246357,60.05047784]]],[[[22.99059052,60.01019211],[22.99071969,60.01669669],[22.98459713,60.01782236],[22.98278806,60.01428847],[22.98524799,60.01045581],[22.99059052,60.01019211]]],[[[24.19928237,60.04047682],[24.19785036,60.044191],[24.19197229,60.04266183],[24.19928237,60.04047682]]],[[[24.3110988,60.04116702],[24.31474364,60.04546217],[24.30555663,60.04317802],[24.3110988,60.04116702]]],[[[24.58928751,60.04515519],[24.5989025,60.04886312],[24.593593,60.05176766],[24.60114932,60.05468171],[24.58662477,60.06283718],[24.56440403,60.04790598],[24.57856234,60.04987731],[24.58928751,60.04515519]]],[[[24.29680618,60.03653556],[24.30063626,60.04007112],[24.29405007,60.0395071],[24.29680618,60.03653556]]],[[[24.61578044,60.04152056],[24.61885273,60.0443598],[24.61194873,60.04343601],[24.61578044,60.04152056]]],[[[24.54579525,60.03744222],[24.5547885,60.04043433],[24.54122608,60.03900162],[24.54579525,60.03744222]]],[[[24.59424826,60.0375018],[24.60193472,60.03966401],[24.60018448,60.04632664],[24.59297528,60.04122207],[24.59424826,60.0375018]]],[[[24.26595215,60.02747763],[24.27481951,60.0303],[24.27613942,60.03394204],[24.26599618,60.03220243],[24.26329417,60.02894044],[24.26595215,60.02747763]]],[[[24.20316142,60.02413503],[24.21253971,60.02650598],[24.20381041,60.0273581],[24.20089639,60.02444387],[24.20316142,60.02413503]]],[[[24.0617759,60.01961863],[24.06093029,60.02223794],[24.0508639,60.02330287],[24.04608714,60.0206636],[24.0617759,60.01961863]]],[[[24.27479896,60.02393119],[24.28023806,60.02591007],[24.2803999,60.02915793],[24.27508297,60.02821364],[24.27479896,60.02393119]]],[[[24.14899128,60.01950248],[24.15417324,60.02136946],[24.14316868,60.02404417],[24.14899128,60.01950248]]],[[[24.05769968,60.01507485],[24.07204252,60.01890646],[24.06487896,60.02155538],[24.06327445,60.01979227],[24.06578447,60.01907891],[24.05769968,60.01507485]]],[[[24.0249472,60.01269252],[24.03269228,60.01668745],[24.03445273,60.02089963],[24.01647776,60.02102672],[24.01608649,60.01815011],[24.00811562,60.01485272],[24.0249472,60.01269252]]],[[[24.09106136,60.01410476],[24.10375784,60.01800425],[24.10591213,60.02543187],[24.0834727,60.01783592],[24.09106136,60.01410476]]],[[[24.14104914,60.01448122],[24.15507956,60.01757263],[24.1355543,60.01793969],[24.14104914,60.01448122]]],[[[23.88107193,60.00858173],[23.89995064,60.01294991],[23.88141112,60.01517078],[23.87918682,60.01376572],[23.88107193,60.00858173]]],[[[22.98319827,59.98320977],[22.98675209,59.98501262],[22.97578756,59.98803939],[22.98319827,59.98320977]]],[[[23.05487296,59.98491184],[23.05947055,59.98690944],[23.04872448,59.98649237],[23.05487296,59.98491184]]],[[[24.5490765,60.01933922],[24.55374677,60.02254272],[24.54878239,60.02627915],[24.53975968,60.02413904],[24.5490765,60.01933922]]],[[[24.42551779,60.01683331],[24.42868368,60.01931171],[24.42408491,60.02675991],[24.42040871,60.02776216],[24.41083054,60.02245353],[24.42551779,60.01683331]]],[[[24.12134987,60.00986359],[24.12241652,60.01194259],[24.11237307,60.01214434],[24.12134987,60.00986359]]],[[[23.99978884,60.00649934],[24.00335914,60.01201681],[23.99984773,60.01889471],[23.98145505,60.01999162],[23.97324891,60.01667594],[23.97440418,60.01181685],[23.98340521,60.00774125],[23.99978884,60.00649934]]],[[[22.97958516,59.9790634],[22.98073173,59.98232428],[22.97460815,59.98389042],[22.97958516,59.9790634]]],[[[24.54295444,60.01694545],[24.54433095,60.02021901],[24.54178324,60.02153854],[24.53357499,60.02022928],[24.54295444,60.01694545]]],[[[24.5235551,60.01528337],[24.53241817,60.01983963],[24.52285637,60.01860969],[24.5235551,60.01528337]]],[[[23.08683266,59.97880051],[23.09376567,59.98386153],[23.08324694,59.9807289],[23.08683266,59.97880051]]],[[[24.16270365,60.0054047],[24.16748315,60.01120718],[24.15676523,60.00697221],[24.16270365,60.0054047]]],[[[24.112807,60.00401308],[24.12157461,60.0073419],[24.10839823,60.00650824],[24.112807,60.00401308]]],[[[24.36194545,60.00850806],[24.36541944,60.01290105],[24.35756634,60.01501638],[24.35627753,60.00960635],[24.36194545,60.00850806]]],[[[24.19933073,60.00362838],[24.23317655,60.01516412],[24.22662681,60.01742235],[24.19484437,60.01073457],[24.19198675,60.00498385],[24.19933073,60.00362838]]],[[[24.40802366,60.00764055],[24.41701024,60.0139447],[24.40856406,60.01427858],[24.40530054,60.00851153],[24.40802366,60.00764055]]],[[[24.07732845,59.99986258],[24.08177568,60.00121895],[24.06472121,60.00134527],[24.07732845,59.99986258]]],[[[24.38850855,60.00615629],[24.39577173,60.00948974],[24.39587375,60.0122944],[24.38696248,60.01237503],[24.38850855,60.00615629]]],[[[24.40135483,60.0056975],[24.4044224,60.011653],[24.39704051,60.00911415],[24.40135483,60.0056975]]],[[[24.1127645,59.99922815],[24.11690921,59.99932838],[24.12002626,60.00350316],[24.11178155,60.00329132],[24.10859118,59.9995078],[24.1127645,59.99922815]]],[[[24.13128704,59.99798413],[24.143059,60.00058308],[24.14811891,60.00416201],[24.14704545,60.00721281],[24.14259504,60.00991031],[24.1284941,60.00531993],[24.12945585,60.00208482],[24.12483293,60.00044158],[24.13128704,59.99798413]]],[[[24.34906351,60.00244392],[24.35883111,60.00405723],[24.35945716,60.00670179],[24.35606993,60.00844195],[24.34906351,60.00244392]]],[[[23.93440901,59.99267624],[23.93840682,59.99555292],[23.93461748,59.9980019],[23.9537907,60.00450391],[23.89878594,60.01160935],[23.87918165,59.99935833],[23.88557496,59.99542263],[23.92238867,59.99684046],[23.93440901,59.99267624]]],[[[23.98292263,59.99347406],[23.97863899,59.99613015],[23.98345602,59.99954341],[23.97918576,60.00188755],[23.96317608,60.00403606],[23.95991572,59.99965949],[23.96427766,59.99628743],[23.98292263,59.99347406]]],[[[24.37424339,60.00078291],[24.37992466,60.00400147],[24.37096146,60.00173331],[24.37424339,60.00078291]]],[[[24.03136468,59.99138412],[24.03387103,59.9931518],[24.0253806,59.9943836],[24.02607309,59.99177003],[24.03136468,59.99138412]]],[[[24.35005015,59.99788982],[24.35381643,60.00200315],[24.3445743,59.99908215],[24.35005015,59.99788982]]],[[[24.36835082,59.99819017],[24.37123105,60.00141172],[24.3644517,59.99908968],[24.36835082,59.99819017]]],[[[23.90001582,59.98789565],[23.90462596,59.98889346],[23.89209589,59.9909826],[23.90001582,59.98789565]]],[[[24.2059335,59.99448473],[24.20859679,59.99665302],[24.1942345,59.99554357],[24.2059335,59.99448473]]],[[[24.08554805,59.99171606],[24.07464047,59.99246983],[24.08554805,59.99171606]]],[[[24.41990824,59.99792884],[24.42100188,60.00448857],[24.41552701,60.00242593],[24.41990824,59.99792884]]],[[[23.08806425,59.96454763],[23.0922862,59.96643808],[23.09073807,59.97046322],[23.08428894,59.96623548],[23.08806425,59.96454763]]],[[[22.81990193,59.95541443],[22.82364125,59.96154474],[22.81293597,59.96330284],[22.81466145,59.95683014],[22.81990193,59.95541443]]],[[[24.35880882,59.99423361],[24.36393254,59.99674359],[24.36725217,60.00431567],[24.35567624,60.00190052],[24.35738478,60.00018661],[24.35296277,59.99580953],[24.35880882,59.99423361]]],[[[24.11698232,59.98849941],[24.11849299,59.99018524],[24.11551895,59.99222664],[24.08873548,59.99154007],[24.11698232,59.98849941]]],[[[23.49098496,59.97283003],[23.50196557,59.97424574],[23.50399682,59.97794721],[23.49567264,59.97721946],[23.49098496,59.97283003]]],[[[23.48202224,59.971773],[23.49372794,59.97644131],[23.49388121,59.97891232],[23.4853326,59.97777355],[23.48013678,59.97306201],[23.48202224,59.971773]]],[[[24.05018106,59.98490942],[24.05620524,59.99001508],[24.0412651,59.99632516],[24.0367007,59.9954785],[24.0432233,59.98686539],[24.05018106,59.98490942]]],[[[24.35902041,59.99130937],[24.37097043,59.99554048],[24.37129309,59.99802716],[24.36521598,59.99715075],[24.35902041,59.99130937]]],[[[24.37652317,59.9914997],[24.38615089,59.99651705],[24.37726567,59.99459354],[24.37652317,59.9914997]]],[[[24.12913755,59.98566041],[24.13364274,59.98639181],[24.12079743,59.99172895],[24.11966103,59.98803203],[24.12913755,59.98566041]]],[[[23.88539216,59.97973662],[23.89358275,59.98215363],[23.88705391,59.9828508],[23.8838092,59.98135563],[23.88539216,59.97973662]]],[[[24.34137555,59.98941814],[24.35027279,59.99181444],[24.35224317,59.99574603],[24.34201803,59.99267925],[24.34137555,59.98941814]]],[[[24.35334478,59.98754371],[24.35733664,59.98981455],[24.35558428,59.99407469],[24.35111769,59.98975922],[24.35334478,59.98754371]]],[[[24.17040413,59.98333406],[24.17811803,59.98611721],[24.16967822,59.98835281],[24.17040413,59.98333406]]],[[[23.67521833,59.97087791],[23.67949963,59.97413515],[23.67299726,59.97453676],[23.67521833,59.97087791]]],[[[24.1931089,59.98174968],[24.2056346,59.9860088],[24.19246467,59.98880845],[24.19464775,59.98648391],[24.18700784,59.98449381],[24.1931089,59.98174968]]],[[[23.42436241,59.96289511],[23.43084405,59.96630652],[23.42357124,59.96707669],[23.42436241,59.96289511]]],[[[23.78067775,59.97200276],[23.78741474,59.97329716],[23.78610946,59.97791302],[23.76140933,59.97865315],[23.75464411,59.98259898],[23.74977083,59.97972616],[23.7552801,59.97511667],[23.78067775,59.97200276]]],[[[23.99048452,59.97335386],[23.97925324,59.97567317],[23.97785938,59.9736637],[23.99048452,59.97335386]]],[[[23.42263989,59.95818291],[23.43064347,59.9615548],[23.42507648,59.96232197],[23.42096552,59.95951822],[23.42263989,59.95818291]]],[[[24.48704994,59.98241814],[24.49996065,59.98871625],[24.49842468,59.99140851],[24.50282166,59.99329339],[24.48552403,59.9906705],[24.48098676,59.98691019],[24.48193563,59.98321116],[24.48704994,59.98241814]]],[[[23.74324568,59.965197],[23.73165953,59.96847517],[23.74324568,59.965197]]],[[[23.71213604,59.96416793],[23.71382184,59.96974747],[23.70383158,59.97172272],[23.71213604,59.96416793]]],[[[23.96702061,59.96974926],[23.97863027,59.97173933],[23.97102358,59.97700212],[23.98054457,59.98190037],[24.00012985,59.97854753],[24.00250229,59.9804581],[23.9750123,59.98717302],[23.94120244,59.98581976],[23.94068352,59.98876216],[23.93479215,59.98984791],[23.8977833,59.98618935],[23.89509102,59.98209325],[23.92216945,59.9777615],[23.94086568,59.97057075],[23.96702061,59.96974926]]],[[[24.46189846,59.97789248],[24.46645962,59.98321974],[24.4566443,59.97984489],[24.46189846,59.97789248]]],[[[23.07437731,59.94223513],[23.08764513,59.95087531],[23.08809594,59.95400109],[23.08439047,59.95606715],[23.09177617,59.96117116],[23.0832238,59.96273218],[23.06120867,59.94978365],[23.0669649,59.94285441],[23.07437731,59.94223513]]],[[[23.75703883,59.96003391],[23.76488154,59.96110434],[23.76670555,59.96732413],[23.77551317,59.96871611],[23.7634261,59.97169229],[23.74873505,59.97012967],[23.74419896,59.96149833],[23.75703883,59.96003391]]],[[[23.73943848,59.95844366],[23.74178666,59.96149373],[23.7378637,59.96518764],[23.72989408,59.96557814],[23.72282599,59.97057672],[23.71667677,59.9694436],[23.72629748,59.95914861],[23.73943848,59.95844366]]],[[[22.97834014,59.93691355],[22.98283161,59.93937183],[22.9751436,59.93987952],[22.97834014,59.93691355]]],[[[23.94233843,59.96243675],[23.945385,59.96604262],[23.93414906,59.96501454],[23.94233843,59.96243675]]],[[[23.25365677,59.94435431],[23.2621508,59.94851525],[23.25862423,59.94974989],[23.25289206,59.94659591],[23.25365677,59.94435431]]],[[[24.01130481,59.96324444],[24.01297651,59.96677717],[24.01067451,59.96824715],[23.99508254,59.96982889],[24.01130481,59.96324444]]],[[[24.4446362,59.97099727],[24.45813775,59.97565082],[24.4451064,59.97540129],[24.44246096,59.9725084],[24.4446362,59.97099727]]],[[[23.96434988,59.96070415],[23.95058579,59.96568622],[23.94587982,59.9625453],[23.96434988,59.96070415]]],[[[23.10342591,59.93717955],[23.10593691,59.93942068],[23.1036861,59.94162812],[23.09565494,59.94183044],[23.09586033,59.93846399],[23.10342591,59.93717955]]],[[[23.74664166,59.95429993],[23.75307812,59.95809531],[23.74639609,59.95889771],[23.74246544,59.95601935],[23.74664166,59.95429993]]],[[[24.40039351,59.96724985],[24.41216162,59.96790656],[24.41560285,59.97425231],[24.40250545,59.97263414],[24.40039351,59.96724985]]],[[[24.00192549,59.95663961],[23.99696837,59.96128927],[23.99288659,59.96023081],[24.00192549,59.95663961]]],[[[23.14743681,59.93386306],[23.15230515,59.93834273],[23.1435989,59.93868029],[23.14743681,59.93386306]]],[[[23.95046814,59.95479726],[23.95860598,59.95714242],[23.95008668,59.95908904],[23.95046814,59.95479726]]],[[[24.01124059,59.95576884],[24.01931592,59.95803971],[24.0058481,59.95949721],[24.01124059,59.95576884]]],[[[23.93247976,59.9509624],[23.94204891,59.95123716],[23.94765694,59.958125],[23.937172,59.95866609],[23.93507284,59.95683803],[23.93815036,59.95606465],[23.93247976,59.9509624]]],[[[23.82495248,59.9482818],[23.83588083,59.95428813],[23.8331657,59.957088],[23.85322371,59.96655195],[23.84888123,59.96887436],[23.849929,59.97124041],[23.87227732,59.97474832],[23.8912686,59.99074944],[23.85345347,59.99356994],[23.83945876,59.97716701],[23.84447796,59.97470984],[23.83853123,59.97291518],[23.83634967,59.96600478],[23.8254693,59.96055288],[23.81860365,59.95088721],[23.82495248,59.9482818]]],[[[24.41343239,59.96084734],[24.42227683,59.96504323],[24.41955123,59.97097692],[24.41574585,59.97179768],[24.40984828,59.96463615],[24.41343239,59.96084734]]],[[[23.98380064,59.95096947],[23.99221777,59.95378297],[23.97511898,59.95291788],[23.98380064,59.95096947]]],[[[23.77339236,59.94507286],[23.77821684,59.9482567],[23.77154018,59.94938638],[23.77580298,59.95281664],[23.76909195,59.95312372],[23.7680295,59.94687148],[23.77339236,59.94507286]]],[[[23.12395134,59.92692413],[23.12589819,59.92976353],[23.12008946,59.93027272],[23.12395134,59.92692413]]],[[[24.48450068,59.9593443],[24.4945319,59.96150715],[24.49060583,59.96537398],[24.4829892,59.96401019],[24.48450068,59.9593443]]],[[[23.86580037,59.94583335],[23.87088029,59.95036092],[23.88846888,59.94799603],[23.89458265,59.95048649],[23.89251473,59.95734616],[23.89549848,59.95787637],[23.90530078,59.95180401],[23.92126199,59.94866177],[23.92337455,59.95100043],[23.9193675,59.95312131],[23.9310725,59.95451612],[23.9312582,59.95885547],[23.93865234,59.96174401],[23.91495083,59.96812616],[23.93170103,59.96532221],[23.93559682,59.97145786],[23.93218295,59.97291786],[23.901812,59.98065132],[23.88667143,59.9790827],[23.87456002,59.97508347],[23.87318794,59.97071286],[23.86011447,59.96722474],[23.8541435,59.96282642],[23.85531555,59.95890675],[23.84771362,59.95775218],[23.84840682,59.95174546],[23.85993594,59.95326128],[23.86580037,59.94583335]]],[[[23.94855837,59.94665589],[23.96448469,59.95202445],[23.95924239,59.95490385],[23.95635829,59.95212685],[23.94846678,59.95363338],[23.94855837,59.94665589]]],[[[23.09644211,59.92360974],[23.11526583,59.93059781],[23.10119204,59.93335892],[23.09217395,59.92594091],[23.09644211,59.92360974]]],[[[23.94364834,59.94587289],[23.94471783,59.94983315],[23.93328147,59.94939321],[23.93656594,59.94612537],[23.94364834,59.94587289]]],[[[23.99180683,59.94688331],[23.99985212,59.95082069],[23.99130946,59.95155823],[23.99180683,59.94688331]]],[[[23.73367624,59.94040566],[23.73687612,59.94100467],[23.73547307,59.94632011],[23.73984686,59.94915593],[23.75599852,59.95079225],[23.7551399,59.95270469],[23.72472234,59.95130215],[23.73367624,59.94040566]]],[[[23.8635536,59.94344028],[23.86601509,59.94499353],[23.85991111,59.94700285],[23.86028091,59.95064658],[23.85431227,59.94892637],[23.85773008,59.94743924],[23.85532104,59.94505559],[23.8635536,59.94344028]]],[[[23.84380929,59.94264926],[23.85328697,59.94770365],[23.83975177,59.94827518],[23.83778019,59.94386332],[23.84380929,59.94264926]]],[[[23.11270707,59.92225516],[23.10602714,59.92503056],[23.11270707,59.92225516]]],[[[23.92099378,59.94126592],[23.93478016,59.94700696],[23.91309645,59.94777713],[23.92099378,59.94126592]]],[[[23.96339798,59.93851608],[23.98354612,59.94178191],[23.9607491,59.94300851],[23.96339798,59.93851608]]],[[[24.36464227,59.94506746],[24.37674738,59.94914247],[24.37725919,59.95441401],[24.36915005,59.9552371],[24.36090737,59.95141092],[24.36464227,59.94506746]]],[[[23.90737741,59.93491685],[23.9146803,59.93670684],[23.91226692,59.93799393],[23.91572481,59.94039368],[23.91034194,59.94252282],[23.90393699,59.93982453],[23.90737741,59.93491685]]],[[[22.98343223,59.90984635],[23.00718332,59.9129884],[22.98320104,59.91322344],[22.98102691,59.91067705],[22.98343223,59.90984635]]],[[[23.81456836,59.9324447],[23.83118689,59.93492202],[23.8386642,59.94161795],[23.83412659,59.9440493],[23.81942603,59.94273241],[23.80783909,59.93363581],[23.81456836,59.9324447]]],[[[23.67130216,59.92675998],[23.67191814,59.93310677],[23.66264221,59.93151624],[23.66567757,59.92755854],[23.67130216,59.92675998]]],[[[23.07846245,59.91040748],[23.08403505,59.91262518],[23.08320896,59.91605523],[23.07460131,59.91642572],[23.0732824,59.91267067],[23.07846245,59.91040748]]],[[[24.0084814,59.93474793],[24.00939183,59.93789612],[24.00410367,59.94092204],[24.0002154,59.93683046],[24.0084814,59.93474793]]],[[[23.9852309,59.93327408],[23.98968335,59.93620867],[23.96855664,59.93467828],[23.9852309,59.93327408]]],[[[23.83286165,59.9295926],[23.83886218,59.93405144],[23.83235332,59.93344356],[23.83006122,59.9310981],[23.83286165,59.9295926]]],[[[23.8095385,59.92840248],[23.81796494,59.93116225],[23.80683473,59.92991023],[23.8095385,59.92840248]]],[[[23.85718831,59.9293121],[23.86622297,59.9311142],[23.85730368,59.93345036],[23.85718831,59.9293121]]],[[[23.94674931,59.93137301],[23.95480719,59.93402761],[23.95449086,59.93775071],[23.9471852,59.93992609],[23.93037068,59.93462276],[23.93360906,59.93125312],[23.94674931,59.93137301]]],[[[23.77706598,59.92714073],[23.78253177,59.92867743],[23.77333488,59.93061941],[23.77706598,59.92714073]]],[[[23.85052167,59.92861849],[23.85589052,59.9320949],[23.84654759,59.93122703],[23.85052167,59.92861849]]],[[[23.66264284,59.92391967],[23.66215158,59.92751036],[23.6528107,59.92621088],[23.66264284,59.92391967]]],[[[22.96461878,59.90420635],[22.97205132,59.91276048],[22.96202991,59.9138251],[22.94348005,59.9081574],[22.96461878,59.90420635]]],[[[23.48205116,59.91889146],[23.49825972,59.92034594],[23.48845579,59.92388995],[23.48068789,59.92242181],[23.48191816,59.92054556],[23.47914624,59.92036758],[23.48205116,59.91889146]]],[[[23.36638969,59.91500784],[23.39533909,59.91681724],[23.3994054,59.92115288],[23.38773221,59.9248959],[23.37861401,59.93376016],[23.37170296,59.93346531],[23.35922339,59.92954846],[23.36053262,59.92497553],[23.35572518,59.92449536],[23.35612497,59.91673717],[23.36638969,59.91500784]]],[[[23.91447068,59.9288795],[23.92771105,59.93261263],[23.91979654,59.93547435],[23.91276034,59.92993716],[23.91447068,59.9288795]]],[[[23.41437292,59.91619116],[23.45010957,59.91897277],[23.4660223,59.92487087],[23.48799659,59.92796656],[23.47657502,59.93811576],[23.46694961,59.9408125],[23.46725511,59.94352463],[23.45938797,59.94508504],[23.45129111,59.94257082],[23.43812815,59.94756788],[23.42711948,59.94552744],[23.42377981,59.94651479],[23.42758267,59.95028295],[23.42429048,59.95322495],[23.37810406,59.93724282],[23.38524147,59.93279766],[23.38931753,59.92516349],[23.40181358,59.9221271],[23.40343994,59.91717307],[23.41437292,59.91619116]]],[[[23.33940527,59.91341706],[23.3499116,59.91633362],[23.34502195,59.92057837],[23.33747626,59.91913395],[23.33440678,59.91645159],[23.33940527,59.91341706]]],[[[23.75662357,59.92403155],[23.76296478,59.92425509],[23.76094701,59.92707672],[23.77864006,59.9366767],[23.78724714,59.93633225],[23.79485796,59.94099673],[23.81188636,59.94325645],[23.81386578,59.94928199],[23.80359163,59.94449069],[23.79773932,59.94682803],[23.77142486,59.93892518],[23.76455233,59.94476326],[23.74946402,59.94010572],[23.74749662,59.93735639],[23.75327187,59.93536958],[23.74699022,59.93040943],[23.74686287,59.92629106],[23.75662357,59.92403155]]],[[[23.72130682,59.92300063],[23.72056469,59.93424226],[23.71703206,59.93732432],[23.6849858,59.93390145],[23.6943676,59.93233792],[23.69596451,59.92655083],[23.72130682,59.92300063]]],[[[23.47330274,59.91611624],[23.47820535,59.91918457],[23.47212988,59.92094905],[23.46296481,59.91849957],[23.47330274,59.91611624]]],[[[24.01333714,59.92906129],[24.02278884,59.93248343],[24.0221777,59.93669729],[24.01217693,59.9322052],[24.01333714,59.92906129]]],[[[23.15787607,59.9067541],[23.15714552,59.91041433],[23.14668004,59.91283743],[23.14557041,59.91068259],[23.15787607,59.9067541]]],[[[23.8969965,59.92595564],[23.90356094,59.92794601],[23.89468932,59.92944019],[23.8969965,59.92595564]]],[[[23.66819902,59.91990394],[23.68055001,59.9253357],[23.69101841,59.92529101],[23.68033543,59.93172553],[23.67421602,59.92993296],[23.67421094,59.9259946],[23.66459363,59.9239232],[23.66819902,59.91990394]]],[[[23.98215135,59.92726829],[23.99117157,59.93003203],[23.98304291,59.93303262],[23.97693759,59.93096967],[23.98215135,59.92726829]]],[[[22.99854579,59.90031486],[22.99659085,59.9043966],[22.98973881,59.90315653],[22.99854579,59.90031486]]],[[[23.8379256,59.92302767],[23.84652132,59.92562072],[23.83501018,59.92770203],[23.8379256,59.92302767]]],[[[23.0162343,59.89947657],[23.0265462,59.90355722],[23.0270133,59.9094707],[23.01975023,59.91146163],[23.01325701,59.90765247],[23.01060721,59.90080097],[23.0162343,59.89947657]]],[[[23.86872203,59.92217807],[23.86646292,59.9265416],[23.85940391,59.92693915],[23.86872203,59.92217807]]],[[[23.88916519,59.92231371],[23.88985659,59.93155536],[23.87501324,59.93536676],[23.86611349,59.93403724],[23.8773493,59.93099643],[23.87789546,59.92694769],[23.88916519,59.92231371]]],[[[23.53114619,59.9127931],[23.55768708,59.91878316],[23.53646152,59.91994258],[23.52740625,59.91670088],[23.53114619,59.9127931]]],[[[23.95061984,59.92268766],[23.96364545,59.9254395],[23.94733199,59.9253723],[23.95061984,59.92268766]]],[[[22.97379825,59.8964369],[22.97796885,59.9007356],[22.9673688,59.90081757],[22.97379825,59.8964369]]],[[[23.39293869,59.90827117],[23.4074645,59.9096464],[23.40305151,59.91284897],[23.38476332,59.91078659],[23.39293869,59.90827117]]],[[[24.39226285,59.93172199],[24.39336999,59.9376353],[24.38412541,59.93541114],[24.38672524,59.9317015],[24.39226285,59.93172199]]],[[[23.90132721,59.92105366],[23.90364255,59.92166961],[23.89531469,59.9243293],[23.90132721,59.92105366]]],[[[23.63829391,59.91431335],[23.64113409,59.91771042],[23.66107822,59.92026466],[23.64606728,59.92294874],[23.63248237,59.91681946],[23.63829391,59.91431335]]],[[[23.91884717,59.92048402],[23.92414956,59.92578812],[23.9324892,59.92488823],[23.92448418,59.92725105],[23.91093444,59.925049],[23.91884717,59.92048402]]],[[[23.91034772,59.92028235],[23.90686875,59.92593965],[23.90150975,59.92533781],[23.91034772,59.92028235]]],[[[22.89882162,59.89246484],[22.90595135,59.89626886],[22.9049172,59.89997991],[22.89720529,59.90425798],[22.89150695,59.89985471],[22.89882162,59.89246484]]],[[[23.83650827,59.91827257],[23.841231,59.92213288],[23.82089643,59.92829756],[23.80496856,59.92323167],[23.83650827,59.91827257]]],[[[23.88772214,59.9187952],[23.88942915,59.9213599],[23.88239786,59.9211404],[23.88772214,59.9187952]]],[[[24.3633333,59.92910311],[24.37319274,59.93201451],[24.3633333,59.92910311]]],[[[22.87960506,59.89058098],[22.88762817,59.89367979],[22.87942738,59.89920633],[22.8752745,59.89488866],[22.88151882,59.89211299],[22.87960506,59.89058098]]],[[[23.30622452,59.90305178],[23.31559333,59.90469789],[23.31664856,59.90925245],[23.30221643,59.90939767],[23.30622452,59.90305178]]],[[[23.84891984,59.91654076],[23.85859949,59.91791956],[23.86067522,59.92527188],[23.85346977,59.92655694],[23.85325009,59.92347694],[23.84215106,59.91847204],[23.84891984,59.91654076]]],[[[24.41468651,59.92867146],[24.40204282,59.93182308],[24.40274446,59.92896921],[24.41468651,59.92867146]]],[[[23.68068429,59.91169439],[23.68407345,59.91337285],[23.67739177,59.91711439],[23.68068429,59.91169439]]],[[[23.54085301,59.90749502],[23.5469788,59.91012282],[23.53416388,59.91039657],[23.54085301,59.90749502]]],[[[24.00144402,59.91875315],[24.00486485,59.92078056],[23.99095715,59.91941179],[24.00144402,59.91875315]]],[[[23.01637452,59.89246856],[23.02445528,59.89529398],[23.01925534,59.89620737],[23.01637452,59.89246856]]],[[[23.59286323,59.90796645],[23.60174651,59.91169265],[23.59639825,59.91440517],[23.61430883,59.92044502],[23.64055975,59.92091042],[23.65336741,59.92902349],[23.66147662,59.93018809],[23.63438737,59.93082721],[23.62593317,59.93700112],[23.61791531,59.93738794],[23.61353502,59.93680978],[23.61833753,59.93486233],[23.61234506,59.93119489],[23.55710541,59.93204706],[23.52881033,59.92772211],[23.54357686,59.92141796],[23.56324323,59.92234696],[23.56647895,59.91784808],[23.58508834,59.91710572],[23.58567386,59.90919708],[23.59286323,59.90796645]]],[[[23.06726295,59.89315805],[23.07552699,59.89405502],[23.07418552,59.89925317],[23.0596417,59.90504502],[23.05727304,59.90279522],[23.05916579,59.89644723],[23.06726295,59.89315805]]],[[[23.67249518,59.90934772],[23.67771602,59.91253116],[23.67171589,59.91459138],[23.66998928,59.91082745],[23.67249518,59.90934772]]],[[[23.09454464,59.8933858],[23.08288328,59.90171967],[23.08347443,59.89686712],[23.09454464,59.8933858]]],[[[23.11988681,59.8940829],[23.13111304,59.89835119],[23.12940683,59.90294661],[23.12064641,59.90359602],[23.11897955,59.9063701],[23.12699309,59.91267698],[23.11141411,59.91174213],[23.11239367,59.91923396],[23.10920187,59.92149189],[23.10222866,59.92118889],[23.10519611,59.91747075],[23.0942074,59.91374758],[23.0917669,59.90992977],[23.07996791,59.91055076],[23.07581836,59.90660363],[23.08774942,59.90481914],[23.09718499,59.9112747],[23.10057456,59.90648614],[23.10960733,59.90536962],[23.10202533,59.90004945],[23.11988681,59.8940829]]],[[[23.6079558,59.90749861],[23.61341746,59.90896349],[23.61292212,59.91247358],[23.60298213,59.91494457],[23.60576967,59.91029174],[23.60368986,59.90896308],[23.6079558,59.90749861]]],[[[23.69485517,59.90898102],[23.69627008,59.9121099],[23.68832069,59.91568052],[23.68869902,59.91226386],[23.69485517,59.90898102]]],[[[23.64695493,59.90773683],[23.65048199,59.90954216],[23.64727191,59.91074963],[23.64932841,59.91388247],[23.6431555,59.91136523],[23.64695493,59.90773683]]],[[[22.93594812,59.88657036],[22.94396086,59.88818588],[22.93866461,59.8889423],[22.94009914,59.89214747],[22.93153263,59.88962412],[22.93594812,59.88657036]]],[[[23.13243046,59.8919933],[23.1420226,59.89306623],[23.13549087,59.89766181],[23.1271761,59.89438923],[23.13243046,59.8919933]]],[[[23.65874219,59.90624202],[23.66411089,59.910175],[23.66324781,59.91714782],[23.65258636,59.91316064],[23.65604817,59.91067793],[23.65232176,59.90843578],[23.65874219,59.90624202]]],[[[22.98032571,59.88678144],[22.98331794,59.88931361],[22.97506524,59.89428214],[22.96913604,59.89189803],[22.96610014,59.8946566],[22.95600583,59.89372021],[22.96855929,59.88692808],[22.98032571,59.88678144]]],[[[23.99022413,59.91370081],[24.00278126,59.91541467],[23.98688047,59.917286],[23.99022413,59.91370081]]],[[[23.39415157,59.8984082],[23.4003653,59.90180529],[23.3889002,59.90224546],[23.39415157,59.8984082]]],[[[23.3552732,59.89657347],[23.3607283,59.8988073],[23.34690235,59.90091596],[23.3552732,59.89657347]]],[[[23.88240095,59.91004162],[23.88567165,59.91048555],[23.88414655,59.91301819],[23.87803817,59.91411577],[23.88240095,59.91004162]]],[[[23.62101307,59.90198497],[23.62387549,59.90500589],[23.61713472,59.90871732],[23.60672249,59.90544718],[23.62101307,59.90198497]]],[[[23.32387838,59.89330853],[23.32864016,59.89620868],[23.32016322,59.89628532],[23.31918915,59.89379968],[23.32387838,59.89330853]]],[[[23.26879667,59.89109679],[23.28411499,59.89704436],[23.26528657,59.89843891],[23.25960304,59.89355123],[23.26879667,59.89109679]]],[[[23.80113678,59.90467666],[23.80783131,59.9103892],[23.80159795,59.90901297],[23.80113678,59.90467666]]],[[[23.50452563,59.896751],[23.51524054,59.90106284],[23.50411274,59.90174349],[23.50452563,59.896751]]],[[[23.68556375,59.90112554],[23.69315085,59.90209456],[23.69621328,59.90745901],[23.68941671,59.90704146],[23.69117683,59.90475849],[23.68556375,59.90112554]]],[[[23.46092246,59.89479424],[23.45480634,59.89783424],[23.44606438,59.89681309],[23.46092246,59.89479424]]],[[[23.85886621,59.90372487],[23.86152921,59.90454274],[23.86191039,59.91118335],[23.84838044,59.91089286],[23.85886621,59.90372487]]],[[[23.07408418,59.88223448],[23.08663681,59.88541508],[23.08777579,59.8922033],[23.07909709,59.89306762],[23.06390363,59.88865648],[23.0684288,59.88208733],[23.07408418,59.88223448]]],[[[23.73239151,59.89999287],[23.73240834,59.90579348],[23.71901769,59.90206903],[23.73239151,59.89999287]]],[[[23.36112835,59.88998615],[23.39085351,59.89415295],[23.38570802,59.90092116],[23.37470629,59.90638524],[23.36389087,59.9062686],[23.35198627,59.91096504],[23.34322337,59.90846046],[23.34381735,59.90584809],[23.33702811,59.90092672],[23.34572223,59.89705671],[23.34607319,59.90403575],[23.36022042,59.90033877],[23.36293399,59.89727751],[23.35799659,59.89542194],[23.36112835,59.88998615]]],[[[24.34847361,59.91352709],[24.35339276,59.91880368],[24.34894164,59.92299126],[24.3443911,59.91487625],[24.34847361,59.91352709]]],[[[23.75029331,59.8990005],[23.74280779,59.90320537],[23.737962,59.9007995],[23.75029331,59.8990005]]],[[[23.54501769,59.89375097],[23.54635794,59.89974738],[23.54100965,59.90075263],[23.53968748,59.9039852],[23.52030123,59.90255807],[23.53855693,59.89984384],[23.54501769,59.89375097]]],[[[23.83357448,59.90080882],[23.83468173,59.90454488],[23.82758495,59.90223721],[23.83357448,59.90080882]]],[[[23.55782114,59.89338997],[23.5686558,59.89943072],[23.55057672,59.90201913],[23.55726712,59.90009593],[23.54941518,59.89657246],[23.55782114,59.89338997]]],[[[23.866354,59.90073981],[23.87471747,59.90392227],[23.86398647,59.90193176],[23.866354,59.90073981]]],[[[22.96433262,59.87479131],[22.97356493,59.87676726],[22.95219226,59.87653152],[22.96433262,59.87479131]]],[[[23.41401737,59.88761518],[23.44301053,59.89376624],[23.42500173,59.89449711],[23.40890203,59.88952039],[23.41401737,59.88761518]]],[[[23.47048097,59.88881276],[23.46836094,59.89202533],[23.45767041,59.89244624],[23.47048097,59.88881276]]],[[[23.52429348,59.89024087],[23.54064172,59.89554887],[23.52868882,59.89847468],[23.52429348,59.89024087]]],[[[23.67197292,59.89405038],[23.67125825,59.89634688],[23.67751927,59.89793792],[23.66929802,59.90285398],[23.67197292,59.89405038]]],[[[23.50945041,59.88902193],[23.51993576,59.89002385],[23.52372323,59.89487633],[23.49855578,59.8958954],[23.49565457,59.9025926],[23.5147292,59.90749283],[23.51998315,59.90459285],[23.52973768,59.90582778],[23.52597472,59.90933012],[23.52816324,59.91218676],[23.51801397,59.91782984],[23.52585691,59.92529691],[23.52249216,59.92868619],[23.49852111,59.92362862],[23.50155509,59.92021229],[23.50787477,59.92054545],[23.50953319,59.91717989],[23.50207633,59.91746858],[23.49730137,59.91315069],[23.49006499,59.91397166],[23.48894743,59.91784846],[23.48059587,59.91333789],[23.46847104,59.91572014],[23.45289939,59.91159804],[23.43588165,59.91339702],[23.42647382,59.91100554],[23.41224233,59.9142945],[23.4086603,59.91253354],[23.40991819,59.90837131],[23.40076206,59.90421397],[23.41574081,59.89570987],[23.42210634,59.89819398],[23.4335613,59.89546573],[23.44237731,59.89859957],[23.43771559,59.90082146],[23.44395054,59.90338531],[23.44719167,59.89991167],[23.45546095,59.90057143],[23.46827423,59.89352058],[23.47353418,59.89690014],[23.47794666,59.89457243],[23.4755516,59.89108258],[23.47908049,59.89017432],[23.49254194,59.88932203],[23.48513294,59.89203141],[23.48897249,59.89442262],[23.50945041,59.88902193]]],[[[23.56209575,59.88827048],[23.56735575,59.89058659],[23.55797821,59.89128211],[23.56209575,59.88827048]]],[[[23.31205022,59.88113753],[23.32873058,59.88182993],[23.33157421,59.88438246],[23.33056948,59.88795657],[23.3114125,59.89326082],[23.30202113,59.8906927],[23.29133542,59.892727],[23.28252972,59.88730607],[23.29295305,59.88243189],[23.31205022,59.88113753]]],[[[23.65999342,59.88979278],[23.66727148,59.89567006],[23.6559035,59.89361154],[23.65999342,59.88979278]]],[[[23.54536848,59.88599748],[23.55043229,59.88913462],[23.53668742,59.89321938],[23.52900858,59.89008792],[23.53666389,59.88601697],[23.54536848,59.88599748]]],[[[23.57235912,59.88599858],[23.57612223,59.88877196],[23.56627372,59.88959333],[23.57235912,59.88599858]]],[[[23.47892611,59.88255275],[23.47704711,59.88598375],[23.46967793,59.88452716],[23.47892611,59.88255275]]],[[[23.72532956,59.8868011],[23.73159253,59.88965148],[23.72187954,59.88873207],[23.72532956,59.8868011]]],[[[23.53618707,59.88178579],[23.53806407,59.8853534],[23.52806194,59.88617571],[23.52777798,59.88395161],[23.53618707,59.88178579]]],[[[23.35116469,59.87629966],[23.35760145,59.8786663],[23.34777284,59.8802953],[23.35116469,59.87629966]]],[[[23.63156046,59.88369677],[23.64361023,59.88550542],[23.64150117,59.88802259],[23.62351671,59.88557647],[23.63156046,59.88369677]]],[[[23.74145491,59.8847403],[23.75058889,59.88805144],[23.73832134,59.8869743],[23.74145491,59.8847403]]],[[[23.32160446,59.87167377],[23.32570027,59.87258682],[23.32248158,59.87578194],[23.31440398,59.8731286],[23.32160446,59.87167377]]],[[[23.46281887,59.87524755],[23.47770242,59.87753703],[23.45366818,59.87865709],[23.46281887,59.87524755]]],[[[23.7084308,59.88124323],[23.70964787,59.88657365],[23.70297128,59.8827287],[23.7084308,59.88124323]]],[[[23.30605469,59.87055191],[23.31096284,59.87369398],[23.29972346,59.87396723],[23.30605469,59.87055191]]],[[[23.6819497,59.87900673],[23.69057294,59.88032672],[23.70075698,59.88697265],[23.69445913,59.8895278],[23.68845056,59.88692127],[23.68724892,59.88273386],[23.67941655,59.88044377],[23.6819497,59.87900673]]],[[[23.35553273,59.86857306],[23.36637239,59.87757367],[23.35728555,59.87736046],[23.35535846,59.8740876],[23.35764557,59.87316598],[23.35013552,59.87180139],[23.35553273,59.86857306]]],[[[23.50424794,59.86903963],[23.51142164,59.87206695],[23.49926752,59.87191757],[23.50424794,59.86903963]]],[[[23.27932299,59.86287059],[23.28174046,59.86832519],[23.27469693,59.86713282],[23.27477287,59.86367397],[23.27932299,59.86287059]]],[[[23.43267041,59.86662862],[23.43552585,59.86802254],[23.41601704,59.8724004],[23.4189705,59.86841552],[23.43267041,59.86662862]]],[[[23.66657336,59.87233391],[23.6761247,59.87531612],[23.66657336,59.87233391]]],[[[23.52829919,59.86853806],[23.52939044,59.87138669],[23.52504751,59.8727196],[23.5159712,59.87316994],[23.51310887,59.87038825],[23.52829919,59.86853806]]],[[[23.42233975,59.8641772],[23.42649247,59.8661371],[23.41681546,59.86545895],[23.42233975,59.8641772]]],[[[23.40207563,59.86325542],[23.41507496,59.86733651],[23.41119007,59.87331125],[23.41293673,59.87464217],[23.42622266,59.87533555],[23.43882811,59.88200343],[23.42611383,59.88077263],[23.4263268,59.88481053],[23.42272462,59.8871754],[23.40807153,59.88420954],[23.38182964,59.88902596],[23.3600436,59.87991014],[23.37784531,59.87585304],[23.37464107,59.87445049],[23.37591619,59.87123932],[23.36082953,59.8690715],[23.35792968,59.86752004],[23.35985169,59.86553277],[23.37291628,59.86256093],[23.39042219,59.86499495],[23.40207563,59.86325542]]],[[[23.30781893,59.86043152],[23.31087164,59.86085374],[23.3095838,59.86753297],[23.28724998,59.87017154],[23.29701306,59.86172319],[23.30781893,59.86043152]]],[[[23.27233137,59.8589616],[23.28035368,59.86013263],[23.27448049,59.8635385],[23.26803814,59.86020166],[23.27233137,59.8589616]]],[[[22.8359256,59.84583769],[22.84814212,59.84974434],[22.83000974,59.8490141],[22.8359256,59.84583769]]],[[[23.50967723,59.86381425],[23.51415243,59.86464989],[23.5129314,59.86745878],[23.50868795,59.86854255],[23.50693626,59.86379802],[23.50967723,59.86381425]]],[[[23.52243279,59.86410443],[23.52644717,59.86734833],[23.51441767,59.86764794],[23.51654761,59.86402353],[23.52243279,59.86410443]]],[[[23.50324111,59.86293659],[23.50590959,59.86495852],[23.50122312,59.86752854],[23.48219121,59.86648508],[23.48724338,59.86315426],[23.50324111,59.86293659]]],[[[23.56716307,59.86417088],[23.58032936,59.86658243],[23.56886675,59.86828454],[23.56112121,59.86569777],[23.56716307,59.86417088]]],[[[23.41107687,59.85964581],[23.41919409,59.86337058],[23.40643166,59.86301896],[23.41107687,59.85964581]]],[[[23.58972007,59.86391861],[23.60811793,59.86620499],[23.59935318,59.87149099],[23.58600527,59.86581604],[23.58972007,59.86391861]]],[[[23.3890154,59.85752779],[23.38708424,59.85975892],[23.39838438,59.8603213],[23.38746723,59.86242594],[23.376443,59.858902],[23.3890154,59.85752779]]],[[[23.43799769,59.85705941],[23.44663816,59.86070491],[23.43889109,59.86206749],[23.43799769,59.85705941]]],[[[23.43501112,59.85605751],[23.42812826,59.86008531],[23.43334208,59.86272566],[23.43191702,59.86516412],[23.42026558,59.86235861],[23.42902095,59.85891738],[23.42770398,59.85648704],[23.43501112,59.85605751]]],[[[23.34816357,59.85336871],[23.3548483,59.85529199],[23.3387589,59.85692926],[23.34816357,59.85336871]]],[[[23.42388527,59.85451612],[23.42723503,59.85661697],[23.42030418,59.85957972],[23.41679453,59.85769954],[23.42388527,59.85451612]]],[[[23.55469162,59.85751533],[23.56196671,59.85857103],[23.55129424,59.85980635],[23.55469162,59.85751533]]],[[[23.5357014,59.85678967],[23.54819248,59.85993467],[23.53495872,59.85963934],[23.5357014,59.85678967]]],[[[23.45121927,59.85329132],[23.45479131,59.85413628],[23.45452368,59.85688217],[23.44949058,59.85774302],[23.44791806,59.85489594],[23.45121927,59.85329132]]],[[[23.47250072,59.85224145],[23.47680976,59.85323498],[23.4647663,59.85397041],[23.47250072,59.85224145]]],[[[23.39636542,59.84990542],[23.40485438,59.85276255],[23.39399534,59.85068274],[23.39636542,59.84990542]]],[[[23.37493012,59.84853804],[23.37931157,59.84950251],[23.35351341,59.85168988],[23.37493012,59.84853804]]],[[[23.38454629,59.84854919],[23.38761224,59.85110146],[23.37546452,59.85166258],[23.38454629,59.84854919]]],[[[23.55917197,59.85260749],[23.56775809,59.85657256],[23.55661198,59.8541907],[23.55917197,59.85260749]]],[[[23.50194744,59.85071694],[23.5053625,59.85173609],[23.48940756,59.85239391],[23.50194744,59.85071694]]],[[[23.33305723,59.84472212],[23.33556732,59.84736456],[23.32736269,59.84617474],[23.33305723,59.84472212]]],[[[23.4987879,59.84814348],[23.48779244,59.85222638],[23.4887697,59.84967871],[23.4987879,59.84814348]]],[[[23.22447076,59.83916731],[23.24978957,59.84364401],[23.24675169,59.84657714],[23.25044489,59.84999182],[23.21549847,59.84441704],[23.21617653,59.84103252],[23.22447076,59.83916731]]],[[[23.46493282,59.84103046],[23.45999286,59.84764872],[23.45593541,59.84736818],[23.46493282,59.84103046]]],[[[23.48676986,59.8412672],[23.48912436,59.84375205],[23.47777379,59.84278248],[23.48676986,59.8412672]]],[[[23.33043895,59.83495223],[23.34138971,59.84014055],[23.32352994,59.84084636],[23.31761744,59.8379442],[23.33043895,59.83495223]]],[[[23.19747942,59.83070693],[23.20469667,59.83316995],[23.19436007,59.83247201],[23.19747942,59.83070693]]],[[[22.83201943,59.81261922],[22.82807255,59.81590012],[22.81976455,59.81557586],[22.82115633,59.81244969],[22.83201943,59.81261922]]],[[[23.57851794,59.83294967],[23.57013072,59.83571525],[23.56553057,59.83342778],[23.57851794,59.83294967]]],[[[22.91479822,59.80819451],[22.91311393,59.81460702],[22.93219159,59.82402198],[22.94738584,59.82498941],[22.94702648,59.82151521],[22.95977322,59.81811206],[22.97420243,59.82255513],[22.98368114,59.82000817],[22.98553145,59.82544902],[22.99088532,59.82691021],[23.00557988,59.82379236],[23.03825091,59.82655906],[23.05763023,59.82045219],[23.0614019,59.8232745],[23.05291894,59.82652656],[23.05439789,59.8286214],[23.06100472,59.82907839],[23.0616009,59.8256741],[23.08483219,59.82692682],[23.08181319,59.83216033],[23.09150267,59.83479093],[23.10198601,59.83285304],[23.10043456,59.82698066],[23.12165574,59.82704984],[23.1679706,59.83642475],[23.17272127,59.8311395],[23.1774484,59.8293659],[23.18101125,59.83168059],[23.18645146,59.82780424],[23.18980755,59.8340287],[23.21484748,59.83996922],[23.21343009,59.84682325],[23.22965877,59.85086056],[23.23198705,59.85599402],[23.2444534,59.85694994],[23.23590777,59.85749819],[23.2402696,59.86274843],[23.23455967,59.86315765],[23.22758134,59.8688094],[23.2292534,59.872024],[23.22500823,59.87342863],[23.22637934,59.87904732],[23.22208054,59.88481323],[23.22272348,59.89058273],[23.23459882,59.89611541],[23.29580361,59.90859038],[23.30802954,59.91420373],[23.31391601,59.92139895],[23.37642107,59.93981476],[23.38243812,59.94437421],[23.38007219,59.94897989],[23.38716707,59.95440097],[23.3884656,59.95778374],[23.38446932,59.95882329],[23.39077505,59.96230882],[23.40060442,59.9769471],[23.40753975,59.98109564],[23.42487163,59.98260307],[23.4295203,59.99013954],[23.4409552,59.9923563],[23.45662432,60.00333451],[23.46049223,60.0106147],[23.45191277,60.01082853],[23.46481429,60.01416954],[23.46622667,60.0245011],[23.47211045,60.02978429],[23.46522857,60.03530859],[23.46862332,60.03907403],[23.46493064,60.04172761],[23.47001994,60.04524132],[23.4641555,60.05042586],[23.48340202,60.04745235],[23.49347393,60.05059423],[23.49119461,60.05490404],[23.49623225,60.05866216],[23.49427854,60.06186186],[23.50275147,60.0623062],[23.50546094,60.06813406],[23.5106801,60.06709987],[23.51804971,60.07185769],[23.51500037,60.08650464],[23.52531612,60.09186975],[23.54310538,60.08959081],[23.54345396,60.09246335],[23.53947823,60.09364533],[23.54702273,60.09793513],[23.55961898,60.09166576],[23.5435955,60.08395538],[23.53425778,60.07325609],[23.53404041,60.06343416],[23.5368897,60.05467107],[23.54405255,60.04670849],[23.54274689,60.04313277],[23.53756112,60.03939627],[23.52338476,60.03895347],[23.52294391,60.03448621],[23.5120514,60.03901045],[23.50818124,60.03563856],[23.49312524,60.03344574],[23.49459577,60.02787577],[23.48356934,60.02270595],[23.48604059,60.02041295],[23.481708,60.01868257],[23.48019482,60.01314912],[23.48463131,60.01201376],[23.48296063,60.01008565],[23.48859946,60.00527804],[23.48857362,59.99853917],[23.48240085,59.99841624],[23.48097316,59.99503788],[23.47425998,59.99949614],[23.46340061,59.99903616],[23.45934777,59.99527451],[23.45957542,59.98734494],[23.45122734,59.98295011],[23.44409409,59.98503082],[23.43607955,59.98149802],[23.42886774,59.97241333],[23.43597441,59.97156871],[23.43179659,59.96648876],[23.43399988,59.96511654],[23.44823348,59.96476516],[23.45519003,59.96881845],[23.47039309,59.96975166],[23.47868538,59.97745937],[23.47713219,59.98086334],[23.49469184,59.98489617],[23.53487033,59.98297109],[23.54506955,59.98699149],[23.54203554,59.98983858],[23.55176793,59.99176989],[23.57972235,59.99000269],[23.57677497,59.98614425],[23.56825916,59.98795445],[23.51508476,59.97772882],[23.50326383,59.97200451],[23.4537903,59.96069664],[23.45168733,59.95188708],[23.47283875,59.94841454],[23.47208637,59.944387],[23.4771395,59.93867753],[23.48785203,59.93410834],[23.49046915,59.92742275],[23.5057094,59.92978841],[23.50877324,59.93419346],[23.51441202,59.93493749],[23.54093202,59.93765405],[23.55992719,59.93449457],[23.58993758,59.93486837],[23.61383572,59.93869306],[23.6168586,59.94152965],[23.65060217,59.93915674],[23.63446726,59.93806825],[23.63763447,59.93541747],[23.69857487,59.93700932],[23.70181965,59.93881992],[23.68537179,59.94090517],[23.69957422,59.94730705],[23.72212421,59.94328479],[23.7212057,59.93934572],[23.72513698,59.93955857],[23.72652563,59.94505249],[23.72108924,59.95301142],[23.69595122,59.95454496],[23.69743056,59.95726208],[23.70761395,59.95883947],[23.70839457,59.96364056],[23.69721337,59.97061193],[23.68067267,59.97258421],[23.67926804,59.96856607],[23.68618548,59.96536872],[23.68711715,59.96184526],[23.6797787,59.95812761],[23.66170915,59.96502647],[23.654789,59.96191281],[23.65280853,59.96857749],[23.6600437,59.9736157],[23.66832334,59.96955092],[23.67544055,59.98032403],[23.67755131,59.97681627],[23.6985664,59.97246091],[23.70901042,59.97384671],[23.70916086,59.9780846],[23.71627343,59.97085339],[23.73952821,59.96873209],[23.74760324,59.97471037],[23.75476426,59.97483842],[23.74765669,59.9774222],[23.74818378,59.98098978],[23.74287075,59.98349122],[23.72455646,59.98300534],[23.72158363,59.98627738],[23.74390385,59.98483372],[23.74782029,59.98739901],[23.75915146,59.98291547],[23.77952188,59.98795716],[23.78368702,59.98672822],[23.78889735,59.97789159],[23.79619836,59.97783293],[23.80319502,59.98465367],[23.8071744,59.98417431],[23.80416719,59.98102498],[23.80533442,59.97771552],[23.79634116,59.9769901],[23.79068638,59.9718282],[23.77534418,59.97026918],[23.77678334,59.96833822],[23.80352675,59.96805371],[23.81727586,59.97129969],[23.83368311,59.98154819],[23.83803603,59.98868378],[23.8327835,59.99139855],[23.84805641,59.99376286],[23.84271798,59.99726152],[23.85221129,60.00290427],[23.86718201,60.00203836],[23.88419132,60.00646994],[23.8784436,60.00949053],[23.87986917,60.01607612],[23.86579299,60.02048568],[23.96274191,60.01175769],[23.96835156,60.01587352],[23.96560129,60.01923319],[23.96711546,60.0218754],[23.99805745,60.03020114],[24.00052285,60.03260703],[23.99905744,60.03867057],[24.01399044,60.04648564],[24.02925811,60.04532767],[24.01979316,60.03664415],[24.02744043,60.03233734],[24.02536468,60.02954447],[24.02816909,60.02702352],[24.03704231,60.02452233],[24.04522174,60.02714037],[24.04717249,60.03094208],[24.05174479,60.02358258],[24.07201747,60.02509941],[24.09185552,60.02072337],[24.09239217,60.02354623],[24.07631859,60.03073743],[24.08138086,60.03631355],[24.11522396,60.02680353],[24.12835113,60.03434949],[24.12254872,60.03840676],[24.11881119,60.03614917],[24.117464,60.03826355],[24.1216454,60.04167091],[24.13199908,60.04741868],[24.1539972,60.05267943],[24.15189773,60.04694842],[24.13729108,60.04391851],[24.13541644,60.03782445],[24.14705881,60.0366186],[24.15150497,60.03289508],[24.14867989,60.02925987],[24.16324412,60.02614625],[24.2020541,60.02742092],[24.2052925,60.02876676],[24.20450788,60.03137467],[24.19638463,60.03539719],[24.19491596,60.0391767],[24.16187432,60.0498274],[24.17417869,60.05877264],[24.19161518,60.05961594],[24.19664851,60.05637545],[24.21209505,60.05646731],[24.20982893,60.05514407],[24.21233099,60.04749111],[24.22252776,60.04613851],[24.22439662,60.05026937],[24.22024311,60.05574546],[24.22242466,60.05639867],[24.24357381,60.04306173],[24.26197828,60.04448188],[24.2599496,60.04098455],[24.26473609,60.03996417],[24.27683704,60.0438391],[24.26619649,60.04734132],[24.26592522,60.0514362],[24.27789468,60.05741847],[24.28537984,60.05909934],[24.30201667,60.05532015],[24.3175661,60.06103791],[24.31761627,60.06348426],[24.30222124,60.06793616],[24.30213923,60.07285628],[24.2960742,60.07390532],[24.29322955,60.07812813],[24.30119815,60.07856121],[24.3026347,60.083301],[24.30896813,60.08555357],[24.32427454,60.08252535],[24.32050388,60.07800144],[24.33059353,60.07792061],[24.33383742,60.08677701],[24.33827796,60.08835663],[24.33322754,60.09387814],[24.34297088,60.08966421],[24.35649882,60.08950522],[24.35901976,60.08547742],[24.37155991,60.0829747],[24.38461011,60.08584336],[24.3875931,60.08393908],[24.3747476,60.0800959],[24.37211525,60.07565037],[24.375273,60.06602508],[24.37193873,60.0612191],[24.37367848,60.05766595],[24.36114473,60.05083429],[24.35844419,60.04594653],[24.35803008,60.04137185],[24.3621857,60.04052173],[24.3627065,60.03645947],[24.33726206,60.02807518],[24.33180946,60.02104117],[24.32030654,60.01423195],[24.31987011,60.004879],[24.32304319,60.0041111],[24.33575328,60.00332609],[24.3521148,60.00920364],[24.3469487,60.01262274],[24.34782031,60.02487664],[24.35188373,60.0271712],[24.37906183,60.02893775],[24.3796136,60.02052027],[24.38393861,60.01652606],[24.4052162,60.01802075],[24.40858341,60.0290924],[24.41666736,60.0317253],[24.42191741,60.03012401],[24.42750948,60.03328312],[24.42982589,60.03919946],[24.4519508,60.04210648],[24.45780878,60.04603757],[24.45501666,60.0512495],[24.46060362,60.0575671],[24.4735506,60.06605803],[24.47846591,60.06495759],[24.47280582,60.05659295],[24.47461796,60.05357771],[24.46987695,60.05097233],[24.47878259,60.04857407],[24.46510511,60.04616897],[24.44553519,60.03537904],[24.44460763,60.03037899],[24.46306937,60.03057092],[24.43991794,60.0196567],[24.44106029,60.01449104],[24.42589486,60.00771054],[24.42317065,60.0017093],[24.42883617,59.99825002],[24.42301636,59.99061271],[24.41612892,59.99011835],[24.39184027,59.97841895],[24.39042519,59.97496055],[24.39461895,59.97358626],[24.39206615,59.97132865],[24.39600956,59.96792128],[24.41922295,59.97905692],[24.42445445,59.98549019],[24.42897358,59.98245005],[24.42571649,59.97788381],[24.42786482,59.97621256],[24.44203115,59.98420033],[24.45941841,59.98537823],[24.4626548,59.9913509],[24.45556663,59.99151137],[24.44920102,59.99754122],[24.45841548,59.99657188],[24.47065445,60.00030428],[24.46473282,59.99559243],[24.46590551,59.99279024],[24.4739187,59.99128595],[24.48716175,59.99486873],[24.49123851,60.00118033],[24.48819811,60.00475788],[24.49138774,60.00539667],[24.5019804,59.99602514],[24.50643084,59.99725713],[24.50436421,60.00099838],[24.51757082,60.00749073],[24.5125762,60.00984125],[24.51308719,60.01580288],[24.50937088,60.01729313],[24.51314306,60.02132679],[24.52251842,60.02618081],[24.5262058,60.02588333],[24.5245044,60.02254819],[24.53118815,60.02130666],[24.53801139,60.02615427],[24.54644715,60.02725842],[24.54986343,60.02977719],[24.54865255,60.03201589],[24.53819401,60.03070444],[24.54207819,60.03589601],[24.539888,60.04033124],[24.56199525,60.05039074],[24.56965586,60.06000227],[24.58122976,60.06220814],[24.58420825,60.06641254],[24.59990749,60.07066201],[24.6190689,60.08169418],[24.61688196,60.08402441],[24.61970151,60.0861225],[24.60835564,60.08706436],[24.58669241,60.09616375],[24.60795987,60.10568479],[24.64638962,60.10959128],[24.64127042,60.12065107],[24.63627069,60.12157083],[24.63175192,60.11460482],[24.61966191,60.11939415],[24.58866811,60.10718257],[24.57262872,60.10518186],[24.6110308,60.11992928],[24.61711164,60.126101],[24.61741058,60.13052219],[24.62449591,60.13270872],[24.62759843,60.13711987],[24.62140726,60.14664482],[24.61307793,60.14966104],[24.61305539,60.15407068],[24.6079055,60.15665061],[24.59444529,60.15757866],[24.58583973,60.16222636],[24.57727772,60.15861612],[24.56428814,60.16302387],[24.55066687,60.16138948],[24.56222151,60.17418752],[24.5773138,60.17701496],[24.58424118,60.16731473],[24.59354473,60.16328313],[24.60641726,60.16364714],[24.61103969,60.15811631],[24.62090764,60.15699388],[24.63173645,60.15062753],[24.64015778,60.13799192],[24.65487716,60.14008057],[24.65155295,60.13628147],[24.66201057,60.13509685],[24.66983721,60.12043443],[24.67649826,60.11593096],[24.68703422,60.11780452],[24.67700809,60.12180522],[24.68166986,60.1265489],[24.69582299,60.12788586],[24.69979265,60.13107655],[24.69607354,60.13671773],[24.68635524,60.13968563],[24.70798217,60.14149533],[24.72332823,60.14909373],[24.73477777,60.14928769],[24.73600739,60.14735498],[24.73260033,60.14560028],[24.73884801,60.14325881],[24.74952491,60.14398218],[24.75435004,60.14980469],[24.76240455,60.1499499],[24.7693049,60.15580147],[24.80189471,60.15911862],[24.81882772,60.17541237],[24.82244586,60.175541],[24.82035727,60.16925353],[24.83536664,60.16657541],[24.82856011,60.17184523],[24.83757233,60.17632603],[24.83522776,60.1811312],[24.84056546,60.19073592],[24.83647269,60.19272702],[24.8206564,60.18887135],[24.81558844,60.19172272],[24.81444088,60.1963798],[24.82391657,60.19909572],[24.83005968,60.20589822],[24.84216132,60.20899368],[24.84997224,60.20891023],[24.8517994,60.20679614],[24.84822484,60.20456109],[24.86794875,60.19676003],[24.87330082,60.19039194],[24.88217049,60.19092547],[24.89592288,60.18372072],[24.90368288,60.18587154],[24.90936875,60.18359117],[24.91407382,60.17598312],[24.90221891,60.17309407],[24.91587145,60.16897028],[24.8977589,60.16645512],[24.90895024,60.15746639],[24.90224073,60.15540789],[24.90926277,60.15033425],[24.92505722,60.15366441],[24.92238227,60.14721422],[24.9272401,60.14656698],[24.93324412,60.15384612],[24.95678495,60.15338725],[24.9630029,60.15593084],[24.95435757,60.167034],[24.96110522,60.17266093],[24.96318541,60.18029365],[24.97601636,60.1771771],[24.98365084,60.1836851],[24.98514764,60.19576766],[24.97947079,60.20062072],[24.98384923,60.21256204],[24.99810138,60.20618898],[25.00399786,60.20929368],[25.00349135,60.21523787],[24.99742387,60.21325498],[24.99916053,60.20929415],[24.99690225,60.20837853],[24.99087219,60.21092466],[24.99274668,60.21564383],[24.99064998,60.21792594],[24.99459932,60.22158588],[24.99959454,60.22174162],[25.01116692,60.21423447],[25.01925466,60.21434688],[25.02471621,60.2084722],[25.01752149,60.2049829],[25.02367392,60.20194161],[25.02319551,60.19747278],[25.0121244,60.19926416],[25.00014573,60.19679963],[25.02412889,60.19020332],[25.03245015,60.18464262],[25.04304187,60.18600473],[25.04905045,60.19206729],[25.06141782,60.19414191],[25.06794158,60.19872142],[25.09658777,60.20053936],[25.09883643,60.20639968],[25.1079221,60.207691],[25.11793744,60.21477403],[25.12097292,60.21410071],[25.11458462,60.2068057],[25.08975233,60.18827229],[25.10638113,60.19397423],[25.13011193,60.19668553],[25.13560539,60.1879635],[25.15027877,60.18624348],[25.14521739,60.19140688],[25.15012943,60.19349953],[25.14851214,60.19517995],[25.13878665,60.19330387],[25.1345489,60.19717244],[25.13590484,60.20016593],[25.15934193,60.20166133],[25.16029314,60.1978484],[25.17470057,60.19333006],[25.1872117,60.19969655],[25.17766774,60.20764795],[25.20348477,60.2145881],[25.19648893,60.21869709],[25.19752566,60.22177238],[25.18527507,60.22440041],[25.17599038,60.23048248],[25.19172684,60.22880193],[25.18620777,60.23403632],[25.18795146,60.23575122],[25.20585574,60.23340877],[25.21207489,60.23780098],[25.20851346,60.23910607],[25.20952539,60.24116094],[25.21744283,60.2408067],[25.21667483,60.24453465],[25.19833972,60.25106474],[25.20177931,60.25298476],[25.24113575,60.26148434],[25.24557316,60.26073423],[25.24328684,60.25287338],[25.25307448,60.25030299],[25.28864645,60.25584784],[25.3029307,60.25396723],[25.30847856,60.25743484],[25.31215514,60.25401901],[25.33290069,60.26176363],[25.342966,60.25683241],[25.34605707,60.25805564],[25.34807327,60.2644749],[25.33036933,60.2757395],[25.32370432,60.28587179],[25.33131786,60.28303541],[25.33380356,60.28042335],[25.3319319,60.27842546],[25.35078219,60.2644151],[25.36174669,60.26597889],[25.36174756,60.2706041],[25.37506037,60.27444124],[25.37869526,60.27338902],[25.37635653,60.26952842],[25.38758443,60.26891573],[25.38590289,60.26336927],[25.37837809,60.26001989],[25.37763099,60.25495795],[25.38057195,60.25407037],[25.41384267,60.25425227],[25.42451073,60.25938725],[25.43067301,60.25643262],[25.42704818,60.25332233],[25.43101032,60.25183176],[25.44517693,60.2515119],[25.44353086,60.25611345],[25.44850209,60.25810199],[25.45196566,60.25728784],[25.44946974,60.25374398],[25.4527933,60.25223302],[25.46201757,60.25286154],[25.46681578,60.25444962],[25.46478738,60.26140616],[25.47401902,60.25706238],[25.49102616,60.25882999],[25.48116733,60.25313328],[25.49429785,60.24894724],[25.49694798,60.25071242],[25.49530332,60.25508115],[25.50799885,60.26031024],[25.51155212,60.26632742],[25.51045764,60.27906354],[25.5173567,60.27698303],[25.52777767,60.28196462],[25.51359851,60.28503938],[25.53224976,60.28620498],[25.53629097,60.28308843],[25.55071327,60.30561662],[25.55181358,60.31339653],[25.54845857,60.31749423],[25.54385988,60.32094602],[25.53097019,60.32173382],[25.52775205,60.32632685],[25.51660253,60.32683513],[25.51890256,60.32986345],[25.52884524,60.3308368],[25.53609696,60.3352786],[25.53954882,60.33252446],[25.55144655,60.33932797],[25.56794903,60.33201387],[25.57256441,60.33339246],[25.57257458,60.33992771],[25.57590016,60.34003248],[25.57839221,60.33546355],[25.57337272,60.3248755],[25.57587647,60.3185951],[25.58055219,60.31707359],[25.57676021,60.3119663],[25.58557791,60.31101495],[25.58811652,60.31327606],[25.58617451,60.32129564],[25.59690199,60.32460329],[25.60060444,60.32936592],[25.59361783,60.33232508],[25.59621186,60.33971413],[25.6015374,60.3429676],[25.60835145,60.3417039],[25.60526324,60.33880707],[25.60839203,60.32983805],[25.61893553,60.33315259],[25.62018591,60.34316336],[25.62904203,60.35299691],[25.64042631,60.35730312],[25.64444388,60.36439647],[25.65735299,60.37323236],[25.67464582,60.37683735],[25.66890655,60.38306388],[25.68004888,60.38081184],[25.67852382,60.37650602],[25.68134287,60.37449524],[25.68439946,60.37453117],[25.68295595,60.37888857],[25.68606045,60.37945952],[25.70417194,60.37178084],[25.7008854,60.36308006],[25.68983243,60.3597163],[25.71801758,60.35339155],[25.72156976,60.3409378],[25.71946807,60.33384979],[25.71545118,60.33325692],[25.7144007,60.33816946],[25.70952302,60.34055814],[25.70151828,60.33861616],[25.69903915,60.33348862],[25.67789596,60.33341105],[25.65884821,60.32947008],[25.63536935,60.33037262],[25.62812454,60.32728193],[25.64196566,60.32307675],[25.63903837,60.31912254],[25.64092368,60.31540881],[25.63765141,60.31348876],[25.65340358,60.30741585],[25.65359827,60.30454493],[25.643936,60.30180425],[25.65489299,60.30099566],[25.66581734,60.29207218],[25.66248594,60.28158573],[25.67009101,60.27645127],[25.70817301,60.27807391],[25.71718384,60.27401029],[25.70978829,60.27169743],[25.71009986,60.26736724],[25.74455642,60.25234835],[25.75912954,60.25661488],[25.76195246,60.25239235],[25.77702844,60.24722445],[25.77283816,60.24565182],[25.77353115,60.24303865],[25.78177422,60.24219877],[25.78697667,60.23728613],[25.79523771,60.23975342],[25.79075468,60.24314802],[25.79036873,60.24769513],[25.79435987,60.25158522],[25.790355,60.2554385],[25.79415504,60.25697082],[25.78409453,60.26338907],[25.78993723,60.26746261],[25.80120479,60.26325259],[25.81021901,60.26496572],[25.83057987,60.26225463],[25.83973921,60.26716327],[25.84784319,60.26729612],[25.84290759,60.27156366],[25.85034494,60.27491573],[25.85049698,60.27763299],[25.84403119,60.28096558],[25.81233114,60.27637643],[25.78678228,60.28113926],[25.78045349,60.28509411],[25.77256309,60.29948774],[25.76380896,60.30199574],[25.75752365,60.31152758],[25.75089031,60.31137637],[25.749636,60.30508687],[25.74087295,60.30969651],[25.73832154,60.31526001],[25.74397699,60.31630833],[25.73998372,60.32272185],[25.74264283,60.32383323],[25.76081203,60.31853517],[25.76910705,60.30970134],[25.78538748,60.30265593],[25.80452965,60.28645246],[25.81274041,60.28467301],[25.85270015,60.29139874],[25.85995498,60.28955761],[25.85733366,60.27394797],[25.87206673,60.26802769],[25.86422848,60.26260379],[25.87217074,60.25969869],[25.86058761,60.25604657],[25.88066359,60.25187953],[25.88536249,60.24494251],[25.89909782,60.24639821],[25.92573793,60.25302249],[25.92808836,60.25745217],[25.93634086,60.26062022],[25.92848545,60.26123814],[25.92526735,60.26465824],[25.91688457,60.26230503],[25.91339025,60.26871714],[25.90335113,60.27223717],[25.90748193,60.27714502],[25.90489815,60.2828419],[25.88730024,60.28400616],[25.88594988,60.29251724],[25.90134657,60.30295477],[25.88847603,60.30872068],[25.88216504,60.3082982],[25.88122885,60.31266748],[25.8724968,60.31801693],[25.87388674,60.32045366],[25.8638471,60.32347846],[25.86925887,60.32982002],[25.8842035,60.33461345],[25.86698853,60.33553149],[25.8680639,60.33743296],[25.87363267,60.3394595],[25.89793743,60.33748335],[25.91464953,60.34284041],[25.9159876,60.35086662],[25.90785517,60.36160168],[25.91287469,60.36665539],[25.89043284,60.37303373],[25.88365723,60.37988683],[25.88209904,60.38761344],[25.86056211,60.39545645],[25.85710278,60.4024757],[25.85104116,60.40412332],[25.85052164,60.40953618],[25.84588987,60.411554],[25.86262233,60.41071636],[25.87990066,60.40154169],[25.89078003,60.39954358],[25.89965138,60.3868569],[25.89805926,60.38344234],[25.90656155,60.3781677],[25.90436975,60.37630991],[25.93541352,60.36816563],[25.93284233,60.36541452],[25.9419851,60.35735503],[25.96438838,60.3573477],[25.98135429,60.35137083],[25.98670557,60.3625002],[25.97927816,60.3731636],[25.99538105,60.37353904],[25.98998501,60.35405698],[25.99516778,60.34829191],[26.01133149,60.34436138],[26.02033839,60.3360435],[26.02377805,60.32147563],[26.0286402,60.31745028],[26.01941849,60.31228347],[26.01701769,60.30695478],[26.02096066,60.30468396],[26.04990062,60.30322776],[26.05093659,60.30873402],[26.06145809,60.3128535],[26.07778145,60.30454668],[26.08723764,60.30944956],[26.08760985,60.31385131],[26.10068077,60.31782318],[26.11132104,60.32510467],[26.10290427,60.33072454],[26.10755002,60.33365657],[26.10811849,60.3394911],[26.10268393,60.34691449],[26.07499058,60.34554046],[26.06850121,60.3504977],[26.06924804,60.36006556],[26.05511291,60.36119585],[26.05510388,60.36833794],[26.04270366,60.37994191],[26.03146243,60.38500527],[26.0147517,60.38681865],[26.01272249,60.38804599],[26.01757929,60.39344545],[25.99163798,60.40157078],[25.98987915,60.40599424],[25.99892032,60.4082569],[26.00712147,60.40448001],[26.00394535,60.3996999],[26.00677757,60.39856903],[26.02185619,60.399509],[26.0317284,60.40472747],[26.03538405,60.41065813],[26.03965203,60.4105093],[26.04039558,60.41766205],[26.03602954,60.42058447],[26.02389849,60.4204185],[25.99890969,60.4308118],[25.99932468,60.43377274],[25.99335773,60.43649829],[25.99605252,60.4428013],[25.99414939,60.4469716],[25.98110882,60.44939517],[25.97951281,60.44664325],[25.96426515,60.44353867],[25.95797719,60.4455828],[25.95467684,60.45147995],[25.96581185,60.45658726],[25.9634316,60.45992274],[25.97065013,60.46387456],[25.9669396,60.46768129],[25.95503768,60.4658409],[25.97070763,60.47618414],[25.93535087,60.47633368],[25.91325287,60.48685341],[25.92866006,60.49138979],[25.94364923,60.48200138],[25.97246487,60.48127717],[26.00232344,60.46248812],[26.00400276,60.45252689],[26.02806377,60.43889169],[26.03383251,60.43958225],[26.03396866,60.43364964],[26.05368873,60.4232674],[26.05738237,60.42334434],[26.05720403,60.42925379],[26.07102216,60.43348852],[26.08809817,60.42256696],[26.09858012,60.41101381],[26.11429976,60.4043149],[26.12917082,60.40743148],[26.13216288,60.39955414],[26.1392057,60.39494384],[26.15670976,60.4012867],[26.1705082,60.39692416],[26.17308639,60.39533631],[26.17093672,60.39363152],[26.15296201,60.39457858],[26.16263837,60.38681182],[26.15231242,60.38530029],[26.18030509,60.37315611],[26.17452498,60.37274734],[26.15914395,60.37953914],[26.156858,60.37686491],[26.17291429,60.36862249],[26.19617851,60.36290038],[26.20441208,60.36500372],[26.2024318,60.36659985],[26.20742183,60.37157783],[26.20115403,60.37833036],[26.18490505,60.37753811],[26.19418829,60.38454396],[26.1936046,60.39566551],[26.17316364,60.40125024],[26.17102679,60.40380987],[26.1745269,60.40874704],[26.16749103,60.4135425],[26.16954266,60.41826603],[26.18365859,60.41116811],[26.19902929,60.40882771],[26.20627598,60.40354071],[26.22288393,60.40552763],[26.22494139,60.39908883],[26.22226929,60.3969331],[26.22470548,60.39580162],[26.25147499,60.39771551],[26.26692235,60.39263104],[26.25878972,60.4037398],[26.25056048,60.40489276],[26.25846616,60.4106441],[26.24839268,60.42153889],[26.24937658,60.4254114],[26.23216857,60.43644943],[26.24201451,60.44647775],[26.23442689,60.45150335],[26.23482339,60.45933479],[26.24036186,60.45953202],[26.25246722,60.45113822],[26.24989862,60.44748389],[26.25159025,60.4452127],[26.26485804,60.44025813],[26.2699113,60.43264055],[26.29602194,60.43109878],[26.28613572,60.42908832],[26.2797667,60.42122452],[26.2990319,60.41787716],[26.29077884,60.40431229],[26.30892557,60.38414677],[26.31050431,60.376424],[26.3249359,60.37154383],[26.33451736,60.37223286],[26.33434458,60.38182795],[26.3475276,60.38384142],[26.33696743,60.39048042],[26.33421805,60.39802809],[26.35084885,60.40242657],[26.37290519,60.39846627],[26.36725892,60.40756536],[26.38001667,60.411027],[26.37954215,60.41312506],[26.38606614,60.4133366],[26.39197484,60.40733533],[26.39089989,60.40291644],[26.40217542,60.40148572],[26.40985705,60.39607063],[26.40991351,60.39161979],[26.4147225,60.39162811],[26.41008275,60.40871979],[26.41461598,60.41130675],[26.40421659,60.42039617],[26.40198789,60.43013578],[26.40919241,60.43084754],[26.409291,60.42597299],[26.41359166,60.42887566],[26.42278675,60.4238711],[26.42219946,60.41525024],[26.43035406,60.41646264],[26.43917655,60.41320728],[26.44193889,60.41488396],[26.44037911,60.41945282],[26.43134582,60.41941004],[26.44062633,60.42438683],[26.45411894,60.41798079],[26.45480323,60.43015886],[26.46173786,60.43398051],[26.45599766,60.43834752],[26.45847499,60.44301362],[26.45485239,60.4435765],[26.45462874,60.44942801],[26.43798384,60.46914703],[26.4477602,60.46683036],[26.4542485,60.47070533],[26.44200601,60.47898834],[26.45315532,60.4861319],[26.44783952,60.492419],[26.511203,60.52731408],[26.50061376,60.5454413],[26.54429215,60.55490657],[26.53866194,60.59517403],[26.51223087,60.59898259],[26.48345131,60.59685153],[26.4818476,60.61425312],[26.45845324,60.6390821],[26.4313951,60.64955127],[26.34710468,60.66135799],[26.36208217,60.66822393],[26.33844821,60.67582716],[26.3250744,60.69666047],[26.3314679,60.71188897],[26.30045532,60.7309506],[26.30013052,60.74920561],[26.27752612,60.75394654],[26.27098181,60.76034558],[26.25370156,60.76100924],[26.25314946,60.74809501],[26.22920833,60.74784389],[26.20836347,60.7579944],[26.22384401,60.72927309],[26.21425843,60.71625176],[26.16329007,60.70075532],[26.14181409,60.69049598],[26.10923912,60.68637661],[26.0277751,60.71663027],[25.93351866,60.70594319],[25.91493336,60.73587076],[25.85936573,60.73202235],[25.83485921,60.71495157],[25.74675048,60.70806147],[25.72300729,60.71842111],[25.69736815,60.70786194],[25.67954973,60.69154869],[25.65723612,60.69073091],[25.63426878,60.68097996],[25.61779498,60.68031031],[25.61235103,60.67863177],[25.61086851,60.67147628],[25.51928424,60.70389458],[25.52542317,60.71942695],[25.51364792,60.74812173],[25.47452396,60.79268878],[25.4332997,60.79544895],[25.3821838,60.75340107],[25.31909199,60.76096611],[25.29811757,60.75195513],[25.28473026,60.77622777],[25.22116594,60.80403666],[25.20911237,60.84085115],[25.19606396,60.83972308],[25.18823081,60.83446991],[25.18430472,60.82509036],[25.18927116,60.82034404],[25.12101203,60.81639782],[25.11097449,60.81858337],[25.10206822,60.80976477],[25.15487587,60.77838285],[25.15244574,60.76836463],[25.09063842,60.76293462],[25.08815048,60.75399284],[25.05827802,60.72498625],[25.06792439,60.71455297],[25.11437296,60.74032707],[25.11866429,60.7466846],[25.1454766,60.73147468],[25.19293019,60.72473784],[25.14605262,60.71646531],[25.08422086,60.69920788],[25.1124618,60.66159624],[25.06186853,60.66925443],[25.05347681,60.6796351],[25.03486643,60.68499215],[24.93259494,60.67367983],[24.92170724,60.66753258],[24.92087526,60.66292858],[24.89490131,60.66407438],[24.89418028,60.66010454],[24.83560104,60.65930141],[24.83507239,60.66627535],[24.81832891,60.66847534],[24.80945581,60.67282677],[24.7792677,60.65389147],[24.76416305,60.65992169],[24.74930018,60.64957026],[24.73988031,60.64749645],[24.69127358,60.6493123],[24.65177889,60.66024974],[24.6390903,60.65881651],[24.61591118,60.66756883],[24.56602855,60.63707183],[24.56293619,60.60246749],[24.57725031,60.58580122],[24.54895214,60.55983982],[24.42368035,60.55249151],[24.39844718,60.57717738],[24.41042243,60.59212201],[24.38521876,60.60303773],[24.34772354,60.61215375],[24.30616907,60.5871525],[24.29332446,60.58435596],[24.30557556,60.57104757],[24.28538667,60.56541063],[24.23421401,60.6014501],[24.23726373,60.61806607],[24.17494301,60.62808261],[24.13478106,60.62311746],[24.10492828,60.62893822],[24.08428585,60.62809028],[24.04107251,60.64452161],[23.96144773,60.63807833],[23.93241503,60.64562444],[23.91786561,60.65384333],[23.90050681,60.64975687],[23.86640545,60.61863979],[23.92054909,60.60608735],[23.90826984,60.58686913],[23.88907023,60.57410434],[23.88749799,60.55850713],[23.84449248,60.55642349],[23.8644607,60.53874368],[23.86537432,60.53589868],[23.85154498,60.53059777],[23.86457656,60.52149496],[23.87184984,60.50793434],[23.8376278,60.49128118],[23.82302541,60.49463561],[23.73748611,60.49036948],[23.70943058,60.47283424],[23.71516589,60.46483852],[23.69223023,60.44990121],[23.7841404,60.45018604],[23.79360767,60.42883007],[23.78440121,60.40482658],[23.79048728,60.38782525],[23.78155574,60.3854678],[23.77616166,60.38790376],[23.74166338,60.37000239],[23.72317245,60.36875589],[23.72261128,60.35995709],[23.73395598,60.35570291],[23.73530793,60.33792036],[23.72888025,60.32899284],[23.72779256,60.30773452],[23.68977703,60.29368835],[23.67398676,60.30307606],[23.62947818,60.28266824],[23.62717141,60.26052322],[23.61319434,60.26079287],[23.59892194,60.26638972],[23.58632158,60.2588405],[23.61051131,60.24968632],[23.63346122,60.23472552],[23.6372409,60.21926722],[23.64752541,60.21110934],[23.64896368,60.20156521],[23.60799624,60.19140675],[23.58746712,60.19954534],[23.55361573,60.20220456],[23.47018714,60.17260658],[23.41537195,60.16520001],[23.37917566,60.16704583],[23.36293753,60.14989881],[23.31595517,60.17158452],[23.32587565,60.18853736],[23.30591071,60.18866013],[23.27754039,60.17265137],[23.27150195,60.15428762],[23.23298732,60.13992108],[23.1957817,60.13416571],[23.19749473,60.12291356],[23.14864972,60.10044067],[23.05645225,60.08861231],[23.02800357,60.10157039],[23.00275563,60.09792328],[23.00025121,60.0961742],[23.0187772,60.09163619],[23.01786079,60.08746821],[22.98844583,60.08547821],[22.99046813,60.08254302],[22.98541382,60.080037],[22.98532557,60.07499182],[22.98889967,60.07049509],[22.99837289,60.06401282],[23.01320329,60.06261388],[23.01882137,60.06544827],[23.00755376,60.07558087],[23.01581538,60.0819346],[23.01875355,60.08062626],[23.0163382,60.07954471],[23.01810681,60.07707267],[23.0125069,60.07411618],[23.02216023,60.06556881],[23.03264451,60.07158791],[23.04573597,60.06492442],[23.05000947,60.05563077],[23.05582133,60.05758168],[23.07049058,60.05468732],[23.05139928,60.0493081],[23.05692818,60.04468979],[23.07859821,60.04823105],[23.07994267,60.05020481],[23.07515346,60.05343314],[23.08153993,60.05548593],[23.086008,60.05211277],[23.07966115,60.04641307],[23.08222406,60.04383281],[23.10308903,60.03977464],[23.10850526,60.04662867],[23.10171694,60.05286863],[23.13964954,60.06880623],[23.14910455,60.06759564],[23.14243752,60.06480913],[23.14560855,60.06322883],[23.14253557,60.06062794],[23.14514285,60.05737119],[23.15198982,60.05939511],[23.15021477,60.06673031],[23.15864017,60.06518201],[23.16434374,60.06977906],[23.2265456,60.06975001],[23.23429422,60.06347975],[23.26574422,60.0627658],[23.2479908,60.05672367],[23.24262732,60.05123752],[23.23656854,60.05185945],[23.22453472,60.04463733],[23.22590543,60.03996548],[23.21789269,60.03704247],[23.20991467,60.0416943],[23.23148674,60.06083621],[23.19975809,60.06109553],[23.17955727,60.06550044],[23.16219006,60.06179491],[23.15563159,60.05725888],[23.15479648,60.05281872],[23.11635775,60.04481253],[23.11486706,60.01105034],[23.11106494,60.00733153],[23.10045021,60.0124919],[23.09913836,60.0167522],[23.09033012,60.01376433],[23.09194573,60.00873311],[23.08532206,60.00979316],[23.09610452,60.02618864],[23.10863679,60.03034122],[23.10677885,60.03552672],[23.1019743,60.03703797],[23.04840485,60.04323646],[23.03922032,60.04688457],[23.02502383,60.04415566],[23.02282148,60.04868094],[22.98950407,60.03878488],[22.98528578,60.03271681],[22.9944081,60.03071042],[22.99134507,60.02613341],[22.9967077,60.02456118],[22.99847093,60.02060543],[23.00754258,60.01935151],[23.00755214,60.00719811],[23.01071747,60.00375987],[23.01578894,60.00206403],[23.0224829,60.0067505],[23.03607901,60.00657246],[23.0488173,59.99625747],[23.03947828,59.99465633],[23.03707132,60.00362831],[23.02735337,60.00547486],[23.02250284,60.00332358],[23.02649537,59.99645349],[23.02352903,59.99181725],[23.02992735,59.98969424],[23.02917306,59.98610976],[23.02071139,59.98413655],[23.01091724,59.9906226],[23.00472232,59.98518621],[23.00745482,59.97983376],[22.99853358,59.97631211],[22.98690421,59.97657491],[22.9826475,59.97114415],[22.97527555,59.97132247],[22.96700763,59.98023016],[22.95053993,59.97963235],[22.95471333,59.98989326],[22.93065806,59.99246453],[22.90680885,59.98849709],[22.91310304,59.97779316],[22.90825351,59.97459354],[22.90424408,59.97438115],[22.90059286,59.979202],[22.8934715,59.97689042],[22.88012479,59.97989754],[22.86130246,59.97268085],[22.8590536,59.96757132],[22.85226769,59.96683466],[22.8485553,59.97281806],[22.85020775,59.9815903],[22.83964231,59.98021478],[22.83112283,59.98409202],[22.85250795,59.99100195],[22.83978547,59.99203393],[22.82394799,60.00077134],[22.83838773,60.00291732],[22.83434007,60.00652106],[22.84258219,60.00961281],[22.83516385,60.01243034],[22.84621561,60.01507079],[22.82901492,60.01933669],[22.81007148,60.01750232],[22.816619,60.00013837],[22.81199554,59.99632652],[22.81441571,59.98039657],[22.82432068,59.97897944],[22.82252183,59.97438825],[22.83311568,59.96402436],[22.85871406,59.96055368],[22.86369352,59.95371301],[22.86909403,59.95183872],[22.87007345,59.94943375],[22.85962276,59.94234482],[22.8649954,59.93255663],[22.88416325,59.91787639],[22.90342818,59.91236034],[22.90556003,59.91640084],[22.91450138,59.91659664],[22.91520754,59.9122815],[22.92213128,59.91446103],[22.93910466,59.90846518],[22.95697884,59.91366975],[22.95678922,59.91859988],[22.96074951,59.92116145],[22.97363892,59.91790275],[22.97733734,59.92314335],[22.9960365,59.92161007],[23.00802309,59.91544278],[22.99252162,59.93104311],[22.98430491,59.93425395],[22.96104462,59.93337053],[22.96775816,59.94075846],[22.9674398,59.94831645],[22.97566851,59.95247328],[22.97919743,59.95155078],[22.97985449,59.94110515],[22.9901029,59.93724153],[22.99961357,59.94066545],[23.00390786,59.93825467],[23.02175983,59.94070301],[23.00424207,59.9340372],[23.01509679,59.92336637],[23.02505498,59.92251728],[23.02610745,59.91071043],[23.03281326,59.91407764],[23.03349164,59.91766471],[23.06418135,59.91987668],[23.0706436,59.93024135],[23.06460286,59.93334358],[23.06839331,59.9363868],[23.06061631,59.94815062],[23.05614455,59.94803778],[23.07168182,59.96040847],[23.06766419,59.96205686],[23.07339431,59.96729467],[23.06934124,59.96788123],[23.07109656,59.97588917],[23.0787579,59.97819736],[23.07437686,59.98310447],[23.06471513,59.98346259],[23.05169373,59.9770691],[23.03139649,59.97939738],[23.0295297,59.98475375],[23.0372924,59.98949364],[23.06434026,59.98861151],[23.10110502,60.00519774],[23.14676638,60.00822973],[23.15874755,60.01409513],[23.17684657,60.01590751],[23.19034799,60.02994055],[23.20273481,60.03461702],[23.21397156,60.03160355],[23.2341079,60.03474925],[23.23308359,60.03080085],[23.21175873,60.02433571],[23.21403393,60.01863724],[23.19970068,60.0141242],[23.20139771,60.00938705],[23.20793869,60.00587326],[23.199988,60.00174619],[23.20025263,59.99922165],[23.21211852,59.99731361],[23.20413878,59.99297559],[23.1967485,59.99578493],[23.19678352,60.00531043],[23.20059925,60.00737253],[23.19485937,60.0134753],[23.19581656,60.01590371],[23.19158266,60.01730369],[23.13905445,60.00221437],[23.13568542,60.00409839],[23.11889875,60.00105797],[23.11428178,59.99601613],[23.11211085,59.99113001],[23.12713524,59.99268293],[23.12491323,59.9875983],[23.12943534,59.98719659],[23.12944812,59.98436928],[23.126573,59.983262],[23.12256286,59.98910023],[23.10927142,59.98631686],[23.09627881,59.94805278],[23.1081342,59.94141879],[23.12021407,59.9412379],[23.12831878,59.94462074],[23.13577242,59.94907935],[23.13110528,59.95763896],[23.13420763,59.96273489],[23.15338219,59.9672067],[23.15877911,59.96588671],[23.15747178,59.96244905],[23.16705939,59.95290614],[23.15872769,59.95279942],[23.15508066,59.94726995],[23.16640409,59.94439801],[23.17921751,59.94668107],[23.18802774,59.95434686],[23.1795873,59.95943074],[23.17806898,59.97116023],[23.19297147,59.97677389],[23.20591252,59.96405121],[23.21574248,59.95886906],[23.21690602,59.95642619],[23.21296273,59.95383564],[23.1906458,59.94714159],[23.19034481,59.94457103],[23.17433339,59.9406172],[23.16198117,59.94120218],[23.147798,59.93251782],[23.1446253,59.92363694],[23.16137301,59.92215004],[23.16357461,59.91809511],[23.16891754,59.91690041],[23.1586388,59.91041286],[23.16254684,59.9086807],[23.20586499,59.92464571],[23.20899149,59.92895276],[23.20626258,59.93122319],[23.22369192,59.93731037],[23.22551134,59.94108446],[23.21026383,59.93663631],[23.2005369,59.93760457],[23.20788818,59.94323323],[23.229257,59.94766651],[23.2323923,59.94378426],[23.2406863,59.9453035],[23.25043936,59.95602092],[23.26858058,59.96217536],[23.27761071,59.96905084],[23.28060753,59.9820784],[23.30049308,59.99417893],[23.30179452,60.01557156],[23.29842049,60.01927065],[23.30582727,60.02923675],[23.30623364,60.03496452],[23.32048735,60.04717754],[23.32886116,60.04696459],[23.32357401,60.03436268],[23.30867621,60.01926656],[23.30596752,59.99398361],[23.29583809,59.98174426],[23.29450039,59.97587148],[23.28123459,59.96694106],[23.27901161,59.9583942],[23.26381699,59.95381238],[23.27141794,59.94915159],[23.24729671,59.93917006],[23.23492314,59.93840529],[23.21806045,59.9292859],[23.21490703,59.92033117],[23.20772991,59.9226211],[23.19364158,59.91825431],[23.20296086,59.91107164],[23.19102632,59.91149706],[23.16782844,59.90583126],[23.17033484,59.90284723],[23.16263025,59.90182527],[23.16931313,59.89202905],[23.15902316,59.88732184],[23.10467136,59.88740594],[23.10264879,59.88365923],[23.07710143,59.88140011],[23.07164416,59.87781151],[23.07174157,59.87336559],[23.05520195,59.8707906],[23.05005454,59.86600886],[23.02501582,59.86519269],[23.0260957,59.86274046],[23.01484802,59.86071664],[23.01350412,59.85646206],[22.9991149,59.85412888],[22.98371192,59.84649184],[22.96786491,59.85050451],[22.96185794,59.8443168],[22.95141676,59.84182331],[22.94132398,59.84553035],[22.9298363,59.84293782],[22.93476375,59.84002593],[22.92433207,59.83569231],[22.92502662,59.82794602],[22.91661342,59.82340455],[22.90100793,59.82127337],[22.90406871,59.81926694],[22.8912158,59.81090517],[22.89396384,59.80883473],[22.90586204,59.81229953],[22.91479822,59.80819451]]],[[[23.24966133,59.81628816],[23.26417018,59.82006156],[23.25564822,59.82022752],[23.24966133,59.81628816]]],[[[23.14317601,59.81152638],[23.14728278,59.81183538],[23.14925973,59.81565226],[23.14208747,59.81469442],[23.14317601,59.81152638]]],[[[23.22929923,59.81337223],[23.23584848,59.81372175],[23.24375289,59.81929449],[23.23561937,59.81953283],[23.22929923,59.81337223]]],[[[23.57565207,59.81998353],[23.58049986,59.82396072],[23.57842401,59.8323325],[23.56438715,59.83054582],[23.55261014,59.82331121],[23.57565207,59.81998353]]],[[[22.93191335,59.79198919],[22.93575157,59.7938084],[22.93446755,59.7964739],[22.92882623,59.79378597],[22.93191335,59.79198919]]],[[[22.94677404,59.76579587],[22.95359701,59.76842251],[22.95328727,59.7724283],[22.93577888,59.77701125],[22.93496433,59.77182653],[22.94503277,59.7696141],[22.94677404,59.76579587]]]]}},{"type":"Feature","properties":{"code":"VRS","name":"Southwest Finland","sourceCode":"02"},"geometry":{"type":"MultiPolygon","coordinates":[[[[21.29250679,61.00477522],[21.29338489,61.00962566],[21.28016514,61.00711309],[21.29250679,61.00477522]]],[[[21.32646945,60.99998109],[21.3237556,61.00811074],[21.31109249,61.00959835],[21.31890042,61.00538634],[21.31928674,61.00093526],[21.32646945,60.99998109]]],[[[21.2631776,60.99697724],[21.26909995,60.99968095],[21.26318265,61.00178251],[21.25760819,60.99976737],[21.2631776,60.99697724]]],[[[21.17993565,60.9869881],[21.1911056,60.99025286],[21.19136647,60.99317593],[21.17395956,60.99437299],[21.17224248,60.98829169],[21.17993565,60.9869881]]],[[[21.34441044,60.99257208],[21.33669832,60.99867173],[21.34002175,60.99312248],[21.34441044,60.99257208]]],[[[21.21404592,60.98460223],[21.21359772,60.98978472],[21.2076718,60.98787043],[21.21404592,60.98460223]]],[[[21.22992989,60.98307062],[21.23223347,60.98625149],[21.2286796,60.98794722],[21.2188869,60.9839566],[21.22992989,60.98307062]]],[[[21.38969376,60.98048053],[21.38599398,60.98573279],[21.38249482,60.9855809],[21.38969376,60.98048053]]],[[[21.38727395,60.97004079],[21.39270554,60.97099228],[21.3846035,60.97710823],[21.38357749,60.9716714],[21.38727395,60.97004079]]],[[[21.29773688,60.95595101],[21.30291182,60.95678065],[21.29789875,60.9593987],[21.29425574,60.95775574],[21.29773688,60.95595101]]],[[[21.17188461,60.94645405],[21.17880224,60.94843784],[21.16612987,60.95860753],[21.15684742,60.95422955],[21.17188461,60.94645405]]],[[[21.20734122,60.94258861],[21.21034928,60.94397052],[21.2073618,60.94624253],[21.19475019,60.94613972],[21.20734122,60.94258861]]],[[[21.13475768,60.93498851],[21.13892527,60.93833469],[21.13190808,60.94460768],[21.1306174,60.94014062],[21.13475768,60.93498851]]],[[[21.21594105,60.93683981],[21.22002965,60.93910583],[21.21773281,60.9461631],[21.21201432,60.94521888],[21.21225089,60.94071129],[21.20318484,60.93848992],[21.21594105,60.93683981]]],[[[21.25413486,60.9348232],[21.27484742,60.93837032],[21.24573767,60.93849774],[21.25413486,60.9348232]]],[[[21.21153896,60.91848003],[21.19615679,60.92429116],[21.19646905,60.92148625],[21.21153896,60.91848003]]],[[[21.06522381,60.90759565],[21.05575499,60.91224079],[21.06522381,60.90759565]]],[[[21.21758192,60.89303608],[21.20940736,60.89831656],[21.21758192,60.89303608]]],[[[21.22502992,60.88657259],[21.23581568,60.88961325],[21.22442441,60.89181644],[21.22265386,60.88762965],[21.22502992,60.88657259]]],[[[21.13618643,60.85904233],[21.13648689,60.86399966],[21.13251037,60.86095037],[21.13618643,60.85904233]]],[[[21.15634175,60.85939711],[21.16184975,60.8610536],[21.15980699,60.86362652],[21.16635421,60.86825455],[21.15669357,60.87400046],[21.14914796,60.8659406],[21.15634175,60.85939711]]],[[[21.16855633,60.85376752],[21.16922067,60.85771098],[21.1612159,60.85685134],[21.16855633,60.85376752]]],[[[21.09807087,60.84918054],[21.09760993,60.85232194],[21.08985904,60.85193415],[21.09807087,60.84918054]]],[[[21.15383508,60.84635159],[21.15909413,60.85308007],[21.15670145,60.85540101],[21.1483836,60.85514605],[21.14353451,60.85160453],[21.14675595,60.84664591],[21.15383508,60.84635159]]],[[[21.13617162,60.84540872],[21.14090464,60.8465607],[21.14057547,60.84949714],[21.13537623,60.84761832],[21.13617162,60.84540872]]],[[[21.03699201,60.834941],[21.03914414,60.83721045],[21.03343832,60.84432288],[21.01973514,60.84870853],[21.00616651,60.84905204],[21.00297981,60.84532415],[21.03699201,60.834941]]],[[[21.1794949,60.83212021],[21.17418794,60.83851091],[21.16724864,60.83544402],[21.1794949,60.83212021]]],[[[21.21221759,60.82559501],[21.2115366,60.83086576],[21.20358412,60.83746525],[21.20563955,60.83856629],[21.2002654,60.83985925],[21.20596567,60.83155806],[21.20329858,60.82792239],[21.21221759,60.82559501]]],[[[21.20068048,60.8233403],[21.20603065,60.82593941],[21.19548364,60.82674526],[21.20068048,60.8233403]]],[[[21.12418045,60.81600445],[21.12791336,60.82401292],[21.12483891,60.82743199],[21.12465926,60.82139447],[21.11970067,60.82079974],[21.12418045,60.81600445]]],[[[21.25719503,60.82006741],[21.27383109,60.82362898],[21.27710292,60.8294133],[21.26390269,60.82970802],[21.25734941,60.82401481],[21.25719503,60.82006741]]],[[[21.3602487,60.81975736],[21.36574045,60.82113652],[21.3607125,60.82332907],[21.35738292,60.82045003],[21.3602487,60.81975736]]],[[[21.06939953,60.80610246],[21.0715887,60.80807498],[21.0649267,60.80987066],[21.06939953,60.80610246]]],[[[21.23482669,60.81297352],[21.25053025,60.81726239],[21.25476407,60.82469455],[21.23159096,60.83907764],[21.22794132,60.83785369],[21.22876508,60.83441387],[21.23430514,60.833693],[21.23378527,60.83028571],[21.24114395,60.8253985],[21.22988237,60.81855642],[21.23482669,60.81297352]]],[[[21.21951245,60.81204419],[21.21864002,60.81485186],[21.2031902,60.81621581],[21.21951245,60.81204419]]],[[[21.18342745,60.80971383],[21.18615016,60.81252453],[21.17919784,60.81635116],[21.18342745,60.80971383]]],[[[21.17064534,60.80807892],[21.16965796,60.81367108],[21.15920801,60.816795],[21.15574139,60.82237751],[21.15179994,60.82325054],[21.14444924,60.81584892],[21.15287937,60.81071932],[21.17064534,60.80807892]]],[[[21.31465098,60.81010853],[21.30729335,60.81728752],[21.29694127,60.81769288],[21.30624001,60.811207],[21.31465098,60.81010853]]],[[[21.3050994,60.80890454],[21.29023482,60.81563633],[21.29198833,60.81193195],[21.3050994,60.80890454]]],[[[21.16873849,60.8008336],[21.17440561,60.80549973],[21.17254849,60.80717864],[21.16485281,60.8056315],[21.16873849,60.8008336]]],[[[21.36457319,60.80883214],[21.36893926,60.81140821],[21.36199235,60.8167579],[21.35947043,60.81351188],[21.36457319,60.80883214]]],[[[21.37414094,60.80907521],[21.37527626,60.81391614],[21.36841683,60.81729839],[21.37414094,60.80907521]]],[[[21.27064488,60.80251991],[21.28705958,60.81052475],[21.27580631,60.81659098],[21.28644588,60.82017924],[21.28471258,60.82214297],[21.28028686,60.82356514],[21.2580001,60.81743441],[21.24604281,60.81228165],[21.24144307,60.80536734],[21.26266362,60.80650623],[21.27064488,60.80251991]]],[[[21.34133695,60.8050545],[21.34048976,60.8107226],[21.33440552,60.8105472],[21.33421014,60.8061643],[21.34133695,60.8050545]]],[[[21.298665,60.80241949],[21.29802766,60.80605898],[21.28927376,60.80366765],[21.298665,60.80241949]]],[[[21.2454217,60.79951917],[21.24393883,60.80380117],[21.23874289,60.80143335],[21.2454217,60.79951917]]],[[[21.33969651,60.79751306],[21.34756332,60.79992207],[21.33895127,60.80324988],[21.32890004,60.80048964],[21.33969651,60.79751306]]],[[[21.30531267,60.79285519],[21.31036266,60.79708565],[21.30521782,60.80057129],[21.30523756,60.80563341],[21.29992839,60.80628314],[21.30233728,60.80004742],[21.29784139,60.7945252],[21.30531267,60.79285519]]],[[[21.31973627,60.7920392],[21.33010075,60.79441581],[21.32470132,60.79801281],[21.31506064,60.7968547],[21.31426634,60.79375048],[21.31973627,60.7920392]]],[[[21.16777866,60.78025611],[21.17730866,60.78123721],[21.17917331,60.78426008],[21.17525554,60.78935756],[21.16110685,60.79305962],[21.15415668,60.79910777],[21.14712971,60.79889657],[21.1525973,60.80206054],[21.15190753,60.80516941],[21.14360383,60.80744219],[21.13912639,60.80299435],[21.1306604,60.80106725],[21.13427254,60.79362436],[21.14244038,60.78984464],[21.1419416,60.78562117],[21.15314065,60.78682281],[21.15445238,60.78363257],[21.16777866,60.78025611]]],[[[21.34920817,60.78772075],[21.35778774,60.7889616],[21.35390016,60.79712853],[21.36755942,60.80162855],[21.34393277,60.79616208],[21.3364808,60.79080433],[21.34920817,60.78772075]]],[[[21.28266789,60.784646],[21.28601358,60.78868095],[21.27600838,60.79261301],[21.26395825,60.7895835],[21.28266789,60.784646]]],[[[21.39450492,60.78706117],[21.39637316,60.78978999],[21.39081774,60.79186957],[21.37918337,60.79130686],[21.39450492,60.78706117]]],[[[21.38605465,60.78625448],[21.38848489,60.786638],[21.384547,60.7892125],[21.37751165,60.78752888],[21.38605465,60.78625448]]],[[[21.1919323,60.77509626],[21.19664504,60.77802244],[21.19082084,60.77915535],[21.18969603,60.78221664],[21.18342747,60.78008873],[21.18261001,60.77789437],[21.1919323,60.77509626]]],[[[21.37730153,60.77892409],[21.37120291,60.78755614],[21.36639257,60.78649541],[21.37730153,60.77892409]]],[[[21.24691613,60.76959922],[21.24933081,60.77272692],[21.24419147,60.77699332],[21.23277635,60.77194368],[21.24691613,60.76959922]]],[[[21.30679023,60.76692514],[21.31642697,60.77021867],[21.3163038,60.77294515],[21.30536225,60.77569551],[21.30338699,60.77006808],[21.30679023,60.76692514]]],[[[21.29104178,60.76020289],[21.30371543,60.76454299],[21.29819008,60.77359837],[21.28038648,60.77538267],[21.2670623,60.77109259],[21.26813863,60.7682881],[21.29104178,60.76020289]]],[[[21.39433722,60.76402788],[21.39667912,60.76436294],[21.39562416,60.76717631],[21.38351616,60.77513451],[21.37012361,60.77039473],[21.38090187,60.7697389],[21.38559476,60.76510026],[21.39433722,60.76402788]]],[[[21.26605014,60.75390413],[21.27120047,60.75965949],[21.28374283,60.75786121],[21.27977199,60.7620434],[21.28170356,60.76401777],[21.257319,60.767205],[21.24998434,60.76183514],[21.2513796,60.75849511],[21.26605014,60.75390413]]],[[[21.30386541,60.75369348],[21.31167248,60.75586851],[21.30010478,60.75488384],[21.30386541,60.75369348]]],[[[21.25918423,60.74453663],[21.27162844,60.74808925],[21.25696383,60.74567408],[21.25918423,60.74453663]]],[[[21.33394216,60.74658979],[21.33472063,60.75320631],[21.32785244,60.75351174],[21.32982043,60.7514884],[21.32718413,60.75032972],[21.33394216,60.74658979]]],[[[21.35849091,60.74163809],[21.36242871,60.74566921],[21.37802938,60.75039924],[21.37418468,60.75566743],[21.35747454,60.76395105],[21.3421018,60.76815684],[21.3278055,60.76674259],[21.32447034,60.76185757],[21.34375012,60.75275657],[21.3388522,60.74872232],[21.35849091,60.74163809]]],[[[21.33455025,60.74004435],[21.33535591,60.74406288],[21.3238644,60.74528918],[21.32603374,60.74139033],[21.33455025,60.74004435]]],[[[21.25317436,60.73217044],[21.25692289,60.73455051],[21.25204282,60.73612332],[21.24715042,60.73358501],[21.25317436,60.73217044]]],[[[21.01639099,60.71505688],[21.02389475,60.71806305],[21.02800316,60.72402422],[21.02152191,60.72209013],[21.01870862,60.72561308],[21.03062739,60.72909738],[21.03211587,60.73406085],[21.02836641,60.73532948],[21.00439731,60.72441423],[21.004693,60.7190748],[21.01639099,60.71505688]]],[[[21.27118685,60.72415785],[21.28264747,60.72609503],[21.27549301,60.73094874],[21.26356096,60.72715648],[21.27118685,60.72415785]]],[[[21.35381444,60.72666242],[21.35758695,60.7293086],[21.34792725,60.72898735],[21.35381444,60.72666242]]],[[[21.30289611,60.72351929],[21.29003068,60.72485445],[21.30289611,60.72351929]]],[[[21.33695406,60.72022512],[21.34727706,60.72776842],[21.34501037,60.73142603],[21.33855255,60.73360723],[21.32775934,60.7301571],[21.32951675,60.72820598],[21.32618296,60.72728113],[21.32634097,60.72324249],[21.33695406,60.72022512]]],[[[21.30126938,60.70818947],[21.30737857,60.71090901],[21.31990547,60.70971949],[21.32716181,60.71360749],[21.30592837,60.72009345],[21.28974211,60.71751684],[21.2884222,60.71401232],[21.28362642,60.71319455],[21.28404856,60.70960438],[21.30126938,60.70818947]]],[[[21.43578178,60.70965294],[21.43825814,60.71185062],[21.42714055,60.71885309],[21.41604217,60.71969265],[21.41546524,60.71679311],[21.43578178,60.70965294]]],[[[21.30441721,60.70014331],[21.31885449,60.70384604],[21.30287415,60.70455976],[21.30011317,60.70047031],[21.30441721,60.70014331]]],[[[21.33547806,60.69963333],[21.33824918,60.70141626],[21.33667645,60.70555419],[21.32119193,60.70208783],[21.33547806,60.69963333]]],[[[21.22087621,60.68588768],[21.22527275,60.68954992],[21.21551084,60.68864278],[21.22087621,60.68588768]]],[[[21.33272212,60.68814879],[21.33439744,60.68993752],[21.33101172,60.69250531],[21.32066282,60.69108537],[21.33272212,60.68814879]]],[[[21.14495286,60.67546336],[21.13737158,60.68076598],[21.14495286,60.67546336]]],[[[21.33164339,60.67890559],[21.34060522,60.68147303],[21.32738234,60.68270613],[21.33164339,60.67890559]]],[[[21.35718593,60.67212452],[21.35367158,60.67692816],[21.34777182,60.67405487],[21.35718593,60.67212452]]],[[[21.35137279,60.66484896],[21.35311199,60.66792231],[21.34863113,60.67331431],[21.34284674,60.67476089],[21.34583594,60.66673155],[21.35137279,60.66484896]]],[[[21.26158712,60.65535483],[21.26345123,60.65667133],[21.25998379,60.65838533],[21.25360371,60.65679027],[21.26158712,60.65535483]]],[[[21.34249302,60.65851941],[21.34525519,60.66023605],[21.33552684,60.66632704],[21.34148546,60.66890295],[21.34023633,60.67220697],[21.33430497,60.67237424],[21.32597968,60.66699331],[21.33451346,60.659838],[21.34249302,60.65851941]]],[[[21.2738745,60.65453104],[21.27060486,60.65950891],[21.26390521,60.65852468],[21.2738745,60.65453104]]],[[[21.37716239,60.65620218],[21.38588329,60.66000128],[21.36741129,60.66743139],[21.37780445,60.66084889],[21.37514495,60.65723015],[21.37716239,60.65620218]]],[[[21.38075804,60.65156482],[21.38936195,60.6565707],[21.38027286,60.65651268],[21.37705432,60.653471],[21.38075804,60.65156482]]],[[[21.36748458,60.64914985],[21.36889644,60.65310816],[21.35913812,60.65586327],[21.35907805,60.65816352],[21.35053747,60.65665467],[21.36748458,60.64914985]]],[[[21.39276486,60.64496025],[21.40895404,60.64840611],[21.39608687,60.6520294],[21.38959545,60.64960094],[21.39276486,60.64496025]]],[[[21.37337736,60.64347746],[21.3759686,60.64414634],[21.3738998,60.6464938],[21.36730178,60.64459503],[21.37337736,60.64347746]]],[[[21.22208297,60.63165595],[21.22585204,60.6334686],[21.20877726,60.63687133],[21.20509487,60.63382238],[21.22208297,60.63165595]]],[[[21.39952909,60.63759676],[21.40326471,60.64003877],[21.39752839,60.64108103],[21.39952909,60.63759676]]],[[[21.42206604,60.6354261],[21.42700545,60.63837206],[21.424761,60.64172591],[21.41864112,60.64184525],[21.42206604,60.6354261]]],[[[21.37595109,60.6314684],[21.38120764,60.63259233],[21.37580174,60.64012201],[21.36634838,60.63730469],[21.3702653,60.63254938],[21.37595109,60.6314684]]],[[[21.09418402,60.61917379],[21.09687959,60.62324228],[21.09159255,60.62317192],[21.09418402,60.61917379]]],[[[21.21485766,60.62355534],[21.21861374,60.62435865],[21.2154378,60.62806798],[21.21014152,60.62605117],[21.21485766,60.62355534]]],[[[21.39619597,60.61888401],[21.40340298,60.61922168],[21.3943182,60.62402345],[21.3930204,60.62039253],[21.39619597,60.61888401]]],[[[21.23189976,60.60735391],[21.23835569,60.61193524],[21.2328688,60.61454355],[21.24006523,60.61728127],[21.23694918,60.62088898],[21.23883158,60.62261084],[21.2326303,60.62739183],[21.21792638,60.62937195],[21.21653175,60.62763234],[21.22209013,60.62338505],[21.21463401,60.62041243],[21.23189976,60.60735391]]],[[[21.21329263,60.60652321],[21.2189916,60.60819528],[21.21125676,60.61013147],[21.21066007,60.60703432],[21.21329263,60.60652321]]],[[[21.38637083,60.61119836],[21.3898792,60.61311486],[21.38588774,60.61586108],[21.37790695,60.6135783],[21.38637083,60.61119836]]],[[[21.31550574,60.60300519],[21.31489211,60.60684627],[21.31763387,60.60385263],[21.32296683,60.60506328],[21.32295086,60.60851953],[21.31611055,60.61082306],[21.30907748,60.6073997],[21.31550574,60.60300519]]],[[[21.24310073,60.59982861],[21.24410365,60.60275861],[21.23133561,60.60597073],[21.24310073,60.59982861]]],[[[21.4269843,60.60757391],[21.42459728,60.61705853],[21.40013104,60.61698619],[21.40826968,60.6113143],[21.41475933,60.61218038],[21.41754161,60.60897786],[21.4269843,60.60757391]]],[[[21.25503801,60.59922336],[21.2515883,60.60537975],[21.24754281,60.60456186],[21.25503801,60.59922336]]],[[[21.17669918,60.59390327],[21.18216347,60.59527939],[21.17572249,60.5980829],[21.17669918,60.59390327]]],[[[21.32978761,60.59937639],[21.33571397,60.60137883],[21.32540184,60.60765662],[21.32978761,60.59937639]]],[[[21.32598854,60.59652982],[21.3276217,60.60007964],[21.32377962,60.6010831],[21.3250642,60.60409715],[21.32005962,60.60423223],[21.31740501,60.5984721],[21.32598854,60.59652982]]],[[[21.20890564,60.58717993],[21.202007,60.59445327],[21.20101321,60.5903048],[21.20890564,60.58717993]]],[[[21.18704737,60.58567114],[21.18910922,60.58647198],[21.18160855,60.59060903],[21.18340174,60.58591197],[21.18704737,60.58567114]]],[[[21.19488171,60.58373419],[21.19791448,60.58974248],[21.19180891,60.58850554],[21.19488171,60.58373419]]],[[[21.22585656,60.58161035],[21.22896368,60.58731855],[21.22662247,60.5910964],[21.23394947,60.59508051],[21.23418286,60.59811272],[21.22253584,60.6029362],[21.22334781,60.60631682],[21.2082295,60.60689994],[21.20846534,60.61179152],[21.19984105,60.61736208],[21.18840293,60.61581476],[21.18615029,60.61227418],[21.17550567,60.6165296],[21.15955786,60.61241344],[21.16083116,60.60876906],[21.17235821,60.60972393],[21.17441481,60.60573156],[21.17876034,60.60637012],[21.17543069,60.6112802],[21.17936655,60.61177332],[21.18726137,60.60669548],[21.19704532,60.60601941],[21.20846409,60.5990748],[21.20585964,60.59659603],[21.20999605,60.58804529],[21.21837829,60.58840351],[21.22126448,60.58248836],[21.22585656,60.58161035]]],[[[21.41876857,60.58669583],[21.4226259,60.58898305],[21.41245436,60.59334075],[21.41047564,60.58955911],[21.41876857,60.58669583]]],[[[21.3644791,60.58338801],[21.37164609,60.58699897],[21.36765291,60.59225414],[21.36931402,60.59491466],[21.36361879,60.60155788],[21.35315606,60.60421935],[21.35619996,60.60578054],[21.35300999,60.61548917],[21.34786534,60.61791672],[21.33673771,60.61680601],[21.33186709,60.62063723],[21.32565538,60.61973694],[21.32154194,60.624965],[21.31481096,60.62426742],[21.31598444,60.62115435],[21.31165545,60.6173172],[21.33410877,60.60758918],[21.33543627,60.60384363],[21.35005319,60.59917874],[21.34797448,60.59653893],[21.35605097,60.59161944],[21.3541315,60.58877634],[21.3644791,60.58338801]]],[[[21.31903461,60.58009973],[21.32234371,60.58154455],[21.3171447,60.58726596],[21.32427081,60.58940428],[21.30356617,60.60748094],[21.31468894,60.61186648],[21.30751407,60.61564089],[21.306511,60.6196579],[21.3215592,60.63001707],[21.32523908,60.62976698],[21.3260063,60.62321339],[21.35538082,60.62472603],[21.34110117,60.63568734],[21.33058581,60.63496121],[21.3352762,60.6305688],[21.33216189,60.62815583],[21.3152184,60.63740951],[21.31855709,60.64156654],[21.3092523,60.64493256],[21.30857136,60.6507024],[21.31198426,60.65542432],[21.32275963,60.65302461],[21.31580276,60.65761344],[21.32276928,60.65869968],[21.32083356,60.66583862],[21.31169365,60.66713835],[21.29568192,60.66268046],[21.29247826,60.66362417],[21.29588486,60.6663621],[21.29319696,60.67097116],[21.27702092,60.67108289],[21.27027575,60.66822167],[21.25996238,60.67119118],[21.25808876,60.66679616],[21.26793073,60.66355576],[21.28706191,60.66255284],[21.27960113,60.65568729],[21.26092469,60.64958636],[21.25291205,60.65330603],[21.23142674,60.64916426],[21.2354531,60.6465734],[21.23205255,60.63659029],[21.21261593,60.64071567],[21.21830828,60.63658648],[21.23243875,60.63456343],[21.23208458,60.62930228],[21.24791366,60.61816987],[21.24814952,60.61331158],[21.24082111,60.61147206],[21.24208639,60.6093534],[21.25565067,60.60624773],[21.25715934,60.60093626],[21.26961259,60.60006398],[21.27001663,60.60466682],[21.26167588,60.60636324],[21.26484349,60.61287029],[21.28187364,60.60401943],[21.28960048,60.61021218],[21.29188602,60.60749728],[21.28918513,60.6024561],[21.29621343,60.59866294],[21.29446459,60.59671134],[21.28437617,60.60212763],[21.27761239,60.59823725],[21.29100755,60.58722408],[21.28319261,60.58511733],[21.28469466,60.58337136],[21.30291878,60.58223323],[21.30522447,60.58526751],[21.31903461,60.58009973]]],[[[21.2051502,60.57494311],[21.20152421,60.58254043],[21.19629062,60.5820651],[21.2051502,60.57494311]]],[[[21.41264317,60.58335208],[21.40846819,60.58726434],[21.4047147,60.58606405],[21.41264317,60.58335208]]],[[[21.22461005,60.57386608],[21.22783107,60.5775097],[21.22477902,60.57921374],[21.22117743,60.57670564],[21.22461005,60.57386608]]],[[[21.41887682,60.57906576],[21.42671209,60.5803685],[21.41224198,60.58213146],[21.41887682,60.57906576]]],[[[21.19302518,60.56900414],[21.19116816,60.57312382],[21.18667336,60.57370254],[21.18755445,60.56982739],[21.19302518,60.56900414]]],[[[21.44389273,60.57623139],[21.44665931,60.57923902],[21.4416305,60.58074083],[21.44389273,60.57623139]]],[[[21.28384745,60.56828577],[21.27624845,60.57255841],[21.28384745,60.56828577]]],[[[21.32129698,60.56858119],[21.32915169,60.57196399],[21.32833331,60.57461226],[21.32091819,60.57379522],[21.31725447,60.5768755],[21.3130423,60.57483683],[21.32129698,60.56858119]]],[[[21.16134073,60.56088051],[21.17504344,60.56468689],[21.1808195,60.57182895],[21.16933014,60.57953047],[21.16207815,60.57789318],[21.1624758,60.57299801],[21.15879746,60.57092266],[21.16134073,60.56088051]]],[[[21.23811063,60.5606066],[21.24143089,60.5619128],[21.23400673,60.56611609],[21.23811063,60.5606066]]],[[[21.21250808,60.55823034],[21.2135982,60.56120317],[21.20716482,60.56660616],[21.21250808,60.55823034]]],[[[21.71037888,60.57769504],[21.71494187,60.58144421],[21.71035929,60.5818741],[21.71037888,60.57769504]]],[[[21.44356041,60.56458253],[21.44447033,60.57147982],[21.43954617,60.57586595],[21.43037779,60.57806381],[21.42441191,60.57387097],[21.44356041,60.56458253]]],[[[21.51895307,60.56700674],[21.52133936,60.56937949],[21.50549597,60.57374569],[21.49457817,60.57166763],[21.49749454,60.56643167],[21.51895307,60.56700674]]],[[[21.74823851,60.57395671],[21.75852737,60.57911391],[21.75427944,60.58291782],[21.76269533,60.58886418],[21.74954864,60.58854197],[21.74814574,60.5840626],[21.73774097,60.58738976],[21.72385672,60.5817831],[21.73868798,60.58256967],[21.74823851,60.57395671]]],[[[21.31824436,60.55462034],[21.32691714,60.55947632],[21.31936133,60.56841027],[21.30882295,60.57279771],[21.31003707,60.5802902],[21.3053412,60.58166998],[21.28785871,60.57613448],[21.28765121,60.57307123],[21.31824436,60.55462034]]],[[[21.23255118,60.55007531],[21.23286866,60.55662555],[21.22974615,60.55910525],[21.22628414,60.55322044],[21.23255118,60.55007531]]],[[[21.20760729,60.54477255],[21.21040086,60.54854797],[21.20434705,60.55506881],[21.19678795,60.55572981],[21.19741315,60.54882215],[21.20760729,60.54477255]]],[[[21.33275045,60.54961938],[21.33853478,60.55404939],[21.32768106,60.5554302],[21.32689861,60.55241593],[21.33275045,60.54961938]]],[[[21.51092271,60.55674784],[21.51077175,60.56380546],[21.49379647,60.563033],[21.49760958,60.55923755],[21.51092271,60.55674784]]],[[[21.71036305,60.56478119],[21.71816786,60.56743161],[21.71898926,60.57205142],[21.7070951,60.57467829],[21.71080574,60.57195628],[21.70689698,60.56545354],[21.71036305,60.56478119]]],[[[21.48112026,60.55458889],[21.48474443,60.55648161],[21.48135417,60.55761337],[21.48238635,60.55978102],[21.47356358,60.56255393],[21.47708265,60.5550414],[21.48112026,60.55458889]]],[[[21.55134213,60.55677171],[21.5559594,60.56250374],[21.53387118,60.56458693],[21.55134213,60.55677171]]],[[[21.69446242,60.55983383],[21.6971499,60.56110294],[21.69362221,60.56935017],[21.69882598,60.57118261],[21.69142402,60.56839193],[21.69146936,60.56083627],[21.69446242,60.55983383]]],[[[21.24075526,60.54015873],[21.24620293,60.54879067],[21.23628381,60.54979106],[21.23898258,60.54625765],[21.23169913,60.5469905],[21.22882253,60.54386495],[21.24075526,60.54015873]]],[[[21.76135852,60.56121609],[21.76040223,60.56620882],[21.7558934,60.56497644],[21.76135852,60.56121609]]],[[[21.18184992,60.53597555],[21.18217469,60.53992316],[21.1778727,60.54075421],[21.18184992,60.53597555]]],[[[21.51778162,60.55001461],[21.52150501,60.55017872],[21.52500156,60.55867304],[21.53623528,60.56049894],[21.52947751,60.56402503],[21.51464999,60.56049176],[21.52236469,60.55437604],[21.51523897,60.55160257],[21.51778162,60.55001461]]],[[[21.22411212,60.53708147],[21.22706368,60.54894485],[21.22431718,60.55085401],[21.21366794,60.54309195],[21.22411212,60.53708147]]],[[[21.23460521,60.53587831],[21.23415162,60.54015993],[21.22778005,60.54037512],[21.23460521,60.53587831]]],[[[21.25874141,60.53687472],[21.26142411,60.5415453],[21.2512919,60.54126473],[21.25043842,60.53804427],[21.25874141,60.53687472]]],[[[21.73646082,60.55179121],[21.75069337,60.5611697],[21.74418833,60.56357677],[21.74742801,60.57102909],[21.7387375,60.57686148],[21.7313482,60.57223292],[21.72521823,60.55788382],[21.73646082,60.55179121]]],[[[21.1783794,60.52769418],[21.1826658,60.53115001],[21.17877621,60.53432124],[21.17041256,60.53196461],[21.1783794,60.52769418]]],[[[21.33146072,60.53353469],[21.3305272,60.54084379],[21.32691509,60.53626216],[21.33146072,60.53353469]]],[[[21.1589792,60.51458358],[21.17018918,60.52403121],[21.15793533,60.52371431],[21.1589792,60.51458358]]],[[[21.55184748,60.53106809],[21.55701887,60.53277966],[21.55096711,60.55108275],[21.53453442,60.55698819],[21.52533217,60.5552681],[21.52528418,60.54800131],[21.5352081,60.53660469],[21.55184748,60.53106809]]],[[[21.2299895,60.50359678],[21.23351749,60.50590499],[21.22971126,60.51042546],[21.21769398,60.50829757],[21.19846072,60.51529164],[21.19605134,60.51367432],[21.21327259,60.50558421],[21.2299895,60.50359678]]],[[[21.25804808,60.50122248],[21.26122878,60.50596054],[21.25824334,60.50865537],[21.25357865,60.50737327],[21.25804808,60.50122248]]],[[[21.19371895,60.49830114],[21.19709686,60.49939434],[21.19178521,60.50544545],[21.18508305,60.50322057],[21.19371895,60.49830114]]],[[[21.51614097,60.51158143],[21.52084896,60.51472263],[21.51097392,60.51304262],[21.51614097,60.51158143]]],[[[21.49311841,60.50963845],[21.49381347,60.51240481],[21.50690988,60.51240584],[21.50615915,60.5181745],[21.50934187,60.51964782],[21.5067501,60.52515006],[21.48618734,60.52994339],[21.48209439,60.52796057],[21.48598204,60.52470346],[21.48185687,60.52196403],[21.4928759,60.51662605],[21.48650454,60.51270806],[21.49311841,60.50963845]]],[[[21.58490753,60.51225823],[21.58759028,60.52194236],[21.59659076,60.52476942],[21.59587652,60.52755852],[21.58165334,60.53920519],[21.56246616,60.54529189],[21.56084773,60.53665141],[21.56396957,60.52925028],[21.56907245,60.52521692],[21.57611117,60.52526063],[21.5786315,60.52097051],[21.57588648,60.51818398],[21.58490753,60.51225823]]],[[[21.89775518,60.52328447],[21.8989324,60.52655728],[21.89544938,60.52809121],[21.89455842,60.52486801],[21.89775518,60.52328447]]],[[[21.40030172,60.50229553],[21.40003522,60.50562764],[21.39096548,60.50478763],[21.40030172,60.50229553]]],[[[21.49520235,60.50418876],[21.50793237,60.51020926],[21.49885037,60.50934204],[21.49520235,60.50418876]]],[[[21.88635605,60.51728393],[21.8940465,60.52095515],[21.88597835,60.52228237],[21.88375057,60.51947808],[21.88635605,60.51728393]]],[[[21.51130887,60.50223845],[21.51560788,60.50382272],[21.50805924,60.50478075],[21.51130887,60.50223845]]],[[[21.25439374,60.49069054],[21.25660617,60.49106028],[21.25129968,60.49813687],[21.2553704,60.50128593],[21.24678231,60.50257585],[21.2459679,60.49896827],[21.250057,60.49566815],[21.24733353,60.49422132],[21.25439374,60.49069054]]],[[[21.3680725,60.49548939],[21.38418649,60.49782256],[21.38835221,60.50156811],[21.37639369,60.50510282],[21.3743961,60.51093591],[21.38170749,60.51278568],[21.38040718,60.51736294],[21.36461597,60.52006471],[21.36063778,60.51606059],[21.34592734,60.51289726],[21.3463644,60.50861141],[21.36079647,60.51002149],[21.36462174,60.50561872],[21.36004045,60.50060467],[21.3680725,60.49548939]]],[[[21.95333669,60.51728691],[21.95489901,60.51855746],[21.94830822,60.52446691],[21.94530932,60.52397093],[21.94883409,60.5177565],[21.95333669,60.51728691]]],[[[21.3893189,60.49355094],[21.39563724,60.49631125],[21.38833984,60.49842475],[21.38499487,60.49616206],[21.3893189,60.49355094]]],[[[21.4151099,60.49286742],[21.4191801,60.49440849],[21.41325379,60.50058449],[21.40224068,60.49601123],[21.4151099,60.49286742]]],[[[21.67852595,60.50346599],[21.68629013,60.50464191],[21.68927982,60.5111766],[21.67804066,60.51522248],[21.67629002,60.51382527],[21.6800572,60.51255671],[21.67756155,60.5082931],[21.66947925,60.50762829],[21.67852595,60.50346599]]],[[[21.93767611,60.51255929],[21.94318742,60.51327681],[21.93931769,60.51726737],[21.94258833,60.519591],[21.94002432,60.52147387],[21.92519108,60.52001915],[21.93767611,60.51255929]]],[[[21.33895134,60.48757291],[21.34535647,60.4893219],[21.34015688,60.49143282],[21.33631691,60.48902903],[21.33895134,60.48757291]]],[[[21.38084533,60.48853439],[21.3902575,60.49207534],[21.37807271,60.49239358],[21.38206795,60.4907049],[21.38084533,60.48853439]]],[[[21.31126,60.48474824],[21.31748194,60.48937706],[21.31630709,60.49305397],[21.344013,60.49265393],[21.35081174,60.49510699],[21.35351664,60.50142202],[21.33454271,60.5074602],[21.33998396,60.51224779],[21.33652675,60.51624409],[21.31609701,60.51583607],[21.31175182,60.51907851],[21.3185677,60.52056092],[21.31436366,60.5302632],[21.31964559,60.53103039],[21.32312832,60.53770143],[21.31268844,60.55188828],[21.3055175,60.55141428],[21.29869048,60.56113506],[21.26919925,60.57059519],[21.26129864,60.57685708],[21.261181,60.58158868],[21.25085157,60.57905038],[21.24624418,60.58599349],[21.23610137,60.58712672],[21.23492283,60.58194706],[21.24539489,60.57732052],[21.24311594,60.57441855],[21.23783977,60.57589402],[21.23604079,60.58089582],[21.22973471,60.58164554],[21.22933176,60.57324104],[21.23990164,60.56592385],[21.2490429,60.56756153],[21.25640341,60.56384381],[21.25147608,60.55988987],[21.2442669,60.56138481],[21.24874198,60.55407802],[21.24124848,60.55262846],[21.2523765,60.54899792],[21.24895655,60.54470651],[21.26160015,60.54771128],[21.25726275,60.54909807],[21.25767985,60.55174626],[21.26606737,60.54851821],[21.26975905,60.55208286],[21.28688347,60.55043885],[21.27227664,60.54278109],[21.27906595,60.53878551],[21.27977322,60.53411791],[21.27292646,60.53352071],[21.27707272,60.52678241],[21.25978078,60.52853399],[21.25001124,60.53622124],[21.2469488,60.53487995],[21.24860416,60.52920138],[21.23987311,60.52686995],[21.24220492,60.52463938],[21.23760986,60.51172119],[21.24543433,60.50801483],[21.27250328,60.51585579],[21.27536338,60.51382416],[21.26485084,60.50778726],[21.2662386,60.50340152],[21.28791215,60.50336035],[21.27315811,60.49529453],[21.28704666,60.49050909],[21.31120982,60.49779385],[21.31355612,60.49659448],[21.30714835,60.48948025],[21.3077185,60.48570821],[21.31126,60.48474824]]],[[[21.6998646,60.4988115],[21.7051951,60.50102952],[21.69841759,60.50284829],[21.69704616,60.49998098],[21.6998646,60.4988115]]],[[[21.30487697,60.48022352],[21.3095296,60.48102828],[21.3061501,60.48424386],[21.29749196,60.4829582],[21.30487697,60.48022352]]],[[[21.36483106,60.48173317],[21.36970367,60.48299678],[21.36910617,60.48811078],[21.35435946,60.49365247],[21.3601292,60.48909351],[21.35632763,60.48323073],[21.36483106,60.48173317]]],[[[21.51427414,60.48679818],[21.52020984,60.48840756],[21.51161631,60.49378837],[21.50167344,60.4924062],[21.50265677,60.48820418],[21.51427414,60.48679818]]],[[[21.93201552,60.50310444],[21.93701,60.50484219],[21.9138637,60.50684675],[21.93201552,60.50310444]]],[[[21.67024296,60.49154868],[21.6738611,60.49972428],[21.6676364,60.50411688],[21.66377326,60.50205374],[21.66431228,60.4978099],[21.66034315,60.49351475],[21.67024296,60.49154868]]],[[[21.53274652,60.48454233],[21.53960003,60.48742551],[21.52855196,60.49151186],[21.52773999,60.48737957],[21.53274652,60.48454233]]],[[[21.56460654,60.48582465],[21.57677064,60.49242384],[21.5657902,60.49588806],[21.56047647,60.48795157],[21.56460654,60.48582465]]],[[[21.32560569,60.47558064],[21.32389952,60.48036569],[21.31658319,60.48142533],[21.32560569,60.47558064]]],[[[21.54929133,60.4844405],[21.55571827,60.48482605],[21.55787963,60.48848676],[21.54623896,60.48895506],[21.54841911,60.49307491],[21.56570447,60.49985891],[21.5661104,60.50414424],[21.57503208,60.51213641],[21.56917277,60.519901],[21.57243021,60.52172439],[21.5480261,60.52580872],[21.55553149,60.51106144],[21.56347198,60.51030004],[21.56454499,60.50330096],[21.55920403,60.50117833],[21.54149305,60.50782742],[21.54304969,60.50998149],[21.53399052,60.51606799],[21.52449763,60.51883634],[21.52184191,60.51685587],[21.52731023,60.51344189],[21.52229449,60.51048722],[21.52556947,60.5050296],[21.51515403,60.50034407],[21.51670923,60.49578932],[21.52416788,60.49354182],[21.54135983,60.49515982],[21.5363992,60.49047418],[21.54929133,60.4844405]]],[[[21.34234039,60.47532566],[21.34991188,60.47662476],[21.34558548,60.47971955],[21.33085741,60.47938878],[21.34234039,60.47532566]]],[[[21.50470386,60.48117989],[21.50954439,60.48378901],[21.50621016,60.4868621],[21.50070796,60.48632346],[21.5012269,60.48171001],[21.50470386,60.48117989]]],[[[21.5805438,60.48351982],[21.58527819,60.48693128],[21.58298446,60.48884034],[21.57303529,60.48562995],[21.5805438,60.48351982]]],[[[21.46922567,60.47761524],[21.47819315,60.47980846],[21.4811212,60.48465393],[21.47824559,60.48576464],[21.48826128,60.48737094],[21.48764189,60.49081691],[21.49782084,60.49276779],[21.49992373,60.49894441],[21.49132906,60.50172462],[21.48278824,60.51721112],[21.47694033,60.52075251],[21.47871559,60.53668859],[21.49346993,60.53241676],[21.51326007,60.53204694],[21.51348437,60.52561535],[21.51655387,60.52349704],[21.53135591,60.52265735],[21.53399284,60.5260184],[21.52485646,60.53145288],[21.52503745,60.53809685],[21.51881286,60.54072948],[21.51780142,60.54613852],[21.48981831,60.55400931],[21.48672486,60.55344363],[21.48691694,60.54665658],[21.477427,60.54567682],[21.47805117,60.55022404],[21.46691152,60.55890415],[21.44824132,60.55996646],[21.45491361,60.55374439],[21.45230936,60.55216981],[21.43978187,60.55611027],[21.428485,60.55519544],[21.43069959,60.55980191],[21.42335759,60.55880288],[21.41935554,60.56318995],[21.42671435,60.56436176],[21.42021498,60.57313347],[21.42070966,60.57856536],[21.40296663,60.5824467],[21.39997928,60.58568567],[21.4025501,60.5889512],[21.39814763,60.59428922],[21.37865504,60.59717945],[21.37129317,60.5955039],[21.37575673,60.58885885],[21.36719631,60.58103841],[21.37069063,60.57795265],[21.3569,60.57925956],[21.35270948,60.57556696],[21.34580553,60.57650387],[21.34183888,60.57120463],[21.35325202,60.56870662],[21.32865157,60.5641471],[21.34446624,60.54955131],[21.33311618,60.54385935],[21.36212607,60.53042535],[21.38394041,60.52902269],[21.38340339,60.52240058],[21.38659452,60.51746752],[21.40244852,60.51385962],[21.40430023,60.5069812],[21.43191301,60.50227992],[21.43336019,60.48591155],[21.46922567,60.47761524]]],[[[21.94385382,60.4964348],[21.94561442,60.50008268],[21.93732407,60.49857697],[21.94385382,60.4964348]]],[[[21.6161471,60.47929219],[21.62836516,60.48193363],[21.63339848,60.48492592],[21.6331215,60.48861091],[21.62767551,60.49248129],[21.61771632,60.49161464],[21.61710675,60.48865657],[21.62293913,60.48747877],[21.6123068,60.48307579],[21.6161471,60.47929219]]],[[[21.67104992,60.48000846],[21.67422891,60.48270602],[21.6715678,60.48713123],[21.66089285,60.48659534],[21.65873027,60.4835707],[21.67104992,60.48000846]]],[[[21.94548766,60.48963305],[21.94869546,60.49010817],[21.94754218,60.49297183],[21.93887554,60.4935439],[21.94548766,60.48963305]]],[[[21.50575352,60.46905208],[21.5101786,60.47146949],[21.50238943,60.47199559],[21.50575352,60.46905208]]],[[[21.91000961,60.48376243],[21.90718694,60.4883377],[21.8940707,60.48449289],[21.91000961,60.48376243]]],[[[21.37727976,60.46026643],[21.38514386,60.46305029],[21.37399214,60.46438163],[21.37401311,60.46041325],[21.37727976,60.46026643]]],[[[21.98007236,60.48434864],[21.98167044,60.48740976],[21.97494302,60.48675483],[21.98007236,60.48434864]]],[[[21.1447433,60.44990511],[21.14972562,60.45495363],[21.14214689,60.45706376],[21.1447433,60.44990511]]],[[[21.15805972,60.45034862],[21.15747883,60.45383156],[21.15246,60.45469187],[21.15805972,60.45034862]]],[[[21.28894295,60.45221626],[21.29607205,60.45489861],[21.2897304,60.45632745],[21.28678636,60.4530323],[21.28894295,60.45221626]]],[[[21.3911888,60.45590239],[21.38803243,60.46106655],[21.38399347,60.45952523],[21.3911888,60.45590239]]],[[[21.18690899,60.44466136],[21.19023302,60.44935361],[21.18447333,60.45171271],[21.16787024,60.4473098],[21.17163745,60.44423868],[21.17547329,60.44642889],[21.18690899,60.44466136]]],[[[21.77987879,60.46898926],[21.78733045,60.47129961],[21.78107998,60.47556033],[21.77726722,60.47235163],[21.77987879,60.46898926]]],[[[21.15553691,60.44295235],[21.1565954,60.44528291],[21.15048266,60.45280388],[21.15088171,60.44787349],[21.14756514,60.4467119],[21.15553691,60.44295235]]],[[[21.36079191,60.44991079],[21.38102988,60.45471047],[21.37621476,60.45850649],[21.36497453,60.45711596],[21.3585437,60.45293314],[21.36079191,60.44991079]]],[[[21.19969626,60.44249302],[21.20822501,60.44524058],[21.20791957,60.44958652],[21.19924095,60.44836952],[21.19706972,60.44499893],[21.19969626,60.44249302]]],[[[21.65780998,60.45987692],[21.67299562,60.46168606],[21.67494082,60.4697872],[21.66127052,60.47855994],[21.64181025,60.4787153],[21.65128517,60.47257292],[21.64091419,60.46852989],[21.64353012,60.46634302],[21.63925084,60.46458427],[21.65780998,60.45987692]]],[[[22.00444334,60.47160422],[22.00859472,60.47308676],[22.00198516,60.4755012],[22.00076113,60.47243407],[22.00444334,60.47160422]]],[[[21.91214961,60.46799165],[21.9131622,60.47404618],[21.9091403,60.4791274],[21.89844975,60.48248719],[21.91214961,60.46799165]]],[[[21.77686658,60.46235118],[21.77506053,60.46584283],[21.7690261,60.46438483],[21.77686658,60.46235118]]],[[[21.8089588,60.4632311],[21.81547043,60.47480348],[21.80856082,60.47554573],[21.79931118,60.4653999],[21.8089588,60.4632311]]],[[[21.71469817,60.45795321],[21.72554183,60.46375199],[21.72843365,60.47278044],[21.73862991,60.47523073],[21.72609719,60.47988831],[21.73231272,60.48044156],[21.73380491,60.48899416],[21.72909773,60.4901334],[21.74550619,60.50056564],[21.75983963,60.50043952],[21.76389613,60.50473207],[21.77474984,60.50729699],[21.77212381,60.51080597],[21.77787222,60.51118719],[21.77918873,60.51538196],[21.7873548,60.51915617],[21.78871378,60.52691148],[21.79605006,60.52590997],[21.79923687,60.52938024],[21.79781427,60.53151248],[21.80280952,60.54062911],[21.79185656,60.5440283],[21.79344382,60.5486328],[21.78599356,60.55189231],[21.77723673,60.54633864],[21.75561085,60.55552711],[21.7424083,60.54523725],[21.74699815,60.53901857],[21.7434391,60.53413674],[21.70992465,60.51988431],[21.71126726,60.51757655],[21.70514601,60.51434653],[21.70561324,60.51185987],[21.71374528,60.50686715],[21.70909295,60.49878026],[21.69540672,60.49395387],[21.70692135,60.4889652],[21.70371977,60.48378024],[21.70683932,60.48211681],[21.69875023,60.48069345],[21.69903404,60.47670128],[21.69371507,60.47049967],[21.70058331,60.46105585],[21.71469817,60.45795321]]],[[[21.65371859,60.4554749],[21.65231318,60.45932521],[21.64539558,60.45814917],[21.65371859,60.4554749]]],[[[21.74726102,60.45838662],[21.74235549,60.46087845],[21.74408553,60.46406587],[21.73254762,60.46264748],[21.74726102,60.45838662]]],[[[21.78371155,60.45825763],[21.78443652,60.46421653],[21.78031885,60.46346132],[21.77943497,60.4599762],[21.78371155,60.45825763]]],[[[21.37681474,60.4409841],[21.39433717,60.44682199],[21.36639203,60.44306363],[21.37681474,60.4409841]]],[[[21.24806901,60.43495037],[21.24635577,60.43763722],[21.23960639,60.43761043],[21.24806901,60.43495037]]],[[[21.69439519,60.45305804],[21.69696421,60.45553526],[21.69215309,60.46071323],[21.68674118,60.46076652],[21.68252071,60.45675519],[21.69439519,60.45305804]]],[[[21.39505361,60.44068026],[21.39572702,60.44500289],[21.38923402,60.44255769],[21.39505361,60.44068026]]],[[[21.76307371,60.45528831],[21.76833849,60.45655723],[21.75840342,60.45851731],[21.75846739,60.45598581],[21.76307371,60.45528831]]],[[[21.52264666,60.44423707],[21.5215582,60.45012574],[21.52392613,60.4514478],[21.51640813,60.4501719],[21.51687385,60.44671745],[21.52264666,60.44423707]]],[[[21.66118178,60.44876077],[21.66836728,60.45062949],[21.66276503,60.45787865],[21.65504113,60.45181994],[21.6548445,60.44951016],[21.66118178,60.44876077]]],[[[21.27204981,60.43139862],[21.26913011,60.43521888],[21.25957853,60.43295755],[21.27204981,60.43139862]]],[[[21.35322567,60.43390547],[21.36456632,60.43765424],[21.35311615,60.43872083],[21.35322567,60.43390547]]],[[[21.78386439,60.44984465],[21.78062977,60.45316523],[21.77656052,60.45129929],[21.78386439,60.44984465]]],[[[21.53249133,60.43972367],[21.52864725,60.44343914],[21.53124187,60.44612191],[21.52763245,60.44708132],[21.52697708,60.44118666],[21.53249133,60.43972367]]],[[[21.37033936,60.43258222],[21.37392631,60.43417604],[21.3727262,60.43736474],[21.36556107,60.43691851],[21.37033936,60.43258222]]],[[[21.19099994,60.42360686],[21.19222178,60.42943844],[21.1878323,60.43319902],[21.18988135,60.43086274],[21.18315236,60.42541975],[21.19099994,60.42360686]]],[[[21.73622248,60.44625084],[21.73589302,60.45064388],[21.7273841,60.45204141],[21.73622248,60.44625084]]],[[[21.34286708,60.42983979],[21.34362412,60.43596753],[21.33416812,60.43249946],[21.34286708,60.42983979]]],[[[21.57834248,60.43958878],[21.57642513,60.44553662],[21.57002378,60.44407854],[21.57834248,60.43958878]]],[[[21.36030722,60.42726624],[21.36659297,60.42892295],[21.36586487,60.4330673],[21.36124036,60.431567],[21.36030722,60.42726624]]],[[[21.27569971,60.4227493],[21.26801999,60.43016071],[21.25893254,60.42781103],[21.26027701,60.42467004],[21.27569971,60.4227493]]],[[[21.33148684,60.42514093],[21.33377081,60.42793514],[21.32665009,60.42927817],[21.33148684,60.42514093]]],[[[21.15985509,60.41743598],[21.16305841,60.42237357],[21.15444643,60.41946408],[21.15985509,60.41743598]]],[[[21.4900831,60.42983553],[21.49273843,60.43201416],[21.4858466,60.43345746],[21.4900831,60.42983553]]],[[[21.68488441,60.43764854],[21.68902633,60.44039411],[21.69329388,60.43824655],[21.69810903,60.44095151],[21.69674604,60.44369307],[21.70544731,60.44720598],[21.67940804,60.44924701],[21.67890838,60.43946773],[21.68488441,60.43764854]]],[[[21.56608117,60.43115604],[21.57034069,60.43170282],[21.56747777,60.43720643],[21.54868242,60.44001004],[21.56608117,60.43115604]]],[[[21.35643533,60.42171419],[21.36129843,60.42284867],[21.35743806,60.43178884],[21.34738766,60.43245307],[21.3524935,60.4252801],[21.35054756,60.42375087],[21.35643533,60.42171419]]],[[[21.41163981,60.4235581],[21.41505507,60.42896099],[21.41280153,60.43143396],[21.41921229,60.4336696],[21.41340685,60.4405402],[21.40658685,60.44046521],[21.39418333,60.42851932],[21.41163981,60.4235581]]],[[[21.49677221,60.42373764],[21.4990744,60.4283372],[21.49198468,60.42699364],[21.49677221,60.42373764]]],[[[21.27821513,60.41369859],[21.27743193,60.41692888],[21.27148748,60.41480066],[21.27821513,60.41369859]]],[[[21.25491707,60.41229118],[21.27432016,60.41756388],[21.25412166,60.4221311],[21.24580959,60.41991245],[21.25491707,60.41229118]]],[[[21.76474514,60.43297194],[21.76241645,60.43862558],[21.74957085,60.43835562],[21.75043357,60.43520139],[21.76474514,60.43297194]]],[[[21.5252426,60.42271971],[21.52858386,60.42643796],[21.5216972,60.42491655],[21.5252426,60.42271971]]],[[[21.17344944,60.40716649],[21.1750078,60.41299039],[21.16424964,60.41184333],[21.17344944,60.40716649]]],[[[21.25061714,60.40792857],[21.24525981,60.41247973],[21.23907232,60.41197319],[21.25061714,60.40792857]]],[[[21.27517966,60.40813335],[21.27357378,60.41131842],[21.26599279,60.41161436],[21.27517966,60.40813335]]],[[[21.18925401,60.4038263],[21.19440181,60.40698832],[21.18407943,60.41001343],[21.18925401,60.4038263]]],[[[21.36950053,60.41142123],[21.39239368,60.41923636],[21.3958502,60.42628696],[21.39072574,60.42961216],[21.39375158,60.43923139],[21.38317897,60.43911314],[21.37749692,60.42855433],[21.36833595,60.42698948],[21.36753921,60.42039981],[21.35407506,60.41730494],[21.35847513,60.41187836],[21.36950053,60.41142123]]],[[[21.26415943,60.4033833],[21.26818673,60.40499141],[21.26162896,60.40882662],[21.25795337,60.40649252],[21.26415943,60.4033833]]],[[[21.17141026,60.39893591],[21.16882967,60.40698066],[21.1611644,60.40241915],[21.17141026,60.39893591]]],[[[21.7696828,60.42342953],[21.77273378,60.42828981],[21.76881928,60.43333806],[21.7589691,60.42905062],[21.76137612,60.42596348],[21.76906662,60.42795406],[21.7696828,60.42342953]]],[[[21.27810858,60.40268703],[21.27951141,60.40412502],[21.26930716,60.40554663],[21.27810858,60.40268703]]],[[[21.36426714,60.40582216],[21.35136753,60.41099849],[21.35527776,60.40655889],[21.36426714,60.40582216]]],[[[21.67510538,60.41752155],[21.68114398,60.41998218],[21.67946044,60.42585375],[21.67404511,60.42544673],[21.67139899,60.42140269],[21.67100172,60.41858937],[21.67510538,60.41752155]]],[[[21.63136285,60.41351082],[21.64420785,60.41549244],[21.63124096,60.41663314],[21.62830196,60.41400291],[21.63136285,60.41351082]]],[[[21.81768479,60.42038081],[21.82542714,60.42353223],[21.82492767,60.42683911],[21.83137977,60.43316916],[21.82031184,60.43520887],[21.81823451,60.43970571],[21.80732498,60.44528905],[21.80066803,60.44518046],[21.80106319,60.4489238],[21.7850014,60.44644587],[21.784192,60.44134087],[21.80162411,60.4389274],[21.79042263,60.43572824],[21.81281625,60.43375561],[21.78321971,60.4299842],[21.78024467,60.42865638],[21.78290397,60.42412874],[21.80314702,60.42614062],[21.81768479,60.42038081]]],[[[21.2111206,60.39504274],[21.20944361,60.40037617],[21.21650747,60.40372092],[21.23332255,60.39691136],[21.21732797,60.41817351],[21.2222681,60.42439618],[21.21692586,60.43057598],[21.20824236,60.42737631],[21.20383542,60.43351366],[21.2063358,60.43984889],[21.20178652,60.44113581],[21.19726031,60.43390879],[21.20101906,60.4320816],[21.19977074,60.42382478],[21.20614428,60.4227392],[21.20592893,60.41706063],[21.2135324,60.4151316],[21.20214203,60.41262346],[21.19871372,60.40409118],[21.20699302,60.39489587],[21.2111206,60.39504274]]],[[[21.75461272,60.41743036],[21.75704134,60.41907555],[21.75307881,60.42675332],[21.7461318,60.42902994],[21.73794558,60.4238827],[21.74174829,60.42020796],[21.75461272,60.41743036]]],[[[21.34802375,60.40063011],[21.35577582,60.40531873],[21.34826652,60.40957196],[21.34206766,60.40899788],[21.34133733,60.41233925],[21.32864465,60.41477854],[21.32089695,60.40869699],[21.32328732,60.40600093],[21.33812907,60.4057115],[21.34802375,60.40063011]]],[[[21.19519616,60.391701],[21.19980574,60.39575348],[21.19601484,60.40353672],[21.18468059,60.398261],[21.18584907,60.39275828],[21.19519616,60.391701]]],[[[21.58739049,60.40788013],[21.59312977,60.40933228],[21.584164,60.41491454],[21.58311687,60.42154366],[21.57749697,60.42111113],[21.57989658,60.41896252],[21.57175031,60.41601483],[21.58150028,60.41403893],[21.57968914,60.41170184],[21.58739049,60.40788013]]],[[[21.17227698,60.39024216],[21.17798789,60.39580184],[21.16502381,60.39761005],[21.16419722,60.39454405],[21.17227698,60.39024216]]],[[[21.25454525,60.39295014],[21.27546536,60.40038248],[21.25673145,60.40093696],[21.25030144,60.39746045],[21.25454525,60.39295014]]],[[[21.57625273,60.40633529],[21.57934867,60.41199931],[21.57325041,60.40964271],[21.57300134,60.4069409],[21.57625273,60.40633529]]],[[[21.42006096,60.39979369],[21.43828788,60.40365098],[21.44225135,60.40979609],[21.4403681,60.41589376],[21.43121634,60.4161257],[21.42564608,60.42692703],[21.42130359,60.42700519],[21.42078579,60.42275545],[21.41497345,60.42228222],[21.40390216,60.41414343],[21.40640695,60.41102344],[21.41755765,60.41265202],[21.41308734,60.40704358],[21.41364001,60.40182934],[21.42006096,60.39979369]]],[[[21.70126083,60.41119969],[21.72169772,60.4244944],[21.71572868,60.42880347],[21.70639147,60.42980681],[21.7124837,60.43534536],[21.7057246,60.44452278],[21.70179219,60.44391207],[21.69082602,60.42901522],[21.69236878,60.42673895],[21.68862354,60.42484173],[21.68980352,60.41922433],[21.69666758,60.41789005],[21.70126083,60.41119969]]],[[[21.27300647,60.3927292],[21.28105203,60.39468138],[21.27667244,60.39721647],[21.27300647,60.3927292]]],[[[21.28282449,60.39247908],[21.28778015,60.39708347],[21.28232805,60.39704219],[21.28282449,60.39247908]]],[[[22.03550511,60.4217544],[22.06559667,60.42639148],[22.07265379,60.44276073],[22.05928624,60.44579952],[22.05129479,60.4453948],[22.05473596,60.44225881],[22.05282955,60.44097859],[22.0294874,60.44252008],[22.03713309,60.44961797],[22.0280618,60.45860967],[22.00319867,60.46333883],[21.99845905,60.46857031],[21.9859357,60.46723933],[21.98510051,60.47231974],[21.9786816,60.47550361],[21.93593266,60.4843442],[21.92345097,60.48368518],[21.92891723,60.46099783],[21.93038824,60.4579109],[21.9397417,60.45682683],[21.93694853,60.45480056],[21.93874016,60.45074188],[21.96995092,60.44756658],[21.94144965,60.44697828],[21.98370963,60.43828197],[21.98070362,60.43302928],[21.99158373,60.4227789],[22.01824032,60.42146634],[22.0260382,60.42507962],[22.03550511,60.4217544]]],[[[21.60297343,60.40473545],[21.61565311,60.4086539],[21.61385055,60.41083204],[21.6169041,60.41308965],[21.62660113,60.4163176],[21.6234955,60.41869104],[21.62937364,60.42078335],[21.62171473,60.42960679],[21.64204489,60.42570284],[21.64397111,60.4314811],[21.64141652,60.43357573],[21.64526666,60.4365005],[21.63889949,60.44180796],[21.6447841,60.44637575],[21.63381763,60.45911647],[21.6146232,60.44542599],[21.6202607,60.43845495],[21.61602917,60.43763841],[21.60991091,60.44225576],[21.60473108,60.43790437],[21.60555435,60.42344858],[21.60306207,60.419185],[21.61064846,60.4165196],[21.61113129,60.41952005],[21.61692267,60.41856231],[21.61222928,60.41436792],[21.60108276,60.41562557],[21.59983207,60.40775473],[21.60297343,60.40473545]]],[[[21.74478418,60.40911678],[21.74587913,60.41221866],[21.73974762,60.41404245],[21.73743897,60.41169606],[21.74478418,60.40911678]]],[[[21.16285521,60.38456233],[21.1695869,60.38828367],[21.16123077,60.38774847],[21.16285521,60.38456233]]],[[[21.57321506,60.4012878],[21.57534544,60.40141319],[21.56843553,60.40741573],[21.55761218,60.40979565],[21.56501116,60.40105533],[21.57321506,60.4012878]]],[[[21.71009311,60.40635337],[21.71961977,60.40673468],[21.72483229,60.41386507],[21.72115025,60.41868163],[21.71510961,60.41806669],[21.7087957,60.41110001],[21.71009311,60.40635337]]],[[[21.23687567,60.38565352],[21.2413313,60.38691801],[21.23633354,60.38989035],[21.23431106,60.38701032],[21.23687567,60.38565352]]],[[[21.45764508,60.39482796],[21.46506449,60.39678316],[21.45930636,60.39901449],[21.45526278,60.39667912],[21.45764508,60.39482796]]],[[[21.43083692,60.38868447],[21.42060915,60.39215136],[21.43083692,60.38868447]]],[[[21.50112812,60.39143669],[21.50529315,60.39409554],[21.50986928,60.39219715],[21.51004549,60.39486602],[21.49738603,60.39653898],[21.50112812,60.39143669]]],[[[21.15172498,60.37644756],[21.15659937,60.38504151],[21.15056829,60.38670129],[21.14661704,60.37970917],[21.15172498,60.37644756]]],[[[21.29729793,60.38118468],[21.29791724,60.38432257],[21.29397628,60.38616046],[21.29301908,60.38167495],[21.29729793,60.38118468]]],[[[21.68693947,60.39664544],[21.69235377,60.3995523],[21.68916126,60.40673525],[21.68480859,60.4116392],[21.67668517,60.41302558],[21.67612874,60.4004951],[21.68693947,60.39664544]]],[[[22.14003095,60.41127071],[22.15364589,60.41738863],[22.14846982,60.41961589],[22.13728862,60.41629932],[22.14003095,60.41127071]]],[[[21.45941306,60.38457231],[21.46484844,60.3902089],[21.45612151,60.38633815],[21.45941306,60.38457231]]],[[[21.16855667,60.37113851],[21.1744691,60.37552144],[21.17576288,60.38134968],[21.1702987,60.38732302],[21.16476753,60.38465691],[21.16050836,60.3732027],[21.16855667,60.37113851]]],[[[21.18368039,60.3705642],[21.18865614,60.37235722],[21.18884767,60.37591487],[21.18221085,60.37483566],[21.18368039,60.3705642]]],[[[22.11064076,60.40636172],[22.13373296,60.4195028],[22.13130806,60.42231247],[22.1341284,60.42502988],[22.14008268,60.4214513],[22.1538855,60.42587465],[22.1732586,60.42275855],[22.20529421,60.43609432],[22.20140199,60.44300321],[22.19579588,60.44392151],[22.18710356,60.43874493],[22.15891096,60.43794756],[22.14846722,60.43169139],[22.11697423,60.43368916],[22.08882833,60.42535493],[22.09362001,60.42088575],[22.11040572,60.42447916],[22.10699376,60.41618748],[22.11206391,60.4105871],[22.10732216,60.40784684],[22.11064076,60.40636172]]],[[[21.15587705,60.36642704],[21.15036673,60.37353799],[21.15123821,60.36913877],[21.15587705,60.36642704]]],[[[21.67969045,60.38716795],[21.68094436,60.39030124],[21.6749953,60.39272359],[21.66145153,60.3922188],[21.67969045,60.38716795]]],[[[21.15233586,60.36429659],[21.14968043,60.36867944],[21.14863437,60.36504003],[21.15233586,60.36429659]]],[[[21.21871502,60.3666909],[21.22294975,60.37071284],[21.21510084,60.37231276],[21.21028831,60.37694228],[21.20669877,60.37507331],[21.2067801,60.37222159],[21.21871502,60.3666909]]],[[[22.03637737,60.39954499],[22.05285632,60.40155107],[22.06252949,60.41309223],[22.05076665,60.41789117],[22.02217071,60.40575635],[22.03637737,60.39954499]]],[[[21.69635251,60.38619854],[21.70185983,60.38946539],[21.6988782,60.39552766],[21.68608667,60.39493866],[21.69635251,60.38619854]]],[[[21.49345876,60.37705264],[21.49753219,60.38100083],[21.49054731,60.37951378],[21.49345876,60.37705264]]],[[[22.04657023,60.39652288],[22.06901449,60.40499073],[22.06133978,60.40800405],[22.04657023,60.39652288]]],[[[21.77683037,60.38597401],[21.78395524,60.38882513],[21.77339844,60.38850577],[21.77683037,60.38597401]]],[[[22.032593,60.39391892],[22.04129412,60.39830058],[22.029053,60.39747912],[22.032593,60.39391892]]],[[[21.2346533,60.36146397],[21.23916616,60.36429025],[21.22895078,60.37231647],[21.22793657,60.36309253],[21.2346533,60.36146397]]],[[[21.39956447,60.36648839],[21.40369126,60.36702426],[21.4041127,60.37429809],[21.40868797,60.37757299],[21.40075215,60.38865875],[21.41254828,60.38914497],[21.41458786,60.39220809],[21.39557333,60.4003182],[21.38897267,60.3975323],[21.38256261,60.40408913],[21.37232606,60.40636047],[21.35354119,60.39888099],[21.36585918,60.3841189],[21.38782669,60.37534187],[21.39956447,60.36648839]]],[[[21.18161546,60.35452916],[21.18794455,60.35721994],[21.19096859,60.37069562],[21.18675514,60.37065808],[21.18181743,60.36381332],[21.16851996,60.36210556],[21.17350773,60.35549138],[21.18161546,60.35452916]]],[[[21.98520424,60.38722642],[22.00101493,60.39689426],[21.98736574,60.40083656],[21.96099422,60.38706256],[21.98520424,60.38722642]]],[[[21.76965252,60.37718611],[21.77554167,60.37981572],[21.76261219,60.37871313],[21.76965252,60.37718611]]],[[[21.16615548,60.34921343],[21.16953198,60.3544707],[21.16339409,60.35928756],[21.15077542,60.35494169],[21.16615548,60.34921343]]],[[[21.62329061,60.3671457],[21.6261155,60.36819287],[21.6238325,60.37060871],[21.61616638,60.37091235],[21.62329061,60.3671457]]],[[[21.56346601,60.36430852],[21.56716795,60.36613925],[21.56606574,60.36872606],[21.55783462,60.37112709],[21.55757373,60.36571986],[21.56346601,60.36430852]]],[[[21.29046463,60.35143497],[21.29588166,60.35464112],[21.2916801,60.35830823],[21.28900049,60.35605066],[21.27234532,60.35770253],[21.29046463,60.35143497]]],[[[21.51960587,60.36077849],[21.51721315,60.36329964],[21.5100036,60.36176077],[21.51960587,60.36077849]]],[[[21.20638576,60.34715255],[21.21152303,60.34881603],[21.20781783,60.35064999],[21.20775999,60.3552919],[21.1984547,60.35241072],[21.20638576,60.34715255]]],[[[21.47527506,60.35838991],[21.47873823,60.35894782],[21.47785749,60.36368863],[21.49166713,60.37087346],[21.48625454,60.37984188],[21.49409145,60.38453939],[21.48231762,60.38644193],[21.48498373,60.38901932],[21.48010081,60.38942482],[21.46655227,60.38390277],[21.46728509,60.38046368],[21.47877424,60.38166693],[21.47382125,60.37655479],[21.48183774,60.36976655],[21.47524802,60.368346],[21.46999689,60.36247096],[21.47527506,60.35838991]]],[[[22.25309641,60.38814938],[22.25937728,60.38997763],[22.25758048,60.39291777],[22.24869433,60.38999269],[22.25309641,60.38814938]]],[[[22.12070785,60.38241575],[22.15326141,60.38609683],[22.14209283,60.39050406],[22.1185944,60.38438388],[22.12070785,60.38241575]]],[[[21.67326871,60.36432106],[21.67486795,60.36644382],[21.65998572,60.37090949],[21.64951379,60.36965709],[21.67326871,60.36432106]]],[[[22.22205555,60.38490866],[22.23136733,60.38972368],[22.24823572,60.3901001],[22.24998872,60.39184521],[22.2456761,60.39781495],[22.25905105,60.39692318],[22.27861777,60.39054571],[22.27737168,60.39730452],[22.26801062,60.39778601],[22.25822368,60.40373234],[22.2484425,60.41854872],[22.23064274,60.42284129],[22.22477801,60.43109891],[22.21828088,60.4318804],[22.20185967,60.43052567],[22.19459632,60.42375485],[22.16341759,60.41735188],[22.14618326,60.40624243],[22.15575535,60.4010605],[22.17181491,60.4053827],[22.17492895,60.40021053],[22.15681663,60.39714703],[22.15804064,60.3936794],[22.172237,60.39000504],[22.17116349,60.38545585],[22.19883837,60.38827028],[22.20670283,60.38486511],[22.22205555,60.38490866]]],[[[21.355403,60.35077818],[21.36498064,60.35453368],[21.35943192,60.36795815],[21.34677651,60.36787506],[21.34474698,60.37007965],[21.34834663,60.37811699],[21.32867399,60.39207354],[21.31971868,60.39094512],[21.31376226,60.39428],[21.29952461,60.39210311],[21.29747162,60.38852064],[21.30346647,60.38471676],[21.315338,60.38776577],[21.30308602,60.37913559],[21.28911341,60.37503135],[21.31206147,60.35868354],[21.31939753,60.36094808],[21.32052872,60.37030436],[21.31824575,60.37249947],[21.32685787,60.3677701],[21.32406049,60.36338168],[21.33949556,60.36697858],[21.34059359,60.36514571],[21.33148524,60.35984364],[21.33511132,60.35207014],[21.34359179,60.35201076],[21.34416542,60.35468951],[21.355403,60.35077818]]],[[[21.36824352,60.35066127],[21.37618559,60.35482613],[21.36952035,60.35672352],[21.36824352,60.35066127]]],[[[21.75741497,60.36578973],[21.78219296,60.37049612],[21.79333716,60.37931567],[21.78725419,60.38253536],[21.76475094,60.37294058],[21.74828149,60.37235999],[21.74279158,60.37480854],[21.74760289,60.37954977],[21.74236021,60.38161385],[21.73045883,60.37830871],[21.72725343,60.37209612],[21.73778164,60.36651844],[21.75741497,60.36578973]]],[[[21.19082723,60.34190464],[21.19117678,60.3464262],[21.18013213,60.34646134],[21.19082723,60.34190464]]],[[[22.06483433,60.37660027],[22.069337,60.37982004],[22.05877957,60.38245595],[22.05075574,60.38030911],[22.06483433,60.37660027]]],[[[21.69753681,60.3621152],[21.69909891,60.36689436],[21.69527849,60.36958964],[21.67690464,60.37150065],[21.66996255,60.38048855],[21.65627407,60.38273285],[21.64426948,60.37993575],[21.64409453,60.37513489],[21.69753681,60.3621152]]],[[[21.15046569,60.33905485],[21.16082304,60.34527985],[21.15524292,60.35226735],[21.1479273,60.35387769],[21.14126847,60.34916223],[21.13884441,60.34165957],[21.15046569,60.33905485]]],[[[21.84771554,60.36778076],[21.85604929,60.36818972],[21.83495747,60.37519991],[21.81644731,60.37637278],[21.83585324,60.36844113],[21.84771554,60.36778076]]],[[[21.38592991,60.34894904],[21.40234387,60.35448113],[21.38034634,60.35071284],[21.38592991,60.34894904]]],[[[21.40439059,60.34917904],[21.41284864,60.35418148],[21.39397673,60.34979984],[21.40439059,60.34917904]]],[[[21.29244534,60.34406258],[21.28089423,60.34669819],[21.29244534,60.34406258]]],[[[21.7161581,60.36101977],[21.71868639,60.36262077],[21.71134947,60.36556186],[21.70560218,60.3655677],[21.70317303,60.36217412],[21.7161581,60.36101977]]],[[[21.26059114,60.34113866],[21.25912268,60.34384142],[21.2518247,60.34371247],[21.26059114,60.34113866]]],[[[21.17350637,60.33698392],[21.17531294,60.34191378],[21.16893622,60.34301864],[21.16941986,60.33767895],[21.17350637,60.33698392]]],[[[21.61050411,60.35468766],[21.62523767,60.35681253],[21.61682686,60.35945062],[21.6055336,60.3577914],[21.61050411,60.35468766]]],[[[21.43151271,60.34728413],[21.4382724,60.34954017],[21.42005454,60.35188937],[21.41640928,60.349796],[21.43151271,60.34728413]]],[[[21.31231097,60.34208132],[21.30769477,60.34423984],[21.29355481,60.34248013],[21.31231097,60.34208132]]],[[[21.37667301,60.34438306],[21.39087527,60.34578381],[21.37376408,60.34510716],[21.37667301,60.34438306]]],[[[21.54949937,60.35126299],[21.55045836,60.35491049],[21.54363524,60.3543223],[21.54949937,60.35126299]]],[[[21.78168112,60.3590555],[21.78942667,60.36015532],[21.77541876,60.36141418],[21.78168112,60.3590555]]],[[[22.25329509,60.37654813],[22.27020826,60.38150467],[22.27958714,60.38091047],[22.28117186,60.38367132],[22.27525963,60.38795673],[22.2686805,60.38792785],[22.23856706,60.38474269],[22.2368907,60.38142037],[22.23737654,60.37933236],[22.25095037,60.38019983],[22.25329509,60.37654813]]],[[[21.55903781,60.34980602],[21.56187466,60.35192558],[21.55912418,60.35367972],[21.55344271,60.35218295],[21.55903781,60.34980602]]],[[[22.23303896,60.37506221],[22.24482999,60.3773549],[22.23303896,60.37506221]]],[[[22.22207874,60.37321913],[22.231325,60.37543911],[22.21787479,60.37471734],[22.22207874,60.37321913]]],[[[21.64205106,60.3509727],[21.64027658,60.35474662],[21.63040642,60.35351823],[21.63157798,60.35115911],[21.64205106,60.3509727]]],[[[21.75893783,60.35390783],[21.75591894,60.35682144],[21.74160669,60.3554279],[21.75893783,60.35390783]]],[[[21.77787714,60.35407808],[21.77996768,60.35599359],[21.76953622,60.35591136],[21.77787714,60.35407808]]],[[[22.4778708,60.37883852],[22.49202774,60.38141951],[22.46776594,60.38245749],[22.46276261,60.38003115],[22.4778708,60.37883852]]],[[[21.26096362,60.33116109],[21.26345469,60.33163185],[21.25514835,60.33478791],[21.26096362,60.33116109]]],[[[21.30489433,60.33294802],[21.30266725,60.33795532],[21.2867879,60.34054374],[21.28986463,60.33541467],[21.30489433,60.33294802]]],[[[21.21060121,60.32880898],[21.21479358,60.33270627],[21.20696323,60.33196827],[21.21060121,60.32880898]]],[[[21.32683485,60.33281874],[21.33356171,60.33668617],[21.32073351,60.34185325],[21.31016065,60.3398984],[21.31783122,60.33580635],[21.31242659,60.33372796],[21.32683485,60.33281874]]],[[[21.17634374,60.32576647],[21.19172207,60.33202974],[21.19236234,60.33788552],[21.18076072,60.34160575],[21.17965774,60.33589421],[21.17283787,60.33262359],[21.17634374,60.32576647]]],[[[21.42955541,60.33634763],[21.43752573,60.33976067],[21.41282203,60.3436624],[21.40261367,60.34126004],[21.42955541,60.33634763]]],[[[21.46551503,60.33607416],[21.47107935,60.34162652],[21.45719157,60.34019696],[21.45561876,60.33772868],[21.46551503,60.33607416]]],[[[21.18558116,60.32123242],[21.19598602,60.32245277],[21.19746535,60.32799964],[21.18232499,60.32519699],[21.18227595,60.32186063],[21.18558116,60.32123242]]],[[[21.89503973,60.3492135],[21.91208979,60.36027807],[21.83163356,60.36708495],[21.82060267,60.36480567],[21.8286931,60.3574494],[21.89503973,60.3492135]]],[[[21.41077445,60.32966944],[21.41373985,60.33274118],[21.38662818,60.33427469],[21.41077445,60.32966944]]],[[[21.229866,60.32171046],[21.23655571,60.32406105],[21.22901328,60.32711298],[21.22359493,60.32519679],[21.229866,60.32171046]]],[[[22.31362087,60.36385642],[22.32043861,60.36853208],[22.31085749,60.36849046],[22.31362087,60.36385642]]],[[[22.34943489,60.36511312],[22.38663045,60.37515274],[22.43422042,60.38045204],[22.4400547,60.38381471],[22.45002885,60.38186777],[22.46784896,60.38938068],[22.46943579,60.3932939],[22.45683321,60.39465392],[22.45844217,60.39746921],[22.48005055,60.40378609],[22.47527787,60.40844318],[22.46562876,60.40812742],[22.34334401,60.3889022],[22.3222423,60.38480415],[22.30935724,60.37813942],[22.31488475,60.3709552],[22.34943489,60.36511312]]],[[[21.71090087,60.33987522],[21.71821862,60.34049321],[21.71557849,60.34860046],[21.68239096,60.35484365],[21.69320441,60.35852069],[21.69043552,60.35999548],[21.64005884,60.36285357],[21.65475289,60.35236887],[21.65268307,60.34529466],[21.66230009,60.34254588],[21.67092313,60.34691707],[21.6760687,60.34310797],[21.68479559,60.34509704],[21.71090087,60.33987522]]],[[[22.31880334,60.3617965],[22.3311673,60.3647512],[22.31510646,60.36262581],[22.31880334,60.3617965]]],[[[21.37443152,60.32498313],[21.37028954,60.32908365],[21.35973857,60.32658872],[21.37443152,60.32498313]]],[[[21.34164999,60.32300929],[21.35906984,60.32603527],[21.3534967,60.3287124],[21.34164999,60.32300929]]],[[[21.19667404,60.31631805],[21.20126042,60.32193743],[21.19982695,60.32495363],[21.19515355,60.32043951],[21.18929968,60.32005605],[21.19667404,60.31631805]]],[[[21.26541442,60.31913466],[21.27475733,60.31973761],[21.27550086,60.32372027],[21.26304216,60.32879251],[21.26168041,60.32413882],[21.26699258,60.32235524],[21.26541442,60.31913466]]],[[[21.29924156,60.32029307],[21.30938671,60.32346897],[21.30959379,60.32757078],[21.29330328,60.33320542],[21.27653302,60.32997981],[21.28104209,60.32622512],[21.27931095,60.32065146],[21.29924156,60.32029307]]],[[[21.5671036,60.33135532],[21.57005597,60.334225],[21.55647886,60.33580403],[21.56042441,60.33184009],[21.5671036,60.33135532]]],[[[21.88522698,60.34266138],[21.87514735,60.34384675],[21.87305536,60.34698242],[21.85401463,60.34843255],[21.88522698,60.34266138]]],[[[21.77988956,60.33760307],[21.80361119,60.34106437],[21.77228505,60.34454208],[21.77095653,60.33878866],[21.77988956,60.33760307]]],[[[21.41822423,60.32274715],[21.42329882,60.32376017],[21.40571815,60.32663174],[21.41822423,60.32274715]]],[[[22.10435894,60.34918405],[22.1202212,60.35800308],[22.13785196,60.35864511],[22.18758784,60.36987956],[22.21052003,60.37079928],[22.22854247,60.38006454],[22.22126139,60.3830143],[22.13162896,60.38034691],[22.12182845,60.37603191],[22.11386815,60.36061382],[22.09868341,60.35035242],[22.10435894,60.34918405]]],[[[22.42351573,60.36040066],[22.43480023,60.36624405],[22.41747971,60.36376422],[22.42351573,60.36040066]]],[[[21.32425921,60.31758172],[21.33870604,60.32560592],[21.33166377,60.32559367],[21.32425921,60.31758172]]],[[[21.16153268,60.31046122],[21.16945601,60.32544492],[21.16204379,60.32462119],[21.15644747,60.33148178],[21.14550198,60.33076694],[21.14404852,60.32321088],[21.15767103,60.32217493],[21.14514455,60.31392181],[21.16153268,60.31046122]]],[[[21.91367155,60.3405834],[21.91560939,60.34159171],[21.908567,60.34365395],[21.89444405,60.34165012],[21.91367155,60.3405834]]],[[[21.58815134,60.3274105],[21.59575302,60.32860143],[21.59467918,60.33348076],[21.58374385,60.34040362],[21.57326429,60.33880761],[21.58815134,60.3274105]]],[[[21.19004491,60.31015784],[21.19067098,60.31462922],[21.18118058,60.31548656],[21.19004491,60.31015784]]],[[[21.98054134,60.34091295],[22.05004346,60.35253715],[22.04624612,60.35974399],[22.01877498,60.35670303],[21.98763767,60.3588822],[22.02699861,60.35923736],[22.03415034,60.36434316],[22.03407134,60.3690275],[22.02509744,60.36797752],[22.02875268,60.37447751],[22.01452143,60.37359701],[22.00933734,60.37788661],[22.01735135,60.38130021],[21.96314837,60.38344599],[21.95243282,60.37825786],[21.94681199,60.3793992],[21.95286357,60.38056946],[21.96468723,60.3941984],[21.97841137,60.40065786],[21.9516195,60.3963062],[21.913997,60.40172652],[21.91188574,60.40091276],[21.91447879,60.394563],[21.90972066,60.39456334],[21.90832845,60.40047345],[21.89899274,60.40194309],[21.90935917,60.41098041],[21.91218477,60.40968388],[21.91017507,60.40569213],[21.91373754,60.40426531],[21.95338571,60.40102869],[21.9771745,60.40319129],[21.9774145,60.40777232],[21.97423399,60.40880307],[21.95953112,60.40627209],[21.96800193,60.40823499],[21.9716121,60.41575341],[21.9616945,60.41916274],[21.95951057,60.42148683],[21.96381843,60.42284766],[21.9567047,60.4241793],[21.95415906,60.42993568],[21.93887088,60.43313558],[21.940409,60.43557227],[21.93614022,60.44466419],[21.92759224,60.4452272],[21.91981528,60.45241936],[21.91841366,60.45672941],[21.92584948,60.46201706],[21.9235086,60.46504993],[21.91482121,60.4602714],[21.89651557,60.47783011],[21.88031591,60.47866936],[21.85693275,60.48955154],[21.83950221,60.4905589],[21.83687792,60.48959886],[21.83854091,60.48657863],[21.82387828,60.48827853],[21.81782923,60.48423206],[21.82417247,60.48052244],[21.81884894,60.47874569],[21.82199134,60.47408251],[21.82081471,60.46450246],[21.82767767,60.46009227],[21.81299129,60.45971497],[21.81106061,60.45736465],[21.83297021,60.45487248],[21.83483268,60.45003145],[21.82494527,60.4498372],[21.82005693,60.45521727],[21.81478828,60.45523844],[21.81144868,60.45275949],[21.81683232,60.44763461],[21.81376609,60.44502867],[21.82241407,60.44138433],[21.82446799,60.44420979],[21.83320453,60.44385742],[21.82805348,60.44095674],[21.84669261,60.43412006],[21.83961142,60.43012571],[21.84219567,60.42706333],[21.84885105,60.42537673],[21.85491293,60.42872574],[21.85541511,60.4246497],[21.87455311,60.41461417],[21.86523268,60.41269701],[21.84584549,60.41565093],[21.86341278,60.41871483],[21.8362494,60.42849491],[21.82810997,60.41634449],[21.79906251,60.41569364],[21.7944155,60.41285265],[21.79277421,60.40962635],[21.81304456,60.4078536],[21.79129485,60.39942776],[21.7946009,60.39549568],[21.8067346,60.39595931],[21.79906693,60.38940089],[21.81309839,60.38519091],[21.80861434,60.38792349],[21.81217785,60.3907312],[21.82545886,60.38575034],[21.82036789,60.38392205],[21.82822413,60.37929477],[21.8489451,60.37581764],[21.8498195,60.37295127],[21.87967671,60.36908679],[21.88257102,60.36613716],[21.92399781,60.36417805],[21.92478971,60.35974341],[21.90475181,60.3542538],[21.90085254,60.35084224],[21.90225862,60.34860873],[21.97756965,60.34369009],[21.98054134,60.34091295]]],[[[22.14448088,60.34675245],[22.1451297,60.34963771],[22.13690937,60.35231956],[22.1366799,60.34892032],[22.14448088,60.34675245]]],[[[21.8710817,60.33642325],[21.87404733,60.33738239],[21.84596865,60.34041898],[21.8710817,60.33642325]]],[[[22.01501811,60.34142905],[22.02975436,60.34367462],[22.0245459,60.34695908],[22.00850683,60.34379698],[22.01501811,60.34142905]]],[[[21.73701949,60.33044171],[21.74204187,60.33310614],[21.72329543,60.33273072],[21.71001817,60.33612454],[21.70093035,60.33279788],[21.73701949,60.33044171]]],[[[21.94721084,60.33736824],[21.95188261,60.33907123],[21.91830908,60.34189365],[21.92707603,60.33722726],[21.94721084,60.33736824]]],[[[22.53962714,60.3580969],[22.5448065,60.36118804],[22.53243769,60.3592304],[22.53962714,60.3580969]]],[[[21.26870887,60.30896601],[21.27303799,60.31018945],[21.27390849,60.31481384],[21.26087539,60.3161173],[21.25896043,60.31112982],[21.26870887,60.30896601]]],[[[21.97050934,60.33699186],[21.98248407,60.33893134],[21.96475399,60.3413516],[21.95369183,60.33952717],[21.97050934,60.33699186]]],[[[21.85380398,60.33172966],[21.85805749,60.33427458],[21.84953712,60.3355246],[21.85380398,60.33172966]]],[[[21.71019522,60.32502716],[21.71610075,60.32754039],[21.69332002,60.33113952],[21.67780071,60.32997485],[21.68068408,60.33508547],[21.69081029,60.33490586],[21.68286534,60.34097881],[21.66119111,60.33514559],[21.64923567,60.33567963],[21.65883463,60.32912598],[21.67228792,60.33018163],[21.67937651,60.32476839],[21.71019522,60.32502716]]],[[[21.55154204,60.31847109],[21.55728542,60.3192703],[21.5558914,60.32297879],[21.54216998,60.32399312],[21.54295463,60.32006622],[21.55154204,60.31847109]]],[[[22.15425357,60.34180977],[22.15920829,60.34386356],[22.14830029,60.34390663],[22.15425357,60.34180977]]],[[[21.16307921,60.30128098],[21.17400442,60.31206991],[21.16144541,60.30740755],[21.16023058,60.30157869],[21.16307921,60.30128098]]],[[[21.14522858,60.30034709],[21.15269662,60.30156877],[21.1474653,60.30250021],[21.15021015,60.3062315],[21.1423066,60.3036584],[21.14522858,60.30034709]]],[[[22.24840547,60.34435163],[22.26233863,60.34718737],[22.26003146,60.34795574],[22.2620099,60.34929466],[22.2425094,60.3460826],[22.24840547,60.34435163]]],[[[22.46432059,60.35145928],[22.47637404,60.35569041],[22.4939906,60.35463516],[22.50177225,60.3653228],[22.5142501,60.36650895],[22.52007636,60.37506746],[22.52919692,60.37578563],[22.53386617,60.38065175],[22.45595802,60.37397907],[22.44207482,60.36741406],[22.46332676,60.36521294],[22.43348244,60.35897456],[22.43785071,60.35488438],[22.46432059,60.35145928]]],[[[21.37995757,60.3091915],[21.38129262,60.3128624],[21.37312927,60.3119696],[21.37995757,60.3091915]]],[[[22.17773769,60.34051276],[22.28520713,60.3542543],[22.30718708,60.36104368],[22.3020829,60.37268395],[22.29393092,60.37729281],[22.19579637,60.36740418],[22.14495707,60.35826643],[22.14574297,60.35339967],[22.16243106,60.35301065],[22.16025355,60.34868586],[22.16488974,60.34483536],[22.17773769,60.34051276]]],[[[21.58413897,60.3172963],[21.58928657,60.31908051],[21.58072328,60.32129681],[21.577612,60.31854505],[21.58413897,60.3172963]]],[[[21.93160325,60.33094163],[21.94195306,60.33557257],[21.91728393,60.33490219],[21.93160325,60.33094163]]],[[[21.20892059,60.30075236],[21.21853721,60.30404671],[21.20879466,60.30850453],[21.1992776,60.30530558],[21.20892059,60.30075236]]],[[[21.2264183,60.30062601],[21.23804842,60.30277568],[21.2404056,60.30468666],[21.23581052,60.30856922],[21.23848355,60.31023254],[21.23206172,60.31467021],[21.21763376,60.31572139],[21.21763171,60.31144752],[21.2264183,60.30062601]]],[[[22.50474828,60.34976353],[22.52038959,60.35205448],[22.50754957,60.35304398],[22.50066196,60.35012015],[22.50474828,60.34976353]]],[[[21.17417349,60.297523],[21.1811938,60.3022929],[21.17801627,60.30477355],[21.17424178,60.30327855],[21.17034168,60.3000932],[21.17417349,60.297523]]],[[[21.5611824,60.31319713],[21.56140914,60.31969018],[21.54839509,60.31698369],[21.5611824,60.31319713]]],[[[21.30115424,60.30152451],[21.30633814,60.30330837],[21.30821262,60.30880245],[21.28973492,60.30839831],[21.29448373,60.30244963],[21.30115424,60.30152451]]],[[[21.91675309,60.32547929],[21.93592606,60.32700277],[21.93618059,60.32920134],[21.87257518,60.33404246],[21.8644127,60.32969028],[21.91675309,60.32547929]]],[[[21.13085691,60.2928785],[21.13435608,60.29948836],[21.12157271,60.30096586],[21.12440229,60.29795784],[21.12254721,60.29541224],[21.13085691,60.2928785]]],[[[21.45918779,60.30639775],[21.46580844,60.30805565],[21.45452824,60.30945353],[21.45918779,60.30639775]]],[[[21.18218215,60.29445886],[21.19119206,60.29763744],[21.18218215,60.29445886]]],[[[22.19526058,60.33485052],[22.20869506,60.33588341],[22.20438054,60.33859699],[22.1889248,60.33618562],[22.19526058,60.33485052]]],[[[21.78818281,60.31916426],[21.78757208,60.32165833],[21.77858363,60.32279049],[21.78818281,60.31916426]]],[[[21.718805,60.31629019],[21.71705408,60.32143096],[21.71065015,60.31924688],[21.718805,60.31629019]]],[[[22.1176364,60.33132435],[22.15100489,60.3341902],[22.15037359,60.33633668],[22.13187951,60.33650404],[22.11833143,60.33473328],[22.1176364,60.33132435]]],[[[21.42825746,60.30409896],[21.43032481,60.30801764],[21.43757633,60.31043201],[21.42701339,60.3164693],[21.42578857,60.31181983],[21.4317539,60.31133861],[21.42535595,60.30935087],[21.42489339,60.30485794],[21.42825746,60.30409896]]],[[[23.06318109,60.36147475],[23.07530939,60.3667312],[23.06739118,60.36561164],[23.06318109,60.36147475]]],[[[21.56001015,60.30833753],[21.57287052,60.3112196],[21.56111475,60.31208863],[21.55830357,60.30969562],[21.56001015,60.30833753]]],[[[21.51578661,60.30626611],[21.51618753,60.30987915],[21.5113686,60.3136207],[21.50563798,60.31272346],[21.51409165,60.30979236],[21.51578661,60.30626611]]],[[[21.82112706,60.31810833],[21.83986541,60.32017845],[21.81315056,60.32554396],[21.80381439,60.32339754],[21.82112706,60.31810833]]],[[[21.21110805,60.29285388],[21.21518125,60.29547011],[21.20517061,60.29536],[21.21110805,60.29285388]]],[[[21.66505999,60.31114848],[21.6680544,60.31441909],[21.65330922,60.31229547],[21.66505999,60.31114848]]],[[[21.58637551,60.30764481],[21.59082701,60.31077589],[21.57565394,60.31102572],[21.58637551,60.30764481]]],[[[22.25862138,60.33317706],[22.26633712,60.33824231],[22.25334016,60.33398185],[22.25862138,60.33317706]]],[[[21.90099971,60.31896338],[21.91349257,60.32246604],[21.88125851,60.32536542],[21.87887529,60.32154308],[21.90099971,60.31896338]]],[[[22.2874336,60.33292868],[22.29237483,60.33791432],[22.29070765,60.33935159],[22.28402764,60.34038907],[22.27889627,60.33642813],[22.2874336,60.33292868]]],[[[21.47450259,60.30100608],[21.48203409,60.30549925],[21.47985762,60.31020311],[21.4688955,60.30764798],[21.46768296,60.30234611],[21.47450259,60.30100608]]],[[[21.87219357,60.31489168],[21.87895522,60.31589652],[21.86951806,60.31982484],[21.85672078,60.31977265],[21.87219357,60.31489168]]],[[[21.88841765,60.31549983],[21.88999246,60.31681423],[21.88081826,60.31764256],[21.88841765,60.31549983]]],[[[21.7379403,60.30795178],[21.74492193,60.309018],[21.72863247,60.31497312],[21.7379403,60.30795178]]],[[[21.46350278,60.29651296],[21.46792531,60.29888029],[21.45906698,60.29788151],[21.46350278,60.29651296]]],[[[21.33389387,60.29081446],[21.32455392,60.29457862],[21.33389387,60.29081446]]],[[[21.18333823,60.28143811],[21.19329891,60.28880655],[21.18308931,60.28822416],[21.18333823,60.28143811]]],[[[22.29055445,60.32540317],[22.29153558,60.33022348],[22.28090109,60.32994685],[22.29055445,60.32540317]]],[[[21.81348268,60.30729516],[21.81927349,60.30804119],[21.81632136,60.30980447],[21.818978,60.31316378],[21.80411374,60.31095706],[21.81348268,60.30729516]]],[[[21.29247941,60.28294541],[21.29419699,60.28642359],[21.30217011,60.28568956],[21.30433063,60.29065808],[21.29666202,60.29459757],[21.29361327,60.29134537],[21.27596189,60.29252548],[21.27736521,60.28882913],[21.29247941,60.28294541]]],[[[21.48417164,60.28991699],[21.49878883,60.29377409],[21.4843571,60.29813763],[21.4840279,60.29545491],[21.47304927,60.29598476],[21.46215991,60.29239515],[21.48417164,60.28991699]]],[[[21.20654924,60.2778231],[21.20784862,60.28219277],[21.20184676,60.28375687],[21.20654924,60.2778231]]],[[[21.84590093,60.30358619],[21.84815941,60.30477776],[21.83855193,60.30885521],[21.83838523,60.30532571],[21.84590093,60.30358619]]],[[[21.21121979,60.27734164],[21.21805105,60.28049414],[21.21084204,60.28154413],[21.21121979,60.27734164]]],[[[21.60373995,60.29328662],[21.61242243,60.29435054],[21.60825728,60.29782823],[21.60689278,60.29529032],[21.59842125,60.2951222],[21.60373995,60.29328662]]],[[[21.33868504,60.28157324],[21.34068196,60.28201209],[21.3287795,60.28846966],[21.32031147,60.287759],[21.33868504,60.28157324]]],[[[21.61781007,60.29270318],[21.6328977,60.29561609],[21.61177681,60.29610042],[21.61781007,60.29270318]]],[[[22.00769892,60.30744913],[22.01592901,60.31109748],[22.02600567,60.30925115],[22.03225746,60.3116224],[22.03741159,60.31516158],[22.03893289,60.32346896],[22.01998274,60.32864527],[22.02155965,60.33158222],[22.01073312,60.33696166],[22.00143282,60.33734876],[21.98124205,60.33655713],[21.95001211,60.32923169],[21.95402321,60.32573539],[21.9362639,60.32563368],[21.92382984,60.32173563],[22.00769892,60.30744913]]],[[[21.3469944,60.27889921],[21.35174076,60.28108012],[21.34226281,60.28171109],[21.3469944,60.27889921]]],[[[21.32149431,60.27627513],[21.32611886,60.28117589],[21.31927799,60.28681225],[21.30925089,60.28507831],[21.31584894,60.28290103],[21.31717917,60.27735384],[21.32149431,60.27627513]]],[[[21.21952889,60.27042256],[21.22497795,60.2715712],[21.22656031,60.27602834],[21.21354599,60.27190028],[21.21952889,60.27042256]]],[[[21.60851612,60.28678871],[21.61675887,60.29082417],[21.60735727,60.29197921],[21.60500074,60.28858787],[21.60851612,60.28678871]]],[[[21.87919982,60.29706493],[21.88480986,60.29912046],[21.87274881,60.2992769],[21.87919982,60.29706493]]],[[[21.77135834,60.29200892],[21.77998523,60.29641027],[21.77169232,60.30161391],[21.76098888,60.29640169],[21.77135834,60.29200892]]],[[[21.33601894,60.27377497],[21.33549848,60.27807202],[21.33072863,60.27844573],[21.33601894,60.27377497]]],[[[21.72714039,60.28982882],[21.73617846,60.29332385],[21.73002246,60.29369058],[21.71796063,60.30243109],[21.7078638,60.30070976],[21.7033461,60.29612245],[21.72714039,60.28982882]]],[[[21.59642565,60.28377639],[21.59951413,60.28428812],[21.59853112,60.28712927],[21.59234118,60.28718243],[21.59642565,60.28377639]]],[[[21.26487156,60.26949331],[21.26807257,60.27528996],[21.26337862,60.27946789],[21.25892386,60.27133589],[21.26487156,60.26949331]]],[[[21.61472475,60.28406198],[21.6222655,60.28527827],[21.6196364,60.28832356],[21.61435967,60.28782219],[21.61208031,60.28507918],[21.61472475,60.28406198]]],[[[21.49211859,60.27872131],[21.49307559,60.28062096],[21.48821969,60.28164203],[21.48250422,60.2805632],[21.49211859,60.27872131]]],[[[22.48434532,60.31454274],[22.48674764,60.32025658],[22.47848344,60.31719674],[22.48434532,60.31454274]]],[[[21.5628868,60.27861613],[21.55296813,60.28441823],[21.56995959,60.289277],[21.58174809,60.28821947],[21.58154379,60.29442089],[21.57428458,60.30158212],[21.55425018,60.30510884],[21.54700601,60.29949864],[21.54800437,60.29718949],[21.53561998,60.3012982],[21.52860141,60.2981574],[21.52944865,60.29425475],[21.51820895,60.2911166],[21.52460837,60.28798001],[21.52636763,60.28268131],[21.53891548,60.28497401],[21.54765795,60.28306276],[21.55188845,60.27876379],[21.5628868,60.27861613]]],[[[21.2425426,60.2644715],[21.24744965,60.27017471],[21.23098749,60.27133211],[21.2425426,60.2644715]]],[[[21.31346882,60.26679705],[21.31635682,60.26736111],[21.31501002,60.27159151],[21.32234683,60.27227131],[21.30702245,60.276532],[21.30650202,60.272579],[21.31346882,60.26679705]]],[[[21.65405254,60.28015392],[21.66947632,60.28340668],[21.68379161,60.28228393],[21.68492444,60.28468016],[21.67640525,60.2908273],[21.65042278,60.29513225],[21.64841151,60.29932442],[21.64228706,60.29875364],[21.64517686,60.29503788],[21.64186713,60.29413826],[21.64173239,60.28879191],[21.62173916,60.28694595],[21.65405254,60.28015392]]],[[[21.52092368,60.27394698],[21.52830682,60.27619474],[21.51815864,60.27601951],[21.52092368,60.27394698]]],[[[21.37124569,60.26751535],[21.36789268,60.27054772],[21.36277347,60.26847821],[21.37124569,60.26751535]]],[[[21.63294014,60.27819983],[21.63417834,60.28172217],[21.62878041,60.28132385],[21.63294014,60.27819983]]],[[[21.38796712,60.26784676],[21.44451137,60.27030526],[21.44721036,60.27111615],[21.44417438,60.27629258],[21.44593182,60.28150345],[21.45151241,60.28576509],[21.44505954,60.29115662],[21.43278155,60.28772359],[21.42734799,60.29209249],[21.42037073,60.28982265],[21.41886464,60.28540372],[21.393792,60.28679274],[21.37787833,60.27951117],[21.37838408,60.27259992],[21.38708688,60.27127702],[21.38796712,60.26784676]]],[[[22.47115612,60.30834315],[22.47304566,60.31355498],[22.46375185,60.31015032],[22.47115612,60.30834315]]],[[[21.22106773,60.25796022],[21.22586352,60.26192402],[21.23307276,60.26162748],[21.22072907,60.26545762],[21.22377675,60.26144723],[21.21964412,60.25999896],[21.22106773,60.25796022]]],[[[21.64519215,60.27548812],[21.65270551,60.2766935],[21.63886554,60.27880566],[21.64519215,60.27548812]]],[[[21.47168468,60.26825153],[21.47750333,60.27028215],[21.46508988,60.27356336],[21.46633843,60.26948034],[21.47168468,60.26825153]]],[[[21.32537121,60.26165628],[21.33356975,60.26559978],[21.32532516,60.26600421],[21.32293829,60.26282234],[21.32537121,60.26165628]]],[[[21.67871987,60.27628346],[21.67016987,60.27930875],[21.6597575,60.27844012],[21.67871987,60.27628346]]],[[[21.31835548,60.26113236],[21.32028453,60.26245789],[21.3169201,60.26502311],[21.30322295,60.26725229],[21.30420575,60.26446228],[21.31835548,60.26113236]]],[[[21.84246439,60.28229986],[21.8452376,60.28291982],[21.84444104,60.28629214],[21.85805377,60.28896587],[21.85796305,60.29418306],[21.83739767,60.29285792],[21.82808824,60.29821032],[21.81226186,60.29856567],[21.81519252,60.29542231],[21.833834,60.29181571],[21.83552787,60.28647028],[21.84246439,60.28229986]]],[[[21.56085228,60.27077843],[21.56635777,60.27222423],[21.55824222,60.27372621],[21.55711995,60.27180661],[21.56085228,60.27077843]]],[[[21.20772507,60.2543815],[21.21020951,60.2560646],[21.19965932,60.25642204],[21.20772507,60.2543815]]],[[[21.80565719,60.27819172],[21.80433632,60.28209295],[21.79774171,60.28406129],[21.80565719,60.27819172]]],[[[21.45924927,60.26265275],[21.46854226,60.26401068],[21.46159466,60.26425795],[21.45707639,60.27017956],[21.44980135,60.26894331],[21.45261271,60.2639705],[21.45924927,60.26265275]]],[[[22.37079687,60.29744251],[22.41229581,60.30516819],[22.42323966,60.30277978],[22.44851453,60.3068558],[22.47559423,60.32029086],[22.48687395,60.32270438],[22.4959908,60.33138871],[22.51235799,60.33641931],[22.5193741,60.34766825],[22.50763046,60.34741048],[22.50281903,60.34368075],[22.48396199,60.34595779],[22.4605316,60.34370671],[22.4427112,60.35103029],[22.4207388,60.35238991],[22.41762358,60.35753991],[22.4090435,60.35760761],[22.41051157,60.36365769],[22.42302896,60.36945194],[22.4164129,60.37371746],[22.39219371,60.37084253],[22.38151599,60.36588426],[22.36909975,60.36649585],[22.3504658,60.35983916],[22.33904309,60.36288732],[22.34181237,60.35925095],[22.33741706,60.35530021],[22.34267204,60.35286196],[22.34071216,60.35102652],[22.31910291,60.34890623],[22.32247138,60.34624194],[22.31652179,60.34316835],[22.3179666,60.33971201],[22.30615024,60.32761853],[22.37366848,60.32025995],[22.38188181,60.32218335],[22.38877624,60.3280987],[22.39287793,60.32733987],[22.37558097,60.31380098],[22.37667073,60.31071266],[22.36629159,60.30651576],[22.37079687,60.29744251]]],[[[21.79922012,60.27613606],[21.80044778,60.27873289],[21.79445321,60.27897062],[21.79922012,60.27613606]]],[[[22.96717397,60.31647392],[22.98927872,60.32850015],[22.97792329,60.32732469],[22.96197906,60.31994064],[22.96717397,60.31647392]]],[[[21.2399741,60.25221661],[21.24340621,60.25379745],[21.24043551,60.25588087],[21.23123418,60.25358719],[21.2399741,60.25221661]]],[[[21.68037284,60.27059485],[21.68241745,60.27444896],[21.67132472,60.27552895],[21.66409244,60.27274686],[21.68037284,60.27059485]]],[[[21.97908948,60.28189242],[21.99895165,60.28627199],[22.00920849,60.291676],[22.01068329,60.29537713],[22.00291717,60.30014424],[21.98408214,60.29360131],[21.98274434,60.28943503],[21.9693826,60.28348349],[21.97908948,60.28189242]]],[[[21.43485788,60.2597981],[21.44076492,60.26176365],[21.44215871,60.26568561],[21.43638207,60.26656787],[21.4280678,60.26117487],[21.43485788,60.2597981]]],[[[21.48284342,60.2616765],[21.4891755,60.26360924],[21.49327003,60.27081343],[21.48561227,60.2719337],[21.48477103,60.26860533],[21.4762659,60.26680158],[21.48284342,60.2616765]]],[[[21.26156546,60.25147133],[21.27625991,60.25730438],[21.25634424,60.2518371],[21.26156546,60.25147133]]],[[[22.3619223,60.29454629],[22.36862491,60.30124417],[22.35211308,60.29575809],[22.3619223,60.29454629]]],[[[21.69207976,60.26911821],[21.71008577,60.27218068],[21.70654249,60.27638443],[21.69357575,60.27567231],[21.68676852,60.27166511],[21.69207976,60.26911821]]],[[[21.81672893,60.27336213],[21.82031917,60.27798091],[21.82854854,60.27855309],[21.82110536,60.28235009],[21.8163966,60.27889997],[21.80737674,60.2800171],[21.80772826,60.27663671],[21.81672893,60.27336213]]],[[[21.53816173,60.26100498],[21.53786617,60.26433403],[21.52799509,60.26209801],[21.53816173,60.26100498]]],[[[21.77873496,60.26965351],[21.78265356,60.27224261],[21.77704733,60.2759571],[21.77045519,60.27218687],[21.77873496,60.26965351]]],[[[21.95017527,60.27628748],[21.9519278,60.27941474],[21.95973239,60.27998789],[21.95219914,60.28418855],[21.9736376,60.28794425],[21.97054419,60.29755149],[21.9785541,60.30485011],[21.98568146,60.30553323],[21.98462091,60.30734797],[21.97639509,60.31071441],[21.95273593,60.30664721],[21.94631115,60.30924639],[21.95710351,60.30846644],[21.96427096,60.31218559],[21.91814609,60.31500551],[21.91666009,60.3131598],[21.92128591,60.31077681],[21.87023873,60.308641],[21.86974404,60.30643811],[21.88661996,60.30223804],[21.88958684,60.29424561],[21.88135163,60.29284431],[21.88061249,60.28869428],[21.89067315,60.28792061],[21.90908589,60.29311681],[21.9055995,60.29508812],[21.90916965,60.29769852],[21.92889244,60.29705692],[21.92749096,60.29437993],[21.91414634,60.29389856],[21.89573639,60.28833755],[21.89538455,60.28474634],[21.89837799,60.28199822],[21.91110513,60.28160219],[21.91491732,60.27787589],[21.95017527,60.27628748]]],[[[21.33301978,60.25088557],[21.33351721,60.25374173],[21.32655563,60.25340633],[21.33301978,60.25088557]]],[[[21.91058523,60.27409391],[21.91457727,60.27568982],[21.89218591,60.27905336],[21.89421921,60.28335118],[21.89038637,60.28572086],[21.88368007,60.28256268],[21.88836283,60.27821071],[21.91058523,60.27409391]]],[[[21.6441434,60.26205452],[21.65008982,60.26347933],[21.64519882,60.26774228],[21.63912348,60.26645777],[21.6441434,60.26205452]]],[[[21.43929395,60.2523509],[21.46054153,60.25416885],[21.46990523,60.25892395],[21.44619625,60.26147513],[21.43657853,60.25461446],[21.43929395,60.2523509]]],[[[22.9787349,60.30722751],[22.97966445,60.31224262],[22.97676712,60.3147784],[22.96498028,60.31275062],[22.9787349,60.30722751]]],[[[21.63096526,60.25937809],[21.63388359,60.26042939],[21.63233003,60.26382969],[21.6233504,60.26424374],[21.62025157,60.26132124],[21.63096526,60.25937809]]],[[[21.76222204,60.26399348],[21.76668694,60.26810428],[21.76504753,60.26956901],[21.75635984,60.26796485],[21.76222204,60.26399348]]],[[[21.48034097,60.25175871],[21.48742904,60.25793497],[21.46854989,60.25533892],[21.48034097,60.25175871]]],[[[21.27378546,60.24203168],[21.28268223,60.24580866],[21.27479196,60.24910817],[21.26983414,60.24661653],[21.27378546,60.24203168]]],[[[21.55263481,60.2537456],[21.55666225,60.25675318],[21.54683227,60.25952024],[21.54258434,60.25741275],[21.55263481,60.2537456]]],[[[21.38375894,60.24631866],[21.38733194,60.24747377],[21.38338213,60.2561735],[21.38578559,60.25649656],[21.39739081,60.25482351],[21.39626039,60.25170775],[21.40571991,60.25176394],[21.40788119,60.24819589],[21.42494314,60.25153082],[21.41978668,60.26357453],[21.41380647,60.26527105],[21.38078436,60.26161754],[21.37464279,60.26360059],[21.37195094,60.25905075],[21.35894611,60.26302983],[21.35139146,60.2595725],[21.36072847,60.25040453],[21.38375894,60.24631866]]],[[[21.38977537,60.24640411],[21.39994112,60.24802713],[21.39219843,60.2492081],[21.38737859,60.24649853],[21.38977537,60.24640411]]],[[[21.45594575,60.24901619],[21.46401816,60.25325538],[21.45374026,60.25011194],[21.45594575,60.24901619]]],[[[22.33468503,60.28228931],[22.33921286,60.28641206],[22.36129151,60.29125881],[22.34777085,60.29539095],[22.3640532,60.31154544],[22.36478994,60.31658479],[22.33518938,60.32405235],[22.32401687,60.32449559],[22.31386472,60.32003341],[22.29813642,60.32059633],[22.30611403,60.30855428],[22.30465554,60.29809834],[22.31094202,60.2933315],[22.32396367,60.29251312],[22.32321622,60.28827544],[22.33137552,60.2871374],[22.32486985,60.28295014],[22.33468503,60.28228931]]],[[[21.7048511,60.25443571],[21.72059461,60.26275134],[21.67332796,60.26034395],[21.7048511,60.25443571]]],[[[22.05929259,60.26805398],[22.04632782,60.26949928],[22.05929259,60.26805398]]],[[[21.47550064,60.24467161],[21.47934947,60.24913192],[21.4643375,60.24907904],[21.46180545,60.24624407],[21.47550064,60.24467161]]],[[[23.00118997,60.29896878],[23.0176164,60.3055881],[23.03254656,60.32362329],[23.02371829,60.32829655],[23.00905927,60.32308463],[23.01018362,60.32019874],[23.00536835,60.31449119],[23.00888562,60.30902491],[22.99441814,60.30271762],[23.00118997,60.29896878]]],[[[21.74329801,60.25500092],[21.74511213,60.25697324],[21.73836179,60.25875589],[21.73406407,60.25584728],[21.74329801,60.25500092]]],[[[21.21868771,60.23299914],[21.22568296,60.23522617],[21.23910611,60.24917867],[21.22010714,60.24463502],[21.21091791,60.24643692],[21.22122963,60.23928335],[21.21677545,60.23690396],[21.21868771,60.23299914]]],[[[21.6600768,60.25088708],[21.66795379,60.25384875],[21.66583141,60.2583067],[21.64869749,60.25739523],[21.6600768,60.25088708]]],[[[22.07871055,60.2654076],[22.08239525,60.26576978],[22.0700182,60.26602605],[22.07871055,60.2654076]]],[[[21.33634819,60.23509885],[21.37317642,60.24091141],[21.39244489,60.23807953],[21.42611454,60.24789106],[21.42331876,60.25032406],[21.39790922,60.24350349],[21.38087367,60.24320087],[21.35664035,60.24385736],[21.35187984,60.24790777],[21.35598813,60.25042129],[21.35175372,60.25096027],[21.31203702,60.25005097],[21.30608635,60.248656],[21.31799832,60.24674147],[21.31673521,60.24316217],[21.30039973,60.24244155],[21.30046838,60.23932976],[21.33634819,60.23509885]]],[[[22.03436595,60.26281875],[22.03761681,60.26628137],[22.0251683,60.26403252],[22.03436595,60.26281875]]],[[[21.19997365,60.22845354],[21.2040744,60.23190048],[21.20029446,60.23390144],[21.19117326,60.2312346],[21.19997365,60.22845354]]],[[[22.31881143,60.27200907],[22.34844445,60.28059157],[22.32778699,60.27955144],[22.31567787,60.27360522],[22.31881143,60.27200907]]],[[[21.26603313,60.22937459],[21.27298408,60.23149521],[21.26539562,60.23202543],[21.26603313,60.22937459]]],[[[21.54658487,60.2409405],[21.54502437,60.24412029],[21.55284599,60.24829413],[21.54407025,60.25451607],[21.53164306,60.25475031],[21.5243439,60.24958398],[21.52571956,60.243338],[21.54658487,60.2409405]]],[[[21.55532713,60.23949071],[21.56063019,60.24102365],[21.56000813,60.24544199],[21.55391753,60.24273956],[21.55532713,60.23949071]]],[[[21.7378702,60.24635406],[21.74093211,60.25099007],[21.73911461,60.25232743],[21.72530477,60.24946163],[21.7378702,60.24635406]]],[[[21.39900172,60.2318879],[21.40917951,60.23493606],[21.39405901,60.2319976],[21.39900172,60.2318879]]],[[[21.30845846,60.22669608],[21.31362513,60.22846073],[21.31285057,60.23087216],[21.30704655,60.23090385],[21.30540903,60.22821312],[21.30845846,60.22669608]]],[[[21.68958509,60.2419627],[21.69823785,60.24443031],[21.67883211,60.24757226],[21.67147878,60.24439951],[21.68958509,60.2419627]]],[[[21.75760343,60.24402981],[21.7798926,60.24958589],[21.78749756,60.25804302],[21.77685382,60.26158805],[21.76900856,60.25890588],[21.75291922,60.26017954],[21.75035671,60.25640906],[21.75214521,60.24518517],[21.75760343,60.24402981]]],[[[21.5370909,60.23472567],[21.53711299,60.23934471],[21.52959562,60.23908638],[21.5370909,60.23472567]]],[[[22.88124462,60.28188453],[22.88567965,60.28409403],[22.88533949,60.28826862],[22.87734657,60.28313739],[22.88124462,60.28188453]]],[[[21.78338962,60.24232942],[21.78866152,60.24399898],[21.77908317,60.24675951],[21.77818147,60.24459147],[21.78338962,60.24232942]]],[[[21.53251754,60.23186765],[21.53464414,60.23371478],[21.52533564,60.23776214],[21.51911147,60.24654684],[21.51979693,60.25519705],[21.50662195,60.25122323],[21.50568963,60.2487447],[21.51694654,60.24628053],[21.51448048,60.24144203],[21.50048403,60.24018793],[21.49234652,60.23410482],[21.53251754,60.23186765]]],[[[21.74845746,60.23994488],[21.73361942,60.2415946],[21.74845746,60.23994488]]],[[[21.49305509,60.22792233],[21.50181181,60.22871202],[21.49098582,60.23156187],[21.48959228,60.22952708],[21.49305509,60.22792233]]],[[[21.9193681,60.24194423],[21.92157285,60.24584713],[21.91089433,60.24841437],[21.91401366,60.24682054],[21.91012796,60.24411686],[21.9193681,60.24194423]]],[[[21.90127359,60.24029129],[21.90412397,60.24359876],[21.89598855,60.24284063],[21.90127359,60.24029129]]],[[[22.13459527,60.24810581],[22.18128151,60.25284777],[22.19042344,60.26322113],[22.1701892,60.2598293],[22.15994284,60.26335708],[22.12372972,60.26020312],[22.11975865,60.26147886],[22.12314755,60.2642995],[22.11983666,60.26587065],[22.11282622,60.26397852],[22.1189484,60.26212279],[22.114982,60.25785321],[22.10255958,60.25253697],[22.11106128,60.24903996],[22.13459527,60.24810581]]],[[[22.238193,60.2517573],[22.24204875,60.25486578],[22.23316496,60.25585367],[22.23367044,60.26132273],[22.22475422,60.26424636],[22.22496804,60.26733891],[22.26760753,60.26768612],[22.26748423,60.27185409],[22.27992877,60.27445779],[22.3029718,60.28872456],[22.2995614,60.2950571],[22.30355993,60.2977897],[22.30198422,60.30292026],[22.30519094,60.30749621],[22.29949847,60.31417948],[22.29249344,60.31445564],[22.28748144,60.32459915],[22.27268031,60.33034349],[22.24717202,60.33359097],[22.23459598,60.3308638],[22.22784674,60.32486383],[22.21734768,60.33027539],[22.19573129,60.32884237],[22.19529169,60.33204014],[22.18916865,60.33330932],[22.15839645,60.32858207],[22.11699878,60.32610184],[22.11062716,60.32824676],[22.10227591,60.32207803],[22.10308965,60.31891962],[22.11258777,60.31917909],[22.11591452,60.31607209],[22.09923412,60.30965396],[22.10205793,60.30163704],[22.09306124,60.30025182],[22.0886658,60.29156713],[22.08737555,60.28572924],[22.10772004,60.27408757],[22.11143694,60.27410162],[22.11661776,60.28218496],[22.12086928,60.28289631],[22.12746201,60.27416922],[22.15527526,60.27159347],[22.15842453,60.27054187],[22.15250876,60.26724544],[22.16352816,60.2654845],[22.16820829,60.26874797],[22.19278269,60.27019543],[22.19961537,60.27684104],[22.19472323,60.28002221],[22.19602349,60.28502953],[22.19150847,60.28795671],[22.20025632,60.29217014],[22.18996258,60.29443593],[22.17321657,60.29255576],[22.16934222,60.29793319],[22.15628509,60.29328474],[22.14552594,60.29439193],[22.16950761,60.30273367],[22.17216435,60.2986152],[22.18143341,60.29665707],[22.19363429,60.29898592],[22.2188362,60.29311269],[22.22458485,60.29755451],[22.23036071,60.2961668],[22.22822467,60.29141859],[22.21085505,60.28628206],[22.20737524,60.28363204],[22.21028394,60.28006265],[22.20245804,60.27808247],[22.21186808,60.2744606],[22.20188155,60.26476229],[22.2083353,60.26049964],[22.20494334,60.25848986],[22.19291121,60.26177731],[22.18675976,60.25585852],[22.19930365,60.25221785],[22.238193,60.2517573]]],[[[21.98876359,60.2412017],[21.99661214,60.24246653],[21.98873807,60.24717647],[21.98363994,60.24276413],[21.98876359,60.2412017]]],[[[22.01604599,60.24137889],[22.02350719,60.24199753],[22.0214548,60.24437144],[22.02349356,60.24591534],[22.01127121,60.24819605],[22.01604599,60.24137889]]],[[[21.94052952,60.23835745],[21.94321617,60.23847878],[21.94358622,60.24314317],[21.93634103,60.24169084],[21.93611455,60.23879488],[21.94052952,60.23835745]]],[[[21.24596501,60.20839095],[21.2491894,60.20941856],[21.24386391,60.21327438],[21.23991351,60.21210493],[21.24596501,60.20839095]]],[[[21.92396737,60.23589919],[21.93054272,60.23833939],[21.91821926,60.23773846],[21.92396737,60.23589919]]],[[[22.85648444,60.2663386],[22.86234629,60.26948174],[22.86188107,60.27516679],[22.8544747,60.27231784],[22.85648444,60.2663386]]],[[[21.65301681,60.2230486],[21.65778565,60.22362634],[21.64044219,60.2245722],[21.65301681,60.2230486]]],[[[21.90834941,60.2330897],[21.9181993,60.23631604],[21.9077688,60.23839983],[21.89907898,60.23579293],[21.90834941,60.2330897]]],[[[21.87091691,60.23110864],[21.88149615,60.23691869],[21.87273892,60.23635403],[21.86808518,60.23171755],[21.87091691,60.23110864]]],[[[21.51760096,60.21653052],[21.52005993,60.21940866],[21.51428712,60.22218607],[21.52003686,60.22476435],[21.51867924,60.22749975],[21.51204459,60.22768425],[21.50605959,60.22345973],[21.50847647,60.21898919],[21.51760096,60.21653052]]],[[[22.02815111,60.23631117],[22.03586168,60.23870016],[22.03252206,60.24136945],[22.02251984,60.23973567],[22.0225132,60.23667278],[22.02815111,60.23631117]]],[[[21.48460579,60.2145143],[21.49041754,60.22088504],[21.48823629,60.22666894],[21.47958505,60.22202039],[21.48460579,60.2145143]]],[[[21.94381723,60.23211006],[21.95011177,60.23513009],[21.94322064,60.23516845],[21.94381723,60.23211006]]],[[[21.97176404,60.23270603],[21.98085919,60.23634138],[21.96700079,60.23799022],[21.96498096,60.23983554],[21.9685075,60.24137613],[21.95750444,60.2437594],[21.9619027,60.24709864],[21.95666409,60.25227032],[21.9481649,60.24529173],[21.95203373,60.24307547],[21.95053978,60.23872022],[21.95671043,60.23438949],[21.97176404,60.23270603]]],[[[21.56370428,60.2165019],[21.57932105,60.22463199],[21.59325265,60.22065444],[21.60825649,60.22418144],[21.60667785,60.23104116],[21.59920157,60.23453143],[21.62659952,60.23921239],[21.62380535,60.24513254],[21.63842939,60.25214928],[21.63124808,60.25526327],[21.58648503,60.2528697],[21.58911912,60.25595553],[21.59785277,60.25678166],[21.60218614,60.26207916],[21.61004073,60.25832033],[21.61588263,60.26508446],[21.60971463,60.26595834],[21.60380725,60.27347804],[21.58379044,60.27408746],[21.57756747,60.26476164],[21.57977186,60.26359954],[21.5765127,60.26220908],[21.57615614,60.25316575],[21.56343126,60.24758482],[21.5673007,60.24291901],[21.56615325,60.23575436],[21.56046531,60.23366742],[21.55448349,60.22386433],[21.56370428,60.2165019]]],[[[21.40309675,60.20924042],[21.43913993,60.2139521],[21.46149661,60.21288236],[21.4653824,60.2186069],[21.46349855,60.22203873],[21.45606259,60.22300534],[21.45393141,60.226084],[21.46181092,60.22774484],[21.45608774,60.23200986],[21.46420524,60.23371568],[21.42506405,60.23394408],[21.44701853,60.24125244],[21.44515219,60.24368191],[21.42052606,60.23939771],[21.40760595,60.22666904],[21.40725159,60.2236831],[21.41280914,60.22135713],[21.40019221,60.21443928],[21.40309675,60.20924042]]],[[[21.26719932,60.20340252],[21.27738203,60.21324201],[21.29420227,60.21869992],[21.29924827,60.2269601],[21.27584833,60.22565213],[21.27332302,60.2233332],[21.28472883,60.22120094],[21.2795412,60.21814026],[21.26262411,60.22747982],[21.24851928,60.22497818],[21.25940377,60.21430871],[21.25027366,60.21114302],[21.26108615,60.20337386],[21.26719932,60.20340252]]],[[[22.84006223,60.26186978],[22.84642575,60.26474243],[22.84605376,60.26964136],[22.83616168,60.26910788],[22.83893799,60.26715934],[22.8331519,60.26412565],[22.84006223,60.26186978]]],[[[21.81694208,60.22554396],[21.82811171,60.22788414],[21.81394928,60.22661412],[21.81694208,60.22554396]]],[[[22.18127318,60.23928682],[22.20080248,60.24436539],[22.21343485,60.24056118],[22.23110924,60.2476625],[22.22763672,60.25018931],[22.21577383,60.24778946],[22.21126011,60.25044245],[22.20399893,60.24802494],[22.18589771,60.25018725],[22.17928061,60.24594528],[22.17817447,60.24157883],[22.18127318,60.23928682]]],[[[22.48060641,60.24751323],[22.48331317,60.24922662],[22.47286265,60.24910153],[22.48060641,60.24751323]]],[[[21.92044324,60.22674901],[21.93264369,60.22998279],[21.92179368,60.23484587],[21.91320229,60.23341228],[21.91458889,60.22883172],[21.92044324,60.22674901]]],[[[21.94882178,60.2268131],[21.9649265,60.22799485],[21.94882178,60.2268131]]],[[[21.53671359,60.20987581],[21.54810642,60.21236615],[21.54752595,60.21702926],[21.53720359,60.21475841],[21.53930913,60.2117443],[21.53671359,60.20987581]]],[[[22.04232788,60.22818569],[22.04722027,60.23301279],[22.03762379,60.22905418],[22.04232788,60.22818569]]],[[[21.33060076,60.19917595],[21.33749884,60.20348274],[21.32081875,60.19962492],[21.33060076,60.19917595]]],[[[21.79424529,60.21813732],[21.79841904,60.22047024],[21.78941483,60.22010226],[21.79424529,60.21813732]]],[[[22.06380034,60.22779231],[22.07316983,60.22947678],[22.07395033,60.23411838],[22.08784646,60.24091073],[22.08419039,60.24512915],[22.08811248,60.25021367],[22.06602207,60.25299741],[22.04124482,60.24314256],[22.05478907,60.2379007],[22.05184745,60.2313501],[22.06380034,60.22779231]]],[[[22.33182747,60.23704717],[22.34829024,60.24366515],[22.37385961,60.24313401],[22.40214147,60.24927538],[22.4069475,60.24638706],[22.41436882,60.25049203],[22.42035257,60.24948298],[22.42025981,60.26019226],[22.42373314,60.26701805],[22.41618133,60.27028161],[22.44658925,60.28103577],[22.44993598,60.29390165],[22.46904773,60.29664824],[22.4682727,60.3025816],[22.46343964,60.30509223],[22.46657749,60.30786678],[22.43728523,60.30236952],[22.38174865,60.29867374],[22.36268508,60.28769091],[22.36179089,60.28071734],[22.35104628,60.27868328],[22.35999884,60.27596863],[22.36118499,60.27329017],[22.35559608,60.26923956],[22.3525398,60.27006056],[22.35410713,60.27280413],[22.35032472,60.27691592],[22.31031566,60.26545542],[22.31017613,60.26101385],[22.3271342,60.24622563],[22.32765975,60.2392023],[22.33182747,60.23704717]]],[[[22.82524019,60.25328261],[22.82611835,60.26174908],[22.81186745,60.26011616],[22.81972216,60.25385375],[22.82524019,60.25328261]]],[[[22.14780698,60.22958991],[22.16895993,60.23387289],[22.17634091,60.24650209],[22.13557711,60.24569037],[22.13308181,60.24263926],[22.11192948,60.2369795],[22.11594342,60.23485816],[22.15704304,60.23823326],[22.15429344,60.23305516],[22.14439116,60.23483222],[22.14125966,60.23187801],[22.14780698,60.22958991]]],[[[21.69086446,60.2115525],[21.69840539,60.21564847],[21.68919546,60.21479034],[21.69086446,60.2115525]]],[[[22.52563519,60.24207346],[22.53305974,60.24881276],[22.5280655,60.25109],[22.51963379,60.2476078],[22.52053029,60.24363512],[22.52563519,60.24207346]]],[[[22.05341182,60.2240983],[22.0589541,60.22689075],[22.04492678,60.22929925],[22.04528743,60.22617542],[22.04081506,60.22540307],[22.05341182,60.2240983]]],[[[22.00574334,60.22223568],[22.01122742,60.22464438],[21.99841961,60.22468997],[22.00574334,60.22223568]]],[[[21.99465414,60.22170806],[21.99858149,60.22338762],[21.99051775,60.22436994],[21.99465414,60.22170806]]],[[[21.48911822,60.20146881],[21.4929936,60.20199687],[21.47711679,60.20406155],[21.48911822,60.20146881]]],[[[21.24648794,60.19067885],[21.25513794,60.1919255],[21.25735041,60.19504892],[21.23091808,60.20189346],[21.21041675,60.19886359],[21.21284584,60.1957847],[21.21038076,60.19348289],[21.21308167,60.19257041],[21.24648794,60.19067885]]],[[[22.84357633,60.25014273],[22.84633724,60.25284941],[22.8406785,60.25747285],[22.8315156,60.25804867],[22.84357633,60.25014273]]],[[[21.29472894,60.19197335],[21.30581024,60.19439041],[21.30627409,60.19830863],[21.29318272,60.19646805],[21.28330341,60.20104494],[21.26028778,60.20074371],[21.29472894,60.19197335]]],[[[21.94133562,60.2181705],[21.95999879,60.2217608],[21.94857748,60.22437332],[21.93374924,60.22036973],[21.94133562,60.2181705]]],[[[21.61027327,60.20508901],[21.60700138,60.2085164],[21.59691192,60.2075376],[21.61027327,60.20508901]]],[[[22.49619616,60.23789861],[22.51047801,60.23915977],[22.51787076,60.24492422],[22.498876,60.24632493],[22.4926789,60.24272446],[22.49619616,60.23789861]]],[[[21.31364309,60.19173514],[21.32075183,60.19652146],[21.30885105,60.19761775],[21.31505119,60.19512661],[21.31060651,60.19232377],[21.31364309,60.19173514]]],[[[21.98042195,60.21854578],[21.98931292,60.22166098],[21.98233248,60.22511416],[21.95978566,60.22370525],[21.98042195,60.21854578]]],[[[21.73419584,60.20846721],[21.74609008,60.21382693],[21.72648088,60.21689107],[21.71885568,60.21427126],[21.72307366,60.20837772],[21.73419584,60.20846721]]],[[[22.55640066,60.23849004],[22.57314766,60.2415564],[22.57644519,60.24533319],[22.57233657,60.24874868],[22.57593609,60.25579462],[22.5653519,60.25801255],[22.55341163,60.25511163],[22.56069237,60.24816959],[22.55221983,60.2420291],[22.55640066,60.23849004]]],[[[22.37422222,60.23186227],[22.39302759,60.23672932],[22.39371416,60.24091958],[22.38872577,60.24275637],[22.3687819,60.23745011],[22.37422222,60.23186227]]],[[[21.27991132,60.18857625],[21.2836434,60.19101413],[21.26497838,60.18960173],[21.27991132,60.18857625]]],[[[22.03926593,60.21918723],[22.05038973,60.22106609],[22.03926593,60.21918723]]],[[[22.7630543,60.24318562],[22.76714935,60.24524415],[22.752769,60.24668982],[22.7630543,60.24318562]]],[[[21.91888972,60.21267742],[21.92862822,60.21916002],[21.92157521,60.22033251],[21.90809393,60.21548922],[21.91888972,60.21267742]]],[[[21.93464626,60.21275573],[21.93397566,60.21705731],[21.92807372,60.21305476],[21.93464626,60.21275573]]],[[[21.67265224,60.20215151],[21.67721338,60.20590602],[21.67027063,60.20588272],[21.67265224,60.20215151]]],[[[22.71506297,60.23852274],[22.70571383,60.24176717],[22.68631027,60.24013271],[22.71506297,60.23852274]]],[[[21.4622062,60.19039089],[21.47631424,60.19510124],[21.47081366,60.19662245],[21.47146524,60.19868006],[21.46479889,60.19766807],[21.45917957,60.19100084],[21.4622062,60.19039089]]],[[[22.20546566,60.21688789],[22.20818984,60.21832409],[22.21285859,60.23959076],[22.18432967,60.23842814],[22.18523007,60.23579498],[22.17960107,60.23335091],[22.18155274,60.23006344],[22.17244921,60.22477409],[22.17375477,60.22031999],[22.17948594,60.21781539],[22.19918672,60.21919974],[22.20546566,60.21688789]]],[[[22.02515359,60.21001553],[22.02872177,60.2110876],[22.02565385,60.21606885],[22.0173089,60.2150424],[22.02515359,60.21001553]]],[[[21.46902461,60.18541468],[21.47378194,60.18758788],[21.46336901,60.18780746],[21.46902461,60.18541468]]],[[[22.37757038,60.22008344],[22.39516436,60.22618488],[22.39165292,60.23037114],[22.38632962,60.2302175],[22.37401593,60.22248077],[22.37757038,60.22008344]]],[[[22.91709215,60.23722971],[22.92923569,60.24781775],[22.91365659,60.24417326],[22.91519302,60.24097561],[22.91210811,60.23898999],[22.91709215,60.23722971]]],[[[21.51185668,60.18605219],[21.51459003,60.18680791],[21.49947755,60.18744594],[21.51185668,60.18605219]]],[[[21.60019241,60.18940637],[21.59273282,60.19284943],[21.58545066,60.19048296],[21.60019241,60.18940637]]],[[[21.97381849,60.20375691],[21.98161114,60.20502665],[21.96749168,60.20765389],[21.96829524,60.20971782],[21.99423303,60.20694633],[22.00774431,60.21227899],[21.9831834,60.21489883],[21.96905289,60.21193063],[21.96376261,60.21600637],[21.95611367,60.21264995],[21.96069066,60.21040928],[21.95999393,60.20518876],[21.97381849,60.20375691]]],[[[21.42285551,60.18027495],[21.43439504,60.18378442],[21.4190229,60.18513136],[21.41477611,60.18251075],[21.42285551,60.18027495]]],[[[21.25807862,60.17175178],[21.261444,60.17551851],[21.25058413,60.17487085],[21.25807862,60.17175178]]],[[[22.35601202,60.21477078],[22.35861715,60.21878328],[22.35001385,60.21629815],[22.35601202,60.21477078]]],[[[21.56456363,60.18422497],[21.57637253,60.18606885],[21.556896,60.18754362],[21.56456363,60.18422497]]],[[[21.93262836,60.19879701],[21.9378353,60.20151383],[21.93252208,60.20492054],[21.93468075,60.20625073],[21.93940288,60.20615637],[21.94108153,60.20233617],[21.95441663,60.20311228],[21.95192395,60.21040105],[21.95406681,60.21279303],[21.90962975,60.20728015],[21.91632046,60.20266912],[21.93262836,60.19879701]]],[[[21.39816553,60.17703997],[21.42424497,60.1887927],[21.43959899,60.18769499],[21.45464587,60.19429707],[21.45980872,60.20221499],[21.46790553,60.20451584],[21.47015936,60.20935972],[21.44503408,60.20940748],[21.42759457,60.20531706],[21.40651084,60.20795366],[21.37651795,60.2027223],[21.38069506,60.20847614],[21.35743598,60.21093854],[21.36792079,60.21331646],[21.37196283,60.21060597],[21.38247974,60.21102365],[21.39660246,60.21917311],[21.39435184,60.22220556],[21.39944997,60.22459128],[21.39480307,60.2263767],[21.37861884,60.22299877],[21.37736352,60.22631608],[21.35956686,60.22301809],[21.35632202,60.22600223],[21.33804438,60.22529182],[21.38426354,60.23031967],[21.38014794,60.23417419],[21.35847188,60.23141153],[21.31779172,60.23224254],[21.31425485,60.22333228],[21.28679297,60.21507062],[21.28018159,60.20944608],[21.28436744,60.20527725],[21.31002853,60.20007352],[21.32425515,60.20475677],[21.34216207,60.2043091],[21.3433449,60.19699339],[21.32373558,60.1977091],[21.31744439,60.1911543],[21.32813341,60.19029176],[21.3312056,60.18702895],[21.36272712,60.18728344],[21.3598509,60.18312832],[21.36552243,60.17646531],[21.39309399,60.18844556],[21.39680488,60.18700101],[21.39784806,60.18418787],[21.39422444,60.18135046],[21.39816553,60.17703997]]],[[[21.21384759,60.16906951],[21.21762869,60.17088782],[21.19792501,60.17452661],[21.21384759,60.16906951]]],[[[21.24605815,60.17034844],[21.22272285,60.17403298],[21.24605815,60.17034844]]],[[[21.95112476,60.19709382],[21.94683388,60.20002487],[21.93853625,60.19925837],[21.95112476,60.19709382]]],[[[21.25035961,60.16823503],[21.25664758,60.16943555],[21.24493699,60.16947093],[21.25035961,60.16823503]]],[[[22.13582386,60.20328812],[22.14259785,60.20578034],[22.13210516,60.20898692],[22.1316087,60.20494794],[22.13582386,60.20328812]]],[[[21.42063992,60.17500075],[21.43781356,60.18040016],[21.42107862,60.17876776],[21.4185417,60.17617452],[21.42063992,60.17500075]]],[[[21.54528308,60.18013772],[21.555061,60.1827803],[21.54036611,60.18312742],[21.53729327,60.18057564],[21.54528308,60.18013772]]],[[[21.3743859,60.17259572],[21.37560299,60.17787982],[21.37102628,60.17532496],[21.3743859,60.17259572]]],[[[22.18183305,60.20414481],[22.18520402,60.20427389],[22.18736189,60.20935902],[22.16793923,60.20862839],[22.18183305,60.20414481]]],[[[21.63862628,60.18297878],[21.66311118,60.18562059],[21.66601008,60.19310445],[21.66137729,60.1985275],[21.61974049,60.20221333],[21.61215401,60.19972663],[21.60599506,60.20296787],[21.59880799,60.20078274],[21.61125815,60.19637182],[21.60180132,60.19334342],[21.60320081,60.19128814],[21.62059207,60.19268821],[21.6169398,60.18941055],[21.6196936,60.18682549],[21.63862628,60.18297878]]],[[[21.51376232,60.17783019],[21.52487558,60.18002068],[21.51771556,60.18259308],[21.51072206,60.17884603],[21.51376232,60.17783019]]],[[[22.37337466,60.2097043],[22.38642449,60.21386591],[22.385007,60.21705218],[22.37477434,60.21402359],[22.37145359,60.21075994],[22.37337466,60.2097043]]],[[[21.64746463,60.1807186],[21.65890074,60.18172704],[21.64477913,60.1815692],[21.64746463,60.1807186]]],[[[21.50728385,60.17488883],[21.51154688,60.18326588],[21.50917504,60.18505564],[21.49230092,60.18522048],[21.48096928,60.17982894],[21.48663773,60.17640879],[21.50728385,60.17488883]]],[[[21.35645534,60.1683445],[21.35327021,60.17068249],[21.36025418,60.17696637],[21.33986998,60.17549569],[21.35011273,60.17124293],[21.34957565,60.16893054],[21.35645534,60.1683445]]],[[[21.24457416,60.16332594],[21.24788414,60.16403046],[21.24678615,60.16683512],[21.22653426,60.16942394],[21.24457416,60.16332594]]],[[[22.30873419,60.20411197],[22.33366432,60.20729513],[22.34516576,60.21160911],[22.34853752,60.21877957],[22.36433105,60.2184212],[22.3745654,60.22868517],[22.3637293,60.22667973],[22.35461959,60.23147885],[22.32770272,60.22653278],[22.30524646,60.2144069],[22.30873419,60.20411197]]],[[[21.52471976,60.17328801],[21.53040713,60.17613279],[21.52314873,60.17713218],[21.52132751,60.17517604],[21.52471976,60.17328801]]],[[[22.46833413,60.20705575],[22.49869629,60.21541342],[22.49469214,60.22095698],[22.50737205,60.22895521],[22.50421197,60.2331893],[22.47988339,60.240574],[22.46569949,60.23718768],[22.46329987,60.22897222],[22.45540694,60.22433696],[22.45493999,60.21512268],[22.46268137,60.20795252],[22.46833413,60.20705575]]],[[[22.57523268,60.2105714],[22.59091931,60.21340951],[22.58301881,60.21646171],[22.57092047,60.21175758],[22.57523268,60.2105714]]],[[[21.26804599,60.1583387],[21.26547094,60.16327728],[21.25450246,60.16063943],[21.26804599,60.1583387]]],[[[21.51871788,60.16839809],[21.52375268,60.17012882],[21.52079469,60.17299173],[21.51655513,60.17159051],[21.51871788,60.16839809]]],[[[22.30503277,60.19596396],[22.31866028,60.20129254],[22.31321018,60.20253184],[22.31487928,60.20100972],[22.30169049,60.19686119],[22.30503277,60.19596396]]],[[[21.50566693,60.16495],[21.51256655,60.16679784],[21.50724901,60.16919413],[21.50566693,60.16495]]],[[[21.49274084,60.1636284],[21.50366381,60.1664651],[21.49711174,60.16978148],[21.49840781,60.17471841],[21.48439149,60.1758371],[21.47671691,60.16778917],[21.46857423,60.16842289],[21.46305389,60.16487795],[21.48457244,60.16608801],[21.49274084,60.1636284]]],[[[21.06582241,60.1447158],[21.06863452,60.14636986],[21.0623597,60.14843556],[21.06366519,60.15003465],[21.0523369,60.14948325],[21.06582241,60.1447158]]],[[[21.53110502,60.16456287],[21.5320988,60.16737397],[21.52174963,60.16557306],[21.53110502,60.16456287]]],[[[21.29360327,60.15391313],[21.2909401,60.1598219],[21.28645102,60.15703504],[21.29360327,60.15391313]]],[[[21.25313506,60.15193388],[21.25851031,60.15346571],[21.24673075,60.15313358],[21.25313506,60.15193388]]],[[[22.09575477,60.18581596],[22.09802733,60.19108121],[22.08004357,60.18825655],[22.09575477,60.18581596]]],[[[21.26879136,60.15138568],[21.27455093,60.1545314],[21.26448992,60.15209494],[21.26879136,60.15138568]]],[[[22.21995486,60.18814455],[22.22921903,60.19285081],[22.27529081,60.19939729],[22.28948519,60.21359245],[22.30114544,60.21491515],[22.30497102,60.2221765],[22.32719864,60.23576532],[22.32448268,60.24345998],[22.30571806,60.25645503],[22.30452771,60.2670695],[22.30792328,60.27127413],[22.29009976,60.27048849],[22.28262247,60.2663079],[22.26711931,60.26440877],[22.23578406,60.2493541],[22.22487256,60.2405309],[22.2108787,60.22083648],[22.21520313,60.21686007],[22.2004455,60.21075731],[22.19271187,60.2113552],[22.19037204,60.20469963],[22.20111368,60.20421591],[22.19589735,60.19524602],[22.20852738,60.19701554],[22.2172345,60.19272455],[22.21335984,60.18905261],[22.21995486,60.18814455]]],[[[21.47731796,60.15864524],[21.48474562,60.16394602],[21.47124253,60.16150796],[21.47731796,60.15864524]]],[[[22.25577309,60.18737227],[22.2595946,60.18809197],[22.25500923,60.19273873],[22.2415075,60.18901327],[22.25577309,60.18737227]]],[[[21.24376199,60.14706909],[21.23950099,60.15103178],[21.23124747,60.14970579],[21.24376199,60.14706909]]],[[[22.15258283,60.18295747],[22.15650362,60.18464455],[22.14406772,60.18424872],[22.15258283,60.18295747]]],[[[21.30417619,60.14902207],[21.31400598,60.15345842],[21.32103591,60.16103102],[21.31800205,60.16769049],[21.30611584,60.16940097],[21.29437375,60.16578651],[21.30109113,60.16071135],[21.29698378,60.16016854],[21.29666332,60.1527895],[21.28990798,60.1524663],[21.29123393,60.14994767],[21.30417619,60.14902207]]],[[[21.14729833,60.14103686],[21.15267838,60.14330198],[21.141123,60.14157116],[21.14729833,60.14103686]]],[[[21.32681053,60.14810362],[21.32896897,60.1513361],[21.32340673,60.15749503],[21.3179102,60.15653366],[21.3208065,60.14968431],[21.32681053,60.14810362]]],[[[21.47633814,60.15408996],[21.49123671,60.1595081],[21.469738,60.15580264],[21.47633814,60.15408996]]],[[[22.25172583,60.183773],[22.25546129,60.18435851],[22.23882356,60.18815784],[22.23511839,60.18519678],[22.25172583,60.183773]]],[[[21.31360776,60.14598081],[21.31296376,60.15081756],[21.30704308,60.14663206],[21.31360776,60.14598081]]],[[[21.06394064,60.13429295],[21.0673806,60.13560324],[21.06785343,60.14380575],[21.06080178,60.13951059],[21.06394064,60.13429295]]],[[[21.31935383,60.14411833],[21.3247292,60.14547697],[21.31660011,60.14892408],[21.31448202,60.14555648],[21.31935383,60.14411833]]],[[[21.07348972,60.13202762],[21.0870089,60.13617466],[21.08407849,60.13977826],[21.08899754,60.14527089],[21.07557008,60.147784],[21.0668737,60.13361791],[21.07348972,60.13202762]]],[[[22.07615109,60.17144328],[22.09002041,60.17392129],[22.11282377,60.18372743],[22.09343618,60.18020897],[22.09351162,60.1822819],[22.0746618,60.18531305],[22.0682316,60.18392795],[22.07615109,60.17144328]]],[[[21.49221144,60.14812874],[21.50304313,60.15779615],[21.49905193,60.15928247],[21.48285314,60.1538617],[21.49221144,60.14812874]]],[[[21.90830346,60.16100107],[21.9098476,60.16349207],[21.90213645,60.16566858],[21.9034774,60.16202556],[21.90830346,60.16100107]]],[[[22.09705604,60.16738096],[22.11287917,60.17376737],[22.13989437,60.1760185],[22.1325413,60.1813186],[22.13401167,60.18326548],[22.14755125,60.18772537],[22.14687286,60.18998779],[22.15555097,60.19400903],[22.14928836,60.19619252],[22.13069413,60.19439501],[22.12058683,60.18948391],[22.1184769,60.17958269],[22.1137279,60.18098868],[22.09351622,60.17301792],[22.09341023,60.168578],[22.09705604,60.16738096]]],[[[21.40003072,60.13946157],[21.40633239,60.1432789],[21.39694917,60.14454755],[21.39312087,60.14195478],[21.40003072,60.13946157]]],[[[21.92692463,60.16040831],[21.94726418,60.17916495],[21.93335257,60.17994993],[21.90887467,60.17049992],[21.90835871,60.16731802],[21.91323177,60.16485657],[21.91220063,60.1617517],[21.92692463,60.16040831]]],[[[21.49668786,60.14276195],[21.50664229,60.15153827],[21.49483482,60.14394151],[21.49668786,60.14276195]]],[[[21.93790652,60.15627675],[21.93714235,60.16090208],[21.93153721,60.16073177],[21.93790652,60.15627675]]],[[[21.18436481,60.12398312],[21.19346438,60.12829795],[21.18628498,60.12952023],[21.18436481,60.12398312]]],[[[22.86960975,60.18721863],[22.8754522,60.18982225],[22.86597171,60.19145623],[22.86960975,60.18721863]]],[[[22.08553273,60.15854798],[22.09719319,60.16427363],[22.08455592,60.16556073],[22.08553273,60.15854798]]],[[[22.17042323,60.16096652],[22.1852913,60.16361482],[22.17400442,60.16519821],[22.16932859,60.1630715],[22.17042323,60.16096652]]],[[[22.2207406,60.16275394],[22.2506855,60.16620686],[22.25212067,60.17087002],[22.26628793,60.17597159],[22.25465893,60.17917827],[22.24371101,60.17784612],[22.24387092,60.1744549],[22.22490684,60.17972328],[22.20198972,60.17756151],[22.20506306,60.17200015],[22.17435803,60.16758116],[22.2207406,60.16275394]]],[[[21.92086894,60.15148683],[21.92465092,60.15584265],[21.91588507,60.15864944],[21.92042716,60.15673391],[21.91757901,60.15456997],[21.92086894,60.15148683]]],[[[21.14073195,60.11849903],[21.14401307,60.11915697],[21.13745484,60.12296388],[21.14073195,60.11849903]]],[[[22.1980945,60.16040163],[22.20250489,60.1630399],[22.19900441,60.16473284],[22.1879067,60.1610494],[22.1980945,60.16040163]]],[[[22.15022939,60.15853848],[22.15647086,60.16678611],[22.15061638,60.16652237],[22.14441994,60.16054543],[22.15022939,60.15853848]]],[[[21.46954604,60.13130653],[21.4778192,60.13495368],[21.48268727,60.1428935],[21.47091007,60.14706837],[21.46876157,60.14488234],[21.47234557,60.14298228],[21.46253658,60.14529417],[21.44680026,60.13872171],[21.45020216,60.13693016],[21.45532865,60.14070228],[21.4581887,60.1395019],[21.45503812,60.13415774],[21.46954604,60.13130653]]],[[[22.26857741,60.16207427],[22.28229924,60.16996719],[22.2705299,60.17036226],[22.2667337,60.16679796],[22.26857741,60.16207427]]],[[[22.07531843,60.15260616],[22.09207295,60.15396032],[22.09362174,60.15697062],[22.07293188,60.15390642],[22.07531843,60.15260616]]],[[[22.26006193,60.15890007],[22.26559701,60.1614015],[22.25920948,60.16284625],[22.26006193,60.15890007]]],[[[22.06228384,60.15091991],[22.06819063,60.15324261],[22.06216361,60.15532403],[22.0585659,60.15216917],[22.06228384,60.15091991]]],[[[22.03834734,60.14900924],[22.04291713,60.15062862],[22.03328027,60.15032517],[22.03834734,60.14900924]]],[[[21.98271688,60.14665013],[21.98699091,60.14902357],[21.98625097,60.1530073],[21.99000138,60.15374426],[21.97847417,60.16344943],[21.97925942,60.16622031],[21.99794424,60.16511367],[21.99852902,60.16142606],[21.99366335,60.16100657],[21.99124499,60.156678],[21.9949899,60.1546391],[21.99184674,60.15304646],[22.00127806,60.14773101],[22.0258737,60.14927734],[22.03764304,60.15573293],[22.05739795,60.15784817],[22.04290325,60.1636859],[22.06827057,60.16506773],[22.06495337,60.17006996],[22.06818098,60.17750874],[22.03775149,60.18836436],[22.07607534,60.18872298],[22.08660085,60.19511793],[22.1050851,60.19842887],[22.10744131,60.20113212],[22.10218324,60.20715125],[22.10391349,60.2111721],[22.09618672,60.21419458],[22.08615154,60.2075262],[22.08406844,60.20862482],[22.09315044,60.21646592],[22.09448172,60.22211126],[22.07735758,60.22160808],[22.07287657,60.21857334],[22.0490537,60.21694055],[22.04285122,60.20807029],[22.01914804,60.19750629],[22.01046132,60.20222442],[21.97205379,60.19857342],[21.95505673,60.19256612],[21.9592206,60.19054049],[21.95411973,60.18542652],[21.96135307,60.17980932],[21.96060169,60.17638688],[21.95137466,60.17609178],[21.94115329,60.17161355],[21.93830228,60.16719723],[21.9556535,60.16092255],[21.96165841,60.16248649],[21.96102242,60.1570179],[21.96724921,60.15137548],[21.97289528,60.1500769],[21.97607237,60.15544012],[21.9801125,60.1551423],[21.98159078,60.15252312],[21.97777797,60.1481394],[21.98271688,60.14665013]]],[[[22.34757644,60.15867091],[22.35588827,60.16471757],[22.33996722,60.16016414],[22.34757644,60.15867091]]],[[[22.14706373,60.15078569],[22.15481707,60.15707146],[22.14466217,60.15736866],[22.14706373,60.15078569]]],[[[22.19825518,60.14999296],[22.21254254,60.15240318],[22.22200341,60.15780511],[22.20313275,60.1545074],[22.19825518,60.14999296]]],[[[21.93913891,60.13942393],[21.96292718,60.14361104],[21.95104651,60.1493324],[21.93264056,60.14204695],[21.93913891,60.13942393]]],[[[21.46459766,60.12028873],[21.48506237,60.12384119],[21.50581068,60.13724534],[21.49709408,60.14079033],[21.48907712,60.13993019],[21.46459766,60.12028873]]],[[[21.92194091,60.13844671],[21.93017106,60.13893456],[21.9240729,60.14260388],[21.92890408,60.14647802],[21.91878336,60.14484581],[21.91860062,60.13871812],[21.92194091,60.13844671]]],[[[22.02961807,60.14236353],[22.04394297,60.14550624],[22.02598434,60.14627073],[22.02961807,60.14236353]]],[[[22.35472573,60.15357019],[22.35944719,60.1537889],[22.36545689,60.15944394],[22.35443244,60.15887856],[22.35233214,60.15483202],[22.35472573,60.15357019]]],[[[22.34700847,60.15328442],[22.34794481,60.15803296],[22.34305843,60.1539729],[22.34700847,60.15328442]]],[[[22.18995453,60.14741879],[22.19429245,60.15013496],[22.18900418,60.15049175],[22.18747008,60.14847991],[22.18995453,60.14741879]]],[[[22.23318498,60.148858],[22.2411689,60.15355158],[22.23014329,60.15075804],[22.23318498,60.148858]]],[[[21.5026584,60.12012695],[21.5128691,60.12315792],[21.49862331,60.12108402],[21.5026584,60.12012695]]],[[[21.85691741,60.13237677],[21.87005291,60.14170293],[21.89915878,60.15188725],[21.90323932,60.14803543],[21.91298135,60.14751783],[21.91858319,60.1505741],[21.90845408,60.15705858],[21.87929381,60.15716322],[21.87953365,60.15960354],[21.88693151,60.16152335],[21.89141753,60.15883328],[21.90033084,60.16229649],[21.89494175,60.16808503],[21.87900931,60.16697247],[21.87649955,60.16248184],[21.88005025,60.15990185],[21.86348979,60.15988368],[21.83305582,60.1417475],[21.83487113,60.13378792],[21.85691741,60.13237677]]],[[[22.15179404,60.14319761],[22.18996308,60.15427267],[22.17285357,60.15456027],[22.16161075,60.14867293],[22.15121287,60.14915368],[22.14837322,60.1476656],[22.15179404,60.14319761]]],[[[21.88515562,60.13297027],[21.9054112,60.14382602],[21.88701379,60.14395865],[21.86259212,60.1345619],[21.88515562,60.13297027]]],[[[22.24053387,60.14466572],[22.24323232,60.14549067],[22.24201049,60.14888834],[22.23586326,60.14503322],[22.24053387,60.14466572]]],[[[22.41334163,60.15045224],[22.41645784,60.15262738],[22.41056555,60.15568946],[22.40482666,60.15397506],[22.41334163,60.15045224]]],[[[22.09401578,60.13895384],[22.10198663,60.14500738],[22.07719846,60.14584732],[22.08140866,60.14364535],[22.08085846,60.14056971],[22.09401578,60.13895384]]],[[[21.77977304,60.12563615],[21.78554567,60.12776837],[21.77204035,60.1301258],[21.77977304,60.12563615]]],[[[22.29051402,60.14408435],[22.30287279,60.14835001],[22.31278605,60.14588121],[22.32323268,60.14892376],[22.33759696,60.147951],[22.33929487,60.15340193],[22.3364877,60.15490914],[22.33967324,60.16370559],[22.32707372,60.15982696],[22.30323981,60.15999056],[22.34705633,60.17096609],[22.36595143,60.1713272],[22.3714546,60.17676111],[22.36951543,60.17981417],[22.38139401,60.18593812],[22.37633869,60.19382589],[22.39062801,60.20388448],[22.39029817,60.20910627],[22.35669944,60.20505555],[22.35150532,60.20092156],[22.32787213,60.20287402],[22.32518087,60.20128851],[22.32683767,60.19970424],[22.33533811,60.19897544],[22.32055711,60.19113764],[22.31140198,60.19309562],[22.30230299,60.18486116],[22.2956561,60.18326042],[22.29584021,60.17518709],[22.3039364,60.17460019],[22.2898753,60.16881522],[22.28906397,60.16440218],[22.29808269,60.15913587],[22.29182449,60.15780943],[22.29260006,60.15545753],[22.30264175,60.15217675],[22.28921363,60.15156149],[22.28410052,60.14831602],[22.29051402,60.14408435]]],[[[22.52445061,60.15206865],[22.52592665,60.15397986],[22.51703773,60.15491084],[22.51681258,60.15273292],[22.52445061,60.15206865]]],[[[21.77329491,60.12434399],[21.77612455,60.12535904],[21.76095853,60.13018139],[21.79002533,60.12923232],[21.80201663,60.13257788],[21.81680068,60.14329927],[21.8163845,60.14758919],[21.8107247,60.15257248],[21.81330545,60.15422235],[21.82682599,60.14975391],[21.83599952,60.15635403],[21.76447336,60.15457423],[21.76023923,60.15683887],[21.79509797,60.15916238],[21.80430419,60.15706486],[21.82565025,60.16232543],[21.83424931,60.16221364],[21.83711579,60.15882652],[21.84918922,60.15947892],[21.85906716,60.16572546],[21.85483057,60.16616876],[21.85418972,60.17136096],[21.8699213,60.16919824],[21.89605542,60.17180359],[21.90969446,60.17886177],[21.89307535,60.18254077],[21.8653332,60.17963514],[21.86491054,60.18398878],[21.87314771,60.18879969],[21.88624028,60.18483195],[21.92883795,60.1808359],[21.94744203,60.19161657],[21.91144023,60.19413862],[21.91081644,60.19813813],[21.89119677,60.20622811],[21.88486676,60.2044043],[21.83967929,60.20914315],[21.8616338,60.21255019],[21.87270933,60.21092632],[21.87683959,60.2072414],[21.89257013,60.21174812],[21.88481563,60.21241106],[21.88211529,60.21629383],[21.89156071,60.21817549],[21.88977898,60.21980877],[21.86688601,60.22168827],[21.84633123,60.21951789],[21.84563444,60.21733172],[21.85391727,60.21530915],[21.84527578,60.2140636],[21.83304947,60.21765237],[21.83039285,60.21676021],[21.83207242,60.21446095],[21.82513322,60.21354135],[21.78049167,60.21506826],[21.77149626,60.21282316],[21.77628619,60.20806574],[21.7741742,60.20368307],[21.77836354,60.20202607],[21.77335899,60.20043407],[21.76383265,60.20958088],[21.75401137,60.21080672],[21.72676643,60.20003209],[21.72537985,60.19160287],[21.72876563,60.18911795],[21.72008587,60.18290643],[21.72124001,60.17771656],[21.7108684,60.17536106],[21.72075566,60.17165193],[21.74154042,60.17381702],[21.74925736,60.16853245],[21.73918484,60.1659403],[21.72607952,60.16876135],[21.71593827,60.16286508],[21.70561189,60.16415354],[21.71338939,60.1573217],[21.71783833,60.14592853],[21.70432804,60.14360243],[21.70185244,60.13834195],[21.70747319,60.13599395],[21.69095119,60.13425084],[21.72439627,60.12800938],[21.77329491,60.12434399]]],[[[22.12710253,60.13773596],[22.13762099,60.14621545],[22.13260343,60.1585827],[22.11116554,60.1560154],[22.11336305,60.14866739],[22.10444856,60.14502144],[22.10430513,60.14093218],[22.11312656,60.13762177],[22.12710253,60.13773596]]],[[[21.9989558,60.13247153],[22.01525968,60.13387608],[22.02976752,60.13973741],[22.0213485,60.14517839],[22.00444989,60.14574961],[21.9843249,60.14320775],[21.97663263,60.13773315],[21.97691841,60.13535256],[21.9989558,60.13247153]]],[[[22.03539575,60.13328349],[22.04405458,60.13376278],[22.04682096,60.13816585],[22.03553436,60.13918777],[22.03189534,60.13630774],[22.03539575,60.13328349]]],[[[21.88962072,60.12768112],[21.9125167,60.13015742],[21.91284998,60.13433068],[21.90371707,60.13660874],[21.90463567,60.13120997],[21.89023083,60.13115756],[21.88496584,60.12819389],[21.88962072,60.12768112]]],[[[22.45322457,60.14704944],[22.4584357,60.14892199],[22.44865195,60.14953996],[22.45322457,60.14704944]]],[[[21.7920052,60.1225924],[21.80323501,60.12878956],[21.8111429,60.12500402],[21.81679634,60.13094222],[21.80326069,60.13222102],[21.78663201,60.12658678],[21.7920052,60.1225924]]],[[[22.48506673,60.14679812],[22.48874593,60.14801808],[22.48780578,60.15071335],[22.49565699,60.15154179],[22.49538819,60.15604129],[22.48091977,60.1543651],[22.47497236,60.14977836],[22.48506673,60.14679812]]],[[[21.72279962,60.118386],[21.72795531,60.12127775],[21.70042167,60.12769684],[21.69097097,60.1227397],[21.72279962,60.118386]]],[[[21.40628025,60.10371035],[21.41177766,60.111405],[21.4038517,60.11052045],[21.40153783,60.10702495],[21.40628025,60.10371035]]],[[[21.8103927,60.11999673],[21.81264424,60.12341137],[21.80476677,60.12687724],[21.80010271,60.12303696],[21.8103927,60.11999673]]],[[[22.10317206,60.13063596],[22.10443292,60.1324549],[22.09661317,60.13731249],[22.07341369,60.13509568],[22.08412081,60.13236801],[22.09568896,60.13400853],[22.10317206,60.13063596]]],[[[22.38709695,60.140717],[22.38367816,60.14619014],[22.37511509,60.14291814],[22.38709695,60.140717]]],[[[21.78603622,60.11773976],[21.7773546,60.1212679],[21.78603622,60.11773976]]],[[[21.59366232,60.1093471],[21.60508157,60.1135498],[21.60987339,60.11113051],[21.64730315,60.11227624],[21.64835876,60.11480346],[21.66859269,60.11861979],[21.66985715,60.12053718],[21.66409196,60.12652806],[21.66723519,60.12887412],[21.66100443,60.13840129],[21.64350199,60.14677077],[21.6544885,60.14929135],[21.66681143,60.1467177],[21.69014809,60.15582889],[21.69178104,60.16462896],[21.68819649,60.1695472],[21.69038702,60.17775876],[21.6467552,60.17804849],[21.61049107,60.18661278],[21.57932242,60.18642205],[21.56138179,60.18047703],[21.56451647,60.17825898],[21.55777145,60.17576922],[21.55810356,60.17273638],[21.54534684,60.17181509],[21.54364452,60.16766709],[21.53409272,60.16615301],[21.5405217,60.16180678],[21.51247109,60.15554208],[21.51418695,60.15398523],[21.50546845,60.14347023],[21.51177242,60.13958153],[21.52331944,60.14027177],[21.50640679,60.13559606],[21.49888352,60.12655439],[21.51941453,60.1274267],[21.51428916,60.12348144],[21.51947251,60.1174001],[21.5143306,60.11617729],[21.51639781,60.11154436],[21.52157636,60.11039112],[21.52560423,60.11524247],[21.53652783,60.11602394],[21.53046993,60.11094021],[21.57151276,60.10899415],[21.57350896,60.10955648],[21.5707961,60.1120123],[21.57611857,60.11418635],[21.58537874,60.10949826],[21.59366232,60.1093471]]],[[[21.49791174,60.10439219],[21.51742169,60.10943253],[21.4909352,60.11722412],[21.48971395,60.12110252],[21.48294997,60.11882187],[21.48099184,60.11463199],[21.46205327,60.11230806],[21.46230081,60.10852225],[21.47038468,60.10525637],[21.4830401,60.10927637],[21.49791174,60.10439219]]],[[[22.21969242,60.13197342],[22.23321377,60.13677461],[22.23647411,60.13334995],[22.24612827,60.1346282],[22.24354118,60.13739369],[22.24547168,60.1425055],[22.22062919,60.139569],[22.21071231,60.13504074],[22.21969242,60.13197342]]],[[[22.25994677,60.13218682],[22.27816424,60.13801209],[22.28473955,60.15687628],[22.28109567,60.15721754],[22.28124974,60.16306267],[22.27597514,60.16267316],[22.27471249,60.15891468],[22.25736608,60.15704077],[22.25707762,60.15337922],[22.25004226,60.14835604],[22.25147698,60.14106338],[22.24676756,60.13826123],[22.25769405,60.13582617],[22.25583357,60.13247376],[22.25994677,60.13218682]]],[[[21.7674809,60.11246376],[21.78776504,60.1153567],[21.76169035,60.12011453],[21.75135588,60.11791083],[21.75731098,60.11347208],[21.7674809,60.11246376]]],[[[21.84924697,60.11404713],[21.84936039,60.11872125],[21.8621752,60.12318311],[21.86937296,60.12390269],[21.86874333,60.1195378],[21.88244586,60.12110725],[21.89285337,60.11596475],[21.90234388,60.12232244],[21.89605012,60.12572997],[21.88444283,60.12435068],[21.86741504,60.12964676],[21.86268886,60.12655078],[21.83054553,60.1338869],[21.82450075,60.13367916],[21.81685745,60.12447864],[21.81837165,60.12171104],[21.82844841,60.12284503],[21.82956545,60.11795841],[21.84924697,60.11404713]]],[[[21.64049166,60.10530451],[21.65487019,60.10888678],[21.62267655,60.11043667],[21.59759537,60.10666194],[21.64049166,60.10530451]]],[[[21.87608161,60.11458855],[21.8795583,60.11759809],[21.87056586,60.11565768],[21.87608161,60.11458855]]],[[[21.80223658,60.11051746],[21.8058277,60.11333054],[21.79686112,60.11330213],[21.80223658,60.11051746]]],[[[21.31201799,60.09009892],[21.31859334,60.09483033],[21.3069406,60.09305443],[21.31201799,60.09009892]]],[[[21.6765842,60.10493725],[21.68559282,60.11039456],[21.67497098,60.11098095],[21.67218863,60.10804184],[21.6765842,60.10493725]]],[[[21.92559329,60.11455331],[21.92840204,60.11826062],[21.92566106,60.12154365],[21.91615523,60.12454149],[21.90547083,60.11828046],[21.92559329,60.11455331]]],[[[22.17954902,60.12391022],[22.18248359,60.12530197],[22.18022878,60.13061198],[22.19259627,60.13115802],[22.19699974,60.1342236],[22.17138373,60.12961778],[22.17954902,60.12391022]]],[[[22.29488648,60.12703454],[22.29779714,60.12847887],[22.29432231,60.13164814],[22.29566861,60.13815239],[22.2914334,60.13629756],[22.29119609,60.1322863],[22.28535773,60.13125255],[22.29488648,60.12703454]]],[[[22.36308446,60.12907954],[22.37098808,60.12961926],[22.37424709,60.13394981],[22.36245336,60.13186845],[22.36308446,60.12907954]]],[[[22.31290965,60.12722513],[22.31929092,60.12786917],[22.31932505,60.13027014],[22.31286259,60.13579809],[22.31963453,60.13492325],[22.32684918,60.13787075],[22.32824455,60.14207804],[22.33706249,60.14229991],[22.33810332,60.144982],[22.30035844,60.14194015],[22.30040526,60.13221055],[22.31290965,60.12722513]]],[[[22.38758194,60.12933319],[22.39954756,60.13175313],[22.41000875,60.13821856],[22.38343291,60.13112635],[22.38758194,60.12933319]]],[[[22.41872708,60.13012949],[22.42548815,60.13856752],[22.41875239,60.13930886],[22.40644233,60.13335184],[22.41872708,60.13012949]]],[[[21.73017253,60.1039438],[21.73405351,60.10776696],[21.75304743,60.1082723],[21.75527425,60.1100624],[21.75278329,60.11230202],[21.74071783,60.11335144],[21.75130548,60.11937931],[21.7412938,60.12133544],[21.72390818,60.11286329],[21.70783776,60.11225448],[21.71435628,60.10890677],[21.71320468,60.10478267],[21.73017253,60.1039438]]],[[[21.32963721,60.08702977],[21.33415092,60.0884411],[21.33458202,60.0927998],[21.32544153,60.09316017],[21.32657052,60.08742635],[21.32963721,60.08702977]]],[[[21.5950633,60.09801012],[21.60079294,60.09849262],[21.59228391,60.10237438],[21.5950633,60.09801012]]],[[[22.32675763,60.12435365],[22.32974791,60.12569243],[22.3206109,60.12863604],[22.31771915,60.12639651],[22.32675763,60.12435365]]],[[[21.61457273,60.0971948],[21.61611678,60.10390351],[21.60422779,60.10073448],[21.61457273,60.0971948]]],[[[22.0450542,60.11393431],[22.05339593,60.11644296],[22.0458311,60.11889697],[22.03940834,60.11535011],[22.0450542,60.11393431]]],[[[22.24885259,60.12093512],[22.25988572,60.1257427],[22.25976737,60.12910735],[22.24966211,60.1250737],[22.24885259,60.12093512]]],[[[21.97439609,60.11013681],[22.01451214,60.11624662],[22.01926758,60.12078888],[21.98867296,60.12995276],[21.9692993,60.12987853],[21.97351135,60.13413118],[21.97245052,60.14029468],[21.92391843,60.12961213],[21.92015766,60.12515772],[21.93911162,60.12143019],[21.94251742,60.11871649],[21.93996666,60.11549492],[21.97439609,60.11013681]]],[[[21.77459496,60.10151286],[21.77800415,60.10772871],[21.76153399,60.10691747],[21.76373923,60.10234534],[21.77459496,60.10151286]]],[[[22.41911602,60.12493531],[22.41905653,60.12763628],[22.41230259,60.13000543],[22.39909439,60.13123871],[22.39481646,60.12796554],[22.40203546,60.12910041],[22.41911602,60.12493531]]],[[[21.81035623,60.10150056],[21.81239399,60.10183371],[21.81037525,60.10920154],[21.79626976,60.10559635],[21.81035623,60.10150056]]],[[[21.52856218,60.08942656],[21.54846095,60.0965724],[21.54886,60.10065536],[21.54352312,60.10160945],[21.5307908,60.09668836],[21.52508938,60.0917197],[21.52856218,60.08942656]]],[[[21.74867201,60.09826763],[21.75931034,60.09958726],[21.75522101,60.10328117],[21.74617969,60.10409409],[21.71956012,60.10181498],[21.74867201,60.09826763]]],[[[21.46641025,60.08628095],[21.46440482,60.09133298],[21.45977936,60.08971027],[21.46641025,60.08628095]]],[[[21.55806903,60.08911572],[21.57292004,60.09124521],[21.58118209,60.09747442],[21.57531272,60.09957956],[21.55994631,60.09623989],[21.5551962,60.09252144],[21.5545633,60.08975159],[21.55806903,60.08911572]]],[[[21.55035985,60.08805001],[21.55335776,60.08947956],[21.5443539,60.0904841],[21.55035985,60.08805001]]],[[[21.68226077,60.09263747],[21.69117467,60.10299327],[21.67005849,60.10369777],[21.6626349,60.10806488],[21.62367415,60.10212223],[21.63184007,60.09653187],[21.64708812,60.09990886],[21.65397151,60.09569409],[21.68226077,60.09263747]]],[[[22.40697472,60.11957358],[22.41379383,60.12358573],[22.40113135,60.12357661],[22.40697472,60.11957358]]],[[[21.88963747,60.09939951],[21.89656856,60.10384379],[21.88828744,60.10423001],[21.88676726,60.10194652],[21.88963747,60.09939951]]],[[[22.42636817,60.11769773],[22.43766756,60.11935389],[22.43167821,60.12286333],[22.42293003,60.11987836],[22.42636817,60.11769773]]],[[[21.88592463,60.09785744],[21.88284857,60.10209287],[21.86313383,60.10199486],[21.88592463,60.09785744]]],[[[21.79506078,60.09391111],[21.8027389,60.09772008],[21.78540654,60.10307428],[21.77933426,60.09917548],[21.78637993,60.09440112],[21.79506078,60.09391111]]],[[[21.62243279,60.08697105],[21.62460853,60.08834954],[21.5897792,60.09047044],[21.59875817,60.08696063],[21.62243279,60.08697105]]],[[[21.64973547,60.08764017],[21.6554814,60.08898938],[21.65153553,60.0944408],[21.63361451,60.09252046],[21.64973547,60.08764017]]],[[[21.75412459,60.09100278],[21.76304676,60.09432289],[21.75206354,60.09405581],[21.75412459,60.09100278]]],[[[22.41413819,60.11541835],[22.41527285,60.11877187],[22.40568158,60.1161197],[22.41413819,60.11541835]]],[[[22.11569237,60.1043642],[22.12136748,60.10666373],[22.10798721,60.10578955],[22.11569237,60.1043642]]],[[[21.53689067,60.08120745],[21.54430549,60.08440947],[21.53355294,60.08631794],[21.53615229,60.08362219],[21.53269145,60.08275143],[21.53689067,60.08120745]]],[[[21.24147259,60.06845936],[21.25536771,60.07409324],[21.26146012,60.08057754],[21.25448478,60.08108939],[21.24497131,60.07138801],[21.2386688,60.06916784],[21.24147259,60.06845936]]],[[[22.88862673,60.13001259],[22.89231253,60.13147794],[22.88921964,60.13473523],[22.88382203,60.13331457],[22.88862673,60.13001259]]],[[[21.33251827,60.07075643],[21.34338345,60.07705121],[21.33391723,60.0800149],[21.31843798,60.0773239],[21.32070422,60.07678115],[21.31854765,60.07274794],[21.33251827,60.07075643]]],[[[21.57381412,60.08051466],[21.58028291,60.08231173],[21.56473574,60.0842452],[21.57381412,60.08051466]]],[[[22.39026768,60.11151609],[22.39976938,60.11464887],[22.39562171,60.11707812],[22.39748972,60.11945327],[22.39063509,60.12262292],[22.39052742,60.1266554],[22.37311611,60.12325923],[22.38453784,60.11802243],[22.38396411,60.1130676],[22.39026768,60.11151609]]],[[[21.65097832,60.08355788],[21.642306,60.08778237],[21.62843848,60.08774578],[21.65097832,60.08355788]]],[[[22.17537156,60.10318179],[22.17900017,60.10555952],[22.1696057,60.10430577],[22.17537156,60.10318179]]],[[[22.37555845,60.11023901],[22.38270467,60.11278089],[22.37668061,60.11376769],[22.37972141,60.11714831],[22.37441196,60.11910852],[22.37507454,60.11388565],[22.37173236,60.11322389],[22.37555845,60.11023901]]],[[[21.68009874,60.08399468],[21.68383662,60.08924101],[21.66499581,60.09009008],[21.68009874,60.08399468]]],[[[21.34793246,60.06939478],[21.35814608,60.07371334],[21.34611774,60.07451091],[21.34793246,60.06939478]]],[[[21.66270738,60.0819844],[21.66621618,60.08839565],[21.66153941,60.08937673],[21.65286372,60.08480775],[21.66270738,60.0819844]]],[[[21.37172205,60.06931012],[21.3797021,60.07639873],[21.36490014,60.08091116],[21.35505645,60.07784913],[21.36535952,60.07504149],[21.36666875,60.07063838],[21.37172205,60.06931012]]],[[[21.87141705,60.08931687],[21.87146432,60.09223307],[21.86353471,60.0899093],[21.87141705,60.08931687]]],[[[22.87507515,60.12427407],[22.8774636,60.12610954],[22.87071611,60.12652135],[22.87047666,60.12438275],[22.87507515,60.12427407]]],[[[22.04957206,60.09424205],[22.05228889,60.09502862],[22.05064243,60.09814338],[22.04246072,60.09847453],[22.04957206,60.09424205]]],[[[22.16287604,60.09830606],[22.17128871,60.10102106],[22.15415283,60.10213736],[22.16287604,60.09830606]]],[[[22.31103551,60.10087513],[22.31818351,60.10695567],[22.31147179,60.10860952],[22.30859526,60.10378246],[22.31103551,60.10087513]]],[[[21.90554312,60.08523097],[21.90903271,60.0868825],[21.90288477,60.09002708],[21.90245271,60.08612781],[21.90554312,60.08523097]]],[[[21.81806229,60.08175499],[21.81946312,60.08497743],[21.81225151,60.0865713],[21.81806229,60.08175499]]],[[[22.0716795,60.09137611],[22.07281611,60.09445482],[22.067257,60.09694204],[22.06368261,60.09277885],[22.0716795,60.09137611]]],[[[22.08476973,60.09019729],[22.08821827,60.09298373],[22.08133191,60.09503366],[22.08312407,60.09794418],[22.07495533,60.0962042],[22.08476973,60.09019729]]],[[[21.98035588,60.08603996],[21.98043332,60.0886766],[21.96792516,60.09096918],[21.95567091,60.08938048],[21.98035588,60.08603996]]],[[[21.93480264,60.08287856],[21.93637975,60.08502263],[21.93130394,60.08738132],[21.92733732,60.0858538],[21.93480264,60.08287856]]],[[[22.13889961,60.08912913],[22.14134658,60.09210254],[22.1286747,60.09192103],[22.13889961,60.08912913]]],[[[22.06615946,60.08495241],[22.06626187,60.08740257],[22.05874411,60.08705193],[22.06615946,60.08495241]]],[[[21.98176828,60.08092651],[21.98002472,60.08372043],[21.96508633,60.08350286],[21.98176828,60.08092651]]],[[[21.55364222,60.06355345],[21.53864171,60.06924269],[21.53502806,60.06963157],[21.53393364,60.06578893],[21.55364222,60.06355345]]],[[[22.0866593,60.08421426],[22.09479808,60.08699393],[22.0716871,60.08783155],[22.07423407,60.08496603],[22.0866593,60.08421426]]],[[[21.58342947,60.06325615],[21.59114004,60.0668949],[21.58181308,60.06541565],[21.58342947,60.06325615]]],[[[22.01466748,60.07993662],[22.02828623,60.08105374],[22.00834748,60.08368435],[22.01466748,60.07993662]]],[[[22.15065536,60.08331152],[22.15627029,60.08487686],[22.15373686,60.08681729],[22.14540084,60.08431543],[22.15065536,60.08331152]]],[[[22.97860348,60.1085405],[22.99078384,60.1096466],[23.00947892,60.11782465],[23.01625619,60.12522673],[22.99762582,60.12959218],[22.96674741,60.12345418],[22.98136807,60.11804462],[22.9709831,60.10966483],[22.97860348,60.1085405]]],[[[21.88197434,60.07053209],[21.88780844,60.07170769],[21.87227339,60.0734408],[21.88197434,60.07053209]]],[[[21.55119049,60.05712195],[21.55887278,60.05860292],[21.54620098,60.05892247],[21.55119049,60.05712195]]],[[[22.04121037,60.07548314],[22.03093882,60.07949156],[22.04121037,60.07548314]]],[[[21.23749903,60.04206109],[21.2446,60.04506766],[21.23503861,60.0440851],[21.23749903,60.04206109]]],[[[21.36431245,60.04746828],[21.36100974,60.05272877],[21.35166528,60.05103823],[21.36431245,60.04746828]]],[[[21.60427257,60.05692575],[21.61061021,60.05959876],[21.59724874,60.05763734],[21.60427257,60.05692575]]],[[[22.99487804,60.10085849],[23.00867259,60.10597726],[23.0106065,60.11011057],[22.99360566,60.10754827],[22.98986443,60.10124963],[22.99487804,60.10085849]]],[[[21.96710375,60.06562183],[21.96952446,60.06602577],[21.96909969,60.07025568],[21.96049798,60.06801553],[21.96710375,60.06562183]]],[[[21.55592817,60.04913851],[21.55746669,60.05264267],[21.54460182,60.05218954],[21.55592817,60.04913851]]],[[[21.4319889,60.0438869],[21.42822525,60.04741637],[21.42336388,60.04607987],[21.4319889,60.0438869]]],[[[21.57807057,60.04859519],[21.58241236,60.05003436],[21.57476636,60.05254408],[21.57069481,60.05019222],[21.57807057,60.04859519]]],[[[22.04811378,60.0660889],[22.04858017,60.06885191],[22.03574783,60.07372747],[22.04811378,60.0660889]]],[[[22.05690422,60.06446002],[22.06043978,60.06695489],[22.05970178,60.07030081],[22.04909858,60.07209712],[22.04841902,60.06950433],[22.05690422,60.06446002]]],[[[22.01644363,60.06135185],[22.01941318,60.06431254],[22.01617992,60.06801534],[22.01483208,60.06492871],[22.00741238,60.06499613],[22.01644363,60.06135185]]],[[[21.52164428,60.03845456],[21.5285307,60.04139725],[21.52103082,60.04204689],[21.52164428,60.03845456]]],[[[21.80174486,60.04938843],[21.8040354,60.05085688],[21.80019965,60.05743412],[21.78552122,60.05239362],[21.80174486,60.04938843]]],[[[22.08748646,60.05997583],[22.09058539,60.06133725],[22.08087896,60.06400029],[22.07537002,60.06181306],[22.08748646,60.05997583]]],[[[21.54296809,60.03806771],[21.54488261,60.03876464],[21.53960069,60.04192987],[21.53087643,60.04184009],[21.54296809,60.03806771]]],[[[22.06237633,60.05757836],[22.06239481,60.06294503],[22.05946433,60.06354926],[22.05103697,60.05917725],[22.06237633,60.05757836]]],[[[21.82427904,60.04844761],[21.82777505,60.05039577],[21.82265497,60.05289861],[21.81231158,60.0500065],[21.82427904,60.04844761]]],[[[21.49791734,60.03502906],[21.49982339,60.0420326],[21.50480786,60.04595172],[21.48551845,60.04194714],[21.49208489,60.04088498],[21.49325469,60.03546256],[21.49791734,60.03502906]]],[[[22.00649667,60.05488035],[22.01285389,60.05915931],[22.00792071,60.06074402],[22.00649667,60.05488035]]],[[[21.5822318,60.0363651],[21.58736267,60.03895587],[21.57626031,60.04148356],[21.5822318,60.0363651]]],[[[23.05645225,60.08861231],[23.14864972,60.10044067],[23.19749473,60.12291356],[23.1957817,60.13416571],[23.23298732,60.13992108],[23.27150195,60.15428762],[23.27754039,60.17265137],[23.30591071,60.18866013],[23.32587565,60.18853736],[23.31595517,60.17158452],[23.36293753,60.14989881],[23.37917566,60.16704583],[23.41537195,60.16520001],[23.47018714,60.17260658],[23.55361573,60.20220456],[23.58746712,60.19954534],[23.60799624,60.19140675],[23.64896368,60.20156521],[23.64752541,60.21110934],[23.6372409,60.21926722],[23.63346122,60.23472552],[23.61051131,60.24968632],[23.58632158,60.2588405],[23.59892194,60.26638972],[23.61319434,60.26079287],[23.62717141,60.26052322],[23.62947818,60.28266824],[23.67398676,60.30307606],[23.68977703,60.29368835],[23.72779256,60.30773452],[23.72888025,60.32899284],[23.73530793,60.33792036],[23.73395598,60.35570291],[23.72261128,60.35995709],[23.72317245,60.36875589],[23.74166338,60.37000239],[23.77616166,60.38790376],[23.78155574,60.3854678],[23.79048728,60.38782525],[23.78440121,60.40482658],[23.79360767,60.42883007],[23.7841404,60.45018604],[23.69223023,60.44990121],[23.71516589,60.46483852],[23.70943058,60.47283424],[23.73748611,60.49036948],[23.82302541,60.49463561],[23.8376278,60.49128118],[23.87184984,60.50793434],[23.86457656,60.52149496],[23.85154498,60.53059777],[23.86537432,60.53589868],[23.8644607,60.53874368],[23.84449248,60.55642349],[23.88749799,60.55850713],[23.88907023,60.57410434],[23.90826984,60.58686913],[23.92054909,60.60608735],[23.86640545,60.61863979],[23.90050681,60.64975687],[23.88671029,60.6496532],[23.87240651,60.65382865],[23.86542192,60.65145827],[23.81418591,60.65607893],[23.74791348,60.65325662],[23.7138347,60.66379156],[23.68414733,60.6572413],[23.67289323,60.67073011],[23.68155737,60.68322786],[23.62592006,60.69379707],[23.57588495,60.69431652],[23.53924815,60.70432261],[23.5294505,60.71838978],[23.50032681,60.72744489],[23.50213692,60.74398928],[23.45437599,60.74872387],[23.40862398,60.73977383],[23.33349773,60.71794026],[23.27909697,60.72610187],[23.27727888,60.71107542],[23.25487792,60.72809566],[23.18142908,60.75825432],[23.15461535,60.77416826],[23.19486873,60.81341449],[23.23006968,60.8254068],[23.22129526,60.82959688],[23.14258185,60.83750298],[23.13744825,60.84077106],[23.13563812,60.88351847],[23.15524053,60.89242911],[23.2666648,60.88910952],[23.25308294,60.9194712],[23.29133912,60.9179321],[23.29392897,60.95469738],[23.25539236,60.96346724],[23.19536593,61.00121983],[23.16504759,61.00544795],[23.15809439,61.0231869],[23.14807639,61.0314113],[23.10744117,61.03389758],[23.05535575,61.03099324],[23.01628123,61.02240231],[22.95901828,61.04624361],[22.93570829,61.04479934],[22.92635583,61.05491195],[22.88905746,61.0568371],[22.882294,61.06029848],[22.86983611,61.08380258],[22.82391055,61.10143535],[22.81634194,61.07879672],[22.83686991,61.06912843],[22.83627746,61.06018475],[22.82370413,61.0420451],[22.80726957,61.04116042],[22.82488923,61.02651815],[22.82644512,61.01364594],[22.81593305,60.99340872],[22.79275251,61.00035391],[22.77978218,60.99420869],[22.70938278,60.98258689],[22.70154448,60.98693555],[22.57907907,60.99019926],[22.52246586,60.97640117],[22.58623954,60.93879031],[22.51966891,60.95111067],[22.41456966,60.93580481],[22.36456513,60.93181364],[22.31311264,60.91601449],[22.27108585,60.92204445],[22.26363192,60.92686351],[22.24128406,60.92381858],[22.18875859,60.90102528],[22.17098156,60.87717383],[22.16031363,60.87200577],[22.12846734,60.9042054],[22.01177702,60.90094937],[22.00814543,60.89743924],[21.98521433,60.90100182],[21.99675713,60.9125495],[21.94417144,60.94651905],[21.95136519,60.97693612],[21.92615403,60.9761536],[21.90296916,60.98615981],[21.88968859,60.98136482],[21.87704462,60.98277499],[21.84410988,61.00940231],[21.8049769,61.02009596],[21.82520694,61.03417543],[21.77575219,61.03411221],[21.75324836,61.02655998],[21.76602912,61.01369528],[21.73438522,61.00089142],[21.71363683,60.99903419],[21.6933146,61.00355378],[21.66559235,60.99633226],[21.65464338,60.99991656],[21.65140727,61.01736204],[21.621164,61.05178979],[21.59114071,61.02882549],[21.60700593,61.01070072],[21.56635705,61.00922243],[21.55066095,61.00480179],[21.52765764,61.00511363],[21.48020692,60.99947884],[21.47470099,61.00919687],[21.42716225,61.02740219],[21.41994109,61.04731341],[21.40937646,61.0501532],[21.40978918,61.05248077],[21.39597347,61.05988863],[21.3680176,61.07032461],[21.35582764,61.07017009],[21.34150165,61.07564581],[21.32666927,61.08261944],[21.32703052,61.08893911],[21.32398227,61.08990775],[21.32128696,61.08532319],[21.30385242,61.08826899],[21.29984656,61.08762267],[21.29681588,61.08003282],[21.30318248,61.0693361],[21.30817404,61.06761018],[21.3062374,61.05868498],[21.31501205,61.05277176],[21.34337733,61.05222874],[21.34059603,61.0491729],[21.34699827,61.04549587],[21.3369686,61.04550857],[21.3296013,61.04009489],[21.31808419,61.03740824],[21.33815221,61.02944186],[21.35094569,61.02754264],[21.35823689,61.03102964],[21.36576847,61.02792873],[21.35819414,61.0202093],[21.34974925,61.02441061],[21.33956281,61.01703457],[21.3592136,61.0137136],[21.36269298,61.00527413],[21.36041886,61.00435866],[21.36738622,60.99534063],[21.38130223,60.9870336],[21.3925648,60.98564787],[21.40838837,60.97479787],[21.40023009,60.96811971],[21.40281038,60.965789],[21.42839654,60.9603719],[21.43108847,60.95320414],[21.43770878,60.95098091],[21.44008545,60.94534407],[21.43463887,60.93895884],[21.42812804,60.93707681],[21.44618728,60.92318548],[21.44159716,60.91794626],[21.44313628,60.9151342],[21.43833654,60.91122945],[21.43225743,60.91335976],[21.42945232,60.91836391],[21.40892067,60.93191537],[21.40231283,60.92522639],[21.36638421,60.93016473],[21.38596166,60.93514778],[21.39716688,60.93188898],[21.39539614,60.93683739],[21.39963836,60.94189183],[21.38839065,60.95450785],[21.37622417,60.95016877],[21.36277941,60.9615975],[21.3516978,60.96163727],[21.34364013,60.97078801],[21.34877005,60.97386507],[21.32023922,60.98777351],[21.32088378,60.99197886],[21.31569397,60.99761619],[21.29669458,61.00536164],[21.28574792,61.00373053],[21.28114367,61.00007771],[21.28209294,60.99532592],[21.25744706,60.99206381],[21.25264688,60.98665627],[21.25626582,60.9839792],[21.25441462,60.98242975],[21.24335618,60.98122314],[21.25183621,60.97944607],[21.2504862,60.97659547],[21.2894442,60.96977511],[21.30974473,60.95992575],[21.32163588,60.95869799],[21.31753253,60.94755914],[21.29896685,60.94562022],[21.30923843,60.94229232],[21.30941639,60.93839614],[21.3196414,60.92849608],[21.30099886,60.92898559],[21.29205749,60.92690905],[21.28602255,60.92116799],[21.28945654,60.91715005],[21.31626544,60.90582055],[21.30549548,60.90527752],[21.26871699,60.92511542],[21.25330206,60.9267329],[21.24263721,60.9217794],[21.22972108,60.92278864],[21.23785236,60.92034163],[21.23290798,60.91722105],[21.21486357,60.91726954],[21.21342574,60.9156849],[21.22132748,60.91178942],[21.20647015,60.90766459],[21.22393824,60.90301542],[21.21788842,60.89846734],[21.22557562,60.89463395],[21.25464065,60.89065853],[21.23744797,60.89011442],[21.24225894,60.88830234],[21.23704348,60.8840276],[21.21742723,60.8853859],[21.21452937,60.8917876],[21.19693463,60.89320034],[21.17956231,60.88892228],[21.18451888,60.88522191],[21.19026481,60.88745159],[21.19813568,60.88496438],[21.19473352,60.88060448],[21.18235809,60.8842103],[21.1760333,60.88268287],[21.18080118,60.87863697],[21.17464656,60.87034385],[21.1782721,60.86805724],[21.19387537,60.86890647],[21.20031615,60.87487079],[21.2145254,60.87079833],[21.19335606,60.86675378],[21.19961249,60.86284573],[21.19727181,60.86189037],[21.1797108,60.86329677],[21.1833339,60.85962638],[21.19071531,60.85886036],[21.18829798,60.85744534],[21.19166247,60.85405986],[21.19858666,60.85245577],[21.20075951,60.85395102],[21.19772573,60.85737824],[21.20331123,60.85743366],[21.20425355,60.85186869],[21.20003746,60.85068246],[21.20482374,60.8463197],[21.20178945,60.84225858],[21.21403383,60.84446434],[21.23893753,60.84111251],[21.24225612,60.83963043],[21.24193089,60.83435315],[21.24615775,60.82928014],[21.25963427,60.82891057],[21.2810351,60.83408603],[21.28080407,60.82700513],[21.29215833,60.82107445],[21.29985759,60.82333634],[21.3078552,60.81726731],[21.31520907,60.81774882],[21.32158387,60.8116129],[21.34396719,60.81625927],[21.34663458,60.81962293],[21.34461704,60.8257312],[21.34848023,60.8303714],[21.35249804,60.82951243],[21.35210418,60.82093924],[21.36292413,60.82610338],[21.37046267,60.82387124],[21.37924067,60.8261745],[21.39468685,60.82169156],[21.39166336,60.81787167],[21.3963447,60.80982086],[21.37051127,60.80232853],[21.37651944,60.80312625],[21.38076734,60.79635013],[21.3951398,60.79748257],[21.40802669,60.78905104],[21.40001216,60.78658367],[21.40412619,60.78310511],[21.3851606,60.7777704],[21.39756619,60.77173507],[21.40428355,60.76453972],[21.43297865,60.75885079],[21.4403508,60.74998317],[21.45739462,60.74631876],[21.4309187,60.74226466],[21.44518194,60.72948745],[21.44300473,60.72689183],[21.43009874,60.72597867],[21.45862424,60.72101402],[21.46154574,60.71829959],[21.45642268,60.71497504],[21.47227952,60.7076647],[21.4612757,60.70294625],[21.44707173,60.70251953],[21.4445575,60.70602003],[21.42354348,60.70803663],[21.40896167,60.71650231],[21.40160104,60.71370176],[21.37160598,60.71691194],[21.3827977,60.72094391],[21.42295941,60.72308495],[21.42538014,60.72483461],[21.4204254,60.72969989],[21.42658577,60.73251421],[21.41614878,60.73940761],[21.41719929,60.7431987],[21.41116172,60.74437726],[21.41400196,60.74996313],[21.39967561,60.75595853],[21.39935672,60.76161816],[21.3755021,60.76623612],[21.37197751,60.76498303],[21.3810877,60.75837263],[21.37821693,60.75679921],[21.37981504,60.75469358],[21.3887304,60.75234538],[21.38050552,60.74832553],[21.38764981,60.74514228],[21.38589297,60.74261186],[21.37340608,60.73924749],[21.37499534,60.73717706],[21.38803027,60.7386569],[21.39259096,60.73339779],[21.37529479,60.73230808],[21.36432362,60.72663062],[21.36698718,60.7192699],[21.3445136,60.71592114],[21.35765578,60.71131009],[21.34044941,60.7037004],[21.3542948,60.70270525],[21.36509934,60.69809141],[21.35845582,60.69446262],[21.36181426,60.69168835],[21.33784214,60.69711074],[21.33880137,60.69932117],[21.33085691,60.69739393],[21.34140356,60.69532676],[21.33902364,60.69177934],[21.34526786,60.69017864],[21.33867245,60.68802842],[21.34223893,60.683811],[21.3784551,60.66933689],[21.3834107,60.66248577],[21.40432725,60.65848776],[21.40330751,60.65647644],[21.41048744,60.65054416],[21.42664092,60.65048285],[21.42111267,60.64765176],[21.42389845,60.64332011],[21.43057657,60.64229737],[21.4316899,60.64540075],[21.44731359,60.65127434],[21.45176208,60.64419158],[21.43889772,60.64137564],[21.44804958,60.63652469],[21.45612854,60.63919479],[21.45652317,60.63525536],[21.46147008,60.63253869],[21.45790068,60.63022318],[21.43443404,60.62851975],[21.43729818,60.6316365],[21.43159353,60.63691629],[21.41959203,60.62985418],[21.41678574,60.63148319],[21.41803338,60.63762027],[21.41208074,60.64209521],[21.4072109,60.64228629],[21.40928872,60.63743318],[21.406731,60.63568559],[21.39443067,60.63516801],[21.41368972,60.62445706],[21.41148233,60.62018957],[21.41530897,60.61860143],[21.41805119,60.62232294],[21.42514312,60.62272757],[21.43121333,60.61600149],[21.43855994,60.61337521],[21.43311493,60.60759248],[21.43714109,60.60500915],[21.42934839,60.60172333],[21.44822919,60.59407031],[21.45395154,60.58616808],[21.46126265,60.58720104],[21.464557,60.58143388],[21.47826028,60.58390419],[21.50788783,60.57731864],[21.51035812,60.5791549],[21.50805678,60.58378758],[21.49162177,60.58636754],[21.50826292,60.58709144],[21.51671426,60.5965462],[21.52108224,60.59661596],[21.53210243,60.59134099],[21.51547555,60.58461532],[21.51542533,60.5801192],[21.52611602,60.57543362],[21.52475442,60.57380427],[21.54949768,60.56577788],[21.57305738,60.56703255],[21.57039272,60.56301175],[21.56146704,60.56392602],[21.55942852,60.55904414],[21.56261741,60.55640907],[21.56817145,60.55954149],[21.5714286,60.55760072],[21.57452403,60.55118782],[21.57110048,60.54730339],[21.58609942,60.54177478],[21.59183563,60.53448977],[21.5996798,60.53325098],[21.60940049,60.52027756],[21.59271814,60.51764357],[21.57711021,60.50479962],[21.57497351,60.49786336],[21.58461828,60.49133569],[21.59223408,60.49619321],[21.60804159,60.49620775],[21.61518357,60.5018915],[21.6262078,60.50028125],[21.65745579,60.51751021],[21.66805306,60.53489338],[21.66651852,60.54206393],[21.68063586,60.54709536],[21.68013955,60.55119116],[21.68304462,60.55201012],[21.68080907,60.56018717],[21.66583388,60.56428055],[21.6708388,60.56722063],[21.67055046,60.57016961],[21.68094936,60.57206381],[21.67548548,60.58096977],[21.68312989,60.5880717],[21.69696887,60.58621277],[21.71355431,60.5886299],[21.72010315,60.59493916],[21.73456008,60.59046577],[21.76125207,60.59585192],[21.7771143,60.60563735],[21.77537843,60.60822311],[21.81993584,60.63386102],[21.8417174,60.63625057],[21.84584221,60.63349281],[21.84064759,60.62898459],[21.84401429,60.62583133],[21.84587512,60.61506742],[21.84154078,60.61048191],[21.83413406,60.61377468],[21.82903196,60.60935445],[21.83014793,60.60535095],[21.83800559,60.6052919],[21.83633457,60.60191573],[21.84288709,60.59899761],[21.83661142,60.59525197],[21.82251393,60.59748924],[21.81966403,60.59472449],[21.82516841,60.58899912],[21.82282563,60.58501969],[21.82767712,60.58244688],[21.81594544,60.57926385],[21.81421847,60.5718662],[21.82762388,60.5648826],[21.81302669,60.56251742],[21.81482886,60.55736928],[21.82417131,60.555359],[21.82087481,60.55205159],[21.82355674,60.54948194],[21.82257349,60.54403382],[21.81118791,60.53783213],[21.81665286,60.53551537],[21.81036056,60.53207975],[21.81248611,60.52566264],[21.80694533,60.52561307],[21.80714583,60.5218749],[21.79739804,60.51749564],[21.80224613,60.50525951],[21.78830071,60.50058787],[21.7659058,60.50207326],[21.76248626,60.49790255],[21.74507318,60.49648809],[21.73788751,60.4901846],[21.74598498,60.48004739],[21.76777086,60.47436982],[21.77494082,60.47838327],[21.76961025,60.48409931],[21.77006007,60.49072703],[21.77485859,60.49115163],[21.77504747,60.49587969],[21.78113675,60.49699465],[21.78360649,60.49323117],[21.79831507,60.49024419],[21.81169395,60.49174381],[21.82246382,60.49996907],[21.86398003,60.49326834],[21.8674496,60.48699602],[21.88331436,60.48018699],[21.88925644,60.48095533],[21.90033862,60.48930125],[21.89677118,60.49436053],[21.88924238,60.49618915],[21.89148633,60.50399276],[21.8830231,60.5032571],[21.87539592,60.51289104],[21.8739415,60.51687945],[21.87890957,60.52485357],[21.87144152,60.5290261],[21.87250909,60.53796292],[21.86456738,60.5442763],[21.86509901,60.54925508],[21.87747276,60.54964105],[21.87487008,60.54682224],[21.88463582,60.54389534],[21.87888273,60.53306809],[21.88629065,60.53105307],[21.88885635,60.53210664],[21.88849187,60.53735111],[21.89945206,60.54660175],[21.89830961,60.55194772],[21.90245837,60.55240068],[21.92487803,60.54841071],[21.92113757,60.54427617],[21.91145567,60.54709127],[21.90969676,60.54469438],[21.91054682,60.53728943],[21.91817929,60.53303091],[21.91635118,60.52798139],[21.92171336,60.52555993],[21.93683361,60.52611991],[21.93565986,60.53129502],[21.93941877,60.53512525],[21.95741811,60.53857578],[21.96410125,60.53709284],[21.95880062,60.53051065],[21.96798826,60.52281708],[21.96129234,60.51426349],[21.95310433,60.51203926],[21.96252025,60.51095869],[21.96303039,60.50688133],[21.97568489,60.5043181],[21.98897606,60.5122837],[21.99794635,60.51192145],[21.98103429,60.49829958],[21.99341679,60.48784433],[22.00969975,60.48685142],[22.01472535,60.49100676],[22.02408238,60.49019192],[22.02815671,60.48178911],[22.01425195,60.48117811],[22.03253424,60.47527715],[22.0145477,60.47271261],[22.01361847,60.46847672],[22.01995118,60.46254778],[22.0361235,60.45819445],[22.06194998,60.45696475],[22.09327665,60.44523344],[22.10708479,60.44985864],[22.10812801,60.45551684],[22.12011818,60.46399363],[22.11479749,60.47012505],[22.12022315,60.47363452],[22.1254109,60.47194755],[22.12283945,60.46753537],[22.1263383,60.46103178],[22.12017318,60.45757505],[22.12255344,60.45603482],[22.11915628,60.45284271],[22.12023812,60.4448193],[22.13474761,60.44826273],[22.13004215,60.44324332],[22.13672206,60.4398898],[22.20163032,60.4462061],[22.2093723,60.43718395],[22.21992213,60.43911121],[22.2165667,60.43458843],[22.23010733,60.43242685],[22.23815738,60.42320181],[22.2504883,60.42117533],[22.26932897,60.40815633],[22.28597305,60.40771174],[22.28334267,60.39756393],[22.29408833,60.38428277],[22.38510595,60.39641784],[22.46269238,60.41280817],[22.47415664,60.4118001],[22.48051944,60.41673368],[22.49592624,60.41923453],[22.50230242,60.41777076],[22.50361524,60.4141364],[22.4799299,60.3978346],[22.47900585,60.39407063],[22.47127243,60.39155342],[22.47281192,60.38945809],[22.49668156,60.38232863],[22.54156485,60.38125065],[22.55751166,60.38530925],[22.58329611,60.37606816],[22.60710161,60.38519513],[22.63220808,60.40140963],[22.63445857,60.4057231],[22.64753288,60.40417641],[22.64838136,60.40157258],[22.62787277,60.39173672],[22.6297571,60.39036207],[22.62503561,60.38373703],[22.60585847,60.37557878],[22.6018117,60.36171455],[22.57744802,60.35111077],[22.56354486,60.35395402],[22.55658658,60.34804449],[22.56416086,60.33922727],[22.55693925,60.3358674],[22.55243479,60.32731683],[22.54751758,60.32758824],[22.5130237,60.3067165],[22.52052289,60.30444545],[22.50995873,60.30493317],[22.49719344,60.29925283],[22.47021767,60.28146314],[22.46961334,60.27404972],[22.47887381,60.2732047],[22.47363158,60.2671956],[22.45423548,60.26478823],[22.47263266,60.25660751],[22.48736869,60.26002581],[22.49480574,60.25768368],[22.49741097,60.2536218],[22.50988093,60.25519222],[22.51215289,60.25812969],[22.51014597,60.25996504],[22.52399037,60.26592834],[22.52791177,60.26365112],[22.52388431,60.25839136],[22.53071978,60.25780347],[22.53849462,60.26121118],[22.53043517,60.26683564],[22.53261562,60.26896251],[22.5514773,60.26692163],[22.56633789,60.27653286],[22.57658956,60.27763969],[22.60451968,60.29080321],[22.62105972,60.28992239],[22.61907273,60.287445],[22.61575246,60.28922909],[22.59707636,60.28536509],[22.5844943,60.27658695],[22.56318758,60.26976845],[22.56861881,60.26229585],[22.56724649,60.25972319],[22.57683874,60.25796327],[22.58649887,60.26252206],[22.59153745,60.26054674],[22.59228737,60.25843624],[22.58101337,60.25289762],[22.58963194,60.24624052],[22.61150107,60.24760871],[22.55776579,60.23749264],[22.55381848,60.23569527],[22.55736908,60.23179487],[22.55132188,60.23010717],[22.53083595,60.22959669],[22.53242684,60.22617075],[22.52562135,60.22386589],[22.52066036,60.21352098],[22.57009562,60.21648958],[22.59757713,60.22878286],[22.61658026,60.2330545],[22.62138839,60.23743276],[22.68066167,60.24560717],[22.71940893,60.24439175],[22.76085467,60.25431655],[22.76821507,60.25275896],[22.79252274,60.25650234],[22.86396888,60.28970969],[22.86353174,60.29462682],[22.85509253,60.29538205],[22.85453339,60.29872841],[22.86749451,60.29721198],[22.87527955,60.30641175],[22.88338247,60.30884156],[22.88483169,60.30444587],[22.8903136,60.30315341],[22.895792,60.3092069],[22.90217741,60.30778139],[22.9238369,60.31624182],[22.94766345,60.31886673],[22.99708089,60.33599015],[23.00307251,60.3277984],[23.02674674,60.33309716],[23.02557887,60.33899955],[23.03009399,60.34149025],[23.02601226,60.34485824],[23.0595085,60.3603747],[23.05828038,60.36439359],[23.04991852,60.36681137],[23.06773528,60.37643295],[23.07940888,60.37562698],[23.08819628,60.36501924],[23.07376651,60.35955087],[23.07195002,60.35552578],[23.05723605,60.35239538],[23.04849079,60.34480425],[23.0492806,60.33589763],[23.03822337,60.31833629],[23.01275994,60.29641068],[23.00874515,60.28774804],[22.99744552,60.28988145],[22.97752092,60.28575296],[22.97789949,60.27737728],[22.97331788,60.27146228],[22.96524747,60.27016561],[22.96677682,60.27304153],[22.96267644,60.27357943],[22.9476,60.26437481],[22.95087733,60.2584003],[22.94619176,60.25372786],[22.95069589,60.24867222],[22.9064547,60.22755644],[22.89253451,60.20960504],[22.8701831,60.19798986],[22.89081514,60.17971121],[22.88046916,60.17356057],[22.87290291,60.17336982],[22.86904213,60.16780962],[22.87349618,60.16578977],[22.869021,60.16426605],[22.87659199,60.16156559],[22.87716388,60.15660344],[22.90283193,60.15105719],[22.9058631,60.14883055],[22.90067398,60.14467042],[22.90576604,60.14223805],[22.93913732,60.13519026],[22.97006426,60.13376987],[22.98828998,60.12846877],[23.00623477,60.13032193],[23.02646368,60.13682207],[23.03232345,60.14776017],[23.03666349,60.1478611],[23.03710604,60.14056501],[23.01884326,60.12838319],[23.02683874,60.12273931],[23.04871225,60.12894548],[23.05505879,60.12744026],[23.02550764,60.11161146],[23.0281582,60.10704184],[23.03197274,60.1067507],[23.02800357,60.10157039],[23.05645225,60.08861231]]],[[[21.62134754,60.03789232],[21.62630336,60.03979943],[21.61858168,60.04076258],[21.62134754,60.03789232]]],[[[21.5403954,60.03442147],[21.54231276,60.03626898],[21.53087427,60.03850609],[21.53278828,60.03487187],[21.5403954,60.03442147]]],[[[21.66357483,60.03817352],[21.6671961,60.03899244],[21.66467394,60.04182218],[21.65906347,60.04083241],[21.66357483,60.03817352]]],[[[21.96645066,60.04588492],[21.97091776,60.04937733],[21.96983056,60.05203534],[21.96469118,60.0501811],[21.96378357,60.04661617],[21.96645066,60.04588492]]],[[[21.52042507,60.02759678],[21.51635484,60.03234846],[21.51923715,60.03485053],[21.50860999,60.03614594],[21.51011014,60.03152396],[21.52042507,60.02759678]]],[[[22.32631336,60.05841116],[22.32602666,60.06265759],[22.32059739,60.06408906],[22.32631336,60.05841116]]],[[[22.84449971,60.07376766],[22.83444957,60.07773739],[22.83724813,60.07438535],[22.84449971,60.07376766]]],[[[21.46101168,60.02225365],[21.46999732,60.02497068],[21.47252169,60.02989099],[21.45946608,60.03174986],[21.45791251,60.02465968],[21.46101168,60.02225365]]],[[[21.80630292,60.0338077],[21.81438307,60.03644026],[21.80988641,60.04070388],[21.81124484,60.04242137],[21.80576848,60.04144137],[21.80749536,60.03963313],[21.80351975,60.03650879],[21.80630292,60.0338077]]],[[[21.79591461,60.03237359],[21.79782716,60.03321519],[21.79483176,60.03360865],[21.79535389,60.03610049],[21.78700506,60.03488035],[21.79591461,60.03237359]]],[[[22.87273569,60.06992971],[22.88592494,60.07993746],[22.89912637,60.07828581],[22.90353781,60.08130432],[22.91528314,60.08108633],[22.92031327,60.08741239],[22.91949017,60.09102182],[22.92577656,60.09006129],[22.94017794,60.09460823],[22.94596195,60.09283158],[22.93131439,60.08938654],[22.93138493,60.08374294],[22.93887469,60.08780814],[22.95321522,60.08356358],[22.96731602,60.0899183],[22.96805114,60.09889733],[22.96190316,60.0999463],[22.96888569,60.10325103],[22.96544067,60.10805298],[22.95763561,60.10924916],[22.95556909,60.11466062],[22.9648752,60.1181237],[22.94849467,60.12268431],[22.926598,60.12381128],[22.91005591,60.12413439],[22.89276461,60.11959309],[22.8672891,60.10360444],[22.86437239,60.09537371],[22.86939775,60.08673383],[22.83825283,60.08354395],[22.84457476,60.07883133],[22.88010828,60.08479173],[22.88462402,60.08016729],[22.85526064,60.07560816],[22.87273569,60.06992971]]],[[[21.71014228,60.02651351],[21.71617942,60.03175198],[21.71517206,60.0338966],[21.70856749,60.0328965],[21.71014228,60.02651351]]],[[[21.95425864,60.03563544],[21.95760567,60.03839577],[21.95256204,60.04190659],[21.95094887,60.03768982],[21.95425864,60.03563544]]],[[[21.77730596,60.02854672],[21.77980395,60.03179009],[21.77552381,60.03323386],[21.77610763,60.03686341],[21.76358444,60.03977415],[21.7696877,60.03599853],[21.76256081,60.03268849],[21.7635548,60.03068875],[21.77730596,60.02854672]]],[[[22.10660326,60.03919189],[22.11450235,60.04302849],[22.11091979,60.04386401],[22.10660326,60.03919189]]],[[[22.81065317,60.0621175],[22.81963946,60.06417688],[22.82306756,60.06956965],[22.81304201,60.07324991],[22.79361724,60.06727612],[22.81065317,60.0621175]]],[[[21.96294086,60.03106945],[21.96698111,60.03189582],[21.96324475,60.03454301],[21.95855576,60.03307083],[21.96294086,60.03106945]]],[[[21.77272621,60.0213515],[21.77846404,60.02578574],[21.76917788,60.0253195],[21.76816464,60.02264088],[21.77272621,60.0213515]]],[[[21.47759039,60.00915792],[21.48160929,60.01054047],[21.48254484,60.01520447],[21.47759039,60.00915792]]],[[[22.04568715,60.02870264],[22.04992596,60.03344067],[22.0479234,60.03723099],[22.04419285,60.0361979],[22.04628734,60.03412446],[22.04230407,60.03064347],[22.04568715,60.02870264]]],[[[21.16038516,59.99042719],[21.16337322,59.9919627],[21.15477124,59.99433046],[21.16038516,59.99042719]]],[[[22.05482831,60.02440783],[22.05679059,60.0300372],[22.05283313,60.02723922],[22.05482831,60.02440783]]],[[[22.32019555,60.02987192],[22.33563528,60.03546048],[22.32459615,60.03679335],[22.32019555,60.02987192]]],[[[22.275637,60.02690894],[22.29166349,60.02901673],[22.27968073,60.03211661],[22.27014295,60.03068593],[22.275637,60.02690894]]],[[[22.04780551,60.01847455],[22.052347,60.02246603],[22.04924121,60.0232744],[22.04780551,60.01847455]]],[[[22.87993433,60.04628758],[22.88547209,60.04787812],[22.8859682,60.05104207],[22.87669645,60.05040357],[22.87939318,60.04844313],[22.87281723,60.0467455],[22.87993433,60.04628758]]],[[[21.90559825,60.01058033],[21.90932101,60.01420281],[21.90097779,60.01157139],[21.90559825,60.01058033]]],[[[21.247997,59.98276247],[21.24951893,59.98995993],[21.23063807,59.99364845],[21.247997,59.98276247]]],[[[21.84526298,60.00633252],[21.8485627,60.01176772],[21.84232897,60.00964284],[21.84526298,60.00633252]]],[[[21.87726679,60.00637304],[21.88112342,60.00739492],[21.88135562,60.01064039],[21.87452635,60.01364097],[21.86104973,60.00701486],[21.87726679,60.00637304]]],[[[21.27988431,59.9798235],[21.28278871,59.98454243],[21.27617527,59.98165523],[21.27988431,59.9798235]]],[[[21.97966813,60.0076446],[21.97951693,60.01189049],[21.96949539,60.01329844],[21.97966813,60.0076446]]],[[[21.66334047,59.99362661],[21.65882794,59.99659855],[21.64389599,59.99650702],[21.66334047,59.99362661]]],[[[22.83124524,60.03495107],[22.83931283,60.04311065],[22.83591027,60.04645222],[22.82314525,60.04009556],[22.83124524,60.03495107]]],[[[21.56441015,59.98876014],[21.57266654,59.99126874],[21.56041831,59.99225669],[21.56441015,59.98876014]]],[[[22.81706561,60.03104861],[22.81813815,60.03490505],[22.8157006,60.03632058],[22.81915661,60.03965221],[22.8191093,60.04639666],[22.8098422,60.05060351],[22.80069215,60.05009007],[22.80722785,60.03385355],[22.81706561,60.03104861]]],[[[21.29165681,59.97258978],[21.30057837,59.97743399],[21.28781928,59.97917074],[21.28478995,59.97511578],[21.29165681,59.97258978]]],[[[21.31582981,59.97223494],[21.31918208,59.9733191],[21.31058306,59.97531341],[21.31582981,59.97223494]]],[[[21.32917911,59.97213057],[21.32938321,59.97610669],[21.31956296,59.97647356],[21.32012452,59.97330364],[21.32917911,59.97213057]]],[[[22.35175338,60.01079585],[22.35549068,60.01196853],[22.35346598,60.01534126],[22.35680162,60.02199316],[22.36370975,60.0205686],[22.36128828,60.01788187],[22.36898692,60.0194459],[22.36106174,60.02569359],[22.35464492,60.0254556],[22.35241236,60.03069714],[22.3478857,60.02039878],[22.35175338,60.01079585]]],[[[22.60433423,60.01938286],[22.60983717,60.02007152],[22.60759016,60.0248988],[22.60153453,60.02073635],[22.60433423,60.01938286]]],[[[21.61619689,59.98059821],[21.62215665,59.98600735],[21.61283311,59.98780546],[21.60788534,59.98367407],[21.60936089,59.98094768],[21.61619689,59.98059821]]],[[[22.49903647,60.01303344],[22.50231695,60.01529688],[22.4895616,60.01431757],[22.49903647,60.01303344]]],[[[21.25076536,59.96365017],[21.25249977,59.96770622],[21.24533938,59.96693718],[21.25076536,59.96365017]]],[[[22.10767436,59.99688614],[22.11089942,60.00029793],[22.10417682,59.99896717],[22.10767436,59.99688614]]],[[[22.20421974,59.99982914],[22.20673404,60.00170103],[22.19706752,60.00238887],[22.20421974,59.99982914]]],[[[21.61855769,59.9763502],[21.62232362,59.9772564],[21.6220089,59.98011312],[21.61533275,59.97711974],[21.61855769,59.9763502]]],[[[21.65162976,59.97664339],[21.65146039,59.97957863],[21.66395353,59.98152307],[21.64621644,59.98042341],[21.65162976,59.97664339]]],[[[22.50087601,60.00810293],[22.50839713,60.01043351],[22.49634625,60.01309783],[22.48923895,60.00938257],[22.50087601,60.00810293]]],[[[22.89359702,60.02001955],[22.90277235,60.0241928],[22.89083645,60.022531],[22.89359702,60.02001955]]],[[[21.30780041,59.9603512],[21.31358595,59.9629868],[21.30314065,59.96183477],[21.30780041,59.9603512]]],[[[22.48093052,60.00475574],[22.48879548,60.0068281],[22.48630142,60.00942737],[22.48093052,60.00475574]]],[[[21.3365863,59.96050543],[21.34746135,59.96303404],[21.33966749,59.96531344],[21.32393566,59.96343147],[21.3365863,59.96050543]]],[[[21.82040552,59.97935492],[21.82988121,59.98235627],[21.82201211,59.98230671],[21.82040552,59.97935492]]],[[[21.6095985,59.96905646],[21.60555119,59.9723295],[21.59881733,59.97127513],[21.6095985,59.96905646]]],[[[22.42798772,59.9999295],[22.43137284,60.00127927],[22.43023173,60.00613988],[22.42798772,59.9999295]]],[[[22.38356588,59.99797999],[22.38565561,59.99938048],[22.37839205,60.00700942],[22.38356588,59.99797999]]],[[[22.50628355,60.00205121],[22.52916521,60.008898],[22.51100111,60.01342515],[22.508019,60.01142963],[22.50915994,60.00857542],[22.50331412,60.00602996],[22.50628355,60.00205121]]],[[[22.5397752,60.00212444],[22.54173021,60.00662177],[22.53217101,60.00357274],[22.5397752,60.00212444]]],[[[21.7521447,59.9723709],[21.7630354,59.97410525],[21.7526118,59.9766152],[21.7478127,59.97377853],[21.7521447,59.9723709]]],[[[21.88399333,59.97755815],[21.89269082,59.97913627],[21.88790069,59.98067816],[21.88284368,59.97930529],[21.88399333,59.97755815]]],[[[22.46264699,59.997442],[22.46626573,59.99906405],[22.46510964,60.0023444],[22.46000711,59.99953884],[22.46264699,59.997442]]],[[[22.75693697,60.00632521],[22.76014715,60.00900951],[22.7496581,60.01724914],[22.7549106,60.02226646],[22.75016719,60.02308778],[22.75072899,60.02702321],[22.74641352,60.02907931],[22.76121921,60.03086462],[22.75811903,60.02430622],[22.76218057,60.01204789],[22.76733789,60.01109449],[22.78292657,60.01804151],[22.78200272,60.02195895],[22.77408938,60.02377086],[22.79188644,60.03065026],[22.77904086,60.03160718],[22.78690196,60.03673931],[22.77348444,60.04020503],[22.77384805,60.04404632],[22.76250943,60.04074383],[22.75369821,60.04376856],[22.76447294,60.0477658],[22.77691904,60.04674176],[22.7789445,60.04922919],[22.77548721,60.04979274],[22.77875738,60.05409836],[22.77499545,60.05925978],[22.77695321,60.06361474],[22.75774547,60.0648674],[22.77138236,60.06671079],[22.77004647,60.07180741],[22.77360307,60.07860552],[22.79909104,60.08292735],[22.84011224,60.09540981],[22.85531272,60.1158822],[22.85736296,60.12799839],[22.88026896,60.13519076],[22.87959728,60.13786612],[22.85749138,60.13936734],[22.85638161,60.14328789],[22.86689256,60.15204876],[22.8453598,60.16236814],[22.85654101,60.16647646],[22.84465399,60.17219471],[22.83441837,60.17081588],[22.8294781,60.17498246],[22.8315735,60.17911774],[22.86595281,60.18521186],[22.86722721,60.18773825],[22.85638605,60.18948483],[22.85243026,60.19837808],[22.86250795,60.2097195],[22.85701817,60.21476113],[22.83351262,60.21220845],[22.86322476,60.2181302],[22.87315952,60.21633779],[22.89624306,60.22301141],[22.89737462,60.23787125],[22.90271588,60.24476285],[22.91079311,60.24801826],[22.90481147,60.25147572],[22.93544573,60.25840136],[22.95254858,60.27281984],[22.94925725,60.2748295],[22.95150895,60.27685539],[22.97896477,60.29555018],[22.98365468,60.30009079],[22.98287264,60.30302827],[22.95363013,60.31446896],[22.92674701,60.3106694],[22.91278017,60.30530771],[22.90628196,60.30100166],[22.90768237,60.29410316],[22.90217312,60.28082792],[22.89190684,60.27372826],[22.88721659,60.27742352],[22.87720699,60.2763237],[22.87106555,60.26929393],[22.87749489,60.26660141],[22.86868214,60.26304566],[22.86979508,60.25900516],[22.86290854,60.2466639],[22.85756392,60.24652788],[22.86233333,60.24289401],[22.84454461,60.23772678],[22.82306847,60.23739478],[22.82000565,60.2415031],[22.80479412,60.23537063],[22.73949681,60.23803737],[22.71733241,60.23418348],[22.70229732,60.23532338],[22.6957124,60.23178797],[22.68955567,60.23442018],[22.67673974,60.23334914],[22.64371288,60.22730928],[22.63458876,60.23022039],[22.6129429,60.22918459],[22.5929797,60.22158265],[22.5955974,60.21800287],[22.59066404,60.21618832],[22.59158618,60.21092229],[22.55783661,60.21013275],[22.53919292,60.20316094],[22.52587874,60.20921309],[22.48936251,60.20519056],[22.46199618,60.20731255],[22.46085063,60.20297539],[22.44003625,60.19350153],[22.44043187,60.18991758],[22.41447991,60.18132541],[22.41251343,60.17164263],[22.41468525,60.17118344],[22.41196818,60.16915495],[22.41960091,60.16342633],[22.41527019,60.1594735],[22.41990042,60.1574348],[22.4530121,60.1669047],[22.48471903,60.15867586],[22.51783892,60.16280526],[22.53961884,60.16214571],[22.5457469,60.16055166],[22.54164086,60.15851611],[22.54442594,60.15719709],[22.58720758,60.15348438],[22.61005071,60.15490398],[22.61757745,60.15353124],[22.61820339,60.15028303],[22.58666432,60.14985689],[22.55846362,60.15362549],[22.50829445,60.15034598],[22.48970227,60.14504636],[22.46296613,60.1436448],[22.46646702,60.14013966],[22.46233115,60.1382328],[22.44864836,60.13619393],[22.44120423,60.13899329],[22.4344101,60.13521588],[22.42726923,60.12400918],[22.44089324,60.1238633],[22.43846325,60.12029584],[22.45794466,60.11177042],[22.49357594,60.10723643],[22.47903771,60.10360592],[22.46679567,60.10512835],[22.47485919,60.10324084],[22.47534925,60.09212316],[22.48348786,60.09027259],[22.48797413,60.08557291],[22.48494959,60.07862033],[22.47733449,60.07455566],[22.46541979,60.07508888],[22.47111023,60.08473165],[22.46002054,60.08727118],[22.46488575,60.09067991],[22.46215081,60.09604586],[22.44740273,60.10127045],[22.43713555,60.09948707],[22.43436615,60.10088201],[22.4367959,60.10374912],[22.42463214,60.11043847],[22.40541102,60.10537466],[22.41326479,60.09707066],[22.4182046,60.09648292],[22.41167135,60.08697296],[22.40727646,60.08697805],[22.4091617,60.09338437],[22.40543007,60.10051173],[22.39243437,60.09298372],[22.37519116,60.09324161],[22.36457817,60.08808059],[22.36853194,60.07627534],[22.36328994,60.06003821],[22.37802617,60.04064908],[22.37492266,60.04048147],[22.3752165,60.03731308],[22.38202325,60.03700152],[22.38560993,60.03153375],[22.37560796,60.02280428],[22.37675845,60.01672117],[22.38420638,60.00941384],[22.38239553,60.00645419],[22.39036162,60.00155336],[22.40410326,60.00628761],[22.39593707,60.02358137],[22.39413936,60.03125448],[22.39770552,60.03222348],[22.40746624,60.03032352],[22.40911769,60.02530495],[22.40481853,60.02002158],[22.40425262,60.01215958],[22.41184146,60.00876141],[22.42071904,60.01039688],[22.43238364,60.0196491],[22.43290207,60.03112709],[22.43878452,60.03001752],[22.43758133,60.02374177],[22.44628695,60.01169208],[22.43489546,60.00470787],[22.43787186,60.00136607],[22.44480424,60.00355506],[22.45009471,59.99815546],[22.46526259,60.00561264],[22.46145394,60.00656877],[22.46024634,60.01827728],[22.46349747,60.01826714],[22.46784385,60.01205202],[22.47417842,60.01117058],[22.49345614,60.01686928],[22.5082345,60.01558383],[22.51032162,60.01905181],[22.52173755,60.02293396],[22.5382093,60.02401076],[22.54528811,60.02770746],[22.55499242,60.02615625],[22.54952158,60.03110924],[22.57463648,60.03256123],[22.59581085,60.03935503],[22.60819171,60.04937492],[22.61093795,60.04840055],[22.59954079,60.03872897],[22.5996538,60.03577644],[22.59080541,60.03673875],[22.57247073,60.02640679],[22.59234046,60.0210492],[22.60650351,60.02979817],[22.61404584,60.02634199],[22.6122658,60.02371262],[22.62486245,60.01926004],[22.62323181,60.016098],[22.65082778,60.01849032],[22.65730177,60.02068084],[22.64897209,60.02420488],[22.64967829,60.02932055],[22.65678761,60.03155027],[22.65846482,60.03808955],[22.66424575,60.04252705],[22.67387073,60.04613158],[22.68141488,60.04203911],[22.67609771,60.0402008],[22.67575156,60.03573382],[22.68412584,60.02558406],[22.68659857,60.01426412],[22.69510308,60.01309838],[22.69183603,60.01023055],[22.69437195,60.00686056],[22.7061048,60.0064168],[22.7032776,60.01172539],[22.71967747,60.01302658],[22.72551854,60.01720093],[22.73808746,60.01523072],[22.75142264,60.00661745],[22.75693697,60.00632521]]],[[[21.83337646,59.97332082],[21.83991494,59.97626949],[21.83168254,59.97648741],[21.82964959,59.97380362],[21.83337646,59.97332082]]],[[[21.62748622,59.96369021],[21.63091488,59.96458916],[21.62603264,59.96818145],[21.62135266,59.9673877],[21.62748622,59.96369021]]],[[[22.61513759,59.99880194],[22.63010722,60.00273898],[22.62579728,60.0061049],[22.63054909,60.00961692],[22.64574953,60.00721198],[22.64931273,60.00946117],[22.64157617,60.0146602],[22.62296739,60.01423314],[22.61119205,60.0008325],[22.61513759,59.99880194]]],[[[22.54562308,59.99456402],[22.54032392,59.99886274],[22.52602337,59.99702799],[22.54562308,59.99456402]]],[[[21.7619707,59.96556929],[21.76529089,59.97083581],[21.75841805,59.96853017],[21.7619707,59.96556929]]],[[[22.87151027,60.00449694],[22.88728234,60.00903813],[22.87670634,60.01828788],[22.89535391,60.02469905],[22.89459489,60.02881127],[22.88279551,60.03222858],[22.91710229,60.04309943],[22.91351788,60.04461436],[22.91673247,60.05075226],[22.91133195,60.05313329],[22.91599006,60.06000779],[22.90794489,60.06289479],[22.92246044,60.06263551],[22.93442599,60.06751635],[22.90786998,60.07203903],[22.90237148,60.0652874],[22.89040503,60.0686129],[22.87318615,60.06611936],[22.84789132,60.05543694],[22.84893844,60.05239822],[22.85449788,60.05141505],[22.88645785,60.05135305],[22.8886552,60.04694234],[22.89026924,60.04250496],[22.88183918,60.03696089],[22.85574955,60.04587687],[22.85054697,60.03984076],[22.86123067,60.032752],[22.85796301,60.03011533],[22.85876138,60.02099473],[22.85225768,60.01326572],[22.86118469,60.00929421],[22.8569937,60.0062085],[22.85986997,60.00444837],[22.87151027,60.00449694]]],[[[22.43516956,59.98963437],[22.43939655,59.9918361],[22.43915137,59.99558415],[22.43274463,59.99236569],[22.43516956,59.98963437]]],[[[21.514003,59.954383],[21.51822771,59.95550651],[21.51833933,59.95983635],[21.51216801,59.95745344],[21.514003,59.954383]]],[[[21.90360815,59.96972592],[21.9128596,59.97237945],[21.91206902,59.9771595],[21.8954231,59.97456183],[21.90360815,59.96972592]]],[[[22.04556137,59.97507308],[22.05384441,59.97887092],[22.0474874,59.9796756],[22.04903094,59.97791218],[22.04556137,59.97507308]]],[[[22.92626353,60.00488947],[22.92953588,60.00632019],[22.92834721,60.01012678],[22.93369336,60.01095154],[22.93219699,60.01335689],[22.94144031,60.01916518],[22.95667712,60.0186455],[22.95869844,60.02101744],[22.95503626,60.02951303],[22.96429084,60.034115],[22.97445165,60.03401099],[22.9704005,60.03895893],[22.97231481,60.04207],[22.95704781,60.04585309],[22.96199697,60.0492091],[22.95960018,60.05075824],[22.949173,60.05172843],[22.9222607,60.03805613],[22.91880692,60.02733473],[22.92685333,60.02347436],[22.91994807,60.01837746],[22.90624977,60.01786355],[22.9064041,60.01037923],[22.91802903,60.01035793],[22.92626353,60.00488947]]],[[[22.71022533,59.99633279],[22.71409835,59.99826309],[22.7120055,60.00153398],[22.70174051,60.0015275],[22.71022533,59.99633279]]],[[[22.74164442,59.99727238],[22.7429141,60.00658259],[22.71835831,60.01107501],[22.71971796,60.00800165],[22.71663571,60.00547214],[22.7203622,60.00185334],[22.74164442,59.99727238]]],[[[21.78675287,59.96199314],[21.79465002,59.97946769],[21.78159106,59.97670196],[21.77863988,59.97113782],[21.78083865,59.96411655],[21.78675287,59.96199314]]],[[[22.39024174,59.98326883],[22.39985861,59.98543823],[22.39951547,59.98948347],[22.39372851,59.99085019],[22.39024174,59.98326883]]],[[[22.50808676,59.98716791],[22.51524488,59.99027166],[22.50437662,59.9899047],[22.50808676,59.98716791]]],[[[22.45421381,59.98509645],[22.45696105,59.98680942],[22.45425332,59.99547447],[22.44539599,59.99424551],[22.45421381,59.98509645]]],[[[22.56889081,59.98895808],[22.57148265,59.98974166],[22.56944615,59.99182356],[22.56357729,59.99035353],[22.56889081,59.98895808]]],[[[22.26064936,59.97808671],[22.26536758,59.98286461],[22.25858331,59.98266296],[22.26064936,59.97808671]]],[[[22.63087641,59.98999414],[22.62119599,59.99443417],[22.6149364,59.99476021],[22.61351374,59.99156715],[22.63087641,59.98999414]]],[[[22.09401255,59.97089776],[22.09975048,59.97413876],[22.09528868,59.97570187],[22.08813329,59.97080392],[22.09401255,59.97089776]]],[[[22.67758412,59.99125239],[22.68290779,59.99173925],[22.68682804,60.00074045],[22.68148249,60.00240122],[22.68354841,60.00587636],[22.67584562,60.01021344],[22.68294122,60.01268328],[22.68271744,60.02174667],[22.67419274,60.02402741],[22.67779066,60.02953416],[22.67170768,60.03508365],[22.65847512,60.03178845],[22.66172506,60.02429848],[22.66785161,60.02207088],[22.65647816,60.01584473],[22.65029778,60.01575771],[22.64907696,60.01254768],[22.65466348,60.01048582],[22.6556428,60.00330965],[22.66310059,59.99347738],[22.67758412,59.99125239]]],[[[22.60406065,59.98800041],[22.60735793,59.98852446],[22.60683775,59.99306087],[22.59848356,59.99258005],[22.60406065,59.98800041]]],[[[21.28083316,59.93707523],[21.28258634,59.93903702],[21.27965461,59.94165859],[21.27461814,59.93899499],[21.28083316,59.93707523]]],[[[22.72442681,59.99153897],[22.736985,59.99442401],[22.7185688,59.99870845],[22.7236646,59.99580772],[22.7214028,59.99406018],[22.72442681,59.99153897]]],[[[22.74593603,59.99198725],[22.74622775,59.9944258],[22.75800556,59.99510342],[22.75198134,59.99848082],[22.74013984,59.99371138],[22.74593603,59.99198725]]],[[[21.89780321,59.96140915],[21.90906027,59.96378418],[21.91062932,59.96686507],[21.90217092,59.96837525],[21.89394716,59.96431696],[21.89780321,59.96140915]]],[[[21.89017364,59.96099238],[21.89261796,59.96614857],[21.89926422,59.96825535],[21.89578949,59.9693733],[21.88868188,59.96517218],[21.89017364,59.96099238]]],[[[21.62119087,59.95001772],[21.63256868,59.95447153],[21.61608743,59.95186397],[21.62119087,59.95001772]]],[[[22.06884257,59.96677655],[22.07275432,59.96780482],[22.07294368,59.97184576],[22.06645457,59.96883994],[22.06884257,59.96677655]]],[[[21.49348494,59.94355267],[21.49889374,59.95470937],[21.49305673,59.95360902],[21.49348494,59.94355267]]],[[[22.56117862,59.98307943],[22.56407886,59.98592844],[22.55537421,59.99054094],[22.54098045,59.98857703],[22.56117862,59.98307943]]],[[[21.61634396,59.94623027],[21.61899439,59.94886223],[21.60601616,59.95583671],[21.59655458,59.95489993],[21.59373716,59.95009039],[21.61634396,59.94623027]]],[[[21.73902179,59.95040379],[21.74402597,59.95225391],[21.73817446,59.95580073],[21.73240041,59.95181946],[21.73902179,59.95040379]]],[[[22.41106564,59.97519999],[22.43276502,59.98973382],[22.42177612,60.00087435],[22.4174859,60.00043788],[22.41462216,59.99612614],[22.4075229,59.97898328],[22.41106564,59.97519999]]],[[[21.85613071,59.95466038],[21.86071463,59.96037156],[21.85208081,59.95731153],[21.85613071,59.95466038]]],[[[22.22851018,59.96700413],[22.23238993,59.96906211],[22.22755275,59.97107055],[22.23240884,59.97463326],[22.22370827,59.97086657],[22.22851018,59.96700413]]],[[[22.39106971,59.96885103],[22.40051115,59.97187492],[22.40025626,59.97461286],[22.39866177,59.97688646],[22.39147168,59.97519927],[22.3893407,59.98265753],[22.38434059,59.98362636],[22.38267519,59.978181],[22.39106971,59.96885103]]],[[[21.61905982,59.9390253],[21.62865602,59.9449029],[21.62293557,59.94619033],[21.62403612,59.94387855],[21.61761639,59.94111582],[21.61905982,59.9390253]]],[[[22.71397164,59.97910162],[22.70810231,59.98356717],[22.6993747,59.98020021],[22.71397164,59.97910162]]],[[[21.63959693,59.93749806],[21.64601774,59.94369408],[21.63479281,59.94406704],[21.63410919,59.938807],[21.63959693,59.93749806]]],[[[22.57119603,59.9721234],[22.58293739,59.97419951],[22.58462507,59.97810583],[22.57128589,59.97896073],[22.56201389,59.97440843],[22.57119603,59.9721234]]],[[[21.74826699,59.9417203],[21.7537679,59.94265885],[21.75483796,59.94687146],[21.7640352,59.94666777],[21.7643461,59.95075542],[21.77843062,59.95390298],[21.77798996,59.96997413],[21.77365431,59.97198805],[21.76090481,59.96465485],[21.74485163,59.96485239],[21.7438548,59.95586422],[21.75031522,59.95754875],[21.75617348,59.95602486],[21.75617744,59.95326657],[21.74193324,59.94619062],[21.73339742,59.94602253],[21.74826699,59.9417203]]],[[[22.35789748,59.96384202],[22.36092134,59.96683061],[22.35326057,59.97668979],[22.36521423,59.97617279],[22.36437153,59.98816929],[22.37285838,59.99058101],[22.3732789,59.99801834],[22.36238896,59.99857733],[22.35976711,59.9970227],[22.36150106,59.99258321],[22.34802797,59.99234921],[22.35074821,59.98046489],[22.34398581,59.97969173],[22.34256451,59.97331347],[22.33756708,59.96969227],[22.33850871,59.96584038],[22.35789748,59.96384202]]],[[[21.96121487,59.9490403],[21.96383981,59.95034034],[21.95612212,59.95399779],[21.96121487,59.9490403]]],[[[21.72350718,59.93882516],[21.73339809,59.94147725],[21.73445311,59.94434224],[21.71828721,59.94095876],[21.72350718,59.93882516]]],[[[22.70596584,59.97444293],[22.70123546,59.97793192],[22.69823627,59.97558172],[22.70596584,59.97444293]]],[[[22.06186682,59.95175789],[22.06976156,59.9527472],[22.07374049,59.95650077],[22.06994854,59.95799585],[22.06186682,59.95175789]]],[[[22.4010188,59.9637262],[22.40323952,59.9694396],[22.39922144,59.96754999],[22.4010188,59.9637262]]],[[[21.63472349,59.93401534],[21.63719348,59.93744303],[21.62713212,59.94063239],[21.61696869,59.93707488],[21.63472349,59.93401534]]],[[[22.73513283,59.97329102],[22.7448454,59.9753273],[22.73473051,59.98072862],[22.72749168,59.97845044],[22.73756855,59.97549132],[22.73513283,59.97329102]]],[[[22.68850151,59.9712968],[22.69085989,59.97415642],[22.67702512,59.9750785],[22.68850151,59.9712968]]],[[[21.73876238,59.93619626],[21.75623236,59.93903656],[21.73950005,59.94034075],[21.73534276,59.93669191],[21.73876238,59.93619626]]],[[[22.57447547,59.96438152],[22.58791722,59.96717221],[22.57123635,59.96680396],[22.57447547,59.96438152]]],[[[22.43770632,59.95960605],[22.45141978,59.96506465],[22.45530896,59.9696372],[22.46069139,59.9694543],[22.46512096,59.9623802],[22.46799478,59.96403912],[22.46906104,59.97193638],[22.46595268,59.97708928],[22.45001438,59.97623452],[22.45228765,59.98287432],[22.4406751,59.98690237],[22.43600298,59.97932164],[22.43896351,59.9655838],[22.43551666,59.96068895],[22.43770632,59.95960605]]],[[[22.71283014,59.96751897],[22.71399976,59.97098225],[22.70533142,59.96960719],[22.71283014,59.96751897]]],[[[21.89033152,59.93814318],[21.90448324,59.9440958],[21.89110586,59.94184385],[21.89033152,59.93814318]]],[[[22.48110702,59.95965729],[22.48279926,59.96770546],[22.47867265,59.96900927],[22.47534502,59.96645696],[22.48110702,59.95965729]]],[[[22.2729819,59.95188255],[22.27969929,59.95228768],[22.29249337,59.96102613],[22.2729819,59.95188255]]],[[[22.28089321,59.95154234],[22.29723683,59.95480231],[22.29839096,59.95807508],[22.28089321,59.95154234]]],[[[22.51252654,59.95836194],[22.55966203,59.97209203],[22.55623279,59.97528656],[22.55982923,59.98171861],[22.51975583,59.98808743],[22.50189839,59.98322187],[22.50107986,59.98005526],[22.50664185,59.97561397],[22.50044579,59.97147581],[22.50437092,59.96873603],[22.50132362,59.96433473],[22.51252654,59.95836194]]],[[[21.81251439,59.93226475],[21.81703486,59.93587843],[21.80891716,59.93858983],[21.81192506,59.94172552],[21.80956811,59.94638516],[21.80352166,59.94213258],[21.80373598,59.93686281],[21.80796938,59.93694966],[21.80637203,59.93460098],[21.81251439,59.93226475]]],[[[22.45901397,59.95503875],[22.46416348,59.95765042],[22.45984692,59.96277794],[22.45737568,59.95878316],[22.45901397,59.95503875]]],[[[22.63702221,59.96007996],[22.64734926,59.96329762],[22.64012482,59.97081203],[22.63979168,59.97579403],[22.62171063,59.98463018],[22.62472731,59.98915736],[22.60843489,59.98942992],[22.61337865,59.98446892],[22.60076577,59.98178747],[22.60137581,59.9717922],[22.60824885,59.96682332],[22.63702221,59.96007996]]],[[[22.19937574,59.9445175],[22.2045527,59.94670948],[22.20364936,59.94898944],[22.1913425,59.9457699],[22.19937574,59.9445175]]],[[[21.8953276,59.93184325],[21.9064036,59.9370806],[21.90117168,59.93742262],[21.8953276,59.93184325]]],[[[21.7386093,59.92508356],[21.75303044,59.93230935],[21.74752269,59.93411396],[21.73414914,59.92682302],[21.7386093,59.92508356]]],[[[22.55294834,59.9545155],[22.56860156,59.95768029],[22.57211752,59.96457466],[22.56802808,59.96741081],[22.54677765,59.9664002],[22.51430431,59.95631771],[22.52350906,59.95353828],[22.55294834,59.9545155]]],[[[22.47901742,59.94978904],[22.47793119,59.95736754],[22.47303706,59.95653201],[22.47901742,59.94978904]]],[[[22.45775181,59.94770291],[22.45953808,59.95227492],[22.45686218,59.95609715],[22.44769755,59.95136085],[22.45775181,59.94770291]]],[[[22.185628,59.93524675],[22.19550089,59.93818392],[22.18483889,59.93945359],[22.17743593,59.9366849],[22.185628,59.93524675]]],[[[21.92394913,59.9251589],[21.9399299,59.92879195],[21.92188901,59.92777216],[21.92394913,59.9251589]]],[[[22.52939238,59.94665244],[22.53558266,59.9479166],[22.54015955,59.95358187],[22.52261932,59.95176503],[22.52939238,59.94665244]]],[[[22.43664382,59.94259132],[22.43489953,59.94756494],[22.43739952,59.95204845],[22.43147965,59.94485991],[22.43664382,59.94259132]]],[[[22.21141891,59.93456542],[22.21680103,59.93680817],[22.21007337,59.93696235],[22.21141891,59.93456542]]],[[[22.72614407,59.95108098],[22.72827396,59.95311831],[22.71590251,59.95739954],[22.71208305,59.95487021],[22.72614407,59.95108098]]],[[[21.46090425,59.90352283],[21.46877655,59.90697566],[21.46825863,59.90927338],[21.46163592,59.91332753],[21.45349649,59.91156144],[21.46090425,59.90352283]]],[[[22.5591993,59.9447325],[22.5804153,59.9484938],[22.57661095,59.95095339],[22.58638413,59.955757],[22.56717725,59.95422586],[22.55425865,59.94625859],[22.5591993,59.9447325]]],[[[21.82734458,59.91730323],[21.83091074,59.92124712],[21.83000607,59.92509064],[21.82340637,59.9194876],[21.82734458,59.91730323]]],[[[21.9242177,59.92060562],[21.93256087,59.92447574],[21.92551516,59.92490392],[21.9214079,59.92189604],[21.9242177,59.92060562]]],[[[22.27343755,59.93328255],[22.28070686,59.93671958],[22.27190155,59.93719516],[22.27343755,59.93328255]]],[[[22.59506364,59.94398354],[22.59957213,59.94694924],[22.59236472,59.94853187],[22.59506364,59.94398354]]],[[[21.73381763,59.91077282],[21.75257078,59.92029015],[21.72116099,59.91953664],[21.71990231,59.91564563],[21.70950722,59.91241522],[21.71409837,59.91049737],[21.74298157,59.91881087],[21.72670872,59.91180512],[21.73381763,59.91077282]]],[[[22.38194725,59.93499431],[22.38007678,59.94192565],[22.37396849,59.93873525],[22.38194725,59.93499431]]],[[[22.45891897,59.93756555],[22.4617168,59.94706481],[22.45054798,59.94671269],[22.45891897,59.93756555]]],[[[21.78362402,59.9123945],[21.78765327,59.91833195],[21.79377932,59.9180348],[21.7917891,59.92901216],[21.78932528,59.93202809],[21.77204226,59.93029535],[21.77822231,59.92485602],[21.77228277,59.92118677],[21.78087978,59.91747424],[21.77812584,59.91412351],[21.78362402,59.9123945]]],[[[22.34504049,59.9324953],[22.37295247,59.95021012],[22.36634822,59.95397267],[22.36989031,59.96043974],[22.3534629,59.96099235],[22.35294711,59.96419826],[22.33510996,59.96070831],[22.3301154,59.94952341],[22.33411961,59.93978712],[22.34504049,59.9324953]]],[[[21.88656454,59.91508575],[21.88968087,59.92008441],[21.88494879,59.91783288],[21.88656454,59.91508575]]],[[[21.65322461,59.90567697],[21.65950361,59.90850432],[21.65018463,59.91355601],[21.64600765,59.91078151],[21.65322461,59.90567697]]],[[[22.47615174,59.93580712],[22.47629835,59.94070453],[22.47167064,59.94186702],[22.47615174,59.93580712]]],[[[22.25638187,59.9273645],[22.26798203,59.93323367],[22.25324428,59.92864613],[22.25638187,59.9273645]]],[[[22.74291234,59.94391145],[22.74714639,59.94781768],[22.73981019,59.94520813],[22.74291234,59.94391145]]],[[[22.65230656,59.94069685],[22.65948638,59.94277301],[22.65509093,59.94686006],[22.64309376,59.94393113],[22.65230656,59.94069685]]],[[[22.66763861,59.94013823],[22.66452481,59.9446781],[22.66039536,59.94264469],[22.66763861,59.94013823]]],[[[21.88813635,59.91119141],[21.89855522,59.91554882],[21.89060502,59.91562082],[21.88813635,59.91119141]]],[[[22.62182924,59.93728593],[22.62333748,59.93978274],[22.6110098,59.94479716],[22.59751055,59.94465806],[22.60529824,59.93896267],[22.62182924,59.93728593]]],[[[22.18045011,59.92156025],[22.18766525,59.92770993],[22.17767493,59.92945521],[22.16691987,59.92510558],[22.1791902,59.92494919],[22.17777413,59.92271934],[22.18045011,59.92156025]]],[[[22.63594113,59.93670988],[22.65064552,59.93974785],[22.62472099,59.9485315],[22.64366867,59.94779306],[22.65270026,59.94986239],[22.65239113,59.95240427],[22.62426412,59.95453815],[22.62341515,59.9571811],[22.62918525,59.95881094],[22.61164444,59.96584875],[22.58694205,59.96061244],[22.59481016,59.95321907],[22.60311797,59.95238495],[22.60442562,59.94941012],[22.63594113,59.93670988]]],[[[22.75165429,59.94042507],[22.75674535,59.94229702],[22.74744076,59.94316187],[22.75165429,59.94042507]]],[[[21.68020712,59.90143487],[21.68620891,59.90562625],[21.69683442,59.90506808],[21.6987377,59.91120094],[21.68905651,59.91578154],[21.67563303,59.91324502],[21.67065642,59.9076556],[21.67890936,59.90587121],[21.67562516,59.90330992],[21.68020712,59.90143487]]],[[[22.18931925,59.92052638],[22.19575941,59.92304368],[22.18684076,59.92454679],[22.18558629,59.92191219],[22.18931925,59.92052638]]],[[[21.74125308,59.90324237],[21.74712532,59.91177293],[21.73308387,59.90608036],[21.74125308,59.90324237]]],[[[22.71267822,59.93843355],[22.71175214,59.94126184],[22.72045791,59.94384956],[22.72122002,59.94667426],[22.71373099,59.94717348],[22.70382336,59.94232749],[22.71267822,59.93843355]]],[[[21.74618213,59.90268468],[21.76768466,59.90753346],[21.77055472,59.91231877],[21.75517307,59.91465],[21.74618213,59.90268468]]],[[[21.82671251,59.90531726],[21.83116393,59.91152964],[21.82488193,59.91030678],[21.82671251,59.90531726]]],[[[22.62386494,59.93413056],[22.63087737,59.93525805],[22.62657007,59.93770237],[22.62120151,59.93574541],[22.62386494,59.93413056]]],[[[22.27384222,59.92117796],[22.25843005,59.92141554],[22.27384222,59.92117796]]],[[[22.48778568,59.92795904],[22.48480759,59.93537461],[22.4831543,59.93089826],[22.48778568,59.92795904]]],[[[22.07435816,59.91262876],[22.08102084,59.91536197],[22.07379792,59.91623898],[22.07138083,59.91356112],[22.07435816,59.91262876]]],[[[22.49437614,59.9276088],[22.49694195,59.92964467],[22.49229619,59.93488139],[22.49122866,59.93092295],[22.49437614,59.9276088]]],[[[21.89866557,59.90582715],[21.9069018,59.90876832],[21.89722433,59.91030802],[21.89866557,59.90582715]]],[[[22.72455751,59.9350256],[22.72685688,59.93666594],[22.72412508,59.94112841],[22.71510808,59.93866364],[22.72455751,59.9350256]]],[[[22.47930584,59.92645941],[22.48218489,59.92891866],[22.48166324,59.93803539],[22.4780327,59.94063409],[22.47993996,59.93908265],[22.47707833,59.93696103],[22.47739538,59.9317075],[22.47381886,59.93157226],[22.47353331,59.92845493],[22.47930584,59.92645941]]],[[[21.8706766,59.90347553],[21.88686812,59.90991824],[21.87295187,59.91233341],[21.86898141,59.90733816],[21.8706766,59.90347553]]],[[[22.35759601,59.92103602],[22.36470053,59.92249809],[22.37606579,59.93182923],[22.37566618,59.93642617],[22.35867801,59.93818023],[22.35645124,59.93278989],[22.34545704,59.9289454],[22.35759601,59.92103602]]],[[[22.74767266,59.93394828],[22.75481633,59.93548726],[22.74912623,59.93762085],[22.7456331,59.93555116],[22.74767266,59.93394828]]],[[[21.80874461,59.90009209],[21.81688941,59.90244826],[21.81837533,59.90567504],[21.80503162,59.90259002],[21.80874461,59.90009209]]],[[[21.79404937,59.89934822],[21.80637905,59.90351686],[21.78817391,59.90356749],[21.79404937,59.89934822]]],[[[22.49820995,59.92373183],[22.51536722,59.92693482],[22.51690021,59.93318735],[22.50876022,59.93555885],[22.51891362,59.94029269],[22.50703825,59.94995626],[22.50035987,59.94966107],[22.50021828,59.95468996],[22.49702337,59.95427169],[22.49195245,59.94119031],[22.50114309,59.93517117],[22.49820995,59.92373183]]],[[[22.40785358,59.92057191],[22.42535692,59.92738852],[22.42499232,59.95063942],[22.43091756,59.95415072],[22.43587824,59.96545359],[22.42783895,59.97875713],[22.42403736,59.97945904],[22.41516497,59.97080353],[22.41526855,59.96184791],[22.40711815,59.95933731],[22.40292212,59.95638345],[22.4039456,59.95321864],[22.39348737,59.94757113],[22.39757417,59.94164479],[22.3964194,59.93626284],[22.40785358,59.92057191]]],[[[22.47370623,59.92144899],[22.47628328,59.92565159],[22.46988818,59.93202194],[22.47314775,59.93582237],[22.46386299,59.9414897],[22.46454582,59.93617917],[22.45986576,59.93333129],[22.45785681,59.92531305],[22.47370623,59.92144899]]],[[[21.66485183,59.89076914],[21.66754696,59.89414611],[21.65712785,59.89564054],[21.65545394,59.89309291],[21.66485183,59.89076914]]],[[[22.48078052,59.9203082],[22.4859147,59.92440252],[22.48465613,59.92635367],[22.47827815,59.92150427],[22.48078052,59.9203082]]],[[[22.71936132,59.92794832],[22.72175832,59.9319419],[22.71541522,59.93113366],[22.71936132,59.92794832]]],[[[22.44851619,59.91838017],[22.45211176,59.91965827],[22.44886132,59.92349129],[22.44472659,59.91942917],[22.44851619,59.91838017]]],[[[22.41473352,59.91689785],[22.42512954,59.92051346],[22.41910057,59.9216664],[22.41473352,59.91689785]]],[[[22.64996558,59.9246882],[22.65412068,59.92564678],[22.65134441,59.92772113],[22.64537006,59.92507157],[22.64996558,59.9246882]]],[[[22.18561337,59.9083461],[22.18265052,59.91259586],[22.178218,59.91020761],[22.18561337,59.9083461]]],[[[22.76841945,59.92771085],[22.75615901,59.9339127],[22.74847112,59.93105858],[22.75410413,59.92768675],[22.76841945,59.92771085]]],[[[22.6405909,59.92331657],[22.64495267,59.92720421],[22.63672465,59.926718],[22.6405909,59.92331657]]],[[[22.50878499,59.91884981],[22.51483462,59.92329226],[22.51190051,59.9240844],[22.50878499,59.91884981]]],[[[22.45570132,59.91441785],[22.46633423,59.91938858],[22.46522041,59.92235859],[22.45174029,59.92484737],[22.45080723,59.92225393],[22.45611549,59.91982212],[22.45284147,59.91530857],[22.45570132,59.91441785]]],[[[22.51952704,59.91632644],[22.52543026,59.92005756],[22.5175825,59.91994936],[22.51599969,59.91774725],[22.51952704,59.91632644]]],[[[22.12720501,59.90191737],[22.13356519,59.90443783],[22.12341868,59.90481256],[22.12720501,59.90191737]]],[[[22.48128749,59.91111828],[22.48434545,59.91576636],[22.47754924,59.91275635],[22.48128749,59.91111828]]],[[[22.35421725,59.90559759],[22.3745162,59.90985487],[22.38558559,59.92289983],[22.37439755,59.92455929],[22.3544227,59.91279736],[22.3498247,59.90643308],[22.35421725,59.90559759]]],[[[22.3896735,59.90680545],[22.39855036,59.9073142],[22.40264015,59.91096488],[22.39991937,59.9146868],[22.37955896,59.91358403],[22.37899626,59.90903974],[22.3896735,59.90680545]]],[[[22.42042549,59.90755054],[22.42987021,59.90974246],[22.41658415,59.90885897],[22.42042549,59.90755054]]],[[[21.65442687,59.87860082],[21.65731868,59.88028189],[21.65135088,59.88323353],[21.65442687,59.87860082]]],[[[22.43887443,59.90757007],[22.44129687,59.91274693],[22.44657188,59.91378768],[22.43545337,59.91500093],[22.43840528,59.91109859],[22.43569196,59.90926321],[22.43887443,59.90757007]]],[[[21.60362771,59.87570193],[21.60657188,59.88068674],[21.61417702,59.88347578],[21.59927905,59.88023557],[21.60362771,59.87570193]]],[[[21.76715119,59.87953214],[21.77405478,59.88414986],[21.76319776,59.88897055],[21.75776444,59.88685416],[21.76015376,59.88144368],[21.76715119,59.87953214]]],[[[22.49085022,59.90526352],[22.49873187,59.90987503],[22.48861868,59.9081753],[22.49085022,59.90526352]]],[[[22.43879779,59.90179667],[22.44056645,59.90633612],[22.43246826,59.90338698],[22.43879779,59.90179667]]],[[[22.48417843,59.90236935],[22.48530885,59.90677179],[22.47860111,59.90293597],[22.48417843,59.90236935]]],[[[21.74756729,59.87470417],[21.75945299,59.87833813],[21.74756729,59.87470417]]],[[[22.58636313,59.9031148],[22.58842285,59.90643973],[22.5844777,59.90957242],[22.57801723,59.90792338],[22.58636313,59.9031148]]],[[[21.91761707,59.87664631],[21.91980022,59.87859451],[21.91474718,59.88194125],[21.90159944,59.88105304],[21.91761707,59.87664631]]],[[[22.60814873,59.90064772],[22.61424624,59.90380587],[22.60240307,59.9047414],[22.60073465,59.90774924],[22.58891709,59.90721694],[22.59282755,59.90156428],[22.60814873,59.90064772]]],[[[21.85043652,59.8726516],[21.85753937,59.87460792],[21.84753669,59.87347048],[21.85043652,59.8726516]]],[[[22.37289657,59.89176597],[22.39392903,59.89480408],[22.40244983,59.90005271],[22.36929462,59.90046047],[22.36877607,59.89170603],[22.37289657,59.89176597]]],[[[22.42913692,59.89263207],[22.43429415,59.89447659],[22.43137265,59.89670621],[22.42500071,59.89443341],[22.42913692,59.89263207]]],[[[22.54523687,59.89583364],[22.55025371,59.89906102],[22.5481307,59.90123072],[22.56049783,59.90670642],[22.53656878,59.90609153],[22.5408171,59.90043969],[22.54003732,59.89647057],[22.54523687,59.89583364]]],[[[22.40010096,59.88953754],[22.41840769,59.89045987],[22.42437122,59.89619679],[22.41067966,59.89522735],[22.41023195,59.89199724],[22.39901089,59.89268466],[22.3972138,59.89117161],[22.40010096,59.88953754]]],[[[22.55564181,59.89331329],[22.56107997,59.89767316],[22.55564181,59.89331329]]],[[[22.06869867,59.87578478],[22.07261649,59.87686986],[22.05465272,59.87857224],[22.06869867,59.87578478]]],[[[22.04745254,59.87194655],[22.05221034,59.87671591],[22.04287884,59.87742646],[22.04112804,59.87316962],[22.04745254,59.87194655]]],[[[22.56548298,59.88735733],[22.57068661,59.88925009],[22.55735503,59.88978133],[22.56548298,59.88735733]]],[[[22.07014564,59.86927288],[22.08186174,59.87136296],[22.07178921,59.87223226],[22.06842727,59.87081414],[22.07014564,59.86927288]]],[[[22.37770145,59.88022041],[22.38544452,59.88220479],[22.38150568,59.8840925],[22.37286201,59.88175724],[22.37770145,59.88022041]]],[[[22.5745699,59.88532155],[22.58442762,59.88773858],[22.57548029,59.89015949],[22.57063148,59.88600719],[22.5745699,59.88532155]]],[[[21.96526648,59.86054911],[21.97159657,59.8664541],[21.96912806,59.86975315],[21.96129904,59.87012589],[21.96132926,59.862948],[21.96526648,59.86054911]]],[[[22.37912591,59.87567786],[22.3935244,59.88117115],[22.37380015,59.87727839],[22.37912591,59.87567786]]],[[[22.54373061,59.88077645],[22.5536011,59.88218538],[22.54681921,59.88321969],[22.54661748,59.88625388],[22.55217974,59.88842981],[22.53632106,59.88549657],[22.5388757,59.88424307],[22.53686449,59.8818667],[22.54373061,59.88077645]]],[[[22.19067711,59.86730801],[22.21545619,59.87410875],[22.20248251,59.8772889],[22.18152969,59.87640489],[22.17456302,59.867858],[22.19067711,59.86730801]]],[[[22.15025954,59.86496605],[22.15810873,59.86759937],[22.14647046,59.86776039],[22.15025954,59.86496605]]],[[[22.48267513,59.87539066],[22.50118077,59.8858208],[22.51861842,59.88581704],[22.53139836,59.89737275],[22.52610935,59.90034851],[22.51240064,59.89879926],[22.49419526,59.89442388],[22.48969451,59.88787006],[22.47770472,59.88982234],[22.47399484,59.88746002],[22.47677183,59.88520323],[22.47336707,59.87885331],[22.48267513,59.87539066]]],[[[22.32945662,59.86928179],[22.33410724,59.87034383],[22.32137331,59.87074134],[22.32945662,59.86928179]]],[[[21.96797986,59.8557457],[21.97530937,59.85893241],[21.96634178,59.8589144],[21.96797986,59.8557457]]],[[[21.43325458,59.83382037],[21.4355375,59.83754182],[21.42298897,59.83634088],[21.43325458,59.83382037]]],[[[22.3271543,59.86711323],[22.32910636,59.86827345],[22.31527197,59.86928842],[22.3271543,59.86711323]]],[[[22.13038316,59.85946946],[22.13778839,59.86230505],[22.12035591,59.86448937],[22.13038316,59.85946946]]],[[[22.55305235,59.87400663],[22.55067286,59.87662481],[22.54203162,59.87539045],[22.55305235,59.87400663]]],[[[22.09329392,59.85758705],[22.10087297,59.8633849],[22.09989624,59.86540219],[22.06975466,59.8598183],[22.07185884,59.85721388],[22.08550418,59.85988038],[22.09329392,59.85758705]]],[[[21.98389263,59.85199703],[21.98067636,59.85705522],[21.9715786,59.85363199],[21.98389263,59.85199703]]],[[[22.40928234,59.86753136],[22.41717058,59.8709106],[22.41098802,59.87316195],[22.40556527,59.86901643],[22.40928234,59.86753136]]],[[[22.39292591,59.86638813],[22.39677935,59.86878256],[22.38632104,59.86783129],[22.39292591,59.86638813]]],[[[22.14890976,59.85619687],[22.15894954,59.8582978],[22.14886161,59.86158103],[22.13890973,59.85981104],[22.14890976,59.85619687]]],[[[22.09257803,59.85355221],[22.10229758,59.85662345],[22.09406964,59.85645988],[22.09257803,59.85355221]]],[[[21.56926444,59.83094546],[21.57586972,59.83390711],[21.56545048,59.83251965],[21.56926444,59.83094546]]],[[[22.36136554,59.86037884],[22.36923375,59.86387729],[22.36141719,59.86515711],[22.3593551,59.8622723],[22.36136554,59.86037884]]],[[[22.19004198,59.85372674],[22.19327226,59.85530498],[22.19223383,59.85807118],[22.18530062,59.85721069],[22.19004198,59.85372674]]],[[[22.53866207,59.8648026],[22.53842706,59.86755812],[22.53118924,59.86648885],[22.53866207,59.8648026]]],[[[22.20244165,59.85231736],[22.20886528,59.85842925],[22.20349019,59.86027513],[22.19457221,59.85501585],[22.19543609,59.85216246],[22.20244165,59.85231736]]],[[[22.04171406,59.8456166],[22.04957556,59.85151189],[22.04561544,59.85337806],[22.03418479,59.84811367],[22.04171406,59.8456166]]],[[[22.33538204,59.85611225],[22.33852344,59.85894918],[22.32917278,59.86342987],[22.30999162,59.86437407],[22.32760613,59.86152027],[22.31760217,59.85781876],[22.32151743,59.85645185],[22.33538204,59.85611225]]],[[[22.11639306,59.84534382],[22.13509355,59.85238555],[22.12241679,59.853218],[22.11307993,59.84826413],[22.11639306,59.84534382]]],[[[22.19461415,59.84751799],[22.19696286,59.84952047],[22.19451205,59.85124056],[22.18599658,59.85035174],[22.19461415,59.84751799]]],[[[22.34051339,59.85210759],[22.3474546,59.85393707],[22.33367963,59.85403967],[22.34051339,59.85210759]]],[[[22.50764835,59.8562142],[22.51037598,59.85733779],[22.49740997,59.86191525],[22.49201307,59.85922715],[22.50764835,59.8562142]]],[[[22.32661941,59.84878302],[22.33345393,59.85292364],[22.32223851,59.85539197],[22.31679132,59.85325665],[22.32661941,59.84878302]]],[[[22.52832066,59.85512496],[22.53282501,59.8569933],[22.5222558,59.85721684],[22.52832066,59.85512496]]],[[[22.49075099,59.85348561],[22.49744405,59.85487668],[22.48960301,59.85862389],[22.48336228,59.85633372],[22.49075099,59.85348561]]],[[[22.12180726,59.83915805],[22.13375927,59.84508886],[22.12945221,59.84716139],[22.11723526,59.84340378],[22.12180726,59.83915805]]],[[[22.36659609,59.84771473],[22.37062073,59.85454693],[22.3621084,59.85259514],[22.36659609,59.84771473]]],[[[22.47511308,59.85082357],[22.47580314,59.85287603],[22.46888327,59.85536683],[22.4624366,59.8536656],[22.47511308,59.85082357]]],[[[22.33652094,59.84503221],[22.33953301,59.85170833],[22.32699775,59.84805908],[22.33652094,59.84503221]]],[[[22.41808764,59.84751262],[22.42513302,59.85138145],[22.44126768,59.85075045],[22.45727361,59.85462545],[22.46628951,59.86230511],[22.48996726,59.86108018],[22.5059571,59.86660218],[22.50653646,59.87173649],[22.51435822,59.8762959],[22.48676291,59.87730024],[22.48053904,59.87147897],[22.46825394,59.86918486],[22.45161946,59.87325651],[22.44245354,59.86969647],[22.44197489,59.86444526],[22.43694738,59.86252964],[22.4246387,59.86678896],[22.41925596,59.8647056],[22.42119863,59.86116288],[22.41587367,59.8609872],[22.41322471,59.86426594],[22.41080842,59.85894355],[22.41761047,59.85463563],[22.41086961,59.85300291],[22.41425187,59.84758381],[22.41808764,59.84751262]]],[[[22.4935903,59.85012033],[22.49667951,59.85276195],[22.48312092,59.85130533],[22.4935903,59.85012033]]],[[[21.57799337,59.8154992],[21.58155394,59.81935182],[21.61069923,59.82641645],[21.62409838,59.82420669],[21.63182048,59.82686396],[21.63351068,59.83078428],[21.60027488,59.83274649],[21.58550282,59.82746835],[21.5761228,59.82034179],[21.57498328,59.81559561],[21.57799337,59.8154992]]],[[[22.44874226,59.84766148],[22.45756981,59.84909156],[22.44460027,59.84925579],[22.44874226,59.84766148]]],[[[22.39458518,59.84338592],[22.40885939,59.85306841],[22.40375935,59.85649044],[22.39585089,59.85118061],[22.39316383,59.85374006],[22.40161818,59.85922485],[22.39956026,59.86080844],[22.38472431,59.85961121],[22.3818608,59.85646664],[22.39147918,59.85339087],[22.38306303,59.84981812],[22.37660503,59.8518921],[22.37294862,59.84779115],[22.39458518,59.84338592]]],[[[22.0340684,59.82995549],[22.04313901,59.83273044],[22.0340684,59.82995549]]],[[[22.49831288,59.84619331],[22.5034402,59.84714539],[22.49302176,59.84849463],[22.49831288,59.84619331]]],[[[22.46160841,59.8448904],[22.47341506,59.84865141],[22.46058238,59.85138742],[22.4589451,59.84698998],[22.46160841,59.8448904]]],[[[22.49038358,59.84519593],[22.49617687,59.84621795],[22.48517223,59.84842699],[22.49038358,59.84519593]]],[[[22.07196479,59.82649259],[22.07271091,59.83019054],[22.06396558,59.82746051],[22.07196479,59.82649259]]],[[[21.79603987,59.81520776],[21.79411525,59.81802631],[21.78603424,59.81778925],[21.79603987,59.81520776]]],[[[22.08442529,59.82161494],[22.08739318,59.82567316],[22.08048783,59.82453408],[22.08442529,59.82161494]]],[[[22.13470748,59.8226384],[22.13720537,59.82644063],[22.12716902,59.82544415],[22.13470748,59.8226384]]],[[[22.41797532,59.83123955],[22.41945352,59.83380758],[22.41301644,59.83480806],[22.41797532,59.83123955]]],[[[22.16544548,59.82208891],[22.16987407,59.82306063],[22.1695286,59.8264849],[22.15971643,59.82527515],[22.16544548,59.82208891]]],[[[22.37611447,59.82907069],[22.37864889,59.83130362],[22.3745995,59.83369384],[22.3731931,59.83037906],[22.37611447,59.82907069]]],[[[22.42595808,59.83030026],[22.42241965,59.8362163],[22.42785411,59.83846683],[22.40874082,59.84025077],[22.42595808,59.83030026]]],[[[22.44020339,59.82959842],[22.43989051,59.83276501],[22.43421168,59.83523316],[22.43425886,59.83089961],[22.44020339,59.82959842]]],[[[21.37922852,59.78636281],[21.38211682,59.79118292],[21.3763342,59.79357502],[21.36551742,59.79045145],[21.37922852,59.78636281]]],[[[22.37847504,59.81965135],[22.38299964,59.82585807],[22.37295565,59.8283943],[22.37122705,59.82359415],[22.37847504,59.81965135]]],[[[22.42311688,59.81910112],[22.42737284,59.8223455],[22.42265143,59.82437803],[22.41818696,59.82240146],[22.42311688,59.81910112]]],[[[22.40685654,59.81660182],[22.41246743,59.82080539],[22.40574387,59.8233113],[22.40685654,59.81660182]]],[[[21.37282301,59.7757469],[21.38135744,59.77675592],[21.3825904,59.78081134],[21.369029,59.7827861],[21.36940759,59.78587875],[21.35748908,59.78258893],[21.37282301,59.7757469]]],[[[22.09132849,59.80431229],[22.09634603,59.80915281],[22.09188247,59.80913801],[22.08874215,59.80486037],[22.09132849,59.80431229]]],[[[21.38344275,59.77264406],[21.38732933,59.77518525],[21.37858601,59.77516213],[21.38344275,59.77264406]]],[[[22.42502184,59.8108413],[22.42679814,59.81188833],[22.42106994,59.8142131],[22.41780005,59.81155646],[22.42502184,59.8108413]]],[[[22.37657616,59.80808865],[22.38339259,59.81531115],[22.37270598,59.8148218],[22.37657616,59.80808865]]],[[[22.38788471,59.80786127],[22.39386766,59.81167628],[22.40463271,59.81211272],[22.40367585,59.81789906],[22.39674959,59.82345992],[22.38441664,59.82207307],[22.37848658,59.81731743],[22.38666731,59.81408233],[22.38249641,59.80972131],[22.38788471,59.80786127]]],[[[22.3133178,59.80197002],[22.32099994,59.80288189],[22.32068521,59.80818677],[22.33854179,59.80455106],[22.3406763,59.80864609],[22.33472255,59.81144315],[22.33804108,59.81330005],[22.32984244,59.81352659],[22.32154518,59.82128408],[22.32407986,59.82488476],[22.32193808,59.82635782],[22.3192102,59.82500762],[22.32047032,59.81919205],[22.31749026,59.81263275],[22.30914444,59.80246733],[22.3133178,59.80197002]]],[[[22.39126303,59.80142623],[22.39574426,59.805317],[22.3834685,59.80528729],[22.39126303,59.80142623]]],[[[22.37379929,59.77589077],[22.38251907,59.77844058],[22.37806625,59.78306102],[22.3710457,59.78339921],[22.37598593,59.7802775],[22.3709859,59.77750838],[22.37379929,59.77589077]]],[[[22.70267011,59.75809873],[22.70606279,59.7606798],[22.69733789,59.76239434],[22.70267011,59.75809873]]]]}},{"type":"Feature","properties":{"code":"SAT","name":"Satakunta","sourceCode":"04"},"geometry":{"type":"MultiPolygon","coordinates":[[[[21.35891145,61.93049738],[21.36491319,61.93340696],[21.35517279,61.93591412],[21.35891145,61.93049738]]],[[[21.36650648,61.92339705],[21.37526268,61.92435668],[21.37667064,61.9278624],[21.36555284,61.93119555],[21.36313461,61.92580849],[21.36650648,61.92339705]]],[[[21.35802182,61.92173421],[21.35927865,61.9236807],[21.35604697,61.92529485],[21.35816225,61.92897393],[21.34935404,61.93070016],[21.3494348,61.92458606],[21.35802182,61.92173421]]],[[[21.42652146,61.90095855],[21.42952662,61.90249188],[21.42097805,61.90347831],[21.42652146,61.90095855]]],[[[21.44308338,61.89270527],[21.43453965,61.90126318],[21.42917027,61.89981101],[21.44308338,61.89270527]]],[[[21.46115505,61.88022167],[21.45495399,61.88924381],[21.44661434,61.88637151],[21.46115505,61.88022167]]],[[[21.3613626,61.84718945],[21.36511571,61.84836767],[21.36076499,61.85232396],[21.35618119,61.85050591],[21.3613626,61.84718945]]],[[[21.32970244,61.84018756],[21.33170344,61.84510517],[21.33638416,61.84333177],[21.34224301,61.85115191],[21.33057815,61.84867208],[21.33352107,61.84647687],[21.32745197,61.84568959],[21.32970244,61.84018756]]],[[[21.46264744,61.83941489],[21.45941248,61.84263942],[21.46010999,61.84674844],[21.45225724,61.84490282],[21.44326583,61.85034736],[21.4335151,61.84824065],[21.43292349,61.84566245],[21.43977469,61.84073005],[21.46264744,61.83941489]]],[[[21.51212602,61.82131511],[21.5141984,61.82251092],[21.51169852,61.82474684],[21.50582802,61.82542024],[21.50553053,61.82287281],[21.51212602,61.82131511]]],[[[21.50329754,61.81958837],[21.50720226,61.82088479],[21.50359729,61.82102449],[21.50270654,61.82598974],[21.49907326,61.82749653],[21.49809775,61.82502894],[21.50329754,61.81958837]]],[[[21.50948363,61.81470026],[21.51494524,61.81801671],[21.5087128,61.82037409],[21.50519639,61.81809438],[21.50948363,61.81470026]]],[[[21.49621243,61.81024471],[21.50204876,61.81272858],[21.49573194,61.81610894],[21.49801737,61.81840122],[21.48702674,61.8189643],[21.49621243,61.81024471]]],[[[21.42514231,61.76061863],[21.42451272,61.76425469],[21.40349818,61.76541379],[21.42514231,61.76061863]]],[[[21.4583201,61.75140898],[21.46004363,61.7535453],[21.45667983,61.75591458],[21.45279272,61.752915],[21.4583201,61.75140898]]],[[[21.52917588,61.74825382],[21.5322187,61.7504198],[21.52727194,61.75466781],[21.53216513,61.75645567],[21.51713229,61.76498694],[21.50178195,61.76554414],[21.50177665,61.76274571],[21.5152469,61.7595956],[21.51993834,61.74961986],[21.52917588,61.74825382]]],[[[21.53415765,61.74353984],[21.54769037,61.74578112],[21.54065198,61.74903304],[21.52751278,61.7460248],[21.53415765,61.74353984]]],[[[21.49606673,61.70348595],[21.50144586,61.70782996],[21.49271765,61.71169055],[21.48590764,61.70761412],[21.49606673,61.70348595]]],[[[21.42598446,61.69949069],[21.438477,61.70118016],[21.43481797,61.70401089],[21.41998434,61.70366908],[21.42598446,61.69949069]]],[[[21.44736452,61.69529255],[21.4498568,61.6981261],[21.44432521,61.70070464],[21.44736452,61.69529255]]],[[[21.39315846,61.69102535],[21.39929742,61.69432181],[21.39133404,61.69373146],[21.39315846,61.69102535]]],[[[21.48948012,61.69441941],[21.49679211,61.69711524],[21.48898853,61.69820502],[21.48659642,61.69554366],[21.48948012,61.69441941]]],[[[21.37442415,61.67659809],[21.37738074,61.67764208],[21.37616188,61.68011922],[21.36952595,61.68530353],[21.36170057,61.68478095],[21.37442415,61.67659809]]],[[[21.5013964,61.66620256],[21.51308769,61.66904067],[21.50692137,61.67213031],[21.49963464,61.66818543],[21.48860552,61.67277051],[21.48958426,61.66766457],[21.5013964,61.66620256]]],[[[21.37646284,61.65745043],[21.38030206,61.66036081],[21.37833555,61.66600028],[21.37372741,61.66384723],[21.37796243,61.65932515],[21.37646284,61.65745043]]],[[[21.52358681,61.65950178],[21.53390504,61.664147],[21.51988308,61.66557752],[21.51492882,61.66227263],[21.52358681,61.65950178]]],[[[21.41103316,61.64885497],[21.41343355,61.65005809],[21.40903287,61.65141725],[21.41051656,61.6540678],[21.40217407,61.65543576],[21.41103316,61.64885497]]],[[[21.4642063,61.6492676],[21.46901319,61.65014027],[21.46931658,61.65334001],[21.47603044,61.65324281],[21.47214746,61.65475198],[21.47358957,61.65712819],[21.46759676,61.66452019],[21.46879104,61.66687632],[21.44873045,61.66896361],[21.44714669,61.6748442],[21.43978446,61.67943252],[21.41494807,61.67873211],[21.41432113,61.67595611],[21.43147789,61.66819266],[21.45313038,61.6650049],[21.44491803,61.65969311],[21.45930515,61.64930396],[21.4642063,61.6492676]]],[[[21.43003908,61.64369955],[21.42607321,61.64597035],[21.41055844,61.64381972],[21.43003908,61.64369955]]],[[[21.43332048,61.63593879],[21.44551625,61.63787624],[21.43505871,61.64116125],[21.43077074,61.63939657],[21.43332048,61.63593879]]],[[[21.57113525,61.63560324],[21.58325658,61.63693691],[21.58105137,61.63843841],[21.58335642,61.63947222],[21.56765898,61.63747],[21.57113525,61.63560324]]],[[[21.56859903,61.63225396],[21.56818735,61.63494976],[21.55689104,61.63469118],[21.56859903,61.63225396]]],[[[21.53392085,61.6261704],[21.53259753,61.6331567],[21.52979427,61.62906694],[21.53392085,61.6261704]]],[[[21.54540464,61.62615927],[21.55436263,61.62867918],[21.55400589,61.63181795],[21.54093626,61.63552367],[21.53510229,61.63123477],[21.54540464,61.62615927]]],[[[21.50499964,61.61837912],[21.51337468,61.62129639],[21.5086115,61.62660674],[21.52645453,61.62659317],[21.53009671,61.63322378],[21.51283873,61.63989408],[21.47409799,61.6450379],[21.46849913,61.6488257],[21.47453977,61.63787799],[21.47025264,61.63424286],[21.47730917,61.62594033],[21.45190026,61.6269307],[21.44496528,61.62461429],[21.46559623,61.61875239],[21.4816133,61.62238418],[21.50499964,61.61837912]]],[[[21.36514058,61.61125737],[21.37269634,61.61625135],[21.36391721,61.6153651],[21.36514058,61.61125737]]],[[[21.60368415,61.62006823],[21.6071102,61.62123146],[21.59222453,61.62348012],[21.60368415,61.62006823]]],[[[21.58203443,61.61810657],[21.58698581,61.62213168],[21.57544966,61.62621657],[21.5534532,61.62469193],[21.58203443,61.61810657]]],[[[21.4549091,61.6044689],[21.45593696,61.60792288],[21.44175945,61.61653487],[21.42556472,61.62113269],[21.42312905,61.62645934],[21.42476036,61.62920628],[21.44103733,61.62757509],[21.44370383,61.63090288],[21.43368861,61.63134746],[21.4133806,61.6398057],[21.38574088,61.63623646],[21.38385746,61.62975363],[21.3959584,61.62607509],[21.40065906,61.63079277],[21.41376377,61.62911337],[21.41493386,61.62024069],[21.43638832,61.60833955],[21.4549091,61.6044689]]],[[[21.6149361,61.58987636],[21.60339914,61.59749563],[21.59530045,61.59721975],[21.60178453,61.59215096],[21.6149361,61.58987636]]],[[[21.64873714,61.57166508],[21.64955713,61.57373286],[21.63245313,61.57809108],[21.63766507,61.57385271],[21.64873714,61.57166508]]],[[[21.65676031,61.55921254],[21.6709438,61.56092136],[21.64491894,61.56495289],[21.65694655,61.56231042],[21.65676031,61.55921254]]],[[[21.68161492,61.55414892],[21.68378602,61.55499472],[21.67614584,61.55944635],[21.66104017,61.55921518],[21.66874947,61.55472348],[21.68161492,61.55414892]]],[[[21.69294562,61.55371394],[21.68083978,61.55801255],[21.69294562,61.55371394]]],[[[21.44248378,61.53611159],[21.44775004,61.5386319],[21.44865197,61.5439432],[21.44248378,61.53611159]]],[[[21.43520448,61.53539619],[21.43298341,61.53773864],[21.44005408,61.53989941],[21.4398162,61.54333589],[21.4356206,61.5430574],[21.43054095,61.53691269],[21.43520448,61.53539619]]],[[[21.47056272,61.52932832],[21.4760047,61.53022764],[21.4643316,61.53160664],[21.47056272,61.52932832]]],[[[21.44748293,61.51629623],[21.45333133,61.51706109],[21.43935611,61.5196026],[21.44748293,61.51629623]]],[[[21.34350796,61.47085801],[21.3618687,61.47402682],[21.36572631,61.47962997],[21.35314292,61.48390504],[21.35344475,61.48152468],[21.33503938,61.47674998],[21.34350796,61.47085801]]],[[[21.37585792,61.42291978],[21.38209192,61.42453513],[21.38007041,61.42706831],[21.37307397,61.42588149],[21.37585792,61.42291978]]],[[[21.36804411,61.41936583],[21.36371409,61.42550043],[21.35482669,61.42646684],[21.35375292,61.42219427],[21.36804411,61.41936583]]],[[[21.37723552,61.40401687],[21.3823084,61.40806028],[21.3645394,61.4094033],[21.36138876,61.41403476],[21.34574624,61.41404801],[21.37723552,61.40401687]]],[[[21.48563588,61.4072233],[21.4892756,61.4098865],[21.48141551,61.40956802],[21.48563588,61.4072233]]],[[[21.50130963,61.39910496],[21.50772674,61.40104532],[21.49453588,61.40682919],[21.48571309,61.40315738],[21.50130963,61.39910496]]],[[[21.40925019,61.39496431],[21.40846119,61.39890025],[21.40279106,61.40148267],[21.39374199,61.40066554],[21.40925019,61.39496431]]],[[[21.50675357,61.3942228],[21.51331771,61.39808594],[21.50953664,61.39855645],[21.50675357,61.3942228]]],[[[21.42664215,61.38713824],[21.42699991,61.39094286],[21.41417274,61.39196235],[21.42664215,61.38713824]]],[[[21.49632777,61.38473837],[21.49994986,61.39457303],[21.48670097,61.39458711],[21.44306783,61.4077839],[21.4623339,61.40075177],[21.47010252,61.39222659],[21.49632777,61.38473837]]],[[[21.51991307,61.38252474],[21.52920736,61.38484662],[21.52057776,61.39408816],[21.51636719,61.39536194],[21.5070298,61.3906616],[21.51991307,61.38252474]]],[[[21.38232489,61.37507399],[21.37970511,61.37788684],[21.37206405,61.37682049],[21.38232489,61.37507399]]],[[[21.43229419,61.37674016],[21.43537659,61.37725206],[21.43425418,61.38358395],[21.41935861,61.38506011],[21.43229419,61.37674016]]],[[[21.43688619,61.35988467],[21.44151662,61.36296345],[21.44156201,61.37087569],[21.43816381,61.37399678],[21.42025629,61.37695574],[21.42997518,61.36746773],[21.42915212,61.36412668],[21.43688619,61.35988467]]],[[[21.42163629,61.35919056],[21.41596837,61.36400539],[21.41011375,61.36318203],[21.42163629,61.35919056]]],[[[21.47506349,61.35535252],[21.46983219,61.35905539],[21.46382261,61.35708549],[21.47506349,61.35535252]]],[[[21.50799937,61.34079903],[21.51485619,61.34271982],[21.50035018,61.34874289],[21.4977294,61.35475444],[21.48961584,61.35699739],[21.47768584,61.35558082],[21.4834223,61.35114076],[21.46569553,61.35123054],[21.46329209,61.34587492],[21.47202172,61.34451387],[21.47476279,61.34700213],[21.49491253,61.34108582],[21.50799937,61.34079903]]],[[[21.48355972,61.33071635],[21.48513338,61.33369438],[21.47918819,61.3346488],[21.48355972,61.33071635]]],[[[21.54250487,61.31138483],[21.5450434,61.31460287],[21.53749904,61.31722612],[21.54250487,61.31138483]]],[[[21.53638358,61.31044217],[21.53854151,61.31230414],[21.53400495,61.31612348],[21.51994181,61.3150964],[21.53638358,61.31044217]]],[[[21.49848857,61.29054413],[21.50023485,61.29184984],[21.49352007,61.29477329],[21.49235524,61.29997172],[21.46779017,61.30083966],[21.4696772,61.29535595],[21.49192251,61.29382147],[21.49848857,61.29054413]]],[[[21.35534508,61.26396931],[21.3669991,61.26758401],[21.34851073,61.26728207],[21.35534508,61.26396931]]],[[[21.40063408,61.25524305],[21.39066393,61.260042],[21.38424829,61.25937449],[21.40063408,61.25524305]]],[[[21.41975468,61.2320892],[21.42656097,61.23314643],[21.41656772,61.23651773],[21.40626995,61.23399513],[21.41975468,61.2320892]]],[[[21.55370708,61.23284977],[21.53573467,61.23899286],[21.52545377,61.23815142],[21.55370708,61.23284977]]],[[[21.42202738,61.22720228],[21.42470296,61.22756324],[21.41866272,61.23003644],[21.40875863,61.22867794],[21.42202738,61.22720228]]],[[[21.44126834,61.22356447],[21.44561623,61.22415482],[21.4302812,61.22533257],[21.44126834,61.22356447]]],[[[21.36786607,61.21681216],[21.3747167,61.21847649],[21.36390101,61.21830146],[21.36786607,61.21681216]]],[[[21.41424102,61.21558767],[21.41904925,61.21657133],[21.41422877,61.22232008],[21.4047325,61.22000638],[21.41424102,61.21558767]]],[[[21.51229753,61.2183039],[21.52053699,61.21964866],[21.51799907,61.23014679],[21.52470832,61.23420222],[21.51842546,61.23960647],[21.50006974,61.24191518],[21.49831479,61.24636799],[21.44296639,61.24990943],[21.41979421,61.24364519],[21.43259348,61.23894152],[21.42496219,61.23651058],[21.43061623,61.23436406],[21.45840955,61.23532435],[21.46817623,61.23154545],[21.4604956,61.22940458],[21.48356348,61.22754614],[21.49546237,61.22398199],[21.49952266,61.21839653],[21.51229753,61.2183039]]],[[[21.4999886,61.21023431],[21.48255279,61.2147758],[21.4999886,61.21023431]]],[[[21.47123415,61.20786994],[21.48373205,61.21121154],[21.46820372,61.2178521],[21.4584179,61.21697927],[21.45691662,61.21416775],[21.46119928,61.20991402],[21.47123415,61.20786994]]],[[[21.45821799,61.20633753],[21.46070158,61.20766481],[21.44399926,61.214792],[21.4564077,61.21917022],[21.45759964,61.22091407],[21.45319381,61.22340665],[21.43860754,61.22232631],[21.44566657,61.22000781],[21.44481354,61.21798975],[21.42845661,61.21729598],[21.43046291,61.2124889],[21.45821799,61.20633753]]],[[[21.50283879,61.19968414],[21.50160963,61.20766305],[21.48437738,61.20970492],[21.48597454,61.20564206],[21.50283879,61.19968414]]],[[[21.47138403,61.19636258],[21.47670698,61.19874606],[21.46549611,61.20408636],[21.45665762,61.20387595],[21.47138403,61.19636258]]],[[[21.43495237,61.19470793],[21.46112686,61.19803329],[21.44550508,61.20599239],[21.40999017,61.21394454],[21.40446286,61.21282542],[21.41457523,61.20292873],[21.43495237,61.19470793]]],[[[21.42237104,61.18587328],[21.42428078,61.18713885],[21.41932399,61.18962324],[21.41511305,61.18830113],[21.42237104,61.18587328]]],[[[21.42783796,61.17859835],[21.43002428,61.18053202],[21.42482275,61.18406991],[21.41620946,61.18194515],[21.42783796,61.17859835]]],[[[21.36734579,61.17209988],[21.37004531,61.17634995],[21.38044656,61.17587075],[21.37862823,61.17943244],[21.38426041,61.18233901],[21.40230155,61.18107593],[21.41101318,61.18468745],[21.39612858,61.19215597],[21.37184146,61.19630859],[21.40233743,61.20961],[21.38678267,61.21587182],[21.3796472,61.21381674],[21.36317652,61.21620655],[21.36004306,61.21484247],[21.36398209,61.21260767],[21.36511515,61.20356325],[21.35551349,61.20626315],[21.35363978,61.20463412],[21.35877639,61.20181095],[21.35353783,61.19990661],[21.35679571,61.19766354],[21.33467485,61.19285614],[21.3481044,61.18746111],[21.34935953,61.18589587],[21.34271177,61.18325834],[21.34967769,61.18115668],[21.34560415,61.17819373],[21.3491753,61.17481711],[21.36734579,61.17209988]]],[[[21.43540507,61.17062984],[21.43772939,61.17254119],[21.42217283,61.17359694],[21.42192628,61.17782699],[21.40774241,61.17607772],[21.43540507,61.17062984]]],[[[21.38921699,61.16370802],[21.39168015,61.1650781],[21.38167961,61.16738026],[21.38153259,61.16434205],[21.38921699,61.16370802]]],[[[21.4250242,61.16370974],[21.42797165,61.16639156],[21.42212188,61.16884808],[21.41070631,61.16782249],[21.4250242,61.16370974]]],[[[21.44389829,61.15650222],[21.43175331,61.1607213],[21.44389829,61.15650222]]],[[[21.32867675,61.14348079],[21.33309395,61.1468966],[21.3271941,61.1484284],[21.32183609,61.14565932],[21.32867675,61.14348079]]],[[[21.45832866,61.14328287],[21.43852529,61.14716356],[21.45832866,61.14328287]]],[[[21.43646556,61.13817453],[21.43559333,61.14014303],[21.43926315,61.14001727],[21.43572088,61.14173465],[21.42701901,61.13941926],[21.43646556,61.13817453]]],[[[21.36775308,61.13351493],[21.3714111,61.13458988],[21.36703969,61.14033031],[21.36091159,61.13927526],[21.36256726,61.13485658],[21.36775308,61.13351493]]],[[[21.39705042,61.13182928],[21.401277,61.1327572],[21.3913215,61.13454939],[21.39705042,61.13182928]]],[[[21.44071316,61.1199212],[21.44431721,61.12127487],[21.42662413,61.12296749],[21.44071316,61.1199212]]],[[[21.36710293,61.11671762],[21.37112215,61.11703936],[21.36641475,61.12282145],[21.35981761,61.12045552],[21.36710293,61.11671762]]],[[[21.37460754,61.07876015],[21.37822214,61.08130769],[21.37695636,61.08351521],[21.36868083,61.08523979],[21.367965,61.08153645],[21.37460754,61.07876015]]],[[[21.40256322,61.0658588],[21.39210554,61.07141038],[21.39530182,61.0674428],[21.40256322,61.0658588]]],[[[21.41060851,61.06136247],[21.41640046,61.06236212],[21.40852479,61.06614426],[21.40334916,61.06506374],[21.41060851,61.06136247]]],[[[22.16031363,60.87200577],[22.17098156,60.87717383],[22.18875859,60.90102528],[22.24128406,60.92381858],[22.26363192,60.92686351],[22.27108585,60.92204445],[22.31311264,60.91601449],[22.36456513,60.93181364],[22.41456966,60.93580481],[22.51966891,60.95111067],[22.58623954,60.93879031],[22.52246586,60.97640117],[22.57907907,60.99019926],[22.70154448,60.98693555],[22.70938278,60.98258689],[22.77978218,60.99420869],[22.79275251,61.00035391],[22.81593305,60.99340872],[22.82644512,61.01364594],[22.82488923,61.02651815],[22.80726957,61.04116042],[22.82370413,61.0420451],[22.83627746,61.06018475],[22.83686991,61.06912843],[22.81634194,61.07879672],[22.82391055,61.10143535],[22.86983611,61.08380258],[22.882294,61.06029848],[22.88905746,61.0568371],[22.92635583,61.05491195],[22.93570829,61.04479934],[22.95901828,61.04624361],[22.96850459,61.04325438],[22.95993524,61.05881307],[23.00127312,61.07070639],[23.00623431,61.07494953],[22.99549551,61.08777418],[22.93628651,61.07289368],[22.91568341,61.08653814],[22.97193535,61.11585261],[22.96583429,61.12039763],[22.94242094,61.12443882],[22.94124975,61.13663833],[22.92418107,61.14199349],[22.91507278,61.17877569],[22.95605478,61.17660112],[22.93422021,61.20497636],[22.87212254,61.22263696],[22.88210731,61.226088],[22.85606097,61.23584268],[22.84551614,61.22938824],[22.76786958,61.24634331],[22.65333492,61.24454913],[22.64543605,61.2466204],[22.61876439,61.29169103],[22.59910783,61.30197969],[22.55945425,61.33091531],[22.59140256,61.34211944],[22.55838357,61.39428592],[22.57423114,61.39687895],[22.56141334,61.41956389],[22.50918016,61.42814921],[22.43416186,61.4889227],[22.58248245,61.54830609],[22.60271633,61.54249998],[22.64088319,61.56119573],[22.64583224,61.58413588],[22.69605206,61.59976434],[22.66090815,61.64165351],[22.70427256,61.62387412],[22.72492997,61.64496133],[22.71429245,61.65354542],[22.7125787,61.66872471],[22.68952436,61.67493687],[22.68542411,61.660635],[22.65499512,61.65406345],[22.64841589,61.66773567],[22.65388965,61.68208947],[22.647174,61.69650129],[22.68729609,61.69907797],[22.69100864,61.7025472],[22.67944083,61.72577022],[22.69370164,61.73776619],[22.71898181,61.73638994],[22.73340014,61.74274056],[22.72853905,61.74975456],[22.75896039,61.75689546],[22.77660235,61.75233568],[22.78636511,61.75533598],[22.8022408,61.7678404],[22.82842184,61.81521817],[22.79184156,61.83433594],[22.76685788,61.85463373],[22.74737354,61.8485282],[22.73673672,61.85998982],[22.78818504,61.87062568],[22.78206011,61.88065822],[22.73482287,61.88980109],[22.73872876,61.91064385],[22.73076014,61.91551275],[22.68321238,61.92164977],[22.66593666,61.93067105],[22.64664346,61.95210753],[22.6565094,61.95491113],[22.65501016,61.96525932],[22.59460192,61.97411194],[22.52259537,61.99810587],[22.53929547,62.00075344],[22.56404904,62.01073102],[22.60210246,62.03708205],[22.68377078,62.05369255],[22.69586607,62.05085741],[22.78024024,62.06072364],[22.76433291,62.14164392],[22.77089353,62.15439459],[22.81940719,62.16568731],[22.82309719,62.16130026],[22.8306315,62.16201525],[22.86162644,62.17255603],[22.84145345,62.18686608],[22.847731,62.19678255],[22.84226936,62.2368456],[22.83125226,62.27088367],[22.74557476,62.2733098],[22.59174816,62.31112583],[22.52482868,62.21019282],[22.50532836,62.21347902],[22.4504271,62.1984587],[22.32006402,62.1031057],[22.19872152,62.10333597],[22.10839574,62.03184737],[21.97468637,61.97975961],[21.70256264,62.02092572],[21.64784794,62.01958504],[21.52401323,62.02459122],[21.42663977,62.00958504],[21.36027318,61.96001428],[21.32922733,61.95383209],[21.33782944,61.95237309],[21.34348457,61.94497795],[21.34744711,61.94571016],[21.35010521,61.94211576],[21.36890094,61.93836609],[21.38265142,61.94735673],[21.39153694,61.94558817],[21.39782647,61.94819036],[21.39917126,61.95195378],[21.3924894,61.95331159],[21.39681564,61.95641817],[21.41859557,61.95446423],[21.41697563,61.94931112],[21.4073497,61.94740326],[21.4136023,61.94403541],[21.41365575,61.93832405],[21.40243242,61.94297352],[21.39994145,61.93996011],[21.41918097,61.92980112],[21.43391692,61.93025081],[21.43890139,61.92613739],[21.43417484,61.9210166],[21.43864596,61.91658554],[21.41975037,61.91172107],[21.43100218,61.90386723],[21.4377931,61.90429201],[21.44158219,61.89760353],[21.46036064,61.88900045],[21.47214156,61.86882735],[21.46602275,61.86979152],[21.46227266,61.8616553],[21.46535034,61.85905225],[21.46161439,61.8576896],[21.46664014,61.84929815],[21.47162316,61.84808493],[21.47243103,61.85499038],[21.47774156,61.85556103],[21.48311602,61.84391635],[21.49291663,61.84261561],[21.49238499,61.83708463],[21.48732639,61.83753102],[21.46961524,61.84588888],[21.46768307,61.84436025],[21.47776316,61.83961556],[21.46678687,61.83757448],[21.48902674,61.82873286],[21.49105572,61.82403112],[21.49555447,61.82439365],[21.4956439,61.82896554],[21.52703154,61.82530323],[21.53602857,61.81567284],[21.54757915,61.81440585],[21.54655297,61.8109061],[21.53336157,61.81051521],[21.53207002,61.81528864],[21.51914993,61.82006785],[21.51612027,61.80930513],[21.50929799,61.80822665],[21.51793999,61.79975487],[21.51193799,61.79459718],[21.50353281,61.79372165],[21.50956255,61.78902018],[21.50353205,61.78436898],[21.48704658,61.78473688],[21.4832444,61.78811028],[21.48745522,61.79233231],[21.49756344,61.79256565],[21.49299592,61.79955744],[21.49633438,61.80096371],[21.49483426,61.80633445],[21.48684539,61.80892253],[21.47865235,61.80537183],[21.45897386,61.81131645],[21.45526875,61.80657886],[21.43014656,61.80951957],[21.42168891,61.80595384],[21.44768001,61.79900293],[21.44648322,61.79055198],[21.45675806,61.78331858],[21.47468402,61.77952561],[21.47337512,61.77153129],[21.49866242,61.76672209],[21.49693807,61.77223155],[21.48867645,61.77656201],[21.50565032,61.77940649],[21.50888387,61.77766964],[21.50514198,61.77371537],[21.51269262,61.77216329],[21.51521634,61.76759279],[21.52785794,61.76123383],[21.55154703,61.75359022],[21.56254006,61.74241283],[21.57248398,61.73764323],[21.57091079,61.73519736],[21.60483231,61.71854115],[21.60654467,61.71507342],[21.59789702,61.71585147],[21.55230101,61.73473158],[21.54083979,61.73363599],[21.5388985,61.72809707],[21.5510577,61.72490294],[21.54298083,61.71449011],[21.551992,61.71428409],[21.54913718,61.71130207],[21.53774521,61.71100289],[21.51223812,61.72492756],[21.50994204,61.72252575],[21.5270086,61.71259882],[21.53468465,61.70372693],[21.5338021,61.70125019],[21.54374559,61.70125357],[21.55593,61.69332674],[21.56475039,61.69753531],[21.57622301,61.69399608],[21.57499275,61.6913629],[21.5633092,61.69541796],[21.55847448,61.6920111],[21.54294879,61.69115519],[21.52966327,61.69382381],[21.53662184,61.68798942],[21.53699717,61.68281402],[21.55757657,61.67373125],[21.55189775,61.67220851],[21.55644656,61.66176324],[21.56964471,61.6606878],[21.57572019,61.65666364],[21.58092746,61.65814534],[21.58987187,61.65051869],[21.59027764,61.64372712],[21.60282075,61.63417615],[21.59967462,61.63332932],[21.60113915,61.63108559],[21.61216016,61.6288969],[21.61494919,61.62330224],[21.63701189,61.61813673],[21.63297722,61.61605053],[21.61265851,61.61863379],[21.61580577,61.61361599],[21.61389378,61.61052076],[21.63001263,61.60642099],[21.61517936,61.60250996],[21.62734235,61.60093938],[21.64524794,61.59289032],[21.64798806,61.59106471],[21.63625855,61.58970764],[21.66233745,61.58169722],[21.65634338,61.57905965],[21.66100923,61.57201612],[21.67394391,61.57170281],[21.68249754,61.56227956],[21.69257773,61.56169534],[21.69823074,61.55645913],[21.6943794,61.55326843],[21.67799941,61.55173158],[21.61521595,61.5645396],[21.61199586,61.57051376],[21.61431686,61.57252606],[21.60917426,61.5739859],[21.60055422,61.57088116],[21.57425017,61.57439822],[21.56984698,61.57795466],[21.57392122,61.57936554],[21.57326705,61.58188076],[21.56349219,61.58108635],[21.53887001,61.58623838],[21.53340483,61.59620274],[21.52204699,61.60331195],[21.5183783,61.60938932],[21.51186591,61.60891325],[21.51675771,61.60230407],[21.49681132,61.60132493],[21.50193686,61.59701621],[21.48627134,61.59540364],[21.46743244,61.59979391],[21.47377339,61.59284497],[21.46212939,61.58946062],[21.47287833,61.59128108],[21.47776252,61.58752244],[21.49116227,61.59107131],[21.4991876,61.58677498],[21.49564572,61.58234075],[21.48692086,61.58273654],[21.49058325,61.5759683],[21.48065618,61.56732392],[21.50226504,61.57221466],[21.51492157,61.56917225],[21.52464545,61.55929086],[21.52457848,61.54787671],[21.53784964,61.53364562],[21.57326949,61.52939365],[21.58014253,61.53176841],[21.57194051,61.53621333],[21.57757361,61.53952724],[21.59092906,61.53288741],[21.58584308,61.52922145],[21.61618389,61.5173562],[21.63224738,61.51446023],[21.62686628,61.50880804],[21.62963776,61.50568241],[21.61904888,61.50404903],[21.60618701,61.50671184],[21.60898907,61.50362873],[21.60682794,61.50245941],[21.58201262,61.49990236],[21.5845459,61.49675133],[21.57585158,61.49432375],[21.56045995,61.50003771],[21.54224535,61.50096088],[21.50059575,61.5105578],[21.491316,61.50877241],[21.46371264,61.51150053],[21.45182244,61.50734168],[21.46679953,61.50701698],[21.48703221,61.49405697],[21.51499522,61.4930463],[21.50048209,61.48798099],[21.51830706,61.47989593],[21.53755012,61.48203749],[21.54505602,61.47602465],[21.56269652,61.47061674],[21.56155742,61.46850168],[21.57186241,61.45973152],[21.57037017,61.45646495],[21.57286435,61.45364512],[21.59810041,61.44519654],[21.59757882,61.44225082],[21.58667202,61.43697738],[21.59140687,61.43477601],[21.58802023,61.42980286],[21.58189051,61.42830739],[21.57423482,61.43136633],[21.56147068,61.42420479],[21.55392064,61.42624739],[21.55603729,61.43076539],[21.54325945,61.42726593],[21.52630354,61.43232657],[21.48792253,61.43781693],[21.48051023,61.43575845],[21.46638195,61.43948841],[21.4646836,61.4380031],[21.48135529,61.43164591],[21.45748092,61.4336899],[21.44738007,61.42994017],[21.52723012,61.40744494],[21.53400384,61.40180215],[21.52659937,61.3997075],[21.52758062,61.39664969],[21.53246901,61.39787835],[21.55326392,61.38739713],[21.53240217,61.38612646],[21.53904159,61.38204075],[21.5363271,61.37707768],[21.50779518,61.38062811],[21.51596355,61.37470089],[21.52749721,61.37290819],[21.50866721,61.37080518],[21.53244742,61.36262122],[21.53296273,61.35993252],[21.52220353,61.35926752],[21.52407897,61.35688971],[21.57040474,61.34531496],[21.56762003,61.34151785],[21.57508572,61.33875116],[21.57138594,61.33622773],[21.55361212,61.33708736],[21.56513183,61.33215026],[21.56598602,61.32835436],[21.55587171,61.32737317],[21.54885668,61.33096598],[21.54243862,61.32857221],[21.54342318,61.32542908],[21.55207408,61.32565781],[21.55044055,61.3226537],[21.53968965,61.32011559],[21.56214419,61.31153092],[21.55958637,61.30913649],[21.56665371,61.30493535],[21.54714022,61.30716531],[21.55458597,61.29660391],[21.53434303,61.30161968],[21.52864764,61.30965973],[21.51651735,61.3134768],[21.51461069,61.31208183],[21.52109294,61.30931254],[21.49422711,61.30379307],[21.51203605,61.29667236],[21.51110062,61.28817417],[21.53288618,61.28771789],[21.53732924,61.28590044],[21.53574304,61.28381582],[21.55493943,61.27797676],[21.52145206,61.28386963],[21.50851921,61.27901558],[21.48756469,61.28131509],[21.48324987,61.27676705],[21.49290539,61.2631996],[21.52625678,61.2537817],[21.52561077,61.25062952],[21.54309027,61.24989088],[21.60784681,61.22874774],[21.5863983,61.22369478],[21.60171003,61.21573047],[21.59364738,61.21390459],[21.56916999,61.22574468],[21.54412332,61.23324774],[21.52544173,61.23058597],[21.52761402,61.22052843],[21.50663591,61.2150469],[21.51369191,61.20742204],[21.50593557,61.20651248],[21.50885044,61.19964824],[21.53596889,61.18796875],[21.53088055,61.18614577],[21.49086461,61.1972929],[21.44000987,61.19094226],[21.44716258,61.18854288],[21.44444472,61.18678651],[21.44743606,61.17608608],[21.46097218,61.17123433],[21.4330541,61.16448795],[21.45933808,61.15670211],[21.46331762,61.15413546],[21.45640059,61.15182001],[21.46257474,61.14473012],[21.47866906,61.14191686],[21.4694359,61.13957004],[21.47100886,61.13575546],[21.46691103,61.13439582],[21.4612279,61.13769663],[21.44099907,61.13621199],[21.45801486,61.13276496],[21.45514781,61.13058703],[21.43002719,61.13469873],[21.42601467,61.13206876],[21.43124314,61.13175244],[21.42726202,61.1277271],[21.46137894,61.12733757],[21.45353611,61.12308759],[21.45773087,61.11706869],[21.45420028,61.11400853],[21.44437236,61.11327772],[21.44859177,61.11062255],[21.44772655,61.10703794],[21.45797443,61.10350976],[21.44387163,61.10251276],[21.45701047,61.09421731],[21.47440521,61.09091063],[21.46435373,61.08427567],[21.46728029,61.08038342],[21.47396616,61.07780686],[21.49404472,61.08022585],[21.49404008,61.07509235],[21.46776501,61.07338601],[21.46392408,61.07464561],[21.46429773,61.07967521],[21.45802459,61.08007044],[21.4569466,61.08383347],[21.4403375,61.08781028],[21.41222251,61.08366192],[21.40423269,61.09011066],[21.38891033,61.09367753],[21.37329287,61.09184938],[21.37128616,61.08822962],[21.3828456,61.08076735],[21.42449811,61.07445167],[21.42471779,61.07030014],[21.41903735,61.07028979],[21.42387829,61.06616346],[21.43466712,61.06715744],[21.42549012,61.06115977],[21.42792744,61.0513364],[21.41994109,61.04731341],[21.42716225,61.02740219],[21.47470099,61.00919687],[21.48020692,60.99947884],[21.52765764,61.00511363],[21.55066095,61.00480179],[21.56635705,61.00922243],[21.60700593,61.01070072],[21.59114071,61.02882549],[21.621164,61.05178979],[21.65140727,61.01736204],[21.65464338,60.99991656],[21.66559235,60.99633226],[21.6933146,61.00355378],[21.71363683,60.99903419],[21.73438522,61.00089142],[21.76602912,61.01369528],[21.75324836,61.02655998],[21.77575219,61.03411221],[21.82520694,61.03417543],[21.8049769,61.02009596],[21.84410988,61.00940231],[21.87704462,60.98277499],[21.88968859,60.98136482],[21.90296916,60.98615981],[21.92615403,60.9761536],[21.95136519,60.97693612],[21.94417144,60.94651905],[21.99675713,60.9125495],[21.98521433,60.90100182],[22.00814543,60.89743924],[22.01177702,60.90094937],[22.12846734,60.9042054],[22.16031363,60.87200577]]]]}},{"type":"Feature","properties":{"code":"KHM","name":"Kanta-Häme","sourceCode":"05"},"geometry":{"type":"Polygon","coordinates":[[[24.42368035,60.55249151],[24.54895214,60.55983982],[24.57725031,60.58580122],[24.56293619,60.60246749],[24.56602855,60.63707183],[24.61591118,60.66756883],[24.6390903,60.65881651],[24.65177889,60.66024974],[24.69127358,60.6493123],[24.73988031,60.64749645],[24.74930018,60.64957026],[24.76416305,60.65992169],[24.7792677,60.65389147],[24.80945581,60.67282677],[24.81832891,60.66847534],[24.83507239,60.66627535],[24.83560104,60.65930141],[24.89418028,60.66010454],[24.89490131,60.66407438],[24.92087526,60.66292858],[24.92170724,60.66753258],[24.93259494,60.67367983],[25.03486643,60.68499215],[25.05347681,60.6796351],[25.06186853,60.66925443],[25.1124618,60.66159624],[25.08422086,60.69920788],[25.14605262,60.71646531],[25.19293019,60.72473784],[25.1454766,60.73147468],[25.11866429,60.7466846],[25.11437296,60.74032707],[25.06792439,60.71455297],[25.05827802,60.72498625],[25.08815048,60.75399284],[25.09063842,60.76293462],[25.15244574,60.76836463],[25.15487587,60.77838285],[25.10206822,60.80976477],[25.11097449,60.81858337],[25.10372383,60.82289832],[25.09235379,60.82226598],[25.07857206,60.839236],[25.08898096,60.86104341],[25.09796084,60.86514867],[25.10810892,60.86507519],[25.09377065,60.91899674],[25.04628234,60.92770794],[25.00753606,60.92793085],[25.02587526,60.96174604],[25.04025987,60.9675933],[25.05938298,60.98589977],[25.04833657,60.99296958],[25.02738542,60.99364816],[25.02612373,61.00428029],[25.04542464,61.0166352],[25.02869728,61.03094658],[25.03963324,61.03431598],[25.05700098,61.05005767],[25.15226509,61.06298661],[25.17014121,61.07399308],[25.19808355,61.07624544],[25.21269918,61.10335202],[25.22564545,61.11106604],[25.23993524,61.11455178],[25.24619698,61.1312507],[25.23644177,61.13991251],[25.2421515,61.14625155],[25.25369761,61.14885494],[25.25803383,61.15978366],[25.2498289,61.1763529],[25.25986742,61.18588943],[25.22347922,61.21224737],[25.1997537,61.2221239],[25.20282374,61.24093849],[25.18695956,61.23996502],[25.09684965,61.25600397],[25.02938215,61.2461533],[25.0128172,61.29106704],[24.99408024,61.2793973],[24.97592544,61.27539065],[24.94880978,61.29060352],[24.93044945,61.28048891],[24.9252496,61.2818646],[24.92070137,61.28652744],[24.92103801,61.31434292],[24.91394261,61.32488128],[24.87885668,61.29776509],[24.89130676,61.28744525],[24.84458975,61.27751029],[24.77056198,61.26770382],[24.73173745,61.3174559],[24.71992868,61.29863049],[24.71697422,61.27944075],[24.70832039,61.27239895],[24.66642316,61.27668693],[24.5948413,61.29126943],[24.58963,61.28836536],[24.57367671,61.30393745],[24.52022905,61.29079022],[24.4565951,61.26753192],[24.43031361,61.26339809],[24.38639981,61.24966605],[24.30238525,61.2332161],[24.28255098,61.24011633],[24.25801193,61.21824342],[24.26574016,61.20868862],[24.29727314,61.19158114],[24.2354996,61.15143138],[24.13895867,61.14321171],[24.13428576,61.13827995],[24.14467598,61.12562884],[24.14196703,61.12315574],[24.11109558,61.12829294],[24.02628441,61.11955714],[23.90777813,61.08721464],[23.8449863,61.07443329],[23.82535953,61.08238468],[23.80453416,61.07936053],[23.75675671,61.05735518],[23.80372075,61.05100972],[23.79566443,61.0438668],[23.80470547,61.03602233],[23.79261465,61.02517589],[23.86559791,61.03726887],[23.87851298,61.02200564],[23.83445104,61.00261235],[23.81540806,61.0006608],[23.85253797,60.98051086],[23.86490756,60.95361435],[23.83937006,60.93970585],[23.79495132,60.98905078],[23.7665579,60.99706748],[23.73588225,60.99211493],[23.73763241,61.00370238],[23.71233695,61.00903356],[23.68511416,61.00294903],[23.61854998,61.0025082],[23.60809573,60.99135512],[23.58595664,60.98408435],[23.5726531,60.99055401],[23.57567524,60.99350324],[23.56643618,61.00101899],[23.55472288,60.99925589],[23.53097484,60.98735839],[23.51078962,60.99353055],[23.47906446,60.99010542],[23.45784592,60.98314614],[23.47409108,60.96346796],[23.42715488,60.9703739],[23.41119857,60.96821667],[23.39466911,60.97906645],[23.37869965,61.00243798],[23.36246161,61.0145164],[23.33593736,61.00999033],[23.26812083,61.01985477],[23.25998477,61.018554],[23.26822651,61.01266877],[23.2661706,61.00651693],[23.21332709,61.00691893],[23.19536593,61.00121983],[23.25539236,60.96346724],[23.29392897,60.95469738],[23.29133912,60.9179321],[23.25308294,60.9194712],[23.2666648,60.88910952],[23.15524053,60.89242911],[23.13563812,60.88351847],[23.13744825,60.84077106],[23.14258185,60.83750298],[23.22129526,60.82959688],[23.23006968,60.8254068],[23.19486873,60.81341449],[23.15461535,60.77416826],[23.18142908,60.75825432],[23.25487792,60.72809566],[23.27727888,60.71107542],[23.27909697,60.72610187],[23.33349773,60.71794026],[23.40862398,60.73977383],[23.45437599,60.74872387],[23.50213692,60.74398928],[23.50032681,60.72744489],[23.5294505,60.71838978],[23.53924815,60.70432261],[23.57588495,60.69431652],[23.62592006,60.69379707],[23.68155737,60.68322786],[23.67289323,60.67073011],[23.68414733,60.6572413],[23.7138347,60.66379156],[23.74791348,60.65325662],[23.81418591,60.65607893],[23.86542192,60.65145827],[23.87240651,60.65382865],[23.88671029,60.6496532],[23.91786561,60.65384333],[23.93241503,60.64562444],[23.96144773,60.63807833],[24.04107251,60.64452161],[24.08428585,60.62809028],[24.10492828,60.62893822],[24.13478106,60.62311746],[24.17494301,60.62808261],[24.23726373,60.61806607],[24.23421401,60.6014501],[24.28538667,60.56541063],[24.30557556,60.57104757],[24.29332446,60.58435596],[24.30616907,60.5871525],[24.34772354,60.61215375],[24.38521876,60.60303773],[24.41042243,60.59212201],[24.39844718,60.57717738],[24.42368035,60.55249151]]]}},{"type":"Feature","properties":{"code":"KYS","name":"South Savo","sourceCode":"10"},"geometry":{"type":"Polygon","coordinates":[[[27.0311675,61.15206131],[27.09631523,61.15534135],[27.11151286,61.1579349],[27.12088952,61.16441062],[27.16672142,61.16099053],[27.20582011,61.16247141],[27.22914675,61.1670763],[27.26910614,61.16561909],[27.30196338,61.17721352],[27.31550934,61.16808848],[27.35550404,61.17354613],[27.36219531,61.17949979],[27.35877963,61.19494968],[27.38782474,61.2022518],[27.38405629,61.21280195],[27.37851782,61.21423876],[27.37960544,61.21973592],[27.36434408,61.23934922],[27.37455289,61.24814469],[27.389311,61.24494612],[27.43328073,61.2476918],[27.43887488,61.2558833],[27.43029948,61.2716431],[27.46277787,61.2680598],[27.50756827,61.26980411],[27.54388642,61.25669773],[27.57704879,61.26320083],[27.5964406,61.28083561],[27.58923424,61.28386261],[27.56989024,61.28090199],[27.54281821,61.28921425],[27.55735055,61.303566],[27.58431078,61.29982277],[27.59208598,61.31083625],[27.60832278,61.30795208],[27.61373981,61.31746452],[27.60345303,61.31984314],[27.59649658,61.32677288],[27.59117696,61.33812136],[27.59554321,61.34316818],[27.61468441,61.34541813],[27.62755694,61.34065427],[27.6467337,61.34388947],[27.69626491,61.32979156],[27.75446149,61.32905031],[27.79260651,61.36207843],[27.85578319,61.35123968],[27.93115528,61.35039292],[28.05985668,61.35554627],[28.25219792,61.37968657],[28.26261947,61.38621556],[28.28552029,61.39117166],[28.29816113,61.40021782],[28.30767539,61.41689559],[28.31680228,61.41444097],[28.33983686,61.4162761],[28.34236157,61.43171174],[28.3540145,61.43809423],[28.3916255,61.44530742],[28.41012154,61.45397402],[28.42662029,61.45684406],[28.41947016,61.48461426],[28.44005671,61.51155019],[28.44993427,61.51080121],[28.46292673,61.49902532],[28.49082951,61.51344458],[28.5253999,61.49810588],[28.52342078,61.47777433],[28.57743715,61.47569308],[28.58856598,61.46845024],[28.63327507,61.46981166],[28.64859973,61.46492596],[28.67807801,61.46833127],[28.68419008,61.47674249],[28.71964883,61.48317752],[28.75499271,61.48340916],[28.79144052,61.47775769],[28.79271717,61.49525858],[28.81417873,61.50158291],[28.81786588,61.51428441],[28.81177769,61.53577695],[28.82224713,61.53725556],[28.88673035,61.52730522],[28.95605018,61.54066419],[28.9725989,61.53618057],[29.04901405,61.53369843],[29.2203094,61.56006444],[29.26156801,61.55776951],[29.29487819,61.59700068],[29.40419875,61.65386806],[29.45846373,61.66900347],[29.53834687,61.68389443],[29.54899712,61.69007498],[29.55927164,61.72207283],[29.57071949,61.73606556],[29.61474097,61.75597952],[29.63836783,61.76063426],[29.67586155,61.79173978],[29.68957162,61.8202948],[29.68834024,61.83769747],[29.66541487,61.85508086],[29.69682563,61.86439821],[29.63130403,61.90286055],[29.63009796,61.90773424],[29.61486346,61.91332911],[29.61621925,61.93572733],[29.66037253,61.97689975],[29.61426737,61.99841505],[29.59502389,62.01315684],[29.56643816,62.02482498],[29.57244673,62.03012547],[29.51401257,62.03975107],[29.50933356,62.03829198],[29.48233314,62.05668661],[29.46879027,62.07611808],[29.45952411,62.08115746],[29.40726778,62.20178495],[29.43008176,62.23652899],[29.39403733,62.25035101],[29.30751648,62.33432951],[29.29596533,62.38672779],[29.26770794,62.40768521],[29.23080859,62.41775702],[29.1991848,62.40198987],[29.1742464,62.40741999],[29.16078822,62.39795703],[29.16955187,62.39037683],[29.16644886,62.38633758],[29.18356251,62.36867594],[29.18362659,62.36280297],[29.15953364,62.3558893],[29.1593828,62.34315299],[29.16823997,62.33205016],[29.12436212,62.32651957],[29.08945171,62.34297758],[29.04091093,62.32116134],[29.00510026,62.32743024],[28.9852605,62.31061393],[28.95995484,62.30944804],[28.95138459,62.29921703],[28.97203971,62.29057898],[28.96145692,62.28572647],[28.9477238,62.29229318],[28.93506961,62.28601409],[28.95089655,62.27682836],[28.93205217,62.261217],[28.91884033,62.2583791],[28.88862869,62.26368704],[28.85972877,62.25288218],[28.8476834,62.26434559],[28.8143611,62.26778395],[28.79026273,62.27782156],[28.77931067,62.29336308],[28.75283539,62.2867605],[28.74671247,62.2532927],[28.79403656,62.21058388],[28.7796675,62.20492443],[28.73802409,62.21703577],[28.71585486,62.23548995],[28.70795933,62.2330888],[28.71041846,62.2281123],[28.70182082,62.22375779],[28.65997067,62.23921329],[28.65280824,62.23132303],[28.65830234,62.20376668],[28.64509019,62.2043929],[28.6315913,62.20964208],[28.62956089,62.20101224],[28.63201663,62.19557394],[28.65166699,62.19118702],[28.63157961,62.15644314],[28.61299508,62.15797141],[28.62351719,62.14268741],[28.61618564,62.14100792],[28.58402302,62.16165199],[28.56245808,62.17037544],[28.55350118,62.18500549],[28.54068624,62.18977741],[28.52354831,62.18487534],[28.50447511,62.20152298],[28.47076899,62.20125368],[28.32760077,62.22223001],[28.3047533,62.23213591],[28.28752523,62.22743291],[28.26442306,62.22908114],[28.26464686,62.22344439],[28.25699432,62.21896506],[28.22581154,62.21058248],[28.20150494,62.21707946],[28.18121644,62.22830568],[28.16928478,62.22927716],[28.1653745,62.2255716],[28.14088538,62.22462733],[28.10830485,62.226354],[28.09230817,62.23445194],[28.05988706,62.24355365],[28.04892182,62.2352927],[28.06883169,62.23001517],[28.09205907,62.20881378],[28.02696975,62.20530415],[28.03084602,62.19048169],[28.02684517,62.1703782],[28.08008766,62.11643784],[28.04177709,62.11305045],[28.01791889,62.10316494],[28.02108527,62.1012231],[28.01466117,62.09742422],[27.98248968,62.10529555],[27.97418882,62.10068529],[27.99859134,62.08607197],[27.9895023,62.07541889],[28.00740338,62.06807351],[27.99866439,62.06148016],[27.96734009,62.07429636],[27.9593863,62.08399868],[27.94673857,62.08814596],[27.92698392,62.08235136],[27.93497403,62.06602908],[27.94472326,62.05863413],[27.93409539,62.05053712],[27.91398104,62.05250099],[27.9098427,62.04841943],[27.8613217,62.03909627],[27.88633769,62.01493214],[27.87184874,62.00646183],[27.85133693,62.0143393],[27.79360807,61.98775915],[27.76882723,62.00166167],[27.69985532,62.00855406],[27.65308049,62.02776521],[27.65747055,62.02972443],[27.61578379,62.0505533],[27.63897411,62.0643304],[27.62567432,62.06794791],[27.61410192,62.07632886],[27.64582902,62.08801287],[27.62519604,62.10286134],[27.64099181,62.10754127],[27.62457109,62.11569301],[27.63914541,62.12383779],[27.63415247,62.13370151],[27.61832268,62.14349986],[27.63093391,62.15020689],[27.60157189,62.15707263],[27.58278287,62.15457851],[27.56616412,62.14764238],[27.54789204,62.17196366],[27.54598488,62.19003417],[27.53360526,62.19710722],[27.50144975,62.2337735],[27.50973,62.23525584],[27.53272929,62.22687042],[27.56356367,62.22937828],[27.55750013,62.23707005],[27.49372455,62.27478981],[27.51115394,62.28007596],[27.51867752,62.28759005],[27.54956842,62.28326864],[27.55627526,62.27714949],[27.58809656,62.29041044],[27.60589422,62.27848003],[27.63188706,62.2829631],[27.62681112,62.30467222],[27.64772797,62.32056469],[27.69295688,62.33303485],[27.67545557,62.3521498],[27.6919111,62.37475951],[27.6855823,62.38862593],[27.65255124,62.39981284],[27.62990158,62.41963988],[27.57257253,62.44805732],[27.54320185,62.45672014],[27.52910336,62.45678771],[27.46465295,62.47084009],[27.45947041,62.48400271],[27.44127492,62.48501329],[27.41583129,62.49527698],[27.40850882,62.50388615],[27.39301426,62.50291872],[27.38559851,62.50546543],[27.3842927,62.51428613],[27.36356286,62.53001764],[27.3445096,62.52287903],[27.34741672,62.50845277],[27.33772631,62.49711106],[27.30252827,62.4858881],[27.28979548,62.46385563],[27.28380119,62.46219087],[27.26777532,62.46282796],[27.25104239,62.4742173],[27.25069254,62.47981809],[27.22490605,62.48003648],[27.21110573,62.47881134],[27.18936799,62.47014558],[27.1954608,62.455952],[27.16668753,62.4592209],[27.17021201,62.47614768],[27.1140571,62.5062135],[27.10214801,62.48476708],[27.08141594,62.48852687],[27.06128955,62.47132345],[26.99714605,62.46950903],[26.97051201,62.48904842],[26.95223678,62.48145601],[26.95119152,62.47553967],[26.97184778,62.45427825],[26.96329555,62.44537115],[26.95143553,62.4426354],[26.93629577,62.45680113],[26.90538515,62.46574959],[26.88392484,62.47760194],[26.87947801,62.48551267],[26.83343502,62.46822556],[26.81676923,62.45407327],[26.83255904,62.44297873],[26.76066043,62.42399867],[26.73200138,62.44337717],[26.7091253,62.45294794],[26.69801441,62.4452163],[26.70549759,62.42702283],[26.680533,62.40382289],[26.69407341,62.39484043],[26.7344006,62.3791173],[26.77612478,62.35411026],[26.6690442,62.34186159],[26.66199909,62.32696674],[26.68316056,62.30772638],[26.61077902,62.29497925],[26.63253715,62.28338438],[26.62872456,62.2655993],[26.64048752,62.24771893],[26.63861756,62.23894006],[26.6486696,62.23426887],[26.65263159,62.21692754],[26.62688938,62.21136665],[26.61409241,62.21705983],[26.59036032,62.23087711],[26.56445021,62.25409858],[26.54403392,62.26562678],[26.47835658,62.24697064],[26.49630221,62.22890105],[26.46847505,62.21767533],[26.44957599,62.21265004],[26.43786297,62.21979881],[26.43502077,62.22639566],[26.42138127,62.22447931],[26.41458275,62.21889117],[26.41481177,62.20785812],[26.36512707,62.20709569],[26.33015525,62.19283806],[26.31594811,62.2004707],[26.22072254,62.11856172],[26.41459035,61.97288555],[26.33421257,61.95077066],[26.33006478,61.94046244],[26.33175107,61.93055405],[26.34092673,61.92610112],[26.34300381,61.90073093],[26.32429221,61.88003399],[26.35237136,61.88543081],[26.3780901,61.88306762],[26.37106511,61.87046842],[26.38910241,61.85415263],[26.37734971,61.84605521],[26.37398916,61.82796539],[26.37922336,61.82288355],[26.37667213,61.81362495],[26.36718131,61.80787348],[26.39806262,61.80413866],[26.42577693,61.79629285],[26.48422222,61.75068315],[26.52708684,61.70457531],[26.53375147,61.69132815],[26.52482124,61.67546543],[26.52606668,61.66391093],[26.52130486,61.63926077],[26.51545804,61.62705648],[26.44530911,61.64025973],[26.41916828,61.65054001],[26.37718876,61.65780527],[26.37869782,61.64948545],[26.34888385,61.63440722],[26.35478994,61.62192764],[26.33789666,61.61259672],[26.31503915,61.60844944],[26.31965919,61.57197157],[26.30137001,61.57850897],[26.26123667,61.57987985],[26.28355116,61.55347738],[26.29940854,61.54505763],[26.29246202,61.52498783],[26.26849954,61.52405697],[26.25610998,61.50927583],[26.27314515,61.48922887],[26.28663493,61.48191252],[26.29325077,61.46435345],[26.24366417,61.44645121],[26.26484934,61.42583083],[26.31971684,61.39871749],[26.28652955,61.37629606],[26.28513437,61.368186],[26.28753445,61.36633195],[26.31823806,61.37090473],[26.31581674,61.35984631],[26.39956965,61.32202078],[26.41094717,61.32544669],[26.48307142,61.32283654],[26.50461058,61.28031167],[26.51366287,61.27432642],[26.54957783,61.27701877],[26.5617117,61.27055062],[26.62913899,61.29257891],[26.67110157,61.24359059],[26.62987814,61.22103498],[26.66131779,61.20687905],[26.74544521,61.22968339],[26.76055114,61.23961555],[26.77336079,61.25854305],[26.77194156,61.26615505],[26.78182279,61.26998884],[26.85230726,61.28368674],[26.88121925,61.28520396],[26.87802417,61.27814496],[26.89672354,61.24409288],[26.89082707,61.24244961],[26.92075858,61.22574934],[26.92952756,61.21003721],[26.91213304,61.18316155],[27.0311675,61.15206131]]]}},{"type":"Feature","properties":{"code":"PIR","name":"Pirkanmaa","sourceCode":"06"},"geometry":{"type":"Polygon","coordinates":[[[23.83937006,60.93970585],[23.86490756,60.95361435],[23.85253797,60.98051086],[23.81540806,61.0006608],[23.83445104,61.00261235],[23.87851298,61.02200564],[23.86559791,61.03726887],[23.79261465,61.02517589],[23.80470547,61.03602233],[23.79566443,61.0438668],[23.80372075,61.05100972],[23.75675671,61.05735518],[23.80453416,61.07936053],[23.82535953,61.08238468],[23.8449863,61.07443329],[23.90777813,61.08721464],[24.02628441,61.11955714],[24.11109558,61.12829294],[24.14196703,61.12315574],[24.14467598,61.12562884],[24.13428576,61.13827995],[24.13895867,61.14321171],[24.2354996,61.15143138],[24.29727314,61.19158114],[24.26574016,61.20868862],[24.25801193,61.21824342],[24.28255098,61.24011633],[24.30238525,61.2332161],[24.38639981,61.24966605],[24.43031361,61.26339809],[24.4565951,61.26753192],[24.52022905,61.29079022],[24.57367671,61.30393745],[24.58963,61.28836536],[24.5948413,61.29126943],[24.66642316,61.27668693],[24.70832039,61.27239895],[24.71697422,61.27944075],[24.71992868,61.29863049],[24.73173745,61.3174559],[24.77056198,61.26770382],[24.84458975,61.27751029],[24.89130676,61.28744525],[24.87885668,61.29776509],[24.91394261,61.32488128],[24.88925254,61.35568823],[24.90479966,61.38867886],[24.89395642,61.39125524],[24.91240245,61.41583755],[24.87688517,61.43722251],[24.85549034,61.46942586],[24.8599527,61.47597779],[24.97048058,61.45070384],[25.07951329,61.4665951],[25.09354326,61.47164146],[25.11811899,61.47299326],[25.14777318,61.45922452],[25.18329131,61.47836007],[25.25613593,61.47272603],[25.2758483,61.48017305],[25.43742715,61.48690617],[25.5066393,61.63391607],[25.49704112,61.70456789],[25.5008678,61.76298862],[25.53522096,61.77955941],[25.41226481,61.75525657],[25.39609883,61.74484803],[25.40749884,61.74038149],[25.39344762,61.72290837],[25.37284398,61.71307434],[25.35779512,61.71964738],[25.26517981,61.72646524],[25.26824026,61.73681509],[25.26391759,61.7392072],[25.24504995,61.72788343],[25.23558185,61.72638594],[25.21856535,61.73673131],[25.19025318,61.72941268],[25.17963066,61.73621095],[25.15023524,61.73905285],[24.97927771,61.78694939],[24.9606768,61.78019672],[24.96163644,61.77654968],[25.00350068,61.731259],[24.97880034,61.72184712],[24.95910555,61.72833464],[24.96662849,61.74480747],[24.95567408,61.75553451],[24.943857,61.75108929],[24.95013162,61.74388652],[24.91346154,61.70647532],[24.93074453,61.68491635],[24.95696459,61.67145415],[24.96421703,61.66180102],[24.9489511,61.64104287],[24.96033447,61.63065268],[24.91814,61.63098477],[24.88823378,61.64727438],[24.87576905,61.64458618],[24.83374301,61.65000405],[24.81203398,61.66002373],[24.85498149,61.67320628],[24.79137406,61.69039523],[24.76747116,61.67588764],[24.76319592,61.68266026],[24.735951,61.69376299],[24.74862547,61.71911478],[24.72158061,61.76341566],[24.72464868,61.77944276],[24.74971544,61.7761673],[24.77051057,61.76901684],[24.78347817,61.75885024],[24.81522676,61.75429743],[24.81005022,61.76423961],[24.81920796,61.76639853],[24.82071283,61.77013398],[24.78209356,61.79147986],[24.77280346,61.80150068],[24.72984887,61.81331654],[24.66665127,61.86298953],[24.61334701,61.88715196],[24.58018933,61.8964874],[24.55196096,61.91227491],[24.52464401,61.90933337],[24.55823912,61.951476],[24.58346499,61.95164452],[24.60105203,61.96212705],[24.62126075,61.99253448],[24.63695278,61.99884334],[24.65437601,61.99464414],[24.6864933,62.00295835],[24.73091348,62.02319177],[24.70387428,62.04666587],[24.66834893,62.04937349],[24.66679191,62.0894626],[24.67370632,62.11545692],[24.62372545,62.12786633],[24.60172729,62.13937466],[24.56019641,62.1856501],[24.49821163,62.19710183],[24.42696086,62.1729716],[24.4406654,62.15804717],[24.42747239,62.15270452],[24.3891737,62.16641007],[24.36040978,62.1642726],[24.33594797,62.16803971],[24.33812753,62.17078054],[24.29328837,62.19533301],[24.25273473,62.2523185],[24.14448327,62.2524998],[24.08077527,62.27640522],[24.07583548,62.29695165],[24.06599745,62.30178421],[24.05180323,62.30168795],[24.02481307,62.31334799],[24.01300321,62.36332639],[23.99544891,62.37688618],[23.92421872,62.39062172],[23.90735832,62.41403705],[23.91050335,62.42413249],[23.90178798,62.43573951],[23.91209468,62.45754996],[23.89913725,62.48448779],[23.86735542,62.48543437],[23.86818481,62.4602147],[23.83910752,62.45957915],[23.83523018,62.49433633],[23.80382323,62.47796774],[23.8173958,62.46681511],[23.7597714,62.45569007],[23.66371329,62.40863804],[23.50340731,62.41464022],[23.5180567,62.36805199],[23.47503543,62.3826922],[23.44516605,62.3753811],[23.42275643,62.37831909],[23.39010176,62.38920011],[23.3716868,62.40480446],[23.33776362,62.42508345],[23.2750844,62.40790161],[23.23596237,62.35817547],[23.22394905,62.34830469],[23.21782335,62.33416672],[22.89686915,62.26900579],[22.83125226,62.27088367],[22.84226936,62.2368456],[22.847731,62.19678255],[22.84145345,62.18686608],[22.86162644,62.17255603],[22.8306315,62.16201525],[22.82309719,62.16130026],[22.81940719,62.16568731],[22.77089353,62.15439459],[22.76433291,62.14164392],[22.78024024,62.06072364],[22.69586607,62.05085741],[22.68377078,62.05369255],[22.60210246,62.03708205],[22.56404904,62.01073102],[22.53929547,62.00075344],[22.52259537,61.99810587],[22.59460192,61.97411194],[22.65501016,61.96525932],[22.6565094,61.95491113],[22.64664346,61.95210753],[22.66593666,61.93067105],[22.68321238,61.92164977],[22.73076014,61.91551275],[22.73872876,61.91064385],[22.73482287,61.88980109],[22.78206011,61.88065822],[22.78818504,61.87062568],[22.73673672,61.85998982],[22.74737354,61.8485282],[22.76685788,61.85463373],[22.79184156,61.83433594],[22.82842184,61.81521817],[22.8022408,61.7678404],[22.78636511,61.75533598],[22.77660235,61.75233568],[22.75896039,61.75689546],[22.72853905,61.74975456],[22.73340014,61.74274056],[22.71898181,61.73638994],[22.69370164,61.73776619],[22.67944083,61.72577022],[22.69100864,61.7025472],[22.68729609,61.69907797],[22.647174,61.69650129],[22.65388965,61.68208947],[22.64841589,61.66773567],[22.65499512,61.65406345],[22.68542411,61.660635],[22.68952436,61.67493687],[22.7125787,61.66872471],[22.71429245,61.65354542],[22.72492997,61.64496133],[22.70427256,61.62387412],[22.66090815,61.64165351],[22.69605206,61.59976434],[22.64583224,61.58413588],[22.64088319,61.56119573],[22.60271633,61.54249998],[22.58248245,61.54830609],[22.43416186,61.4889227],[22.50918016,61.42814921],[22.56141334,61.41956389],[22.57423114,61.39687895],[22.55838357,61.39428592],[22.59140256,61.34211944],[22.55945425,61.33091531],[22.59910783,61.30197969],[22.61876439,61.29169103],[22.64543605,61.2466204],[22.65333492,61.24454913],[22.76786958,61.24634331],[22.84551614,61.22938824],[22.85606097,61.23584268],[22.88210731,61.226088],[22.87212254,61.22263696],[22.93422021,61.20497636],[22.95605478,61.17660112],[22.91507278,61.17877569],[22.92418107,61.14199349],[22.94124975,61.13663833],[22.94242094,61.12443882],[22.96583429,61.12039763],[22.97193535,61.11585261],[22.91568341,61.08653814],[22.93628651,61.07289368],[22.99549551,61.08777418],[23.00623431,61.07494953],[23.00127312,61.07070639],[22.95993524,61.05881307],[22.96850459,61.04325438],[23.01628123,61.02240231],[23.05535575,61.03099324],[23.10744117,61.03389758],[23.14807639,61.0314113],[23.15809439,61.0231869],[23.16504759,61.00544795],[23.19536593,61.00121983],[23.21332709,61.00691893],[23.2661706,61.00651693],[23.26822651,61.01266877],[23.25998477,61.018554],[23.26812083,61.01985477],[23.33593736,61.00999033],[23.36246161,61.0145164],[23.37869965,61.00243798],[23.39466911,60.97906645],[23.41119857,60.96821667],[23.42715488,60.9703739],[23.47409108,60.96346796],[23.45784592,60.98314614],[23.47906446,60.99010542],[23.51078962,60.99353055],[23.53097484,60.98735839],[23.55472288,60.99925589],[23.56643618,61.00101899],[23.57567524,60.99350324],[23.5726531,60.99055401],[23.58595664,60.98408435],[23.60809573,60.99135512],[23.61854998,61.0025082],[23.68511416,61.00294903],[23.71233695,61.00903356],[23.73763241,61.00370238],[23.73588225,60.99211493],[23.7665579,60.99706748],[23.79495132,60.98905078],[23.83937006,60.93970585]]]}},{"type":"Feature","properties":{"code":"PKY","name":"Päijät-Häme","sourceCode":"07"},"geometry":{"type":"Polygon","coordinates":[[[25.61086851,60.67147628],[25.61235103,60.67863177],[25.61779498,60.68031031],[25.63426878,60.68097996],[25.65723612,60.69073091],[25.67954973,60.69154869],[25.69736815,60.70786194],[25.72300729,60.71842111],[25.74675048,60.70806147],[25.83485921,60.71495157],[25.85936573,60.73202235],[25.91493336,60.73587076],[25.93351866,60.70594319],[26.0277751,60.71663027],[26.10923912,60.68637661],[26.14181409,60.69049598],[26.16329007,60.70075532],[26.21425843,60.71625176],[26.22384401,60.72927309],[26.20836347,60.7579944],[26.22920833,60.74784389],[26.25314946,60.74809501],[26.25370156,60.76100924],[26.25977831,60.76234301],[26.27098181,60.76034558],[26.27752612,60.75394654],[26.30013052,60.74920561],[26.30507731,60.75334125],[26.37442466,60.76110868],[26.36839335,60.7687797],[26.39688878,60.7794064],[26.37885634,60.80553695],[26.42879405,60.81632966],[26.452758,60.81661501],[26.51139239,60.84061533],[26.45999189,60.87354587],[26.46381357,60.87724491],[26.53861649,60.87185799],[26.54496825,60.8838187],[26.53539828,60.93763396],[26.49544514,60.99065272],[26.50435797,61.00979607],[26.46020535,61.01422496],[26.42304941,61.01205986],[26.4049464,61.01632124],[26.38634138,61.02774587],[26.37534922,61.02805079],[26.35509728,61.02256985],[26.34618976,61.0004711],[26.33099993,61.00007204],[26.32208752,61.00431129],[26.30528038,61.00351116],[26.28572367,61.01290187],[26.26581097,61.01166051],[26.24909428,61.03993012],[26.26731884,61.06982686],[26.31096591,61.10665474],[26.25649743,61.10533883],[26.2552156,61.1121898],[26.23445045,61.13000432],[26.26901079,61.14953598],[26.27054561,61.16300954],[26.34774558,61.17369296],[26.38547765,61.18813788],[26.39643536,61.21372616],[26.43130489,61.23730692],[26.42497013,61.25150286],[26.44357049,61.25639069],[26.4439963,61.26279324],[26.48393253,61.26511671],[26.51366287,61.27432642],[26.50461058,61.28031167],[26.48307142,61.32283654],[26.41094717,61.32544669],[26.39956965,61.32202078],[26.31581674,61.35984631],[26.31823806,61.37090473],[26.28753445,61.36633195],[26.28513437,61.368186],[26.28652955,61.37629606],[26.31971684,61.39871749],[26.26484934,61.42583083],[26.24366417,61.44645121],[26.29325077,61.46435345],[26.28663493,61.48191252],[26.27314515,61.48922887],[26.25610998,61.50927583],[26.26849954,61.52405697],[26.29246202,61.52498783],[26.29940854,61.54505763],[26.28355116,61.55347738],[26.26123667,61.57987985],[26.30137001,61.57850897],[26.31965919,61.57197157],[26.31503915,61.60844944],[26.2994564,61.62738473],[26.31440591,61.63972193],[26.30028415,61.6538011],[26.28307957,61.65670347],[26.26710292,61.64174402],[26.22615486,61.64170339],[26.19181421,61.6500334],[26.16097247,61.6160516],[26.13758739,61.61953462],[26.13834234,61.62984755],[26.12835691,61.63780126],[26.10516138,61.64454743],[26.07038263,61.67242153],[26.08440183,61.68906966],[26.08106176,61.70974026],[26.06641115,61.71876785],[26.06726203,61.72547397],[26.05247444,61.73834091],[26.0454885,61.7256856],[26.01573858,61.7204934],[25.9975998,61.72894968],[25.98030774,61.74717438],[25.98385248,61.7596],[25.94748557,61.77131882],[25.92163813,61.78734718],[25.90752366,61.76507064],[25.85845512,61.76207836],[25.88332244,61.794623],[25.84495622,61.8014079],[25.85612924,61.78078238],[25.83129472,61.76800164],[25.77117859,61.68506677],[25.74277359,61.69251375],[25.748662,61.69871345],[25.74891032,61.70480763],[25.72579873,61.71092346],[25.66437029,61.71588652],[25.63908327,61.69492397],[25.60842422,61.68069232],[25.56702297,61.6735906],[25.50133331,61.67685865],[25.5066393,61.63391607],[25.43742715,61.48690617],[25.2758483,61.48017305],[25.25613593,61.47272603],[25.18329131,61.47836007],[25.14777318,61.45922452],[25.11811899,61.47299326],[25.09354326,61.47164146],[25.07951329,61.4665951],[24.97048058,61.45070384],[24.8599527,61.47597779],[24.85549034,61.46942586],[24.87688517,61.43722251],[24.91240245,61.41583755],[24.89395642,61.39125524],[24.90479966,61.38867886],[24.88925254,61.35568823],[24.92103801,61.31434292],[24.92070137,61.28652744],[24.9252496,61.2818646],[24.93044945,61.28048891],[24.94880978,61.29060352],[24.97592544,61.27539065],[24.99408024,61.2793973],[25.0128172,61.29106704],[25.02938215,61.2461533],[25.09684965,61.25600397],[25.18695956,61.23996502],[25.20282374,61.24093849],[25.1997537,61.2221239],[25.22347922,61.21224737],[25.25986742,61.18588943],[25.2498289,61.1763529],[25.25803383,61.15978366],[25.25369761,61.14885494],[25.2421515,61.14625155],[25.23644177,61.13991251],[25.24619698,61.1312507],[25.23993524,61.11455178],[25.22564545,61.11106604],[25.21269918,61.10335202],[25.19808355,61.07624544],[25.17014121,61.07399308],[25.15226509,61.06298661],[25.05700098,61.05005767],[25.03963324,61.03431598],[25.02869728,61.03094658],[25.04542464,61.0166352],[25.02612373,61.00428029],[25.02738542,60.99364816],[25.04833657,60.99296958],[25.05938298,60.98589977],[25.04025987,60.9675933],[25.02587526,60.96174604],[25.00753606,60.92793085],[25.04628234,60.92770794],[25.09377065,60.91899674],[25.10810892,60.86507519],[25.09796084,60.86514867],[25.08898096,60.86104341],[25.07857206,60.839236],[25.09235379,60.82226598],[25.10372383,60.82289832],[25.12101203,60.81639782],[25.18927116,60.82034404],[25.18430472,60.82509036],[25.18823081,60.83446991],[25.19606396,60.83972308],[25.20911237,60.84085115],[25.22116594,60.80403666],[25.28473026,60.77622777],[25.29811757,60.75195513],[25.31909199,60.76096611],[25.3821838,60.75340107],[25.4332997,60.79544895],[25.47452396,60.79268878],[25.51364792,60.74812173],[25.52542317,60.71942695],[25.51928424,60.70389458],[25.61086851,60.67147628]]]}},{"type":"Feature","properties":{"code":"KYR","name":"Kymenlaakso","sourceCode":"08"},"geometry":{"type":"MultiPolygon","coordinates":[[[[27.75828538,60.56763562],[27.76328593,60.57051516],[27.744943,60.57517891],[27.75828538,60.56763562]]],[[[27.17540941,60.56227489],[27.18115254,60.565258],[27.17563467,60.56964713],[27.17265864,60.56911526],[27.17540941,60.56227489]]],[[[27.21360826,60.55736332],[27.20926619,60.56139464],[27.19889015,60.56191673],[27.21360826,60.55736332]]],[[[27.20290248,60.55506526],[27.20701874,60.55885105],[27.19359523,60.55767701],[27.20290248,60.55506526]]],[[[27.76376184,60.55288686],[27.76869708,60.5536796],[27.76313693,60.55801206],[27.75842962,60.55684721],[27.76376184,60.55288686]]],[[[27.62232423,60.51834439],[27.6208499,60.52167268],[27.61620388,60.5206469],[27.62232423,60.51834439]]],[[[27.73223399,60.51505182],[27.73443,60.51737834],[27.72708298,60.52334459],[27.72015306,60.52256738],[27.72230984,60.51854392],[27.73223399,60.51505182]]],[[[27.07995921,60.51648276],[27.08530226,60.51737815],[27.08072185,60.52024901],[27.07483638,60.5182261],[27.07995921,60.51648276]]],[[[27.06478977,60.51334615],[27.07219007,60.51335406],[27.07304096,60.5184529],[27.05663663,60.52007569],[27.06119074,60.51698239],[27.06237739,60.5195217],[27.06998943,60.51858686],[27.06061025,60.51511883],[27.06478977,60.51334615]]],[[[27.76867674,60.51060132],[27.77271244,60.51160171],[27.76902648,60.51416174],[27.76028072,60.51239888],[27.76867674,60.51060132]]],[[[27.76915586,60.50660984],[27.77214165,60.50835375],[27.76242415,60.50838066],[27.76915586,60.50660984]]],[[[27.06073622,60.50811903],[27.05900524,60.512387],[27.05258175,60.51417285],[27.06073622,60.50811903]]],[[[27.22208422,60.50777534],[27.22907446,60.50925385],[27.23077342,60.51314443],[27.21686034,60.51192715],[27.21747332,60.50863844],[27.22208422,60.50777534]]],[[[27.27825825,60.50700024],[27.27944456,60.51138721],[27.27494819,60.51424644],[27.26435036,60.51511284],[27.2712083,60.50856527],[27.27825825,60.50700024]]],[[[27.75225998,60.50422666],[27.75958225,60.50490454],[27.75202918,60.50951831],[27.7445895,60.509704],[27.75225998,60.50422666]]],[[[27.18070187,60.50535202],[27.18299063,60.50677418],[27.1798728,60.51069244],[27.16883232,60.50769676],[27.18070187,60.50535202]]],[[[27.07986964,60.49872358],[27.09608777,60.5048969],[27.08753594,60.50752654],[27.07920203,60.50255493],[27.07986964,60.49872358]]],[[[27.3757485,60.49672904],[27.38008638,60.50231062],[27.37302862,60.50365919],[27.3759034,60.49965953],[27.37164996,60.49908378],[27.3757485,60.49672904]]],[[[27.49425352,60.49350287],[27.49899583,60.49498046],[27.49086604,60.49805778],[27.48406236,60.49629454],[27.49425352,60.49350287]]],[[[27.02109115,60.49330768],[27.02489334,60.49578328],[27.01973801,60.49764326],[27.02109624,60.50571251],[27.01757676,60.50698769],[27.01529001,60.49843524],[27.02109115,60.49330768]]],[[[27.52952658,60.49097084],[27.52561566,60.49526368],[27.51969239,60.49557086],[27.52952658,60.49097084]]],[[[27.5174787,60.49050948],[27.52092164,60.49099666],[27.51442625,60.49775414],[27.50609943,60.49790151],[27.5174787,60.49050948]]],[[[27.31143579,60.48974001],[27.31400861,60.49117823],[27.30981104,60.49530838],[27.30319474,60.49511735],[27.30587753,60.49088305],[27.31143579,60.48974001]]],[[[27.54399808,60.48860658],[27.54489104,60.49130989],[27.53160103,60.49053863],[27.54399808,60.48860658]]],[[[27.3762883,60.48661579],[27.38108493,60.49038462],[27.37971328,60.49296277],[27.3619043,60.49892596],[27.33829645,60.49447692],[27.34024785,60.48889132],[27.3671937,60.48935257],[27.3762883,60.48661579]]],[[[27.08241292,60.48429271],[27.09036591,60.48506925],[27.07961254,60.48707749],[27.08241292,60.48429271]]],[[[27.39052515,60.48280421],[27.39253197,60.48404981],[27.39037627,60.48602432],[27.38296249,60.48690219],[27.39052515,60.48280421]]],[[[27.15547593,60.48045531],[27.16176287,60.48293273],[27.15380172,60.48940754],[27.1511754,60.48743218],[27.15547593,60.48045531]]],[[[27.64347215,60.47836014],[27.64123294,60.48316785],[27.63626775,60.48087052],[27.64347215,60.47836014]]],[[[27.68448916,60.47752367],[27.68807712,60.47911869],[27.68587481,60.48187013],[27.67950561,60.48080897],[27.68448916,60.47752367]]],[[[27.65557289,60.47507906],[27.65408891,60.47821262],[27.64872737,60.47866016],[27.65557289,60.47507906]]],[[[27.32761309,60.47564562],[27.32882535,60.4792801],[27.32150008,60.48078115],[27.32243871,60.47706218],[27.32761309,60.47564562]]],[[[27.2395271,60.47530703],[27.24096225,60.47787145],[27.23777496,60.48046869],[27.23382467,60.4795008],[27.2395271,60.47530703]]],[[[27.67613911,60.47355918],[27.67916612,60.47555272],[27.67054075,60.47787804],[27.67613911,60.47355918]]],[[[27.75476108,60.47302859],[27.75616569,60.47792648],[27.74780532,60.47629202],[27.74931744,60.47309207],[27.75476108,60.47302859]]],[[[27.54723897,60.47384881],[27.55140656,60.48225588],[27.54074561,60.48734952],[27.53302267,60.48486774],[27.54723897,60.47384881]]],[[[26.8864317,60.46988],[26.89565025,60.47168879],[26.88825946,60.47515283],[26.8864317,60.46988]]],[[[26.8544075,60.46795063],[26.85905996,60.46993606],[26.85853415,60.47259093],[26.85015759,60.47273492],[26.8544075,60.46795063]]],[[[27.58976564,60.4657219],[27.59338544,60.46872185],[27.57560712,60.47146228],[27.58798414,60.46881046],[27.58976564,60.4657219]]],[[[26.99705061,60.46564407],[26.999686,60.46727885],[26.9923426,60.46982308],[26.99705061,60.46564407]]],[[[27.16872457,60.46323315],[27.17451117,60.46845689],[27.17206876,60.47119241],[27.15875574,60.46939058],[27.16872457,60.46323315]]],[[[27.33982063,60.46288163],[27.34465532,60.46297882],[27.34320575,60.46897468],[27.33729923,60.47299387],[27.32860103,60.47090382],[27.33982063,60.46288163]]],[[[26.9844646,60.46331092],[26.98782368,60.46392728],[26.98844227,60.46757186],[26.97748822,60.474251],[26.97293667,60.48442149],[26.9664197,60.48382313],[26.96631587,60.47737035],[26.97366992,60.47562078],[26.97616327,60.46636482],[26.9844646,60.46331092]]],[[[27.46943485,60.45788692],[27.46896438,60.46202027],[27.46145385,60.46330522],[27.46943485,60.45788692]]],[[[27.2227599,60.45777284],[27.22697743,60.45919137],[27.22859048,60.46848451],[27.21795291,60.47274357],[27.22044111,60.4701668],[27.21459619,60.46312762],[27.2227599,60.45777284]]],[[[27.57799927,60.45546564],[27.58097008,60.45795312],[27.57488161,60.46083952],[27.56764185,60.45811022],[27.57799927,60.45546564]]],[[[27.72881986,60.45459152],[27.7290252,60.4614648],[27.73424324,60.46654612],[27.72491317,60.46767101],[27.71447899,60.4627686],[27.72881986,60.45459152]]],[[[27.70906931,60.45448174],[27.71147965,60.46092623],[27.70197995,60.46179192],[27.70906931,60.45448174]]],[[[26.76847789,60.45550538],[26.78290687,60.45840933],[26.77506359,60.4625203],[26.76840615,60.46203883],[26.76959802,60.46565152],[26.75917851,60.46841234],[26.7595099,60.47386964],[26.74964681,60.47418077],[26.75435478,60.46687208],[26.76719424,60.45998163],[26.76847789,60.45550538]]],[[[27.23572585,60.45533044],[27.24331381,60.4586349],[27.23660773,60.46114017],[27.23164581,60.45692528],[27.23572585,60.45533044]]],[[[27.50863952,60.45146683],[27.51118682,60.45451584],[27.50753276,60.45642329],[27.50164747,60.4529561],[27.50863952,60.45146683]]],[[[27.37992554,60.45082941],[27.37903495,60.45426544],[27.37190871,60.45290185],[27.37992554,60.45082941]]],[[[26.90596301,60.45121083],[26.91265377,60.45573624],[26.91022273,60.45943562],[26.89443618,60.46080244],[26.89737738,60.45449121],[26.90596301,60.45121083]]],[[[26.86496689,60.45055405],[26.86955575,60.45232927],[26.86293231,60.45899689],[26.85626914,60.4577673],[26.86496689,60.45055405]]],[[[26.85079301,60.44974105],[26.85672103,60.45016514],[26.85109843,60.45661806],[26.83024037,60.45489473],[26.85079301,60.44974105]]],[[[27.5343296,60.4476802],[27.54367365,60.44945048],[27.52802114,60.45632495],[27.51995513,60.4511987],[27.5343296,60.4476802]]],[[[27.49391652,60.44740809],[27.49712554,60.44933465],[27.49219188,60.453047],[27.48682667,60.45083223],[27.49391652,60.44740809]]],[[[27.39738643,60.44744107],[27.41208107,60.44997587],[27.41874394,60.45861037],[27.39851532,60.46657527],[27.38726314,60.46560338],[27.37225022,60.47497904],[27.36290867,60.47488691],[27.38376806,60.45026316],[27.39738643,60.44744107]]],[[[26.93858409,60.44648062],[26.9501084,60.45207414],[26.95219282,60.45593396],[26.94925654,60.45888603],[26.96281186,60.4663716],[26.96385268,60.47211261],[26.94898165,60.4744095],[26.9386964,60.4685691],[26.92025121,60.46494388],[26.91939451,60.45932921],[26.92605066,60.45823083],[26.92428302,60.45657908],[26.9300522,60.45456401],[26.92879631,60.45135242],[26.93858409,60.44648062]]],[[[27.23141252,60.44573114],[27.2305776,60.45009764],[27.21726229,60.45611523],[27.21984539,60.45028413],[27.2253743,60.45097548],[27.23141252,60.44573114]]],[[[27.35233957,60.44517925],[27.35846228,60.44862784],[27.35375353,60.45410008],[27.3460439,60.44791348],[27.35233957,60.44517925]]],[[[27.2986548,60.44445052],[27.29955815,60.44826162],[27.27897263,60.44636402],[27.28811806,60.44463776],[27.28955694,60.44741],[27.2986548,60.44445052]]],[[[27.63363167,60.44302445],[27.63586566,60.44739542],[27.62997773,60.45034694],[27.62813765,60.44763605],[27.63363167,60.44302445]]],[[[27.18944757,60.44411537],[27.19175055,60.44545626],[27.18349578,60.45047108],[27.18876346,60.45414775],[27.15650518,60.46112439],[27.15947513,60.45392081],[27.18944757,60.44411537]]],[[[27.22622817,60.44401388],[27.22820231,60.44626213],[27.21989001,60.44868946],[27.22622817,60.44401388]]],[[[26.75711809,60.43836609],[26.75801119,60.44564927],[26.75381041,60.44469219],[26.74952295,60.44791006],[26.74902116,60.44122261],[26.75711809,60.43836609]]],[[[27.04595017,60.43715769],[27.05728675,60.43787437],[27.05970198,60.44236516],[27.04807881,60.44452939],[27.04459379,60.4408381],[27.04595017,60.43715769]]],[[[27.04925085,60.43093673],[27.05497662,60.43424417],[27.0454848,60.43460451],[27.04925085,60.43093673]]],[[[27.08449987,60.42862115],[27.09262723,60.43604797],[27.08665435,60.43685184],[27.07616593,60.43062913],[27.08449987,60.42862115]]],[[[27.54282226,60.42738156],[27.55610007,60.43026726],[27.55281428,60.43194226],[27.55290807,60.44092402],[27.53913677,60.43942522],[27.53637709,60.43316921],[27.54282226,60.42738156]]],[[[27.31267243,60.42503589],[27.30294657,60.43504291],[27.2987642,60.43452342],[27.30222783,60.42908313],[27.31267243,60.42503589]]],[[[26.67474562,60.42482524],[26.68008938,60.42656777],[26.67589838,60.43364887],[26.70941086,60.43197641],[26.70780307,60.43618559],[26.71519598,60.43800641],[26.72064529,60.45023903],[26.74413413,60.4521587],[26.74603595,60.4541296],[26.73909263,60.46504955],[26.74122078,60.46781459],[26.73475262,60.480132],[26.7421642,60.48443963],[26.75056912,60.48084739],[26.75201321,60.476962],[26.76497975,60.47722839],[26.78111793,60.49276945],[26.7921443,60.49060015],[26.79683455,60.4864823],[26.76378282,60.47239333],[26.79342987,60.45505922],[26.82179423,60.4650187],[26.83428036,60.45965389],[26.84533023,60.46304351],[26.84552456,60.47327631],[26.85606208,60.47769403],[26.87141318,60.47095028],[26.88661491,60.4749339],[26.88673706,60.48420339],[26.88968517,60.48501153],[26.89943887,60.48152703],[26.90044481,60.47704051],[26.90880714,60.47675486],[26.90897485,60.4723126],[26.91639579,60.46830547],[26.93056063,60.46867716],[26.9357975,60.47222222],[26.92908988,60.47628738],[26.94366662,60.47666664],[26.94903774,60.48238108],[26.94228845,60.49153024],[26.92125312,60.48739813],[26.91192226,60.49836834],[26.93010077,60.49475395],[26.93940861,60.50034602],[26.94079427,60.49496649],[26.95477081,60.48599018],[26.96974107,60.49008041],[26.97300991,60.49247168],[26.97027644,60.49547414],[26.97395686,60.49632726],[26.98154516,60.48891187],[26.98856612,60.498755],[26.9760146,60.5081881],[26.98051351,60.51234088],[26.9875414,60.51355409],[27.0087952,60.50782256],[27.01225628,60.51304583],[27.02239616,60.51801284],[27.01927549,60.52707203],[27.01271064,60.53033434],[27.01394669,60.53734499],[27.00564106,60.54218858],[27.00774744,60.55451761],[27.01814279,60.55347107],[27.02604749,60.54784129],[27.02304717,60.53836201],[27.03405856,60.53426024],[27.0297094,60.53199705],[27.03975821,60.5201699],[27.05591371,60.52940434],[27.06584409,60.52968493],[27.0589103,60.53313581],[27.0624648,60.5376969],[27.04874101,60.5375837],[27.04115829,60.54143003],[27.04860572,60.54441822],[27.04378889,60.54635673],[27.04535789,60.54945327],[27.06696154,60.54065615],[27.06930282,60.53823006],[27.06570224,60.5355877],[27.06933501,60.53380838],[27.07780393,60.53570934],[27.09299588,60.53196855],[27.09664385,60.53456331],[27.09031999,60.54108916],[27.09386364,60.55036235],[27.09779578,60.54859274],[27.09575175,60.5461768],[27.10444153,60.54461687],[27.10988089,60.53785284],[27.12787987,60.52912592],[27.16134811,60.53932297],[27.16005323,60.53550043],[27.12945608,60.5247852],[27.13738619,60.52029827],[27.14440619,60.52226319],[27.15957663,60.51798022],[27.1700773,60.52563594],[27.17135381,60.523493],[27.18241934,60.52854083],[27.17550984,60.53364457],[27.17218642,60.54091424],[27.17385062,60.55386061],[27.1667939,60.55799614],[27.1724349,60.56369677],[27.16163067,60.56825497],[27.17164958,60.57410977],[27.1850543,60.5714521],[27.1857508,60.56566359],[27.18038159,60.56237204],[27.20591525,60.56271123],[27.22179326,60.55930664],[27.22270814,60.55311775],[27.24398072,60.54852195],[27.26927694,60.5355477],[27.2737663,60.5368956],[27.27915198,60.53074474],[27.26653501,60.52897225],[27.25575355,60.53179166],[27.2605667,60.53615271],[27.2392503,60.53835037],[27.23505343,60.54545665],[27.19971946,60.5536731],[27.19218219,60.55138733],[27.18978571,60.54728559],[27.19196583,60.54124599],[27.19887757,60.53858131],[27.20443576,60.53039013],[27.19656774,60.52551776],[27.19653996,60.51607756],[27.20435646,60.5182167],[27.22162772,60.5154345],[27.22198701,60.51889182],[27.22886036,60.52061442],[27.22900351,60.52655983],[27.23287555,60.52697651],[27.2547192,60.52477654],[27.2566683,60.52039706],[27.2825932,60.51162328],[27.28559102,60.51235804],[27.28504532,60.51570962],[27.30438356,60.52193315],[27.30965606,60.51792921],[27.30421354,60.51312452],[27.32213967,60.50725502],[27.33524707,60.50566047],[27.3327198,60.51326609],[27.33607133,60.51351205],[27.34321968,60.50649947],[27.35557048,60.50798291],[27.36505819,60.50044418],[27.36988202,60.50054205],[27.37034089,60.50525267],[27.35871908,60.51104284],[27.36538572,60.51310996],[27.38799717,60.49952107],[27.383602,60.49515582],[27.3863096,60.49325743],[27.39851896,60.49126135],[27.41070392,60.48304133],[27.41202012,60.4721916],[27.42429857,60.46898373],[27.42691605,60.46509992],[27.43360881,60.465661],[27.43346881,60.47005486],[27.44982758,60.4736133],[27.47539227,60.46091047],[27.49173954,60.46278596],[27.49379944,60.46506425],[27.482008,60.47621434],[27.48224036,60.47946357],[27.4667502,60.48023232],[27.45714028,60.4876359],[27.46633081,60.49452653],[27.46610712,60.4986951],[27.4814973,60.50006475],[27.48431085,60.50205748],[27.48097082,60.50475708],[27.49043451,60.5108985],[27.50133346,60.505479],[27.50093645,60.50219552],[27.51223953,60.50130326],[27.53375897,60.49286936],[27.5416226,60.49660131],[27.54713527,60.49563412],[27.55803478,60.48920561],[27.56626383,60.48842704],[27.56534287,60.48257507],[27.57674082,60.47492656],[27.61840628,60.46741429],[27.6210312,60.4727005],[27.5891486,60.48538757],[27.58829085,60.49181376],[27.58324981,60.49176203],[27.56845142,60.50570995],[27.5779331,60.51169157],[27.59982682,60.51190326],[27.6033885,60.51355242],[27.60640942,60.52522662],[27.62111158,60.52638758],[27.64881554,60.51959776],[27.6446174,60.5142362],[27.63292819,60.51265965],[27.62622075,60.51835044],[27.60924502,60.51721276],[27.60782666,60.50892614],[27.59663291,60.50851211],[27.59568218,60.50185698],[27.58906761,60.4992283],[27.58776454,60.49432733],[27.60933302,60.48785688],[27.61712993,60.48166375],[27.63092503,60.48311754],[27.63287515,60.48650985],[27.62670302,60.49221389],[27.63482564,60.49310806],[27.65253586,60.49240338],[27.65582857,60.48882781],[27.6612571,60.49000393],[27.68109654,60.48442948],[27.68777984,60.48587676],[27.69032418,60.49203759],[27.70496392,60.49455437],[27.73326133,60.49000561],[27.74115838,60.48526723],[27.7429911,60.48628151],[27.73909348,60.4945044],[27.74245502,60.49400764],[27.74410173,60.50466809],[27.73086908,60.50860317],[27.72913398,60.51479468],[27.72218745,60.51077471],[27.70719995,60.51764936],[27.71473083,60.52062819],[27.71831379,60.52727857],[27.74444645,60.52005837],[27.74133392,60.52769956],[27.71950549,60.53256753],[27.72664437,60.53532946],[27.71503763,60.54166293],[27.71483999,60.5449965],[27.72257231,60.55135729],[27.71906641,60.55677989],[27.72122458,60.56166747],[27.71562342,60.56426714],[27.73847069,60.57229077],[27.72475551,60.57657421],[27.73728112,60.58192044],[27.7672509,60.58117655],[27.77217479,60.57877991],[27.76925228,60.57659475],[27.76899756,60.56927054],[27.77764719,60.56204658],[27.77787521,60.55046452],[27.7962979,60.54490914],[27.81440052,60.55427453],[27.84749728,60.56138031],[27.84233923,60.5658683],[27.84451028,60.58049573],[27.87342529,60.60455234],[27.99128251,60.66898492],[27.95147098,60.66715534],[27.95714264,60.67736576],[27.95272774,60.68598401],[27.90192916,60.69638513],[27.88057519,60.71336817],[27.85930128,60.74105182],[27.85115206,60.76516591],[27.79292334,60.76920302],[27.77327085,60.75889583],[27.75133958,60.75757892],[27.72753856,60.76279427],[27.71042683,60.78994574],[27.71388375,60.79533163],[27.6782158,60.80164165],[27.60604327,60.80583739],[27.5496642,60.79783453],[27.50471649,60.79923219],[27.45283931,60.82058819],[27.4283597,60.84264006],[27.37262169,60.87899313],[27.30470132,60.89360651],[27.21322432,60.90404989],[27.18434829,60.92478564],[27.13611047,60.95124727],[27.12106943,60.9640195],[27.12943458,60.9668943],[27.1525854,60.95312056],[27.18486216,60.95085997],[27.24166253,60.96348062],[27.24832453,60.97031327],[27.24166213,60.97318548],[27.21918038,60.96980373],[27.2072214,60.9997089],[27.19296288,61.00766237],[27.17330574,60.9979851],[27.14115344,61.01054789],[27.14802146,61.02126479],[27.15952385,61.0277383],[27.1468736,61.04790785],[27.15288246,61.07079978],[27.16150131,61.07155527],[27.18500843,61.08604722],[27.22848998,61.09020228],[27.21345004,61.10326273],[27.20179514,61.10655976],[27.19018653,61.10158242],[27.17669445,61.10694302],[27.18540549,61.11185819],[27.18687115,61.12106903],[27.2182962,61.14278523],[27.20582011,61.16247141],[27.16672142,61.16099053],[27.12088952,61.16441062],[27.11151286,61.1579349],[27.09631523,61.15534135],[27.0311675,61.15206131],[26.91213304,61.18316155],[26.92952756,61.21003721],[26.92075858,61.22574934],[26.89082707,61.24244961],[26.89672354,61.24409288],[26.87802417,61.27814496],[26.88121925,61.28520396],[26.85230726,61.28368674],[26.78182279,61.26998884],[26.77194156,61.26615505],[26.77336079,61.25854305],[26.76055114,61.23961555],[26.74544521,61.22968339],[26.66131779,61.20687905],[26.62987814,61.22103498],[26.67110157,61.24359059],[26.62913899,61.29257891],[26.5617117,61.27055062],[26.54957783,61.27701877],[26.51366287,61.27432642],[26.48393253,61.26511671],[26.4439963,61.26279324],[26.44357049,61.25639069],[26.42497013,61.25150286],[26.43130489,61.23730692],[26.39643536,61.21372616],[26.38547765,61.18813788],[26.34774558,61.17369296],[26.27054561,61.16300954],[26.26901079,61.14953598],[26.23445045,61.13000432],[26.2552156,61.1121898],[26.25649743,61.10533883],[26.31096591,61.10665474],[26.26731884,61.06982686],[26.24909428,61.03993012],[26.26581097,61.01166051],[26.28572367,61.01290187],[26.30528038,61.00351116],[26.32208752,61.00431129],[26.33099993,61.00007204],[26.34618976,61.0004711],[26.35509728,61.02256985],[26.37534922,61.02805079],[26.38634138,61.02774587],[26.4049464,61.01632124],[26.42304941,61.01205986],[26.46020535,61.01422496],[26.50435797,61.00979607],[26.49544514,60.99065272],[26.53539828,60.93763396],[26.54496825,60.8838187],[26.53861649,60.87185799],[26.46381357,60.87724491],[26.45999189,60.87354587],[26.51139239,60.84061533],[26.452758,60.81661501],[26.42879405,60.81632966],[26.37885634,60.80553695],[26.39688878,60.7794064],[26.36839335,60.7687797],[26.37442466,60.76110868],[26.30507731,60.75334125],[26.30013052,60.74920561],[26.30045532,60.7309506],[26.3314679,60.71188897],[26.3250744,60.69666047],[26.33844821,60.67582716],[26.36208217,60.66822393],[26.34710468,60.66135799],[26.4313951,60.64955127],[26.45845324,60.6390821],[26.4818476,60.61425312],[26.48345131,60.59685153],[26.51223087,60.59898259],[26.53866194,60.59517403],[26.54429215,60.55490657],[26.50061376,60.5454413],[26.511203,60.52731408],[26.44783952,60.492419],[26.45315532,60.4861319],[26.45576863,60.4897578],[26.46613599,60.48728181],[26.47687388,60.47379072],[26.48458053,60.46973593],[26.48483624,60.46553219],[26.50713465,60.45618076],[26.51829343,60.44787828],[26.53235061,60.45231746],[26.54176372,60.44779453],[26.53938333,60.44655589],[26.55197295,60.43481705],[26.55929693,60.43187929],[26.57109882,60.43127109],[26.57140932,60.43880472],[26.56593071,60.44020646],[26.56082621,60.45100421],[26.56375924,60.45592199],[26.57287734,60.45291661],[26.57690615,60.45951829],[26.58144621,60.46060876],[26.61747048,60.45660914],[26.62284754,60.4604548],[26.64039592,60.45419431],[26.64189173,60.44813439],[26.64843537,60.44576754],[26.64732085,60.44107693],[26.65397326,60.43239747],[26.65965673,60.43252561],[26.67474562,60.42482524]]],[[[27.07015596,60.42469211],[27.06655663,60.43757445],[27.06159221,60.43957271],[27.05682616,60.43524762],[27.06026319,60.42745835],[27.07015596,60.42469211]]],[[[27.46229083,60.42316164],[27.46512891,60.42471164],[27.46094025,60.4283943],[27.46940688,60.43147561],[27.46395902,60.43404377],[27.44859145,60.42974648],[27.45016378,60.42479344],[27.46229083,60.42316164]]],[[[27.04338786,60.41943579],[27.05220264,60.42484756],[27.04552953,60.42649937],[27.03875724,60.4232074],[27.04338786,60.41943579]]],[[[26.90658285,60.41682521],[26.9108462,60.41952911],[26.90399204,60.4243724],[26.91886844,60.42067542],[26.92555163,60.42450881],[26.91712662,60.42803922],[26.92846361,60.42925058],[26.9287634,60.43144883],[26.9188316,60.43202383],[26.92223605,60.43445226],[26.91655659,60.43934393],[26.9193181,60.44563144],[26.89171052,60.45522231],[26.88940503,60.4576056],[26.8913535,60.46302699],[26.88503704,60.46195783],[26.88204551,60.46812299],[26.8656675,60.4622559],[26.87093753,60.45705454],[26.87086083,60.4506637],[26.84374136,60.44786758],[26.85049603,60.44075949],[26.85069127,60.43656067],[26.84569898,60.43563301],[26.85004902,60.43100239],[26.86191345,60.43260179],[26.86367698,60.43615637],[26.88632078,60.43280948],[26.88619171,60.42574341],[26.90658285,60.41682521]]],[[[26.74192347,60.41657453],[26.74782339,60.41779828],[26.74019464,60.42051041],[26.73854423,60.41784222],[26.74192347,60.41657453]]],[[[27.32356821,60.41312923],[27.32572249,60.41611831],[27.3156331,60.41490345],[27.32356821,60.41312923]]],[[[26.78306196,60.4132877],[26.78272453,60.41683934],[26.78604762,60.41832608],[26.78331476,60.41963984],[26.7779814,60.41546461],[26.78306196,60.4132877]]],[[[26.77073244,60.4131675],[26.77131538,60.4156988],[26.76014478,60.41995302],[26.75563511,60.4146791],[26.77073244,60.4131675]]],[[[27.02651973,60.41285833],[27.0331362,60.4143459],[27.03295552,60.41700704],[27.02556317,60.41731237],[27.0198583,60.42352497],[27.03514899,60.42543782],[27.03082099,60.436629],[27.04235052,60.43875698],[27.03799828,60.44515477],[27.02973251,60.44464867],[27.03689565,60.45125137],[27.03312408,60.457569],[27.00778236,60.4510605],[27.00597024,60.44255853],[27.00935498,60.43885895],[26.99725131,60.4403813],[26.99612584,60.43608916],[26.98888139,60.43281391],[26.994996,60.42611956],[27.00198303,60.42578011],[27.00127215,60.41979931],[27.00757591,60.42013063],[27.00502202,60.41706758],[27.00708187,60.4152172],[27.02651973,60.41285833]]],[[[26.87358276,60.4126875],[26.88425859,60.41836095],[26.87125491,60.41859954],[26.87358276,60.4126875]]],[[[27.10842822,60.40997838],[27.11845061,60.41454209],[27.11865263,60.42293561],[27.11169617,60.42303555],[27.10842822,60.40997838]]],[[[27.08007404,60.40849968],[27.0763327,60.41845638],[27.06849267,60.41919653],[27.06592055,60.42379189],[27.05755524,60.42224032],[27.08007404,60.40849968]]],[[[26.83472164,60.40817063],[26.83877279,60.41107195],[26.8297594,60.4097255],[26.83472164,60.40817063]]],[[[27.04278293,60.40745174],[27.04897607,60.4103228],[27.04057439,60.41495467],[27.03877225,60.40898628],[27.04278293,60.40745174]]],[[[26.84880589,60.40685046],[26.85130242,60.41060363],[26.84688382,60.4116232],[26.84880589,60.40685046]]],[[[26.73386443,60.4064242],[26.73689352,60.40959594],[26.72996377,60.41443923],[26.73363479,60.42262402],[26.75558357,60.42065344],[26.76208581,60.42357085],[26.74116731,60.43693512],[26.73731912,60.43280758],[26.74176872,60.42870361],[26.72895972,60.42832576],[26.72853094,60.42052228],[26.72219103,60.41400343],[26.72652257,60.4085245],[26.73386443,60.4064242]]],[[[26.98902004,60.40652646],[26.99591797,60.40939918],[26.99435138,60.41482679],[26.98317796,60.426996],[26.97846903,60.42671567],[26.97751639,60.42432759],[26.98271438,60.42009161],[26.97902042,60.41167041],[26.98902004,60.40652646]]],[[[27.39677416,60.40477898],[27.40064396,60.40762563],[27.39559099,60.41282473],[27.38669712,60.41448702],[27.38325996,60.41153502],[27.39677416,60.40477898]]],[[[26.67563451,60.40021062],[26.6826563,60.40543097],[26.67900268,60.41024246],[26.67255078,60.41147489],[26.67019905,60.40985729],[26.67563451,60.40021062]]],[[[27.42213617,60.39660968],[27.42469332,60.40004829],[27.41637577,60.4044154],[27.42538951,60.40677316],[27.42747143,60.41418269],[27.41746367,60.4167118],[27.40470225,60.40613087],[27.42213617,60.39660968]]],[[[26.92250065,60.39528264],[26.92903478,60.39826912],[26.92248785,60.40642221],[26.91780505,60.40483248],[26.92155805,60.40237817],[26.91895301,60.39709432],[26.92250065,60.39528264]]],[[[26.6974549,60.39000275],[26.70157299,60.39709487],[26.68918984,60.4044463],[26.68258582,60.40223653],[26.68047251,60.39867551],[26.69478913,60.39576568],[26.69410805,60.39008628],[26.6974549,60.39000275]]],[[[27.42682822,60.38112734],[27.4417556,60.3878656],[27.42787298,60.39147612],[27.42815347,60.38726849],[27.42180103,60.3861905],[27.42682822,60.38112734]]],[[[27.01845056,60.37940097],[27.019862,60.38297738],[27.01473302,60.38535404],[27.01845056,60.37940097]]],[[[27.50926992,60.3775724],[27.50640165,60.38382351],[27.49935603,60.38367524],[27.50926992,60.3775724]]],[[[26.54613633,60.37477154],[26.5506613,60.37719285],[26.54559029,60.3804984],[26.55506627,60.38154195],[26.5488675,60.38557617],[26.55171589,60.38882062],[26.54357117,60.39625541],[26.54862416,60.40102771],[26.55455873,60.40048264],[26.56184686,60.40478335],[26.57856311,60.40373418],[26.58218629,60.41155633],[26.59133089,60.4069121],[26.59795363,60.40783817],[26.60276792,60.41250915],[26.6212068,60.41322782],[26.62617952,60.41724501],[26.64080996,60.41303763],[26.64109069,60.4176477],[26.6551298,60.41564817],[26.65988004,60.4181564],[26.6480056,60.42786971],[26.6475266,60.43298776],[26.63707094,60.43384773],[26.63136305,60.43836825],[26.62107189,60.43889486],[26.59744906,60.44755437],[26.59172428,60.44306364],[26.576312,60.43972667],[26.57795267,60.43689297],[26.57342656,60.43570679],[26.5767723,60.42885483],[26.58261701,60.43063852],[26.58754052,60.42673167],[26.58694524,60.42293055],[26.57880335,60.42497969],[26.5710295,60.42002702],[26.56026825,60.42059484],[26.55740914,60.41316418],[26.54678014,60.40731255],[26.51572628,60.41611133],[26.50906085,60.42118312],[26.50452147,60.4189948],[26.50806794,60.41252397],[26.50475859,60.40704914],[26.51357058,60.40141019],[26.5089016,60.39927324],[26.53692912,60.38390131],[26.53612442,60.37874938],[26.54613633,60.37477154]]],[[[27.05344733,60.37173588],[27.06711321,60.37588933],[27.06662461,60.38886505],[27.06025554,60.39475918],[27.07033533,60.3981277],[27.06203289,60.40442039],[27.0471689,60.40139656],[27.022932,60.41008673],[27.01234532,60.40741343],[27.01988516,60.39376648],[27.03328959,60.38235695],[27.03709552,60.37494602],[27.04506345,60.37555179],[27.05344733,60.37173588]]],[[[26.61438429,60.37016174],[26.61581124,60.37284338],[26.61063209,60.37396321],[26.61438429,60.37016174]]],[[[26.96589407,60.36833598],[26.96537775,60.37294823],[26.95967041,60.37739102],[26.95124461,60.37706112],[26.96589407,60.36833598]]],[[[26.58509957,60.36656716],[26.5901091,60.37091964],[26.57785037,60.37633907],[26.57872973,60.37044655],[26.58509957,60.36656716]]],[[[26.6285448,60.36596641],[26.62905824,60.37028553],[26.63980207,60.36842804],[26.64373076,60.37249718],[26.65852569,60.37713678],[26.65262605,60.38025182],[26.6235917,60.37184284],[26.62257046,60.3667298],[26.6285448,60.36596641]]],[[[26.5979854,60.35576169],[26.61011079,60.36197999],[26.59942538,60.37221299],[26.59470165,60.36826717],[26.59266216,60.3594788],[26.5979854,60.35576169]]],[[[27.41622372,60.35074451],[27.43105171,60.35291183],[27.42173444,60.35556468],[27.41702835,60.35430464],[27.41622372,60.35074451]]],[[[26.77869288,60.34460373],[26.77978872,60.34934989],[26.78540852,60.35119499],[26.78565975,60.3563013],[26.77837146,60.36336163],[26.76090233,60.37135609],[26.74559608,60.36675074],[26.74509462,60.36252033],[26.75120819,60.35543739],[26.77869288,60.34460373]]],[[[27.25896924,60.34399519],[27.26903613,60.34558561],[27.25665748,60.34753067],[27.25896924,60.34399519]]],[[[27.46702124,60.34215955],[27.46854627,60.34552296],[27.45945671,60.34802379],[27.46463719,60.34882316],[27.46373881,60.35101641],[27.45117733,60.35201085],[27.45611172,60.34654049],[27.46702124,60.34215955]]],[[[26.81400453,60.30761267],[26.81697685,60.30879296],[26.81594544,60.31435086],[26.80104755,60.31502406],[26.80200351,60.30989269],[26.81400453,60.30761267]]],[[[27.20566707,60.30256974],[27.21707011,60.30471365],[27.21025732,60.30698419],[27.20566707,60.30256974]]],[[[27.39691716,60.30115885],[27.4012249,60.30504095],[27.392361,60.30463567],[27.39691716,60.30115885]]],[[[27.22463991,60.30002651],[27.23154206,60.30215975],[27.22519319,60.30797574],[27.2169433,60.30641954],[27.22463991,60.30002651]]],[[[27.1611158,60.29279461],[27.16644774,60.29563535],[27.15594377,60.29364254],[27.1611158,60.29279461]]],[[[26.63639372,60.28812884],[26.64631166,60.29148003],[26.6537115,60.3014157],[26.64998793,60.30350033],[26.64394752,60.29377363],[26.63169794,60.28884744],[26.63639372,60.28812884]]],[[[27.19508606,60.28601604],[27.20180348,60.2863779],[27.20151644,60.28969902],[27.18327917,60.28801998],[27.19508606,60.28601604]]],[[[27.13787991,60.28091753],[27.14076863,60.28697438],[27.15455174,60.28831668],[27.14310452,60.29143474],[27.13153207,60.28461571],[27.13787991,60.28091753]]],[[[27.30383729,60.27531066],[27.31314943,60.27762919],[27.31560655,60.28108107],[27.30298881,60.28454439],[27.29544156,60.28142105],[27.29652707,60.27778587],[27.30383729,60.27531066]]],[[[27.09057371,60.27468532],[27.09138116,60.27972418],[27.08721805,60.27775629],[27.09057371,60.27468532]]],[[[27.17561283,60.27367585],[27.18178968,60.2761214],[27.18140989,60.27867976],[27.16540718,60.27569299],[27.17561283,60.27367585]]],[[[26.60516489,60.27282821],[26.61026967,60.27768555],[26.599728,60.28014666],[26.59620618,60.27752325],[26.60516489,60.27282821]]],[[[27.15722842,60.27288981],[27.1639665,60.27339536],[27.16454493,60.27636449],[27.15740136,60.27697365],[27.15722842,60.27288981]]],[[[27.02443663,60.25632523],[27.02772378,60.25946535],[27.01995092,60.2581658],[27.02443663,60.25632523]]],[[[27.11115292,60.25606153],[27.11876834,60.25789918],[27.12017934,60.26113445],[27.11738738,60.26219308],[27.11115292,60.25606153]]]]}},{"type":"Feature","properties":{"code":"SKR","name":"South Karelia","sourceCode":"09"},"geometry":{"type":"Polygon","coordinates":[[[27.95147098,60.66715534],[27.99128251,60.66898492],[28.08899355,60.72059217],[28.13546677,60.74086777],[28.17428175,60.77861803],[28.22050005,60.78279329],[28.25584343,60.809953],[28.31191052,60.84126787],[28.32427602,60.85787518],[28.33584596,60.85424891],[28.46543027,60.9233359],[28.48367691,60.92900425],[28.52460578,60.95710513],[28.57286429,60.95168704],[28.61482162,60.95535914],[28.64923101,60.94814276],[28.65500104,60.94949981],[28.68403329,60.97894018],[28.71018817,61.0269845],[28.71384661,61.04446344],[28.80739087,61.09601089],[28.81910181,61.12157673],[28.87279101,61.13553917],[28.88353372,61.14233179],[28.91495375,61.14333563],[28.95685716,61.15155036],[28.98566887,61.17381195],[29.16188205,61.23665906],[29.19982238,61.25638083],[29.24482832,61.27069048],[29.24134551,61.27605778],[29.26553693,61.29164179],[29.32224925,61.34752325],[29.50310039,61.4612774],[29.49624671,61.49189944],[29.59167221,61.49556622],[29.64523368,61.5201553],[29.64320688,61.52609605],[29.68871834,61.55209144],[29.74053689,61.57575532],[29.75463897,61.60310018],[29.80320138,61.63498644],[29.81028204,61.63555794],[29.81867805,61.65517292],[30.03810265,61.76539763],[30.04724446,61.77327491],[30.07129641,61.81891705],[30.14391463,61.85229192],[30.1335789,61.8643154],[30.08241759,61.85320907],[29.55927164,61.72207283],[29.54899712,61.69007498],[29.53834687,61.68389443],[29.45846373,61.66900347],[29.40419875,61.65386806],[29.29487819,61.59700068],[29.26156801,61.55776951],[29.2203094,61.56006444],[29.04901405,61.53369843],[28.9725989,61.53618057],[28.95605018,61.54066419],[28.88673035,61.52730522],[28.82224713,61.53725556],[28.81177769,61.53577695],[28.81786588,61.51428441],[28.81417873,61.50158291],[28.79271717,61.49525858],[28.79144052,61.47775769],[28.75499271,61.48340916],[28.71964883,61.48317752],[28.68419008,61.47674249],[28.67807801,61.46833127],[28.64859973,61.46492596],[28.63327507,61.46981166],[28.58856598,61.46845024],[28.57743715,61.47569308],[28.52342078,61.47777433],[28.5253999,61.49810588],[28.49082951,61.51344458],[28.46292673,61.49902532],[28.44993427,61.51080121],[28.44005671,61.51155019],[28.41947016,61.48461426],[28.42662029,61.45684406],[28.41012154,61.45397402],[28.3916255,61.44530742],[28.3540145,61.43809423],[28.34236157,61.43171174],[28.33983686,61.4162761],[28.31680228,61.41444097],[28.30767539,61.41689559],[28.29816113,61.40021782],[28.28552029,61.39117166],[28.26261947,61.38621556],[28.25219792,61.37968657],[28.05985668,61.35554627],[27.93115528,61.35039292],[27.85578319,61.35123968],[27.79260651,61.36207843],[27.75446149,61.32905031],[27.69626491,61.32979156],[27.6467337,61.34388947],[27.62755694,61.34065427],[27.61468441,61.34541813],[27.59554321,61.34316818],[27.59117696,61.33812136],[27.59649658,61.32677288],[27.60345303,61.31984314],[27.61373981,61.31746452],[27.60832278,61.30795208],[27.59208598,61.31083625],[27.58431078,61.29982277],[27.55735055,61.303566],[27.54281821,61.28921425],[27.56989024,61.28090199],[27.58923424,61.28386261],[27.5964406,61.28083561],[27.57704879,61.26320083],[27.54388642,61.25669773],[27.50756827,61.26980411],[27.46277787,61.2680598],[27.43029948,61.2716431],[27.43887488,61.2558833],[27.43328073,61.2476918],[27.389311,61.24494612],[27.37455289,61.24814469],[27.36434408,61.23934922],[27.37960544,61.21973592],[27.37851782,61.21423876],[27.38405629,61.21280195],[27.38782474,61.2022518],[27.35877963,61.19494968],[27.36219531,61.17949979],[27.35550404,61.17354613],[27.31550934,61.16808848],[27.30196338,61.17721352],[27.26910614,61.16561909],[27.22914675,61.1670763],[27.20582011,61.16247141],[27.2182962,61.14278523],[27.18687115,61.12106903],[27.18540549,61.11185819],[27.17669445,61.10694302],[27.19018653,61.10158242],[27.20179514,61.10655976],[27.21345004,61.10326273],[27.22848998,61.09020228],[27.18500843,61.08604722],[27.16150131,61.07155527],[27.15288246,61.07079978],[27.1468736,61.04790785],[27.15952385,61.0277383],[27.14802146,61.02126479],[27.14115344,61.01054789],[27.17330574,60.9979851],[27.19296288,61.00766237],[27.2072214,60.9997089],[27.21918038,60.96980373],[27.24166213,60.97318548],[27.24832453,60.97031327],[27.24166253,60.96348062],[27.18486216,60.95085997],[27.1525854,60.95312056],[27.12943458,60.9668943],[27.12106943,60.9640195],[27.13611047,60.95124727],[27.18434829,60.92478564],[27.21322432,60.90404989],[27.30470132,60.89360651],[27.37262169,60.87899313],[27.4283597,60.84264006],[27.45283931,60.82058819],[27.50471649,60.79923219],[27.5496642,60.79783453],[27.60604327,60.80583739],[27.6782158,60.80164165],[27.71388375,60.79533163],[27.71042683,60.78994574],[27.72753856,60.76279427],[27.75133958,60.75757892],[27.77327085,60.75889583],[27.79292334,60.76920302],[27.85115206,60.76516591],[27.85930128,60.74105182],[27.88057519,60.71336817],[27.90192916,60.69638513],[27.95272774,60.68598401],[27.95714264,60.67736576],[27.95147098,60.66715534]]]}},{"type":"Feature","properties":{"code":"NSV","name":"North Savo","sourceCode":"11"},"geometry":{"type":"Polygon","coordinates":[[[27.79360807,61.98775915],[27.85133693,62.0143393],[27.87184874,62.00646183],[27.88633769,62.01493214],[27.8613217,62.03909627],[27.9098427,62.04841943],[27.91398104,62.05250099],[27.93409539,62.05053712],[27.94472326,62.05863413],[27.93497403,62.06602908],[27.92698392,62.08235136],[27.94673857,62.08814596],[27.9593863,62.08399868],[27.96734009,62.07429636],[27.99866439,62.06148016],[28.00740338,62.06807351],[27.9895023,62.07541889],[27.99859134,62.08607197],[27.97418882,62.10068529],[27.98248968,62.10529555],[28.01466117,62.09742422],[28.02108527,62.1012231],[28.01791889,62.10316494],[28.04177709,62.11305045],[28.08008766,62.11643784],[28.02684517,62.1703782],[28.03084602,62.19048169],[28.02696975,62.20530415],[28.09205907,62.20881378],[28.06883169,62.23001517],[28.04892182,62.2352927],[28.05988706,62.24355365],[28.09230817,62.23445194],[28.10830485,62.226354],[28.14088538,62.22462733],[28.1653745,62.2255716],[28.16928478,62.22927716],[28.18121644,62.22830568],[28.20150494,62.21707946],[28.22581154,62.21058248],[28.25699432,62.21896506],[28.26464686,62.22344439],[28.26442306,62.22908114],[28.28752523,62.22743291],[28.3047533,62.23213591],[28.32760077,62.22223001],[28.47076899,62.20125368],[28.50447511,62.20152298],[28.52354831,62.18487534],[28.54068624,62.18977741],[28.55350118,62.18500549],[28.56245808,62.17037544],[28.58402302,62.16165199],[28.61618564,62.14100792],[28.62351719,62.14268741],[28.61299508,62.15797141],[28.63157961,62.15644314],[28.63934114,62.16794661],[28.65166699,62.19118702],[28.63201663,62.19557394],[28.62956089,62.20101224],[28.6315913,62.20964208],[28.64509019,62.2043929],[28.65830234,62.20376668],[28.65280824,62.23132303],[28.60760249,62.25240382],[28.60151494,62.26194583],[28.58307248,62.26947839],[28.56245869,62.29436997],[28.55130121,62.29236416],[28.52568648,62.30733638],[28.49917646,62.31639774],[28.4744773,62.31833823],[28.48234565,62.31143066],[28.43792646,62.31684349],[28.42298416,62.32885962],[28.43776085,62.34633644],[28.43390786,62.34856822],[28.39813209,62.35730508],[28.374257,62.35739973],[28.36544637,62.35246317],[28.31500424,62.35455265],[28.32343612,62.3580219],[28.31880062,62.36801158],[28.32899226,62.3780752],[28.3235213,62.38264231],[28.28423548,62.39326453],[28.28501462,62.41236329],[28.24477166,62.4240459],[28.25078054,62.4314797],[28.28644825,62.44306424],[28.29737034,62.44189793],[28.30040685,62.45047867],[28.29472708,62.45705029],[28.27677751,62.46241946],[28.28641681,62.47314658],[28.30738459,62.46972699],[28.32503374,62.47234444],[28.35451818,62.46129346],[28.38186558,62.46163577],[28.39340454,62.48489158],[28.3903668,62.48935403],[28.37247428,62.49630776],[28.36777127,62.50329509],[28.37522201,62.51027305],[28.38765531,62.50875542],[28.40282076,62.52887208],[28.40547561,62.53730536],[28.39755486,62.55584294],[28.4091863,62.56890845],[28.40107281,62.57504661],[28.47745414,62.56575747],[28.52077387,62.5484568],[28.54546156,62.56838144],[28.46697302,62.58316268],[28.48684378,62.58850243],[28.5367394,62.58415206],[28.56076435,62.59699488],[28.57767212,62.5800921],[28.62419601,62.5997102],[28.62597355,62.60609987],[28.59870253,62.61043998],[28.63374156,62.62117601],[28.6428815,62.64894722],[28.65514955,62.6570217],[28.65502138,62.66826896],[28.70287954,62.69426112],[28.64401831,62.72820155],[28.63270643,62.74397736],[28.64256438,62.76078597],[28.68056418,62.77632124],[28.7002112,62.77263663],[28.71701221,62.77332522],[28.74769246,62.79910919],[28.74441185,62.81237697],[28.79009325,62.83379658],[28.80948861,62.83012864],[28.84815569,62.80845444],[28.90083002,62.79537484],[28.89865916,62.78969428],[28.93052712,62.77462625],[28.9428711,62.77489681],[28.9662292,62.80299681],[29.09760216,62.84558957],[29.05512943,62.8629069],[29.04718911,62.86017484],[29.03118557,62.87023838],[29.0102947,62.87352199],[28.98950273,62.89637318],[28.94976804,62.91529681],[28.93861825,62.91593107],[28.93090991,62.93662013],[28.93453614,62.93930942],[28.96325494,62.92490099],[28.97959717,62.92398567],[28.99574098,62.9276393],[28.99091093,62.94216075],[28.96278123,62.94580727],[28.9773585,62.95511756],[28.97177415,62.95875885],[29.06753588,62.98418642],[29.03800834,63.01085247],[28.92568015,63.03605659],[28.90784738,63.04733636],[28.86102087,63.05702972],[28.83133194,63.09390355],[28.707479,63.1704161],[28.69801749,63.18310923],[28.65383134,63.19685083],[28.61080413,63.20383534],[28.66148141,63.24166211],[28.64793609,63.25013377],[28.67961968,63.26543453],[28.70713636,63.27217636],[28.70294672,63.28426988],[28.68353318,63.28402877],[28.73676392,63.31135744],[28.75952582,63.38780887],[28.7050379,63.41133162],[28.69571588,63.4101507],[28.66611115,63.42319414],[28.64968713,63.47218709],[28.64110717,63.47636372],[28.60345853,63.5274556],[28.61358594,63.53985706],[28.63677514,63.54813625],[28.65051017,63.54033089],[28.68494635,63.55266739],[28.66850905,63.56120523],[28.65990975,63.55808922],[28.61841139,63.56726355],[28.60674884,63.5754417],[28.58584807,63.65910595],[28.59372358,63.66981441],[28.60646369,63.6746597],[28.58477487,63.68833188],[28.55090009,63.70062615],[28.52606035,63.69712973],[28.46122732,63.69860802],[28.42415503,63.72651007],[28.35959019,63.75475264],[28.27391502,63.6688115],[28.25618576,63.67450786],[28.20126418,63.70955315],[28.16881614,63.71480066],[28.14463209,63.72468689],[28.06094916,63.78145759],[27.9102601,63.85209989],[27.89279256,63.84911122],[27.74503077,63.90837667],[27.66386008,63.92301975],[27.65029438,63.91874501],[27.54059677,63.95643282],[27.4777652,63.96147773],[27.49702558,63.94970331],[27.44949429,63.94438118],[27.42850667,63.94786505],[27.41867153,63.96639479],[27.26111401,63.98933511],[27.13123456,63.99762758],[27.11927114,63.9907794],[27.01254508,63.99895875],[26.87040219,64.03697385],[26.59795157,63.97949494],[26.37352623,63.88930992],[26.21813091,63.83162927],[26.24281751,63.80659323],[26.29180374,63.58994771],[26.19521239,63.56930277],[26.1914627,63.51404434],[26.18621576,63.49896419],[26.13863975,63.45758802],[26.17671192,63.43886163],[26.1206615,63.40602276],[26.07054061,63.35477976],[26.08680007,63.35374174],[26.12881146,63.33020076],[26.14189095,63.27470442],[26.17585613,63.24137923],[26.1848672,63.21319332],[26.1477278,63.21004256],[26.16351306,63.14704122],[26.19170489,63.13147527],[26.19291554,63.1188354],[26.20772355,63.11067534],[26.21893632,63.08962568],[26.24451119,63.07492027],[26.24370859,63.07077402],[26.30311558,63.04892723],[26.32951,63.04289505],[26.33427411,63.03508951],[26.23891982,63.04391618],[26.2225732,63.02587395],[26.28979525,62.98228351],[26.33255145,62.98356941],[26.31412404,62.95867017],[26.27266686,62.92506039],[26.26641514,62.93452394],[26.22212302,62.95440007],[26.12431343,62.95294519],[26.08972748,62.94015741],[26.03983779,62.93611055],[26.06824224,62.88940807],[26.16539973,62.87252663],[26.18883051,62.86192097],[26.18255898,62.85663693],[26.15177406,62.84684103],[26.18954405,62.82383433],[26.21075242,62.8306764],[26.22296776,62.82567485],[26.35616094,62.74740993],[26.40569094,62.76768289],[26.39345955,62.77533536],[26.39916293,62.77828808],[26.44656023,62.78917315],[26.52921859,62.72230665],[26.52606213,62.71582159],[26.56222081,62.68170347],[26.56960776,62.65343679],[26.59130409,62.64165143],[26.59838628,62.6107726],[26.5763195,62.60403847],[26.59908838,62.59445145],[26.59418805,62.59068567],[26.57242579,62.58852706],[26.55615203,62.56201],[26.50813936,62.53314218],[26.48321527,62.53236425],[26.4706958,62.51892049],[26.48117369,62.51239015],[26.50793539,62.50564103],[26.57785547,62.47856507],[26.63311343,62.45076946],[26.68484259,62.46339677],[26.73200138,62.44337717],[26.76066043,62.42399867],[26.83255904,62.44297873],[26.81676923,62.45407327],[26.83343502,62.46822556],[26.87947801,62.48551267],[26.88392484,62.47760194],[26.90538515,62.46574959],[26.93629577,62.45680113],[26.95143553,62.4426354],[26.96329555,62.44537115],[26.97184778,62.45427825],[26.95119152,62.47553967],[26.95223678,62.48145601],[26.97051201,62.48904842],[26.99714605,62.46950903],[27.06128955,62.47132345],[27.08141594,62.48852687],[27.10214801,62.48476708],[27.1140571,62.5062135],[27.17021201,62.47614768],[27.16668753,62.4592209],[27.1954608,62.455952],[27.18936799,62.47014558],[27.21110573,62.47881134],[27.22490605,62.48003648],[27.25069254,62.47981809],[27.25104239,62.4742173],[27.26777532,62.46282796],[27.28380119,62.46219087],[27.28979548,62.46385563],[27.30252827,62.4858881],[27.33772631,62.49711106],[27.34741672,62.50845277],[27.3445096,62.52287903],[27.36356286,62.53001764],[27.3842927,62.51428613],[27.38559851,62.50546543],[27.39301426,62.50291872],[27.40850882,62.50388615],[27.41583129,62.49527698],[27.44127492,62.48501329],[27.45947041,62.48400271],[27.46465295,62.47084009],[27.52910336,62.45678771],[27.54320185,62.45672014],[27.57257253,62.44805732],[27.62990158,62.41963988],[27.65255124,62.39981284],[27.6855823,62.38862593],[27.6919111,62.37475951],[27.67545557,62.3521498],[27.69295688,62.33303485],[27.64772797,62.32056469],[27.62681112,62.30467222],[27.63188706,62.2829631],[27.60589422,62.27848003],[27.58809656,62.29041044],[27.55627526,62.27714949],[27.54956842,62.28326864],[27.51867752,62.28759005],[27.51115394,62.28007596],[27.49372455,62.27478981],[27.55750013,62.23707005],[27.56356367,62.22937828],[27.53272929,62.22687042],[27.50973,62.23525584],[27.50144975,62.2337735],[27.53360526,62.19710722],[27.54598488,62.19003417],[27.54789204,62.17196366],[27.56616412,62.14764238],[27.58278287,62.15457851],[27.60157189,62.15707263],[27.63093391,62.15020689],[27.61832268,62.14349986],[27.63415247,62.13370151],[27.63914541,62.12383779],[27.62457109,62.11569301],[27.64099181,62.10754127],[27.62519604,62.10286134],[27.64582902,62.08801287],[27.61410192,62.07632886],[27.62567432,62.06794791],[27.63897411,62.0643304],[27.61578379,62.0505533],[27.65747055,62.02972443],[27.65308049,62.02776521],[27.69985532,62.00855406],[27.76882723,62.00166167],[27.79360807,61.98775915]]]}},{"type":"Feature","properties":{"code":"NKR","name":"North Karelia","sourceCode":"12"},"geometry":{"type":"Polygon","coordinates":[[[29.55927164,61.72207283],[30.08241759,61.85320907],[30.1335789,61.8643154],[30.14391463,61.85229192],[30.19618137,61.88221243],[30.19409354,61.89128767],[30.21139086,61.8927078],[30.2741668,61.93364416],[30.30074071,61.93497176],[30.31278886,61.94498104],[30.30590657,61.9644579],[30.35165936,61.98000654],[30.37702458,61.99953567],[30.42193455,62.02211495],[30.60285921,62.14177203],[30.63577179,62.17365032],[30.62867456,62.18877577],[30.65704952,62.20890381],[30.7203022,62.20887615],[30.74475032,62.22668145],[30.76625908,62.23584365],[30.80869321,62.26101536],[30.81081276,62.27066904],[30.83410704,62.27550596],[30.90419488,62.31053954],[30.94320926,62.30584784],[30.95487488,62.31258171],[30.96207588,62.32771867],[30.94273084,62.33321364],[31.13814061,62.4421704],[31.16275207,62.44606466],[31.16504482,62.46255386],[31.17333078,62.48190259],[31.18489343,62.49377741],[31.22161848,62.49857388],[31.34516699,62.64008998],[31.37329323,62.64981384],[31.3762796,62.66945641],[31.38525834,62.67504566],[31.38032539,62.68993258],[31.43920795,62.78488275],[31.46666724,62.78394348],[31.45564346,62.79677383],[31.58670344,62.90870693],[31.56376983,62.92730678],[31.50213961,62.99625125],[31.44876587,63.00605549],[31.46298336,63.0242467],[31.4250105,63.04326344],[31.41085968,63.04197416],[31.38734668,63.04933408],[31.37804024,63.06250902],[31.36087733,63.07224213],[31.29356531,63.09405539],[31.27212703,63.10762809],[31.26538082,63.11518343],[31.25543155,63.14183188],[31.25484713,63.17865179],[31.24392684,63.18298746],[31.23824468,63.19513326],[31.23983476,63.21887426],[31.16461985,63.2440908],[31.15141064,63.25834111],[31.13750284,63.26519438],[31.10184932,63.27093668],[31.08568439,63.28131105],[31.02067565,63.30323128],[30.99295356,63.30379602],[30.97916615,63.30777279],[30.94401822,63.33668084],[30.93442158,63.35549734],[30.85014932,63.36845089],[30.84244407,63.37688626],[30.78769152,63.40527549],[30.66928701,63.42691595],[30.48400795,63.4667034],[30.38453659,63.54550911],[30.2582144,63.58394703],[30.244149,63.60727228],[30.12375004,63.6679974],[30.10955007,63.67964733],[30.07296645,63.6947396],[30.06050089,63.70378624],[30.06483731,63.70795153],[29.97189359,63.75716535],[29.87466483,63.74920568],[29.77568902,63.70335639],[29.72268884,63.74803151],[29.68252613,63.87894234],[29.54393792,63.87150226],[29.31142093,63.85279993],[28.88513706,63.835837],[28.50077086,63.88241469],[28.49600268,63.87823591],[28.45996128,63.87111725],[28.47374757,63.85840225],[28.35959019,63.75475264],[28.42415503,63.72651007],[28.46122732,63.69860802],[28.52606035,63.69712973],[28.55090009,63.70062615],[28.58477487,63.68833188],[28.60646369,63.6746597],[28.59372358,63.66981441],[28.58584807,63.65910595],[28.60674884,63.5754417],[28.61841139,63.56726355],[28.65990975,63.55808922],[28.66850905,63.56120523],[28.68494635,63.55266739],[28.65051017,63.54033089],[28.63677514,63.54813625],[28.61358594,63.53985706],[28.60345853,63.5274556],[28.64110717,63.47636372],[28.64968713,63.47218709],[28.66611115,63.42319414],[28.69571588,63.4101507],[28.7050379,63.41133162],[28.75952582,63.38780887],[28.73676392,63.31135744],[28.68353318,63.28402877],[28.70294672,63.28426988],[28.70713636,63.27217636],[28.67961968,63.26543453],[28.64793609,63.25013377],[28.66148141,63.24166211],[28.61080413,63.20383534],[28.65383134,63.19685083],[28.69801749,63.18310923],[28.707479,63.1704161],[28.83133194,63.09390355],[28.86102087,63.05702972],[28.90784738,63.04733636],[28.92568015,63.03605659],[29.03800834,63.01085247],[29.06753588,62.98418642],[28.97177415,62.95875885],[28.9773585,62.95511756],[28.96278123,62.94580727],[28.99091093,62.94216075],[28.99574098,62.9276393],[28.97959717,62.92398567],[28.96325494,62.92490099],[28.93453614,62.93930942],[28.93090991,62.93662013],[28.93861825,62.91593107],[28.94976804,62.91529681],[28.98950273,62.89637318],[29.0102947,62.87352199],[29.03118557,62.87023838],[29.04718911,62.86017484],[29.05512943,62.8629069],[29.09760216,62.84558957],[28.9662292,62.80299681],[28.9428711,62.77489681],[28.93052712,62.77462625],[28.89865916,62.78969428],[28.90083002,62.79537484],[28.84815569,62.80845444],[28.80948861,62.83012864],[28.79009325,62.83379658],[28.74441185,62.81237697],[28.74769246,62.79910919],[28.71701221,62.77332522],[28.7002112,62.77263663],[28.68056418,62.77632124],[28.64256438,62.76078597],[28.63270643,62.74397736],[28.64401831,62.72820155],[28.70287954,62.69426112],[28.65502138,62.66826896],[28.65514955,62.6570217],[28.6428815,62.64894722],[28.63374156,62.62117601],[28.59870253,62.61043998],[28.62597355,62.60609987],[28.62419601,62.5997102],[28.57767212,62.5800921],[28.56076435,62.59699488],[28.5367394,62.58415206],[28.48684378,62.58850243],[28.46697302,62.58316268],[28.54546156,62.56838144],[28.52077387,62.5484568],[28.47745414,62.56575747],[28.40107281,62.57504661],[28.4091863,62.56890845],[28.39755486,62.55584294],[28.40547561,62.53730536],[28.40282076,62.52887208],[28.38765531,62.50875542],[28.37522201,62.51027305],[28.36777127,62.50329509],[28.37247428,62.49630776],[28.3903668,62.48935403],[28.39340454,62.48489158],[28.38186558,62.46163577],[28.35451818,62.46129346],[28.32503374,62.47234444],[28.30738459,62.46972699],[28.28641681,62.47314658],[28.27677751,62.46241946],[28.29472708,62.45705029],[28.30040685,62.45047867],[28.29737034,62.44189793],[28.28644825,62.44306424],[28.25078054,62.4314797],[28.24477166,62.4240459],[28.28501462,62.41236329],[28.28423548,62.39326453],[28.3235213,62.38264231],[28.32899226,62.3780752],[28.31880062,62.36801158],[28.32343612,62.3580219],[28.31500424,62.35455265],[28.36544637,62.35246317],[28.374257,62.35739973],[28.39813209,62.35730508],[28.43390786,62.34856822],[28.43776085,62.34633644],[28.42298416,62.32885962],[28.43792646,62.31684349],[28.48234565,62.31143066],[28.4744773,62.31833823],[28.49917646,62.31639774],[28.52568648,62.30733638],[28.55130121,62.29236416],[28.56245869,62.29436997],[28.58307248,62.26947839],[28.60151494,62.26194583],[28.60760249,62.25240382],[28.65280824,62.23132303],[28.65997067,62.23921329],[28.70182082,62.22375779],[28.71041846,62.2281123],[28.70795933,62.2330888],[28.71585486,62.23548995],[28.73802409,62.21703577],[28.7796675,62.20492443],[28.79403656,62.21058388],[28.74671247,62.2532927],[28.75283539,62.2867605],[28.77931067,62.29336308],[28.79026273,62.27782156],[28.8143611,62.26778395],[28.8476834,62.26434559],[28.85972877,62.25288218],[28.88862869,62.26368704],[28.91884033,62.2583791],[28.93205217,62.261217],[28.95089655,62.27682836],[28.93506961,62.28601409],[28.9477238,62.29229318],[28.96145692,62.28572647],[28.97203971,62.29057898],[28.95138459,62.29921703],[28.95995484,62.30944804],[28.9852605,62.31061393],[29.00510026,62.32743024],[29.04091093,62.32116134],[29.08945171,62.34297758],[29.12436212,62.32651957],[29.16823997,62.33205016],[29.1593828,62.34315299],[29.15953364,62.3558893],[29.18362659,62.36280297],[29.18356251,62.36867594],[29.16644886,62.38633758],[29.16955187,62.39037683],[29.16078822,62.39795703],[29.1742464,62.40741999],[29.1991848,62.40198987],[29.23080859,62.41775702],[29.26770794,62.40768521],[29.29596533,62.38672779],[29.30751648,62.33432951],[29.39403733,62.25035101],[29.43008176,62.23652899],[29.40726778,62.20178495],[29.45952411,62.08115746],[29.46879027,62.07611808],[29.48233314,62.05668661],[29.50933356,62.03829198],[29.51401257,62.03975107],[29.57244673,62.03012547],[29.56643816,62.02482498],[29.59502389,62.01315684],[29.61426737,61.99841505],[29.66037253,61.97689975],[29.61621925,61.93572733],[29.61486346,61.91332911],[29.63009796,61.90773424],[29.63130403,61.90286055],[29.69682563,61.86439821],[29.66541487,61.85508086],[29.68834024,61.83769747],[29.68957162,61.8202948],[29.67586155,61.79173978],[29.63836783,61.76063426],[29.61474097,61.75597952],[29.57071949,61.73606556],[29.55927164,61.72207283]]]}},{"type":"Feature","properties":{"code":"KSR","name":"Central Finland","sourceCode":"13"},"geometry":{"type":"Polygon","coordinates":[[[26.31503915,61.60844944],[26.33789666,61.61259672],[26.35478994,61.62192764],[26.34888385,61.63440722],[26.37869782,61.64948545],[26.37718876,61.65780527],[26.41916828,61.65054001],[26.44530911,61.64025973],[26.51545804,61.62705648],[26.52130486,61.63926077],[26.52606668,61.66391093],[26.52482124,61.67546543],[26.53375147,61.69132815],[26.52708684,61.70457531],[26.48422222,61.75068315],[26.42577693,61.79629285],[26.39806262,61.80413866],[26.36718131,61.80787348],[26.37667213,61.81362495],[26.37922336,61.82288355],[26.37398916,61.82796539],[26.37734971,61.84605521],[26.38910241,61.85415263],[26.37106511,61.87046842],[26.3780901,61.88306762],[26.35237136,61.88543081],[26.32429221,61.88003399],[26.34300381,61.90073093],[26.34092673,61.92610112],[26.33175107,61.93055405],[26.33006478,61.94046244],[26.33421257,61.95077066],[26.41459035,61.97288555],[26.22072254,62.11856172],[26.31594811,62.2004707],[26.33015525,62.19283806],[26.36512707,62.20709569],[26.41481177,62.20785812],[26.41458275,62.21889117],[26.42138127,62.22447931],[26.43502077,62.22639566],[26.43786297,62.21979881],[26.44957599,62.21265004],[26.46847505,62.21767533],[26.49630221,62.22890105],[26.47835658,62.24697064],[26.54403392,62.26562678],[26.56445021,62.25409858],[26.59036032,62.23087711],[26.61409241,62.21705983],[26.62688938,62.21136665],[26.65263159,62.21692754],[26.6486696,62.23426887],[26.63861756,62.23894006],[26.64048752,62.24771893],[26.62872456,62.2655993],[26.63253715,62.28338438],[26.61077902,62.29497925],[26.68316056,62.30772638],[26.66199909,62.32696674],[26.6690442,62.34186159],[26.77612478,62.35411026],[26.7344006,62.3791173],[26.69407341,62.39484043],[26.680533,62.40382289],[26.70549759,62.42702283],[26.69801441,62.4452163],[26.7091253,62.45294794],[26.68484259,62.46339677],[26.63311343,62.45076946],[26.57785547,62.47856507],[26.50793539,62.50564103],[26.48117369,62.51239015],[26.4706958,62.51892049],[26.48321527,62.53236425],[26.50813936,62.53314218],[26.55615203,62.56201],[26.57242579,62.58852706],[26.59418805,62.59068567],[26.59908838,62.59445145],[26.5763195,62.60403847],[26.59838628,62.6107726],[26.59130409,62.64165143],[26.56960776,62.65343679],[26.56222081,62.68170347],[26.52606213,62.71582159],[26.52921859,62.72230665],[26.44656023,62.78917315],[26.39916293,62.77828808],[26.39345955,62.77533536],[26.40569094,62.76768289],[26.35616094,62.74740993],[26.22296776,62.82567485],[26.21075242,62.8306764],[26.18954405,62.82383433],[26.15177406,62.84684103],[26.18255898,62.85663693],[26.18883051,62.86192097],[26.16539973,62.87252663],[26.06824224,62.88940807],[26.03983779,62.93611055],[26.08972748,62.94015741],[26.12431343,62.95294519],[26.22212302,62.95440007],[26.26641514,62.93452394],[26.27266686,62.92506039],[26.31412404,62.95867017],[26.33255145,62.98356941],[26.28979525,62.98228351],[26.2225732,63.02587395],[26.23891982,63.04391618],[26.33427411,63.03508951],[26.32951,63.04289505],[26.30311558,63.04892723],[26.24370859,63.07077402],[26.24451119,63.07492027],[26.21893632,63.08962568],[26.20772355,63.11067534],[26.19291554,63.1188354],[26.19170489,63.13147527],[26.16351306,63.14704122],[26.1477278,63.21004256],[26.1848672,63.21319332],[26.17585613,63.24137923],[26.14189095,63.27470442],[26.12881146,63.33020076],[26.08680007,63.35374174],[26.07054061,63.35477976],[26.1206615,63.40602276],[26.17671192,63.43886163],[26.13863975,63.45758802],[25.99458983,63.42912039],[25.8928132,63.43965126],[25.80898722,63.49452192],[25.77450278,63.50568461],[25.73810244,63.51490126],[25.69824256,63.51995664],[25.54111185,63.52378937],[25.48240771,63.53258064],[25.34804418,63.58148012],[25.25109512,63.61229325],[25.14011176,63.57431459],[25.11302704,63.50232614],[25.08187155,63.46716821],[24.90246952,63.43123389],[24.77292097,63.35868414],[24.80360264,63.27593053],[24.75416764,63.2659187],[24.76659287,63.25530448],[24.75181525,63.25197702],[24.76259959,63.21876692],[24.7458424,63.19789813],[24.73161123,63.14703527],[24.77288316,63.13336363],[24.53075118,63.15748061],[24.35900763,63.11642953],[24.31797602,63.06664048],[24.27801668,63.06437538],[24.27205427,63.04826293],[24.27808519,63.0330587],[24.29355094,63.03627983],[24.30859703,63.01848456],[24.29575034,63.01712217],[24.2895171,62.99905504],[24.31106426,62.97727803],[24.33439123,62.9829713],[24.34821973,62.96369857],[24.34297352,62.91771613],[24.3931954,62.91615083],[24.43399637,62.90784416],[24.44679079,62.89602357],[24.44843022,62.87098974],[24.34197629,62.85925896],[24.39779733,62.82687851],[24.40830626,62.81308533],[24.42879524,62.79694427],[24.48555409,62.74021953],[24.51959193,62.6859783],[24.58216874,62.66478648],[24.51162832,62.63479606],[24.5036392,62.62125632],[24.54104235,62.61624341],[24.57870509,62.62138853],[24.58430595,62.6117157],[24.5536126,62.60797019],[24.56698243,62.58082848],[24.53544005,62.57749571],[24.54546115,62.56138637],[24.5248985,62.55869154],[24.52575189,62.54173874],[24.51841254,62.5400609],[24.53056792,62.52840787],[24.51708466,62.52509613],[24.50503951,62.51602781],[24.5135942,62.50314738],[24.49649671,62.49669687],[24.45496273,62.49362522],[24.45182894,62.48474994],[24.42462223,62.47341132],[24.40304493,62.50160186],[24.37965965,62.49350357],[24.37465484,62.50190768],[24.33088323,62.49116719],[24.32116911,62.48232115],[24.33945237,62.46339147],[24.32165874,62.44770133],[24.20128513,62.48265817],[24.01300321,62.36332639],[24.02481307,62.31334799],[24.05180323,62.30168795],[24.06599745,62.30178421],[24.07583548,62.29695165],[24.08077527,62.27640522],[24.14448327,62.2524998],[24.25273473,62.2523185],[24.29328837,62.19533301],[24.33812753,62.17078054],[24.33594797,62.16803971],[24.36040978,62.1642726],[24.3891737,62.16641007],[24.42747239,62.15270452],[24.4406654,62.15804717],[24.42696086,62.1729716],[24.49821163,62.19710183],[24.56019641,62.1856501],[24.60172729,62.13937466],[24.62372545,62.12786633],[24.67370632,62.11545692],[24.66679191,62.0894626],[24.66834893,62.04937349],[24.70387428,62.04666587],[24.73091348,62.02319177],[24.6864933,62.00295835],[24.65437601,61.99464414],[24.63695278,61.99884334],[24.62126075,61.99253448],[24.60105203,61.96212705],[24.58346499,61.95164452],[24.55823912,61.951476],[24.52464401,61.90933337],[24.55196096,61.91227491],[24.58018933,61.8964874],[24.61334701,61.88715196],[24.66665127,61.86298953],[24.72984887,61.81331654],[24.77280346,61.80150068],[24.78209356,61.79147986],[24.82071283,61.77013398],[24.81920796,61.76639853],[24.81005022,61.76423961],[24.81522676,61.75429743],[24.78347817,61.75885024],[24.77051057,61.76901684],[24.74971544,61.7761673],[24.72464868,61.77944276],[24.72158061,61.76341566],[24.74862547,61.71911478],[24.735951,61.69376299],[24.76319592,61.68266026],[24.76747116,61.67588764],[24.79137406,61.69039523],[24.85498149,61.67320628],[24.81203398,61.66002373],[24.83374301,61.65000405],[24.87576905,61.64458618],[24.88823378,61.64727438],[24.91814,61.63098477],[24.96033447,61.63065268],[24.9489511,61.64104287],[24.96421703,61.66180102],[24.95696459,61.67145415],[24.93074453,61.68491635],[24.91346154,61.70647532],[24.95013162,61.74388652],[24.943857,61.75108929],[24.95567408,61.75553451],[24.96662849,61.74480747],[24.95910555,61.72833464],[24.97880034,61.72184712],[25.00350068,61.731259],[24.96163644,61.77654968],[24.9606768,61.78019672],[24.97927771,61.78694939],[25.15023524,61.73905285],[25.17963066,61.73621095],[25.19025318,61.72941268],[25.21856535,61.73673131],[25.23558185,61.72638594],[25.24504995,61.72788343],[25.26391759,61.7392072],[25.26824026,61.73681509],[25.26517981,61.72646524],[25.35779512,61.71964738],[25.37284398,61.71307434],[25.39344762,61.72290837],[25.40749884,61.74038149],[25.39609883,61.74484803],[25.41226481,61.75525657],[25.53522096,61.77955941],[25.5008678,61.76298862],[25.49704112,61.70456789],[25.50133331,61.67685865],[25.56702297,61.6735906],[25.60842422,61.68069232],[25.63908327,61.69492397],[25.66437029,61.71588652],[25.72579873,61.71092346],[25.74891032,61.70480763],[25.748662,61.69871345],[25.74277359,61.69251375],[25.77117859,61.68506677],[25.83129472,61.76800164],[25.85612924,61.78078238],[25.84495622,61.8014079],[25.88332244,61.794623],[25.85845512,61.76207836],[25.90752366,61.76507064],[25.92163813,61.78734718],[25.94748557,61.77131882],[25.98385248,61.7596],[25.98030774,61.74717438],[25.9975998,61.72894968],[26.01573858,61.7204934],[26.0454885,61.7256856],[26.05247444,61.73834091],[26.06726203,61.72547397],[26.06641115,61.71876785],[26.08106176,61.70974026],[26.08440183,61.68906966],[26.07038263,61.67242153],[26.10516138,61.64454743],[26.12835691,61.63780126],[26.13834234,61.62984755],[26.13758739,61.61953462],[26.16097247,61.6160516],[26.19181421,61.6500334],[26.22615486,61.64170339],[26.26710292,61.64174402],[26.28307957,61.65670347],[26.30028415,61.6538011],[26.31440591,61.63972193],[26.2994564,61.62738473],[26.31503915,61.60844944]]]}},{"type":"Feature","properties":{"code":null,"name":"South Ostrobothnia","sourceCode":"14"},"geometry":{"type":"Polygon","coordinates":[[[21.97468637,61.97975961],[22.10839574,62.03184737],[22.19872152,62.10333597],[22.32006402,62.1031057],[22.4504271,62.1984587],[22.50532836,62.21347902],[22.52482868,62.21019282],[22.59174816,62.31112583],[22.74557476,62.2733098],[22.89686915,62.26900579],[23.21782335,62.33416672],[23.22394905,62.34830469],[23.23596237,62.35817547],[23.2750844,62.40790161],[23.33776362,62.42508345],[23.3716868,62.40480446],[23.39010176,62.38920011],[23.42275643,62.37831909],[23.44516605,62.3753811],[23.47503543,62.3826922],[23.5180567,62.36805199],[23.50340731,62.41464022],[23.66371329,62.40863804],[23.7597714,62.45569007],[23.8173958,62.46681511],[23.80382323,62.47796774],[23.83523018,62.49433633],[23.83910752,62.45957915],[23.86818481,62.4602147],[23.86735542,62.48543437],[23.89913725,62.48448779],[23.91209468,62.45754996],[23.90178798,62.43573951],[23.91050335,62.42413249],[23.90735832,62.41403705],[23.92421872,62.39062172],[23.99544891,62.37688618],[24.01300321,62.36332639],[24.20128513,62.48265817],[24.32165874,62.44770133],[24.33945237,62.46339147],[24.32116911,62.48232115],[24.33088323,62.49116719],[24.37465484,62.50190768],[24.37965965,62.49350357],[24.40304493,62.50160186],[24.42462223,62.47341132],[24.45182894,62.48474994],[24.45496273,62.49362522],[24.49649671,62.49669687],[24.5135942,62.50314738],[24.50503951,62.51602781],[24.51708466,62.52509613],[24.53056792,62.52840787],[24.51841254,62.5400609],[24.52575189,62.54173874],[24.5248985,62.55869154],[24.54546115,62.56138637],[24.53544005,62.57749571],[24.56698243,62.58082848],[24.5536126,62.60797019],[24.58430595,62.6117157],[24.57870509,62.62138853],[24.54104235,62.61624341],[24.5036392,62.62125632],[24.51162832,62.63479606],[24.58216874,62.66478648],[24.51959193,62.6859783],[24.48555409,62.74021953],[24.42879524,62.79694427],[24.40830626,62.81308533],[24.39779733,62.82687851],[24.34197629,62.85925896],[24.44843022,62.87098974],[24.44679079,62.89602357],[24.43399637,62.90784416],[24.3931954,62.91615083],[24.34297352,62.91771613],[24.34821973,62.96369857],[24.33439123,62.9829713],[24.31106426,62.97727803],[24.2895171,62.99905504],[24.29575034,63.01712217],[24.30859703,63.01848456],[24.29355094,63.03627983],[24.27808519,63.0330587],[24.27205427,63.04826293],[24.27801668,63.06437538],[24.31797602,63.06664048],[24.35900763,63.11642953],[24.30440795,63.14111625],[24.25688621,63.1330175],[24.2031796,63.15486861],[24.17077105,63.14799836],[24.17817331,63.16092474],[24.19711089,63.1588965],[24.23448091,63.17069885],[24.17235769,63.21125856],[24.0970315,63.24501126],[24.01667127,63.26836524],[23.95599855,63.27601581],[23.86202124,63.27758447],[23.77073135,63.31311384],[23.69698894,63.3803207],[23.62539141,63.40103215],[23.55500642,63.44280727],[23.56472858,63.44921787],[23.54396218,63.46753423],[23.53090487,63.46965945],[23.51627421,63.46743966],[23.41965742,63.48165281],[23.39288859,63.49804668],[23.26463723,63.47005565],[23.20703964,63.39896145],[23.11296562,63.34730256],[23.09452699,63.36234162],[23.0771994,63.36920248],[23.06154342,63.36458266],[23.03141281,63.36176445],[23.02355426,63.38043389],[22.99515884,63.37804738],[22.99832409,63.37053704],[22.97159968,63.37226566],[22.98069891,63.33039745],[22.90624003,63.35111288],[22.87134174,63.35453344],[22.87432125,63.34625374],[22.8295222,63.34593677],[22.7560063,63.35905177],[22.73560838,63.35895936],[22.75110558,63.34451708],[22.71659657,63.33766568],[22.68221582,63.32473208],[22.64526453,63.31679477],[22.67264271,63.29770721],[22.60687652,63.27910922],[22.5958604,63.28400793],[22.55940168,63.26570317],[22.55693419,63.25528651],[22.56198616,63.24923868],[22.59041784,63.2446024],[22.62853842,63.2099107],[22.59332971,63.20131592],[22.57218672,63.17933996],[22.60329799,63.18806332],[22.6171094,63.18621395],[22.63631155,63.15887025],[22.65047387,63.15331137],[22.64767854,63.14640431],[22.65820209,63.13313991],[22.65483658,63.13050754],[22.62917907,63.12850375],[22.63029925,63.12340041],[22.64362668,63.12404804],[22.6486193,63.10538611],[22.63165211,63.10191753],[22.48554772,63.10006653],[22.31119954,63.05611355],[22.24232257,63.0637265],[22.19494242,63.0315978],[22.17290578,63.01934622],[22.16538912,63.01875239],[22.15362008,63.0035041],[22.16366439,62.97623228],[22.14397311,62.96310734],[22.15686003,62.95059844],[22.20069132,62.92512481],[22.23108723,62.88166886],[22.24899567,62.88001382],[22.25807685,62.84468676],[22.26587644,62.83608921],[22.26531156,62.82147696],[22.28955874,62.79881585],[22.2006773,62.75157423],[22.12424261,62.76732384],[22.12106773,62.76018249],[22.06710826,62.76863478],[22.06323265,62.76345449],[22.00883225,62.77442453],[21.9730296,62.78759615],[21.8582363,62.81178805],[21.84240029,62.81756326],[21.83096269,62.84536324],[21.77206102,62.86356418],[21.76522555,62.84760427],[21.72877402,62.82107345],[21.72913831,62.7676655],[21.74779717,62.72020303],[21.79096769,62.69422482],[21.65375544,62.63736678],[21.64664508,62.62156597],[21.62535372,62.61071267],[21.59176943,62.60543816],[21.59552654,62.55846843],[21.61251084,62.55874331],[21.61480489,62.55430441],[21.60333843,62.53089026],[21.54536074,62.4471973],[21.55496051,62.42219923],[21.55162536,62.40932933],[21.55690585,62.40751607],[21.55139477,62.39625158],[21.52348901,62.37956035],[21.54625677,62.3734606],[21.55879306,62.35778179],[21.56600919,62.35664856],[21.65014171,62.36731061],[21.68657197,62.35521372],[21.6863343,62.33957393],[21.66971896,62.33527944],[21.66306587,62.32899686],[21.68315469,62.31907476],[21.67286038,62.2601128],[21.70022237,62.26119726],[21.73639387,62.25772223],[21.74545411,62.25286444],[21.74115748,62.24126976],[21.75937014,62.22410002],[21.76751021,62.2226833],[21.71078867,62.21753274],[21.71077206,62.21277113],[21.66697138,62.1865102],[21.70437079,62.16670638],[21.69570985,62.14379117],[21.67972771,62.13820499],[21.6417004,62.14944314],[21.64299919,62.11174936],[21.62545931,62.09930499],[21.65084001,62.05928782],[21.62891818,62.0403048],[21.64784794,62.01958504],[21.70256264,62.02092572],[21.74940517,62.01586182],[21.97468637,61.97975961]]]}},{"type":"Feature","properties":{"code":"PHM","name":"Ostrobothnia","sourceCode":"15"},"geometry":{"type":"MultiPolygon","coordinates":[[[[22.77348778,63.91436804],[22.77658042,63.92036357],[22.76475421,63.92889183],[22.7599219,63.929564],[22.73974102,63.92090412],[22.77348778,63.91436804]]],[[[22.73447872,63.91255176],[22.7415916,63.91537357],[22.73472318,63.9175698],[22.73447872,63.91255176]]],[[[22.76486053,63.91132802],[22.7669031,63.91230876],[22.74996507,63.91304104],[22.76486053,63.91132802]]],[[[22.78256741,63.90651778],[22.78161539,63.90928762],[22.77486869,63.90965608],[22.78256741,63.90651778]]],[[[22.77738922,63.89446185],[22.78435132,63.89714008],[22.7772257,63.89978285],[22.77888987,63.90444185],[22.76643712,63.90824821],[22.75726332,63.90683669],[22.75851273,63.89959584],[22.77738922,63.89446185]]],[[[22.75753773,63.89387283],[22.75830404,63.89597373],[22.751207,63.90003162],[22.73903102,63.89843517],[22.74512958,63.89410195],[22.75753773,63.89387283]]],[[[22.74015716,63.88609374],[22.74934656,63.88998012],[22.74586803,63.89221659],[22.73587995,63.89065275],[22.74015716,63.88609374]]],[[[22.731572,63.88461265],[22.73391595,63.88705951],[22.72872666,63.88978975],[22.731572,63.88461265]]],[[[22.75744253,63.87871413],[22.76118952,63.88001301],[22.75600357,63.88362721],[22.74942523,63.88076116],[22.75744253,63.87871413]]],[[[22.79304019,63.87899565],[22.79726041,63.88132946],[22.79800985,63.8861817],[22.79348396,63.89121394],[22.78428895,63.89015044],[22.77997289,63.89311228],[22.77366256,63.88787683],[22.76572344,63.89141156],[22.76299756,63.88955196],[22.77322186,63.88088484],[22.79304019,63.87899565]]],[[[22.81979985,63.87187814],[22.81754498,63.87530065],[22.8079795,63.87605144],[22.81979985,63.87187814]]],[[[22.83432697,63.87065669],[22.82581032,63.87907744],[22.8227947,63.87540703],[22.83432697,63.87065669]]],[[[22.82429435,63.8612782],[22.83348926,63.86195811],[22.83860018,63.86618556],[22.81643645,63.87033564],[22.80749633,63.86807844],[22.82429435,63.8612782]]],[[[22.74175284,63.85847964],[22.74908509,63.86022592],[22.74622631,63.86314401],[22.73755504,63.86290383],[22.73636272,63.85892259],[22.74175284,63.85847964]]],[[[22.77286431,63.85900075],[22.7767859,63.86461436],[22.77252257,63.87473863],[22.75089776,63.87691389],[22.74991939,63.87349528],[22.75455343,63.87010039],[22.74566301,63.87089272],[22.74465655,63.86725929],[22.75857028,63.86379464],[22.75776429,63.85972737],[22.77286431,63.85900075]]],[[[22.79341569,63.85918843],[22.79895389,63.863615],[22.78517316,63.86617821],[22.79341569,63.85918843]]],[[[22.73195514,63.85082634],[22.73771605,63.85188936],[22.73616199,63.85634352],[22.72721678,63.85403257],[22.73195514,63.85082634]]],[[[22.75641964,63.84872747],[22.7583516,63.85278115],[22.75446355,63.85568633],[22.74381303,63.8570275],[22.75641964,63.84872747]]],[[[22.74274761,63.84763384],[22.74315392,63.85019929],[22.7360834,63.84990055],[22.74274761,63.84763384]]],[[[22.65612839,63.84152282],[22.64825987,63.84867709],[22.63628512,63.84649224],[22.63646802,63.84367012],[22.64496318,63.84569124],[22.65612839,63.84152282]]],[[[22.69357626,63.83631218],[22.69688137,63.83675374],[22.69580502,63.83988968],[22.68675807,63.84280581],[22.68830489,63.83843742],[22.69357626,63.83631218]]],[[[22.68248956,63.83313524],[22.68507724,63.83467911],[22.68102505,63.84085611],[22.67187632,63.83801976],[22.67485492,63.834254],[22.68248956,63.83313524]]],[[[22.67865756,63.82108396],[22.67723383,63.82588209],[22.66800496,63.82580687],[22.67865756,63.82108396]]],[[[22.64486261,63.80840175],[22.65311203,63.81404784],[22.65627981,63.82049861],[22.64824413,63.82772229],[22.64658808,63.83394588],[22.63951051,63.83533901],[22.63365419,63.82912641],[22.63906104,63.8221204],[22.6336816,63.8108427],[22.64486261,63.80840175]]],[[[22.60610596,63.79463325],[22.60451793,63.7984671],[22.62999103,63.80263564],[22.63641761,63.807584],[22.61750931,63.80948936],[22.60224679,63.81893896],[22.59789515,63.8172773],[22.5997614,63.8103125],[22.59006265,63.81487421],[22.5845972,63.81334444],[22.59040898,63.8054247],[22.59804908,63.80192127],[22.59069935,63.79831221],[22.60610596,63.79463325]]],[[[22.73596257,63.79033051],[22.74356315,63.79469867],[22.73085478,63.79648551],[22.73596257,63.79033051]]],[[[22.70441334,63.78801098],[22.70361152,63.79126314],[22.69653089,63.7918828],[22.70441334,63.78801098]]],[[[22.66503907,63.78677977],[22.66790466,63.78728246],[22.6636465,63.79311909],[22.66546404,63.79484995],[22.67509013,63.79584493],[22.67167995,63.80087805],[22.67409293,63.80361344],[22.66355971,63.81090761],[22.65389535,63.81171507],[22.65128512,63.80737884],[22.65665749,63.80352335],[22.65927206,63.79044878],[22.66503907,63.78677977]]],[[[22.64044599,63.7790504],[22.64247846,63.78113901],[22.63780272,63.78538856],[22.63800704,63.78963249],[22.6219363,63.7950023],[22.62074858,63.79049885],[22.62743949,63.78595572],[22.62910691,63.78048382],[22.64044599,63.7790504]]],[[[22.66140585,63.76218069],[22.68010217,63.7723821],[22.68274696,63.77757857],[22.67797203,63.78191314],[22.66287696,63.78139106],[22.65219955,63.78996525],[22.64956677,63.79708737],[22.65152081,63.80249222],[22.64759553,63.80560936],[22.63970268,63.8052879],[22.63254412,63.79648816],[22.6594183,63.77142761],[22.66205753,63.76581001],[22.65697267,63.76336256],[22.66140585,63.76218069]]],[[[22.64872198,63.75357948],[22.6361304,63.75809208],[22.63312793,63.75632204],[22.64872198,63.75357948]]],[[[22.57668349,63.75129293],[22.57852046,63.75407763],[22.56967889,63.75498631],[22.57668349,63.75129293]]],[[[22.55039828,63.74955768],[22.56804343,63.76380654],[22.56233468,63.76864267],[22.56553691,63.77601616],[22.56035343,63.78085463],[22.54985891,63.77965296],[22.55829276,63.76551643],[22.54960208,63.76385643],[22.54673757,63.75318563],[22.55039828,63.74955768]]],[[[22.60926981,63.74984241],[22.61010096,63.75734245],[22.62075315,63.7614694],[22.61866755,63.76788555],[22.62301924,63.76944325],[22.62025166,63.77118985],[22.63028066,63.77278376],[22.64797259,63.76822837],[22.64883284,63.77033082],[22.63889789,63.77686478],[22.6007461,63.78431192],[22.60092063,63.78769373],[22.61113243,63.79008415],[22.60858784,63.7925055],[22.5855464,63.79304194],[22.59521253,63.77803049],[22.58089142,63.7598731],[22.60926981,63.74984241]]],[[[22.59004759,63.74684102],[22.59465951,63.74757301],[22.59581701,63.75316584],[22.58316119,63.75313196],[22.59004759,63.74684102]]],[[[22.62364746,63.74463785],[22.62977999,63.74495072],[22.63120679,63.75020787],[22.62147213,63.75974641],[22.6172664,63.75865574],[22.61929498,63.7491275],[22.61686551,63.74617931],[22.62364746,63.74463785]]],[[[22.67087011,63.74468955],[22.68339692,63.75045134],[22.67175604,63.75385666],[22.66493914,63.74620646],[22.67087011,63.74468955]]],[[[22.65757773,63.73897011],[22.66348768,63.74306903],[22.65717478,63.74491826],[22.66123508,63.74971647],[22.65920223,63.75540091],[22.64216087,63.74637065],[22.65757773,63.73897011]]],[[[22.63326316,63.7348319],[22.63379054,63.73839516],[22.61370031,63.73847421],[22.63326316,63.7348319]]],[[[22.58847565,63.72545538],[22.58966894,63.72894742],[22.58574626,63.73020193],[22.5783498,63.73076424],[22.57473666,63.72759894],[22.58847565,63.72545538]]],[[[22.69028046,63.72565277],[22.68180936,63.73052377],[22.68247572,63.7262814],[22.69028046,63.72565277]]],[[[22.72351344,63.71689876],[22.7245064,63.71955097],[22.71763985,63.72027816],[22.72351344,63.71689876]]],[[[22.57552822,63.71053511],[22.58309213,63.71441841],[22.57214018,63.71737142],[22.57298258,63.7105416],[22.57552822,63.71053511]]],[[[22.67976748,63.7112528],[22.68174124,63.71688164],[22.67445211,63.71640215],[22.67976748,63.7112528]]],[[[22.63786134,63.69844965],[22.64236643,63.69927632],[22.63669976,63.70261548],[22.63547634,63.69926149],[22.63786134,63.69844965]]],[[[22.67995342,63.69719509],[22.6795868,63.70209589],[22.67130898,63.70401334],[22.67215481,63.69854829],[22.67995342,63.69719509]]],[[[22.41748591,63.63978999],[22.41842571,63.64488956],[22.41426505,63.64305592],[22.41447485,63.63975616],[22.41748591,63.63978999]]],[[[22.38922298,63.59360614],[22.39468237,63.59545934],[22.40433876,63.60686823],[22.39418743,63.61560186],[22.39699308,63.61735561],[22.39283955,63.62218093],[22.36719651,63.62755472],[22.36055846,63.61477567],[22.35423185,63.61456368],[22.3527618,63.60990667],[22.35529286,63.6074948],[22.3830992,63.60481194],[22.38300881,63.59849755],[22.38026221,63.59697872],[22.38922298,63.59360614]]],[[[22.37786982,63.58568188],[22.38726023,63.5880818],[22.38662844,63.59059112],[22.37575697,63.5917572],[22.37098338,63.59679191],[22.36584012,63.59550287],[22.37786982,63.58568188]]],[[[22.3679,63.58221139],[22.37316042,63.58441897],[22.36754756,63.5885639],[22.36190184,63.58841747],[22.3679,63.58221139]]],[[[22.38620335,63.5731133],[22.38897551,63.57398117],[22.38338662,63.57844431],[22.38145261,63.57531187],[22.38620335,63.5731133]]],[[[22.46684047,63.53851961],[22.46426128,63.54342171],[22.46720805,63.54545329],[22.46059598,63.55385901],[22.44789624,63.5574913],[22.45283382,63.56051226],[22.43993616,63.56933099],[22.44673616,63.57380598],[22.45290743,63.57180285],[22.4548445,63.5740308],[22.43522078,63.58613622],[22.41826954,63.58286547],[22.42452016,63.57086705],[22.43831536,63.56060346],[22.44924289,63.54328745],[22.45595467,63.54412439],[22.46684047,63.53851961]]],[[[22.39320143,63.53383068],[22.39532046,63.53627647],[22.38874273,63.54364954],[22.37374487,63.54337433],[22.37676875,63.5393897],[22.38498068,63.53873231],[22.39320143,63.53383068]]],[[[22.45884057,63.53403966],[22.4630261,63.53463641],[22.46289871,63.53745216],[22.45207736,63.54066919],[22.45884057,63.53403966]]],[[[22.15597695,63.52220392],[22.16144745,63.52722517],[22.15439985,63.52627191],[22.15597695,63.52220392]]],[[[22.45353828,63.5283123],[22.45456598,63.53118811],[22.44935288,63.53322919],[22.44830982,63.5284426],[22.45353828,63.5283123]]],[[[22.17149055,63.51640482],[22.17536824,63.51841736],[22.16837136,63.52376299],[22.16297761,63.52310179],[22.17149055,63.51640482]]],[[[22.4423005,63.52137858],[22.44963308,63.52336445],[22.43991397,63.52956684],[22.44666777,63.53900607],[22.43545265,63.55167503],[22.43222205,63.5506172],[22.43378566,63.54365873],[22.42849401,63.5409849],[22.42718696,63.5333907],[22.4423005,63.52137858]]],[[[22.42912897,63.5206582],[22.43128109,63.52388153],[22.42203062,63.52936628],[22.41530683,63.52780417],[22.41875022,63.52274603],[22.42912897,63.5206582]]],[[[22.39948968,63.51251682],[22.39960213,63.51588027],[22.39280548,63.5172933],[22.39948968,63.51251682]]],[[[22.42068573,63.50360464],[22.42237528,63.50858622],[22.42005723,63.51155944],[22.4059932,63.51277562],[22.40779942,63.50446025],[22.42068573,63.50360464]]],[[[22.43284364,63.49273748],[22.43710705,63.49345949],[22.43714487,63.496366],[22.43028764,63.49580865],[22.43284364,63.49273748]]],[[[22.20826348,63.48299528],[22.21139815,63.48477999],[22.20792498,63.48723819],[22.20902864,63.49071143],[22.19800271,63.49008746],[22.20252867,63.48341017],[22.20826348,63.48299528]]],[[[21.73469651,63.46324135],[21.74879124,63.46588874],[21.73117138,63.46635674],[21.73469651,63.46324135]]],[[[21.08089864,63.43476205],[21.08740994,63.43789925],[21.07712656,63.44138205],[21.06776137,63.43740155],[21.08089864,63.43476205]]],[[[22.19742739,63.47660427],[22.19787614,63.4799524],[22.19095301,63.48109332],[22.19742739,63.47660427]]],[[[21.77165921,63.45991337],[21.7873233,63.4629855],[21.77285399,63.4624831],[21.77165921,63.45991337]]],[[[21.7174931,63.4527493],[21.72463729,63.45954601],[21.71157313,63.4581221],[21.7174931,63.4527493]]],[[[22.13805929,63.46078488],[22.14844663,63.46324433],[22.14737986,63.46731884],[22.136259,63.47307525],[22.13438081,63.46764409],[22.12561275,63.46507231],[22.13805929,63.46078488]]],[[[21.78078016,63.4432609],[21.78411788,63.44441575],[21.77651302,63.44643695],[21.77202603,63.44393056],[21.78078016,63.4432609]]],[[[21.75069433,63.44162614],[21.76182738,63.44329778],[21.74938307,63.44650935],[21.74721246,63.44518065],[21.75069433,63.44162614]]],[[[21.07389248,63.41463614],[21.08900511,63.42433177],[21.08847589,63.43204259],[21.06277002,63.4359893],[21.05345502,63.43398639],[21.05299728,63.42151738],[21.05840812,63.41703217],[21.07389248,63.41463614]]],[[[22.13521048,63.45303082],[22.14085016,63.4567395],[22.12385711,63.46037397],[22.12790178,63.45782586],[22.12502235,63.45407113],[22.13521048,63.45303082]]],[[[21.14186233,63.41515511],[21.14962694,63.4159892],[21.12945295,63.41693996],[21.14186233,63.41515511]]],[[[21.14438161,63.41254536],[21.14639831,63.4130865],[21.12902992,63.41506429],[21.10615186,63.41284745],[21.14438161,63.41254536]]],[[[21.76636112,63.43085364],[21.77535018,63.43122044],[21.76731828,63.43562755],[21.76303362,63.43152203],[21.76636112,63.43085364]]],[[[21.74128224,63.42798175],[21.75505252,63.4311392],[21.74611138,63.43152323],[21.74470379,63.43332558],[21.75021411,63.43651646],[21.74084601,63.44500201],[21.75078009,63.455694],[21.74019239,63.45586772],[21.7379137,63.45148737],[21.7223771,63.45195483],[21.72132594,63.44857465],[21.71065425,63.44766315],[21.70890743,63.44497675],[21.71253107,63.44258446],[21.72685318,63.44276297],[21.72884141,63.44025311],[21.72365948,63.4364522],[21.70509647,63.43549227],[21.70234036,63.43260056],[21.72740171,63.43519733],[21.7349269,63.43348172],[21.72593255,63.4284232],[21.74128224,63.42798175]]],[[[21.82127115,63.43036367],[21.82567374,63.43460618],[21.81904482,63.434478],[21.8273149,63.44038288],[21.82299428,63.44204167],[21.81856417,63.45043374],[21.80755588,63.45360831],[21.80558468,63.4569309],[21.78177918,63.45916028],[21.78270444,63.45380844],[21.78844089,63.45044461],[21.77540781,63.44908005],[21.79019622,63.44563871],[21.79391103,63.4381787],[21.78636683,63.43287748],[21.77837684,63.43366336],[21.78087022,63.43150747],[21.82127115,63.43036367]]],[[[21.7766937,63.42360929],[21.77865749,63.42633153],[21.78820411,63.42685318],[21.77583133,63.42947157],[21.77300932,63.42474709],[21.7766937,63.42360929]]],[[[21.81660505,63.42398282],[21.81866476,63.4242651],[21.81369871,63.42842052],[21.80251366,63.42788198],[21.81660505,63.42398282]]],[[[22.20030706,63.43613506],[22.19094787,63.44683605],[22.18618453,63.44463759],[22.19286638,63.43762182],[22.20030706,63.43613506]]],[[[21.72986355,63.41798308],[21.74175599,63.42165981],[21.73302017,63.42188441],[21.72986355,63.41798308]]],[[[22.084105,63.4273049],[22.10099075,63.4281969],[22.09656181,63.43082512],[22.10049712,63.43754732],[22.09344933,63.44078187],[22.0827008,63.43743347],[22.07831218,63.43069825],[22.084105,63.4273049]]],[[[22.10986606,63.42778633],[22.11277422,63.43230571],[22.10848409,63.43355921],[22.10986606,63.42778633]]],[[[21.68170253,63.41170205],[21.68472418,63.41281731],[21.68119679,63.41746759],[21.66770353,63.41561252],[21.66960161,63.41290561],[21.68170253,63.41170205]]],[[[21.69604717,63.41219743],[21.70959298,63.4170481],[21.70145747,63.420613],[21.68991948,63.41681874],[21.69604717,63.41219743]]],[[[22.16559784,63.42836038],[22.16834902,63.43275929],[22.16189245,63.43309041],[22.16559784,63.42836038]]],[[[21.76643222,63.41410693],[21.75843094,63.41889515],[21.7534204,63.41793597],[21.76643222,63.41410693]]],[[[21.77645009,63.41317057],[21.77850751,63.41427366],[21.77089651,63.41573219],[21.77645009,63.41317057]]],[[[21.7144676,63.40963869],[21.73326694,63.41216791],[21.71898202,63.41396524],[21.70895062,63.41127825],[21.7144676,63.40963869]]],[[[21.8189152,63.41044611],[21.81561179,63.41465198],[21.81769927,63.41655191],[21.8125507,63.4166316],[21.81192697,63.41338969],[21.8189152,63.41044611]]],[[[21.78534197,63.40379477],[21.80926536,63.41921978],[21.7968498,63.4252406],[21.79591199,63.41934948],[21.78706603,63.41431152],[21.78330995,63.40492765],[21.78534197,63.40379477]]],[[[22.17270341,63.41699335],[22.17445306,63.42466599],[22.16950739,63.42133172],[22.17270341,63.41699335]]],[[[22.18358828,63.41669683],[22.17991592,63.42322107],[22.17866718,63.41874269],[22.18358828,63.41669683]]],[[[22.19472486,63.41579291],[22.20119024,63.41906787],[22.18874995,63.42155946],[22.18899305,63.41705588],[22.19472486,63.41579291]]],[[[21.18511335,63.37520674],[21.19274256,63.37946952],[21.18104776,63.37705732],[21.18511335,63.37520674]]],[[[21.75041769,63.39475266],[21.75518446,63.39912221],[21.75103239,63.40251914],[21.74779739,63.39958945],[21.75041769,63.39475266]]],[[[21.7852274,63.39422902],[21.7962235,63.39709369],[21.79006894,63.40067189],[21.78178548,63.40053225],[21.7842016,63.39708742],[21.78114989,63.39522982],[21.7852274,63.39422902]]],[[[21.09393379,63.36660713],[21.10147218,63.3697083],[21.09567906,63.3732435],[21.08800682,63.37097203],[21.09555605,63.36984466],[21.09393379,63.36660713]]],[[[21.64714528,63.38650943],[21.65047405,63.38805047],[21.63950424,63.39045135],[21.64714528,63.38650943]]],[[[22.27046324,63.40257691],[22.27324112,63.40703123],[22.26111103,63.41569159],[22.25155012,63.42018418],[22.24382138,63.41844892],[22.27046324,63.40257691]]],[[[21.66890643,63.38104126],[21.6808739,63.38181716],[21.69449842,63.38907079],[21.68419185,63.39473936],[21.69187432,63.39692121],[21.6816042,63.39929434],[21.66842805,63.39453034],[21.65647367,63.39489633],[21.65026701,63.39917257],[21.64775432,63.39718721],[21.64587866,63.39388672],[21.64885952,63.39127522],[21.66057481,63.39155727],[21.66123622,63.3877833],[21.66683979,63.38732389],[21.6597684,63.38237398],[21.66890643,63.38104126]]],[[[21.23807742,63.36041209],[21.24137887,63.36092069],[21.23752486,63.36627768],[21.24633942,63.36918506],[21.25682713,63.37821153],[21.25478828,63.38213287],[21.25966271,63.38546572],[21.26182039,63.39217595],[21.25688253,63.39685806],[21.23807386,63.39701075],[21.22216351,63.39365806],[21.21823057,63.39146823],[21.21948357,63.3894205],[21.2036673,63.38859987],[21.20830375,63.38483955],[21.19624822,63.38341677],[21.19600277,63.37852831],[21.17971534,63.36783931],[21.18480067,63.3637255],[21.1909536,63.36309007],[21.19387725,63.36786962],[21.20281802,63.36326116],[21.23140538,63.36448714],[21.22954535,63.36213471],[21.23807742,63.36041209]]],[[[21.73332447,63.37759549],[21.73640326,63.38277778],[21.72713496,63.38397243],[21.72783656,63.37972381],[21.73332447,63.37759549]]],[[[21.08488477,63.34904512],[21.1039832,63.36294697],[21.07756518,63.35501866],[21.07974712,63.35320113],[21.07637181,63.34947503],[21.08488477,63.34904512]]],[[[22.13328442,63.38605767],[22.1409745,63.38836908],[22.1337197,63.38895497],[22.13328442,63.38605767]]],[[[22.11800061,63.38533749],[22.12810781,63.39118765],[22.12315241,63.39133118],[22.11800061,63.38533749]]],[[[21.24120947,63.35221792],[21.24324147,63.35416635],[21.23978496,63.35799173],[21.22010597,63.36146797],[21.22954938,63.35436899],[21.24120947,63.35221792]]],[[[21.12122753,63.33966615],[21.12933035,63.34241572],[21.11762351,63.3409814],[21.12122753,63.33966615]]],[[[21.42272052,63.35105859],[21.43031498,63.35338193],[21.42011158,63.35548097],[21.42272052,63.35105859]]],[[[22.15773032,63.37768514],[22.17312575,63.38000246],[22.16457454,63.3835352],[22.15241231,63.38169324],[22.15773032,63.37768514]]],[[[21.01589398,63.33036165],[21.0266003,63.33389979],[21.01864722,63.33431996],[21.01375102,63.33082404],[21.01589398,63.33036165]]],[[[21.74459937,63.35855513],[21.7513996,63.36441112],[21.74249173,63.36816172],[21.7398408,63.3604754],[21.74459937,63.35855513]]],[[[22.1976761,63.37146564],[22.19539212,63.37612504],[22.1822031,63.3789317],[22.1976761,63.37146564]]],[[[22.13116724,63.36890176],[22.14124393,63.37154438],[22.13701575,63.37508068],[22.13832261,63.37812868],[22.12432812,63.37804837],[22.12460565,63.36954932],[22.13116724,63.36890176]]],[[[21.69536242,63.34402424],[21.71120811,63.34682423],[21.69157518,63.34633797],[21.69536242,63.34402424]]],[[[21.19971684,63.32227452],[21.20075921,63.32748756],[21.19439973,63.3284163],[21.19429157,63.33328785],[21.20688921,63.33461472],[21.19854159,63.33884929],[21.22907665,63.34473244],[21.23066008,63.34683605],[21.22653839,63.34901384],[21.23844162,63.35139616],[21.22691183,63.3519691],[21.21230056,63.3579416],[21.2097823,63.35664323],[21.21202141,63.35486867],[21.19942327,63.35062397],[21.18795188,63.35518703],[21.17457815,63.3529609],[21.17807657,63.35060286],[21.1780712,63.34519349],[21.16516192,63.34755468],[21.16404464,63.34533482],[21.16890326,63.34200343],[21.15246739,63.33893853],[21.1596867,63.33682596],[21.15788495,63.33052434],[21.16198907,63.32547762],[21.1778047,63.32241454],[21.1821768,63.32704189],[21.19971684,63.32227452]]],[[[21.70729022,63.33827439],[21.7082806,63.34440121],[21.69597895,63.341549],[21.70729022,63.33827439]]],[[[21.65418219,63.33559727],[21.66274567,63.33782471],[21.6555231,63.33962656],[21.65418219,63.33559727]]],[[[22.17142673,63.35136966],[22.17348277,63.35321333],[22.16644385,63.35623917],[22.16646727,63.35337362],[22.17142673,63.35136966]]],[[[21.19426169,63.31296952],[21.1939951,63.31835874],[21.19049109,63.31979442],[21.19223591,63.32210593],[21.18178952,63.32132306],[21.18812226,63.31896373],[21.18396242,63.31553479],[21.18923059,63.31648559],[21.19426169,63.31296952]]],[[[21.7046961,63.33227273],[21.70783492,63.33432208],[21.70504631,63.33693239],[21.69485295,63.33773391],[21.68981302,63.33456385],[21.7046961,63.33227273]]],[[[21.09963048,63.30545986],[21.10630457,63.31212452],[21.0978771,63.30998824],[21.09963048,63.30545986]]],[[[21.71434797,63.32823097],[21.71821876,63.32983887],[21.71149425,63.33159396],[21.71434797,63.32823097]]],[[[21.70719692,63.32730382],[21.70820113,63.33107356],[21.6894914,63.33218701],[21.69168163,63.32946138],[21.70719692,63.32730382]]],[[[21.96079617,63.33433056],[21.9764776,63.33841461],[21.98567058,63.34751039],[22.00258882,63.35014268],[22.00946962,63.36741063],[22.01410637,63.37023202],[22.03524899,63.36275036],[22.04587174,63.36363422],[22.05153902,63.359812],[22.05172047,63.35673182],[22.03567226,63.35918134],[22.03111208,63.35501093],[22.01963359,63.36462658],[22.01072059,63.36281531],[22.0072251,63.3499875],[22.01475984,63.34974391],[22.0281904,63.33925953],[22.03587293,63.33927445],[22.03886031,63.34419227],[22.04597542,63.34472],[22.05689464,63.35469944],[22.09448161,63.36505411],[22.09204963,63.37268093],[22.08213658,63.37575491],[22.09977476,63.37949086],[22.08933723,63.38254872],[22.08831976,63.38756324],[22.07551691,63.38599853],[22.07129508,63.3873252],[22.07479996,63.38933493],[22.07147056,63.39091871],[22.05796572,63.39033322],[22.05020091,63.39372568],[22.03879965,63.39196005],[22.03288887,63.38351364],[22.02687177,63.38262902],[22.02002593,63.3921354],[22.00747668,63.39604088],[22.00457105,63.39467575],[22.00727215,63.38971355],[21.99958844,63.38833144],[22.00191532,63.38651722],[21.98726514,63.38419118],[21.99398685,63.37645786],[21.98453799,63.3758751],[21.98205931,63.37140768],[21.9681042,63.3667696],[21.96368108,63.36210259],[21.96628979,63.35720417],[21.95585952,63.35587647],[21.95264294,63.34701607],[21.94101284,63.34041757],[21.96079617,63.33433056]]],[[[21.99976252,63.33236593],[22.01102845,63.33637361],[22.00802319,63.33868212],[22.01032962,63.3465453],[22.00339361,63.34596695],[22.00445546,63.34297664],[21.99692058,63.33711332],[21.99976252,63.33236593]]],[[[21.80074513,63.32278442],[21.80502741,63.32400685],[21.79729328,63.32730481],[21.80074513,63.32278442]]],[[[21.9880091,63.32778309],[21.99091798,63.32948571],[21.99104105,63.33607358],[21.98213538,63.33627324],[21.98598017,63.33494232],[21.98358129,63.32823909],[21.9880091,63.32778309]]],[[[21.14965961,63.29381507],[21.15761955,63.29565081],[21.15801865,63.30003561],[21.16875334,63.30217244],[21.1716008,63.30493653],[21.1606977,63.31004494],[21.17975639,63.31318347],[21.17731711,63.31738883],[21.17352933,63.32072685],[21.14215771,63.32499338],[21.13471611,63.3209135],[21.13078928,63.32241898],[21.12632657,63.31813958],[21.12971135,63.31550198],[21.12880746,63.30709183],[21.12413442,63.30684872],[21.12476702,63.31241143],[21.11406226,63.30891102],[21.1090254,63.30336901],[21.11904467,63.29814577],[21.10917196,63.29572417],[21.1159226,63.29352184],[21.14032523,63.29713768],[21.14965961,63.29381507]]],[[[22.04733865,63.32623263],[22.05499032,63.33031519],[22.05213264,63.33327054],[22.05504858,63.33903746],[22.03592413,63.33702234],[22.03521556,63.33387156],[22.04138472,63.32790543],[22.04733865,63.32623263]]],[[[22.31645631,63.3315828],[22.32110577,63.33377926],[22.31270994,63.336144],[22.31645631,63.3315828]]],[[[21.39749691,63.29766726],[21.40091764,63.29847671],[21.40117946,63.3034411],[21.39240179,63.30295162],[21.39749691,63.29766726]]],[[[22.35037548,63.3314968],[22.34672184,63.33735516],[22.34836315,63.33907632],[22.34188531,63.34254344],[22.34494935,63.33349419],[22.35037548,63.3314968]]],[[[21.17248196,63.28530652],[21.1694776,63.28906568],[21.17140534,63.29045849],[21.16461261,63.29076366],[21.17248196,63.28530652]]],[[[21.33625191,63.28798742],[21.35745403,63.29066253],[21.35761675,63.29477726],[21.3638969,63.29692717],[21.3645881,63.30337466],[21.36876962,63.30733339],[21.3802777,63.30899963],[21.39210822,63.31654962],[21.39491274,63.31990834],[21.39192457,63.33359688],[21.40935544,63.33943565],[21.40946731,63.34357971],[21.41740129,63.34787965],[21.41505779,63.35400715],[21.40860666,63.35800102],[21.41157075,63.36140209],[21.40857206,63.36309442],[21.41252511,63.36611928],[21.39691784,63.37051076],[21.38595043,63.36680535],[21.33907594,63.3725557],[21.31127736,63.36954375],[21.30095915,63.3643052],[21.2982832,63.3586425],[21.28004144,63.35548998],[21.26655643,63.35633654],[21.26074819,63.36167503],[21.25119953,63.35827163],[21.25373599,63.35235054],[21.24324191,63.34130387],[21.25005015,63.33957025],[21.24802281,63.33699786],[21.22938218,63.33081422],[21.23627796,63.32917294],[21.26486312,63.33491794],[21.28089468,63.33117146],[21.28451049,63.32824064],[21.27782918,63.3260518],[21.27996681,63.32121852],[21.2780871,63.31018006],[21.28805855,63.30845879],[21.30649959,63.31018033],[21.30964884,63.31450248],[21.32656257,63.31970089],[21.3465803,63.32013846],[21.34859244,63.31824855],[21.34592493,63.31565856],[21.35125889,63.31481276],[21.35256977,63.31153756],[21.33454581,63.30663459],[21.3364593,63.30138492],[21.34088007,63.29992742],[21.33256559,63.2953807],[21.33625191,63.28798742]]],[[[21.96890481,63.31140721],[21.97637475,63.31533299],[21.97673368,63.32062006],[21.96856693,63.32016637],[21.96942179,63.31706891],[21.96366805,63.31341021],[21.96890481,63.31140721]]],[[[21.79153868,63.30170755],[21.8022878,63.30439885],[21.80064192,63.30657572],[21.78675953,63.30541318],[21.79153868,63.30170755]]],[[[21.10469337,63.27344713],[21.10348966,63.27651069],[21.09654616,63.27536816],[21.10469337,63.27344713]]],[[[22.24690796,63.31113686],[22.25234678,63.311728],[22.24969753,63.32645203],[22.26062596,63.32855729],[22.25829919,63.33166054],[22.24526504,63.32877639],[22.2434886,63.32060698],[22.24821589,63.31808875],[22.24344562,63.31593143],[22.24690796,63.31113686]]],[[[21.34076684,63.27687223],[21.34403625,63.28050066],[21.33653189,63.2825312],[21.33494259,63.28791692],[21.32357678,63.28484612],[21.33421397,63.28366253],[21.34076684,63.27687223]]],[[[21.96620056,63.29876243],[21.9683575,63.30094485],[21.96585613,63.30360814],[21.97067552,63.30892625],[21.95888488,63.31047053],[21.95903168,63.30455426],[21.96620056,63.29876243]]],[[[21.09373528,63.26303179],[21.10759081,63.26434192],[21.11091339,63.26739528],[21.0984377,63.27300286],[21.08177617,63.27286303],[21.08203058,63.269982],[21.09373528,63.26303179]]],[[[22.26916124,63.30683632],[22.27209292,63.31031112],[22.26741177,63.31326194],[22.26916124,63.30683632]]],[[[21.80277013,63.29032372],[21.79501572,63.29318612],[21.7926312,63.29732322],[21.79356012,63.29536938],[21.78723799,63.29448534],[21.80277013,63.29032372]]],[[[22.24337792,63.30556013],[22.24281101,63.31221291],[22.23892494,63.31335472],[22.2377766,63.3095548],[22.24337792,63.30556013]]],[[[21.81952453,63.28907312],[21.82755233,63.29189643],[21.8253565,63.29358399],[21.82800101,63.29557783],[21.81173922,63.30439181],[21.80391369,63.30451296],[21.80623577,63.30126536],[21.80062261,63.29985525],[21.79955964,63.29491271],[21.81952453,63.28907312]]],[[[21.70809886,63.28455665],[21.71049685,63.28567],[21.70374692,63.28949869],[21.70308737,63.29566522],[21.6882004,63.29510263],[21.70809886,63.28455665]]],[[[21.42956478,63.27242401],[21.43732983,63.2736162],[21.43006349,63.27953453],[21.42971708,63.28537489],[21.43353116,63.2911295],[21.43068817,63.29324763],[21.42127936,63.28816233],[21.41639379,63.29731806],[21.41273062,63.29704043],[21.41397627,63.2918716],[21.39841973,63.29595562],[21.39876096,63.28962668],[21.39175594,63.29407017],[21.38113128,63.29509152],[21.3875461,63.28894564],[21.40123122,63.28893471],[21.42956478,63.27242401]]],[[[20.66850671,63.23885735],[20.68477415,63.24270006],[20.68760337,63.2465513],[20.67644188,63.24796479],[20.66249401,63.24332099],[20.66850671,63.23885735]]],[[[21.88643718,63.28502015],[21.89586131,63.29139459],[21.89183972,63.29255136],[21.89224024,63.3011924],[21.86895024,63.29574305],[21.86860655,63.29345207],[21.87649215,63.29315897],[21.880095,63.28547688],[21.88643718,63.28502015]]],[[[21.63268073,63.27452301],[21.62935618,63.27803025],[21.61440989,63.28043062],[21.61184368,63.27645283],[21.63268073,63.27452301]]],[[[21.58703357,63.27151699],[21.60315914,63.27573682],[21.59079609,63.27925952],[21.5824045,63.27564273],[21.58566966,63.27557273],[21.58321262,63.27371707],[21.58703357,63.27151699]]],[[[20.61088364,63.23072581],[20.61469282,63.23565287],[20.61333616,63.23898673],[20.60100512,63.23682677],[20.60044461,63.2320651],[20.61088364,63.23072581]]],[[[21.75947743,63.27270388],[21.76124148,63.2745352],[21.75835602,63.279347],[21.76806203,63.28029159],[21.77089205,63.2754807],[21.78021094,63.27703536],[21.77792605,63.27852903],[21.7853308,63.28327864],[21.76992795,63.29465578],[21.76349523,63.29042342],[21.7589942,63.29160826],[21.75747059,63.29314915],[21.76401364,63.29610125],[21.76228591,63.29815684],[21.76726812,63.2993349],[21.76224464,63.30203052],[21.75437896,63.29881252],[21.75375702,63.30885824],[21.76220075,63.30964351],[21.76163566,63.30631882],[21.76625624,63.30560987],[21.77139601,63.31272448],[21.77054661,63.31599931],[21.76211763,63.31728564],[21.75465912,63.31119248],[21.74130081,63.30989431],[21.72764938,63.31371133],[21.71745363,63.31177845],[21.70352576,63.31546372],[21.70854695,63.32126919],[21.69436426,63.32793739],[21.68647332,63.32485291],[21.69725012,63.31323024],[21.71642688,63.30525392],[21.713088,63.29964624],[21.72354047,63.28362707],[21.74057156,63.27497883],[21.75947743,63.27270388]]],[[[21.94843681,63.27936086],[21.96130544,63.28429493],[21.95862497,63.2987731],[21.95436971,63.30237603],[21.93421161,63.30016664],[21.93483107,63.29594791],[21.92735556,63.29160505],[21.93933411,63.28089173],[21.94843681,63.27936086]]],[[[21.98725594,63.27923774],[21.999409,63.28201157],[22.00048653,63.28984914],[21.99570546,63.2930695],[22.00352128,63.29462617],[21.99680191,63.30145658],[21.97785636,63.30768368],[21.9726135,63.30023565],[21.97287907,63.2896756],[21.96815244,63.28665919],[21.97200973,63.28016809],[21.98137221,63.28207644],[21.98725594,63.27923774]]],[[[22.04394773,63.2797332],[22.0489157,63.2832769],[22.04604343,63.28676224],[22.0520262,63.28737705],[22.065645,63.29727423],[22.05882743,63.31046955],[22.05426275,63.31083264],[22.04915337,63.31747665],[22.04381898,63.31758081],[22.04343248,63.32158226],[22.03556828,63.32805776],[22.02080696,63.32735431],[22.0262684,63.3338788],[22.02343734,63.33499539],[22.01689392,63.33481442],[22.0103803,63.32917687],[21.99517853,63.33043678],[21.99450702,63.32740087],[21.9991799,63.32485573],[22.00863363,63.32415075],[22.02790399,63.31334338],[22.01920697,63.31111289],[22.00317236,63.31446588],[22.00036212,63.32000236],[21.98832858,63.32209705],[21.98351689,63.30972416],[21.99376702,63.30446475],[22.00537445,63.30517797],[22.00424806,63.29867151],[22.0102651,63.29393205],[22.00405528,63.28795261],[22.00396702,63.28253425],[22.04394773,63.2797332]]],[[[21.77573617,63.26716567],[21.78191569,63.27002981],[21.77553119,63.27233729],[21.77573617,63.26716567]]],[[[22.23984918,63.28314231],[22.24565843,63.28467009],[22.23904411,63.28778879],[22.24124447,63.2906315],[22.23402706,63.2873908],[22.23984918,63.28314231]]],[[[21.86909132,63.26930834],[21.88014839,63.27378933],[21.87098582,63.2726155],[21.86909132,63.26930834]]],[[[22.03259716,63.27372517],[22.03559626,63.27664118],[22.02802313,63.27664193],[22.03259716,63.27372517]]],[[[21.22716691,63.24289471],[21.22691988,63.24631552],[21.22103487,63.24791092],[21.22716691,63.24289471]]],[[[21.60188891,63.25693739],[21.61075957,63.26317307],[21.60981415,63.26706289],[21.60113817,63.27053311],[21.58639746,63.26947373],[21.58532342,63.2664134],[21.60188891,63.25693739]]],[[[21.67759864,63.25972069],[21.68465938,63.26342856],[21.68436155,63.26868896],[21.67676154,63.26310541],[21.67759864,63.25972069]]],[[[21.78359235,63.26201172],[21.78281906,63.26466509],[21.78732505,63.26589869],[21.78441039,63.26812895],[21.77929982,63.26331829],[21.78359235,63.26201172]]],[[[21.82678413,63.26265567],[21.83662633,63.26517043],[21.82405197,63.26650909],[21.82678413,63.26265567]]],[[[21.12219693,63.23484946],[21.12164431,63.2419245],[21.11834674,63.24310163],[21.12219693,63.23484946]]],[[[21.66801502,63.25615673],[21.67537477,63.27040047],[21.6725378,63.27999955],[21.66729998,63.28293113],[21.67618881,63.28837925],[21.67756523,63.29520467],[21.69288317,63.29859055],[21.6936378,63.30767081],[21.67916762,63.32003087],[21.6637729,63.32271037],[21.66186022,63.32074377],[21.6651491,63.31963073],[21.6530649,63.31781744],[21.64270337,63.30850695],[21.63352893,63.30869565],[21.6376339,63.3055255],[21.62049786,63.30378496],[21.639313,63.30347918],[21.64255973,63.30029676],[21.63376287,63.29873896],[21.63966336,63.2951534],[21.63619657,63.2923831],[21.6412795,63.29197216],[21.63576809,63.28456342],[21.63099782,63.28407783],[21.63170909,63.28043105],[21.64331018,63.27437329],[21.6332891,63.27197945],[21.6373183,63.25996298],[21.66801502,63.25615673]]],[[[22.00735943,63.26794032],[22.02140482,63.27576443],[22.00956012,63.28083061],[21.99176333,63.27529981],[21.9960801,63.2728099],[21.9936555,63.27001198],[21.99645286,63.26822007],[22.00735943,63.26794032]]],[[[21.66493812,63.24813155],[21.6701582,63.25020075],[21.64650361,63.25471085],[21.6545597,63.25310397],[21.6543168,63.24955819],[21.66493812,63.24813155]]],[[[22.18903183,63.26555826],[22.19317236,63.26923025],[22.18276382,63.26815513],[22.18903183,63.26555826]]],[[[21.76502119,63.25035831],[21.770155,63.25330671],[21.7532132,63.25170248],[21.76502119,63.25035831]]],[[[22.03850937,63.2598879],[22.04413223,63.26728274],[22.03627357,63.2721184],[22.03032342,63.27119893],[22.03043052,63.26757535],[22.01817465,63.26478012],[22.03850937,63.2598879]]],[[[22.2005193,63.26397312],[22.20266797,63.26412829],[22.20173465,63.26816179],[22.19644764,63.27005517],[22.19422691,63.2654496],[22.2005193,63.26397312]]],[[[21.69951964,63.24571086],[21.70307659,63.24715681],[21.69461158,63.24721364],[21.68330984,63.25352298],[21.68666895,63.24626597],[21.69951964,63.24571086]]],[[[22.21659025,63.26236823],[22.21511417,63.27039354],[22.2106047,63.27105324],[22.21659025,63.26236823]]],[[[22.22721434,63.26075777],[22.23305359,63.26357611],[22.23490299,63.26829569],[22.22924583,63.27824111],[22.21104175,63.27570528],[22.20961452,63.27319797],[22.21945131,63.27157563],[22.22148659,63.26294399],[22.22721434,63.26075777]]],[[[21.72271407,63.23926004],[21.73548359,63.24488168],[21.7251732,63.25192678],[21.70949569,63.25270482],[21.71490341,63.25071118],[21.70990502,63.24860012],[21.71223094,63.24370648],[21.72271407,63.23926004]]],[[[22.14682289,63.25424485],[22.14650129,63.25714294],[22.15861744,63.25513051],[22.16118366,63.2581979],[22.16476142,63.27805282],[22.1246983,63.28688809],[22.12671913,63.28887153],[22.15107676,63.28504777],[22.15363274,63.28891243],[22.15862188,63.288936],[22.15977797,63.28503244],[22.1696591,63.28030804],[22.199773,63.27329976],[22.20579077,63.27392783],[22.20875406,63.27857647],[22.2217882,63.27979884],[22.22853127,63.29367048],[22.2372652,63.30132088],[22.23302775,63.30930592],[22.2374849,63.3155534],[22.23831254,63.33586344],[22.23124984,63.34920718],[22.22387869,63.34781827],[22.2299483,63.33944921],[22.22094891,63.34141424],[22.21316995,63.33937633],[22.20994425,63.33321057],[22.20998349,63.31862663],[22.19992698,63.31297492],[22.18694796,63.31294063],[22.19073448,63.32035321],[22.1672601,63.32491454],[22.16191852,63.32321088],[22.16000741,63.3165678],[22.15646717,63.31638216],[22.1405387,63.32170349],[22.14035857,63.32422432],[22.14837367,63.32618338],[22.14548036,63.32746951],[22.10963576,63.33499648],[22.09126104,63.33270014],[22.07258914,63.32271835],[22.06932827,63.32264265],[22.06541721,63.32920348],[22.06161561,63.32701909],[22.0599353,63.32468728],[22.06588486,63.31761278],[22.08034578,63.3129009],[22.08074849,63.30431038],[22.09084796,63.29955592],[22.09069136,63.29636022],[22.0866899,63.2912175],[22.07896843,63.29229665],[22.07159981,63.28893347],[22.06257554,63.29115154],[22.05654804,63.28853165],[22.06076003,63.28263811],[22.07204392,63.28076982],[22.08305001,63.27460795],[22.0631315,63.27183624],[22.05596048,63.26721708],[22.0705557,63.26976117],[22.08069538,63.26508026],[22.10235867,63.26343037],[22.11151081,63.25748514],[22.12738314,63.25891041],[22.14682289,63.25424485]]],[[[21.62069556,63.23267947],[21.62632778,63.23372638],[21.61634112,63.23753697],[21.61568238,63.23407757],[21.62069556,63.23267947]]],[[[21.51240312,63.21553828],[21.51368545,63.22148492],[21.50695916,63.22341493],[21.51240312,63.21553828]]],[[[21.50340271,63.21406957],[21.50778588,63.21570611],[21.50011158,63.21827801],[21.50006954,63.21505373],[21.50340271,63.21406957]]],[[[21.49514326,63.20298022],[21.51628777,63.20534588],[21.48263393,63.20665078],[21.49514326,63.20298022]]],[[[21.46107899,63.20087658],[21.46733154,63.2027256],[21.46239543,63.20518999],[21.45911395,63.20299699],[21.46107899,63.20087658]]],[[[21.14660975,63.18339163],[21.15058441,63.19031795],[21.14478928,63.19515288],[21.1428312,63.18966605],[21.13909529,63.18898196],[21.14660975,63.18339163]]],[[[21.44596761,63.19279686],[21.44755569,63.19424435],[21.44142781,63.1971035],[21.4488002,63.19764791],[21.4472826,63.20031357],[21.43335643,63.2000283],[21.44596761,63.19279686]]],[[[21.22391162,63.17155139],[21.22806324,63.18052423],[21.22248646,63.17628761],[21.22391162,63.17155139]]],[[[21.40397828,63.17373789],[21.40751208,63.17524086],[21.40721878,63.18048503],[21.39702444,63.18086084],[21.39674705,63.17820989],[21.40397828,63.17373789]]],[[[21.34209813,63.16642012],[21.34829316,63.17177196],[21.33864281,63.17570341],[21.3363923,63.17072243],[21.34209813,63.16642012]]],[[[21.37246523,63.16170295],[21.37467598,63.17063505],[21.3672831,63.1713421],[21.37246523,63.16170295]]],[[[21.40565202,63.16292017],[21.40956944,63.16415975],[21.40618395,63.16821305],[21.40096779,63.16670499],[21.40565202,63.16292017]]],[[[21.2918832,63.1563181],[21.31257169,63.16103403],[21.32521903,63.1587627],[21.32670279,63.16073093],[21.31911738,63.16692467],[21.33055991,63.17019878],[21.33204036,63.17406609],[21.30894957,63.1763292],[21.3080189,63.17894774],[21.32365637,63.18246373],[21.34198464,63.19463021],[21.35857434,63.19815659],[21.35507342,63.20494094],[21.359909,63.21171085],[21.37695397,63.21191593],[21.37591736,63.20281123],[21.36921852,63.20019849],[21.37295139,63.18696839],[21.38084296,63.19351391],[21.39398088,63.18901689],[21.3964832,63.19217499],[21.39466001,63.1945135],[21.40361917,63.19694806],[21.40982339,63.19558945],[21.41128179,63.19104898],[21.40871934,63.18884275],[21.416046,63.18787693],[21.4182533,63.19132237],[21.41372238,63.1965023],[21.41374076,63.2035997],[21.41933051,63.20397917],[21.42251678,63.19947003],[21.43800604,63.20736572],[21.45605057,63.20353214],[21.45722511,63.21163935],[21.44315458,63.22140674],[21.44632959,63.22772088],[21.44374259,63.23536223],[21.45006979,63.24277448],[21.45043948,63.24776486],[21.44275868,63.2495483],[21.42706736,63.26516581],[21.41836061,63.26675995],[21.42023116,63.27299512],[21.40068023,63.27247588],[21.38730393,63.28107128],[21.3771184,63.27870093],[21.3742009,63.28009065],[21.37635415,63.28121804],[21.36801551,63.28011831],[21.37317457,63.27533187],[21.3717047,63.27197692],[21.35080023,63.26731549],[21.34414642,63.27024376],[21.33875037,63.26792811],[21.33911749,63.26358664],[21.31113846,63.2562606],[21.29370022,63.25903635],[21.28531104,63.26646685],[21.27603,63.26535002],[21.28193104,63.26185778],[21.27507729,63.25602735],[21.27781057,63.25166419],[21.31832159,63.25046276],[21.31411441,63.24258129],[21.32261506,63.2395389],[21.3141386,63.23495618],[21.31775226,63.22938528],[21.32370847,63.22912356],[21.32048787,63.2257668],[21.31081794,63.22963266],[21.30720285,63.23505113],[21.31268142,63.23882894],[21.31172003,63.24194742],[21.29203145,63.24452272],[21.29381168,63.24817378],[21.28271717,63.2465665],[21.27247434,63.25087364],[21.26291194,63.24931273],[21.27203918,63.24306428],[21.25682679,63.23636024],[21.24248531,63.23925861],[21.23818452,63.23438179],[21.23168714,63.23469678],[21.23025687,63.23617835],[21.23857166,63.24003249],[21.22335295,63.2422422],[21.21802565,63.24531322],[21.21690384,63.25001887],[21.19961505,63.25185865],[21.19563012,63.25616503],[21.22049689,63.25290066],[21.21931994,63.25917807],[21.22640849,63.2653382],[21.22428027,63.26824158],[21.22785445,63.27185864],[21.24467195,63.27989364],[21.2483476,63.28675528],[21.25847813,63.28501564],[21.26780434,63.28836244],[21.2659266,63.29193686],[21.27512452,63.29750364],[21.26792218,63.30709062],[21.27031551,63.31021695],[21.2611881,63.31510228],[21.25571304,63.3153456],[21.25627012,63.31097334],[21.26307816,63.30848942],[21.25999689,63.3036586],[21.24368042,63.29616577],[21.23604805,63.29640731],[21.23462878,63.30154563],[21.25083631,63.31213422],[21.24553478,63.32121543],[21.21012779,63.32074357],[21.21169381,63.31641203],[21.19875322,63.30785124],[21.18395833,63.3112082],[21.19184061,63.30430906],[21.18284934,63.30276376],[21.18091894,63.29957911],[21.18673122,63.29633561],[21.18209561,63.29265505],[21.18488987,63.28826588],[21.1930289,63.29002201],[21.20046778,63.28676192],[21.20824069,63.29172753],[21.22258777,63.29116468],[21.21784314,63.28825791],[21.21951093,63.28402087],[21.19989983,63.28013519],[21.18880969,63.28724626],[21.17668876,63.28152664],[21.16188387,63.28268786],[21.15523747,63.28679585],[21.13828863,63.28097441],[21.12417769,63.29030426],[21.10598993,63.29477086],[21.10307189,63.29693971],[21.10467532,63.30275271],[21.08534499,63.30516032],[21.08605855,63.29965228],[21.0993814,63.2908004],[21.08700353,63.28873758],[21.08526227,63.28209895],[21.1238801,63.2719179],[21.10255576,63.25767277],[21.12861965,63.245964],[21.1378499,63.23381341],[21.1466433,63.22992308],[21.14126041,63.22411445],[21.14293583,63.21727445],[21.13918054,63.21465332],[21.14663343,63.20737853],[21.14299731,63.20347873],[21.14858162,63.2010467],[21.15496725,63.20611564],[21.15918006,63.20513941],[21.15618346,63.1995803],[21.15233381,63.19881866],[21.1602396,63.19368412],[21.16201428,63.18882681],[21.16980493,63.1852759],[21.19848608,63.18874083],[21.19921884,63.18561608],[21.20639172,63.18464806],[21.2086356,63.19362713],[21.20123357,63.19548346],[21.20020722,63.19975532],[21.20764647,63.19999659],[21.218591,63.18803883],[21.22251604,63.18911243],[21.21790861,63.19379451],[21.22278387,63.19701453],[21.2336072,63.18324495],[21.23013676,63.17090532],[21.24825188,63.16425064],[21.25958646,63.1652577],[21.27160309,63.1574322],[21.28627302,63.15896474],[21.2918832,63.1563181]]],[[[21.4005246,63.15583138],[21.41075624,63.15898313],[21.4093343,63.16157444],[21.40117554,63.16157065],[21.39687198,63.16669556],[21.38806571,63.16747268],[21.40159036,63.17010505],[21.38763682,63.1776639],[21.38438306,63.17359513],[21.3860663,63.17176879],[21.38073284,63.17100366],[21.38097807,63.16227596],[21.4005246,63.15583138]]],[[[20.73307721,63.11975252],[20.73827752,63.12111669],[20.73587191,63.12373095],[20.72984094,63.12172472],[20.73307721,63.11975252]]],[[[21.47525809,63.13798566],[21.48124246,63.1414009],[21.47588663,63.15095265],[21.47142075,63.14810903],[21.47335376,63.14441084],[21.46847803,63.14177366],[21.46924536,63.13889824],[21.47525809,63.13798566]]],[[[21.44332258,63.13264225],[21.44820252,63.13666839],[21.42650704,63.13459834],[21.44332258,63.13264225]]],[[[21.53110191,63.13358179],[21.53670075,63.13498415],[21.5380539,63.13664386],[21.53490101,63.13768724],[21.53748681,63.14136718],[21.52403216,63.14281167],[21.52056626,63.14792213],[21.52411519,63.15107428],[21.50853771,63.15565503],[21.497348,63.15215935],[21.48985806,63.16262561],[21.47386619,63.16639416],[21.48024137,63.15916667],[21.47519108,63.15675332],[21.47682858,63.155102],[21.49007221,63.15156644],[21.48224666,63.1485709],[21.48236021,63.1454519],[21.48798345,63.14426198],[21.49830104,63.1484882],[21.50543202,63.14609182],[21.51315467,63.14913184],[21.51797807,63.14188745],[21.51633418,63.13946908],[21.53110191,63.13358179]]],[[[20.79019541,63.10212156],[20.79937835,63.10695699],[20.80634713,63.10464489],[20.81047673,63.10753879],[20.81027838,63.11483941],[20.8060393,63.11516085],[20.81030421,63.11929838],[20.8088851,63.12320694],[20.79563226,63.11950481],[20.78820834,63.10604887],[20.79019541,63.10212156]]],[[[21.40044158,63.1235513],[21.40532902,63.12805621],[21.39422379,63.12550128],[21.40044158,63.1235513]]],[[[21.5210028,63.12648562],[21.52911578,63.12964353],[21.51092631,63.13988057],[21.50034015,63.13980121],[21.50185566,63.13490324],[21.49907206,63.13345145],[21.50605953,63.12853177],[21.5210028,63.12648562]]],[[[21.4969249,63.1227282],[21.50384236,63.12412788],[21.49788574,63.13080552],[21.49357629,63.13060197],[21.49098953,63.12389535],[21.4969249,63.1227282]]],[[[21.48010516,63.11965286],[21.48768115,63.12328689],[21.48147317,63.12715344],[21.48333447,63.13270705],[21.47127297,63.13394058],[21.47546233,63.12841162],[21.47100692,63.12266156],[21.48010516,63.11965286]]],[[[20.76247904,63.08851619],[20.76723902,63.09219734],[20.75997324,63.09439471],[20.76462355,63.09213313],[20.76129023,63.09124049],[20.76247904,63.08851619]]],[[[20.83399088,63.0889109],[20.83654796,63.09055848],[20.8347347,63.09310769],[20.82499898,63.09081307],[20.83399088,63.0889109]]],[[[21.30144667,63.10833615],[21.3010734,63.11247905],[21.29052792,63.11315854],[21.30144667,63.10833615]]],[[[21.36245559,63.10969053],[21.37237074,63.11302954],[21.36025365,63.11084794],[21.36245559,63.10969053]]],[[[21.45284554,63.11167419],[21.46337269,63.11445853],[21.44806852,63.11253001],[21.45284554,63.11167419]]],[[[21.52565889,63.11334639],[21.53444055,63.12111868],[21.52439561,63.1255385],[21.51959213,63.1225593],[21.51944491,63.11658183],[21.52565889,63.11334639]]],[[[21.50219516,63.11167606],[21.50897877,63.11996007],[21.49483294,63.11977202],[21.49311961,63.11400486],[21.50219516,63.11167606]]],[[[21.48270622,63.10614915],[21.48467914,63.11094118],[21.48009446,63.11631165],[21.46809261,63.11459178],[21.46573428,63.11161919],[21.4704312,63.10781038],[21.48270622,63.10614915]]],[[[20.73218093,63.07464653],[20.73487203,63.07589303],[20.73310448,63.08411049],[20.7241778,63.08200399],[20.72600267,63.07675674],[20.73218093,63.07464653]]],[[[20.8412984,63.07506355],[20.8485151,63.07556544],[20.847803,63.07840745],[20.83920076,63.07844487],[20.8412984,63.07506355]]],[[[21.536779,63.10004713],[21.54075387,63.10138045],[21.53963498,63.10475225],[21.52934514,63.1034847],[21.536779,63.10004713]]],[[[21.37250201,63.09236308],[21.39462003,63.0957825],[21.39216437,63.09852459],[21.38026934,63.0992972],[21.38074159,63.09608263],[21.36956517,63.0939255],[21.37250201,63.09236308]]],[[[21.31085849,63.08875297],[21.32222884,63.09280338],[21.31416307,63.09548303],[21.30318069,63.09110787],[21.31085849,63.08875297]]],[[[21.34086005,63.08928043],[21.35298072,63.09091418],[21.35657372,63.09614114],[21.3440298,63.0950364],[21.33477405,63.0981848],[21.32683138,63.09444602],[21.33028375,63.09040546],[21.34086005,63.08928043]]],[[[21.22786767,63.08360443],[21.23147242,63.08686808],[21.21657587,63.08486475],[21.22786767,63.08360443]]],[[[21.4219356,63.09067948],[21.42843835,63.09487468],[21.41831498,63.09423937],[21.4219356,63.09067948]]],[[[20.8223844,63.06478995],[20.82495288,63.06893783],[20.8191123,63.06982568],[20.81704696,63.06630627],[20.8223844,63.06478995]]],[[[20.84042427,63.06042535],[20.8487593,63.06670952],[20.83804195,63.06550874],[20.84042427,63.06042535]]],[[[21.32800689,63.07931571],[21.3291421,63.08470661],[21.31742087,63.08736396],[21.31666594,63.0846623],[21.32800689,63.07931571]]],[[[20.80699792,63.05678255],[20.8107251,63.05747184],[20.80296619,63.06044337],[20.80783308,63.06252018],[20.80179469,63.06400147],[20.80205965,63.05666493],[20.80699792,63.05678255]]],[[[21.31137922,63.07519057],[21.31693586,63.07838275],[21.3091676,63.079601],[21.31137922,63.07519057]]],[[[20.83301444,63.05297403],[20.83679557,63.05649645],[20.82129703,63.06177706],[20.81591834,63.0542693],[20.83301444,63.05297403]]],[[[21.57504429,63.08065514],[21.5771223,63.08481868],[21.5907356,63.08762894],[21.59098616,63.09100525],[21.57998843,63.1006102],[21.56883213,63.10182331],[21.57241224,63.09465141],[21.56919495,63.09261076],[21.55854465,63.09499765],[21.54770129,63.09094429],[21.57504429,63.08065514]]],[[[21.45923715,63.07511044],[21.46689611,63.07851353],[21.45774701,63.08349298],[21.45512956,63.08969489],[21.45128438,63.0886786],[21.44947527,63.08129593],[21.45629142,63.07993173],[21.45923715,63.07511044]]],[[[21.50665712,63.07586912],[21.52161513,63.07956019],[21.51118623,63.08090236],[21.50420532,63.07711084],[21.50665712,63.07586912]]],[[[21.32237089,63.06768635],[21.32769545,63.07260607],[21.31525505,63.06900097],[21.32237089,63.06768635]]],[[[20.84610033,63.04666391],[20.85279865,63.04710265],[20.85587847,63.05053492],[20.85212459,63.05322334],[20.84821442,63.05010641],[20.82865401,63.05050652],[20.83407603,63.0472545],[20.84610033,63.04666391]]],[[[20.82534467,63.04374466],[20.82709549,63.04736347],[20.82436433,63.05191538],[20.80932329,63.05414538],[20.81247936,63.04880492],[20.82534467,63.04374466]]],[[[21.33368643,63.06380253],[21.34083118,63.06688798],[21.33522521,63.07303061],[21.32616484,63.06705534],[21.33368643,63.06380253]]],[[[21.48168806,63.06663544],[21.48842798,63.0682207],[21.4780981,63.07505022],[21.46964793,63.07430872],[21.48168806,63.06663544]]],[[[21.3967888,63.06329005],[21.40583942,63.06624811],[21.40628994,63.06999654],[21.41187767,63.07301582],[21.4077177,63.07591943],[21.40946828,63.07871249],[21.40344083,63.07897384],[21.40156718,63.0844239],[21.3956466,63.08625886],[21.38288545,63.08579439],[21.38110216,63.07938721],[21.37581718,63.07502181],[21.38642201,63.07325169],[21.39670161,63.07784224],[21.40449486,63.07629924],[21.40179994,63.07042041],[21.40446007,63.06746956],[21.3967888,63.06329005]]],[[[21.47689283,63.06147038],[21.48121783,63.06522144],[21.46991764,63.06659873],[21.46593106,63.06433796],[21.47689283,63.06147038]]],[[[21.31848571,63.05391991],[21.32027192,63.05805048],[21.32728616,63.05697839],[21.33290019,63.06007502],[21.32591722,63.06268447],[21.31181872,63.06055976],[21.31333726,63.05472782],[21.31848571,63.05391991]]],[[[21.39232063,63.04659902],[21.39889014,63.05079902],[21.39539708,63.05478846],[21.3849049,63.05525255],[21.38614006,63.0578437],[21.37383461,63.06023707],[21.37561493,63.06220567],[21.37261432,63.06386977],[21.35067862,63.05334826],[21.35201218,63.05064679],[21.36113025,63.05330494],[21.3645012,63.05200528],[21.36246051,63.04935659],[21.39232063,63.04659902]]],[[[21.27720113,63.03998776],[21.28951493,63.04289725],[21.27472927,63.04505396],[21.27720113,63.03998776]]],[[[20.87462885,63.0223954],[20.8774837,63.02469171],[20.86932078,63.0296768],[20.86772611,63.02443409],[20.87462885,63.0223954]]],[[[21.38480717,63.04298696],[21.38823993,63.04570229],[21.37902275,63.04615419],[21.38480717,63.04298696]]],[[[21.34419726,63.03281794],[21.33606388,63.03794685],[21.33407315,63.03566422],[21.34419726,63.03281794]]],[[[20.86398644,63.00996971],[20.86461777,63.0188348],[20.85848025,63.01693745],[20.85976378,63.01184912],[20.86398644,63.00996971]]],[[[21.46552939,63.03332007],[21.47219982,63.03533358],[21.47405431,63.03955088],[21.46107494,63.03590706],[21.46552939,63.03332007]]],[[[20.84172014,63.00177678],[20.84249141,63.00500217],[20.83646781,63.00849782],[20.8411123,63.01412927],[20.8354061,63.01632631],[20.83482232,63.00570534],[20.84172014,63.00177678]]],[[[21.12587012,63.01294013],[21.13917226,63.02862749],[21.12330219,63.02553838],[21.1162023,63.02071636],[21.12587012,63.01294013]]],[[[20.98023929,63.00359423],[20.98546796,63.00632472],[20.97689087,63.0086685],[20.98023929,63.00359423]]],[[[21.17091582,63.010122],[21.1751626,63.01301901],[21.17410305,63.01623657],[21.16146727,63.01730758],[21.16165231,63.01381196],[21.17091582,63.010122]]],[[[20.84856487,62.99049564],[20.84448499,62.9935763],[20.84863507,62.99525847],[20.84076181,62.99606848],[20.84048201,62.99222015],[20.84856487,62.99049564]]],[[[21.293486,63.00210072],[21.30347087,63.00504257],[21.28493493,63.00617224],[21.293486,63.00210072]]],[[[21.45533085,63.00664891],[21.45619028,63.00974979],[21.42891636,63.0132762],[21.43003089,63.01872583],[21.44155863,63.02088795],[21.45044519,63.03071158],[21.4430937,63.0314269],[21.43910531,63.02846215],[21.4288407,63.0322314],[21.45258474,63.04198759],[21.4431148,63.04522108],[21.44430333,63.0507716],[21.43898736,63.05636968],[21.45320425,63.06622067],[21.44839799,63.07660467],[21.43993169,63.0791669],[21.43747076,63.08421599],[21.41506059,63.08370443],[21.4047903,63.08665868],[21.40936311,63.08173966],[21.42000102,63.07933734],[21.42028927,63.07417848],[21.41078844,63.06875053],[21.42242826,63.06622663],[21.40982268,63.06508554],[21.40063977,63.05742608],[21.41471656,63.05246894],[21.39792865,63.04540641],[21.41160634,63.03577959],[21.40358155,63.03547981],[21.39541793,63.04324857],[21.38870111,63.03938554],[21.37577149,63.04164564],[21.36935535,63.04625187],[21.33821766,63.03994902],[21.34748169,63.03577613],[21.35263479,63.02937565],[21.38267075,63.02390518],[21.38501968,63.02065074],[21.41373775,63.02044326],[21.41506135,63.01724513],[21.4056509,63.01477258],[21.42463531,63.0100156],[21.43884464,63.01022374],[21.43926898,63.00704517],[21.45533085,63.00664891]]],[[[21.25234477,62.99690464],[21.25637684,62.99848908],[21.25598377,63.00402413],[21.24401347,63.00639357],[21.24327338,62.99906124],[21.25234477,62.99690464]]],[[[21.20189243,62.99460429],[21.22658507,63.00056762],[21.24011202,63.01289607],[21.23165303,63.01538831],[21.21533933,63.00633654],[21.21268211,63.01606904],[21.20040348,63.01943549],[21.20498197,63.02449397],[21.19918205,63.02483476],[21.19844627,63.02786023],[21.19120577,63.02695352],[21.19003173,63.01639079],[21.1773002,63.01636738],[21.17922987,63.00554327],[21.18794301,63.00430472],[21.1928295,62.99702237],[21.20189243,62.99460429]]],[[[20.81509113,62.9739505],[20.81666612,62.97829982],[20.80969034,62.97839605],[20.81509113,62.9739505]]],[[[21.32853812,62.99458285],[21.33375471,62.99616877],[21.31786515,62.99980724],[21.32853812,62.99458285]]],[[[20.86504027,62.97365505],[20.87050728,62.97714986],[20.86290367,62.97902064],[20.86109723,62.97380412],[20.86504027,62.97365505]]],[[[21.1170773,62.98343747],[21.1206163,62.98540256],[21.11833071,62.99236704],[21.10436302,62.99489083],[21.09714486,62.99988105],[21.08917456,62.9996922],[21.1147252,62.9883549],[21.1170773,62.98343747]]],[[[21.23730979,62.98309214],[21.24650181,62.985839],[21.24907854,62.99328747],[21.23764623,62.99877606],[21.22266579,62.99475955],[21.22379884,62.98808597],[21.23730979,62.98309214]]],[[[21.4104628,62.98905768],[21.41943607,62.9946442],[21.41667865,62.9962235],[21.41949857,63.00130671],[21.39944296,63.00807271],[21.41393563,63.00521839],[21.41612552,63.01055026],[21.38414635,63.01742664],[21.3716134,63.01603026],[21.38178662,63.01073173],[21.36767736,63.01139209],[21.37985341,63.00307237],[21.37696481,63.00026444],[21.33343954,63.01325513],[21.32271664,63.01108589],[21.32111323,63.00611887],[21.32086325,63.00364949],[21.33034144,62.99988186],[21.33283097,63.00109615],[21.32520526,63.00521269],[21.33878883,63.00791209],[21.34020905,63.00019776],[21.33566053,62.99887281],[21.34310085,62.99517457],[21.34998994,62.99870997],[21.37638747,62.99077604],[21.38121774,62.99221952],[21.38253664,62.9964916],[21.4104628,62.98905768]]],[[[21.1171199,62.97500255],[21.12045194,62.977234],[21.11276395,62.97946653],[21.11359088,62.97569738],[21.1171199,62.97500255]]],[[[21.35941655,62.98419697],[21.3576561,62.98694483],[21.36065884,62.98963582],[21.34982346,62.98959273],[21.35941655,62.98419697]]],[[[21.43816534,62.98615917],[21.43900288,62.98857999],[21.42627002,62.99372386],[21.41812429,62.99008914],[21.43816534,62.98615917]]],[[[21.46308254,62.98681842],[21.47071654,62.99243736],[21.4631008,62.99880794],[21.44581735,63.00064917],[21.43824939,62.99767462],[21.46308254,62.98681842]]],[[[21.04710398,62.96977013],[21.04987971,62.97206368],[21.04659013,62.97422285],[21.04950318,62.97754648],[21.04728946,62.97877962],[21.03377697,62.97441597],[21.04710398,62.96977013]]],[[[21.38016284,62.98311991],[21.38252599,62.9840677],[21.36383966,62.99056367],[21.37067918,62.98319946],[21.38016284,62.98311991]]],[[[20.84714728,62.96030054],[20.84590063,62.96304446],[20.85571652,62.97581936],[20.84264148,62.97515462],[20.83545098,62.98206347],[20.84261256,62.98817821],[20.83736522,62.99020366],[20.83310141,62.99811775],[20.82310693,62.99737417],[20.82789145,62.99484889],[20.82383555,62.99216253],[20.82525136,62.9872916],[20.8141735,62.98379165],[20.82979962,62.97038204],[20.82544918,62.96647775],[20.82909693,62.96387738],[20.84714728,62.96030054]]],[[[21.12449603,62.97166406],[21.1290303,62.97230581],[21.13018094,62.97556385],[21.12131142,62.97461338],[21.12449603,62.97166406]]],[[[20.95696083,62.95750612],[20.96132261,62.96228418],[20.95854635,62.96387839],[20.94967827,62.96618987],[20.9413008,62.96399018],[20.95696083,62.95750612]]],[[[21.39796775,62.97450749],[21.40661101,62.97820583],[21.38016411,62.97951263],[21.39796775,62.97450749]]],[[[21.36533578,62.96585997],[21.37900931,62.97141378],[21.37318993,62.97381859],[21.3587592,62.97186439],[21.35843428,62.96779234],[21.36533578,62.96585997]]],[[[21.41517121,62.96728273],[21.42714299,62.97165024],[21.41365238,62.97230873],[21.41135868,62.96967229],[21.41517121,62.96728273]]],[[[21.36279227,62.95540752],[21.37109019,62.95916633],[21.37106445,62.96269678],[21.35563185,62.96149688],[21.36279227,62.95540752]]],[[[21.24818471,62.95029391],[21.25918346,62.95801806],[21.25822101,62.9637903],[21.25441519,62.96335129],[21.24818471,62.95029391]]],[[[21.40958325,62.95654016],[21.40838565,62.95925403],[21.40176366,62.9575935],[21.40958325,62.95654016]]],[[[21.39027652,62.9555739],[21.39878242,62.95796393],[21.39716103,62.96119924],[21.40435906,62.96517939],[21.40245165,62.96790799],[21.39229005,62.96973911],[21.37691319,62.96370266],[21.38050753,62.95755988],[21.39027652,62.9555739]]],[[[21.420439,62.95643505],[21.42721759,62.96455113],[21.41029804,62.96483375],[21.41412944,62.96324103],[21.41421902,62.95747425],[21.420439,62.95643505]]],[[[21.20597301,62.94280162],[21.21281474,62.94635384],[21.21880983,62.9451727],[21.2214259,62.94888192],[21.21539455,62.95606484],[21.21537348,62.96418671],[21.20937622,62.97585127],[21.21017116,62.9905093],[21.19983574,62.98976375],[21.17970547,62.9972541],[21.17287222,63.00375199],[21.16531234,63.00194816],[21.16190009,63.00669908],[21.15262616,63.00542131],[21.15372743,63.00787716],[21.15008415,63.01064311],[21.11947876,62.99972922],[21.13514848,62.98782442],[21.13952292,62.97812608],[21.14570415,62.97577155],[21.15975414,62.97901425],[21.16138557,62.9735072],[21.15682717,62.97078251],[21.15690208,62.96554782],[21.15160141,62.96485476],[21.14946094,62.96123218],[21.14352501,62.96410131],[21.14813403,62.96677308],[21.14656316,62.97212592],[21.13231505,62.96928902],[21.13369779,62.96193576],[21.14096585,62.95325951],[21.15905248,62.94323724],[21.16780834,62.94247442],[21.17880999,62.94500357],[21.17930874,62.95292346],[21.1868523,62.95630224],[21.19869549,62.95581365],[21.20121923,62.95410107],[21.20036482,62.94609764],[21.20597301,62.94280162]]],[[[21.4072047,62.95078914],[21.41230824,62.95309303],[21.39897024,62.9532246],[21.4072047,62.95078914]]],[[[21.08820705,62.91701589],[21.09776698,62.91905517],[21.09768595,62.92661853],[21.08431813,62.92234678],[21.08820705,62.91701589]]],[[[21.40642092,62.92766951],[21.41795743,62.9319101],[21.41306883,62.93774453],[21.41608421,62.94131428],[21.40694302,62.94239267],[21.40951722,62.94780928],[21.39217273,62.95392906],[21.37485602,62.95467337],[21.34819858,62.94078344],[21.35331705,62.93981227],[21.35124116,62.93520475],[21.36957513,62.92957073],[21.38058893,62.94077935],[21.40642092,62.92766951]]],[[[21.04218175,62.908903],[21.04758942,62.91126006],[21.04187756,62.91549314],[21.03949079,62.91403047],[21.04218175,62.908903]]],[[[21.33193146,62.91537059],[21.3355338,62.91839443],[21.33236394,62.92188106],[21.32208608,62.92355572],[21.32210507,62.91993153],[21.33193146,62.91537059]]],[[[21.34654326,62.91361436],[21.34947711,62.91805619],[21.34355025,62.92192026],[21.34065946,62.91729051],[21.34654326,62.91361436]]],[[[21.39304116,62.91410542],[21.39260564,62.91642212],[21.401327,62.92097089],[21.40101513,62.92577682],[21.38110178,62.93536774],[21.37733949,62.93358621],[21.3768132,62.93038178],[21.38793609,62.92321705],[21.38461725,62.91541307],[21.39304116,62.91410542]]],[[[21.22980501,62.90098577],[21.23010467,62.90573802],[21.23963635,62.90259597],[21.24266737,62.90431189],[21.22897337,62.91496775],[21.22141839,62.9155221],[21.21715653,62.91166373],[21.22980501,62.90098577]]],[[[21.34566135,62.905184],[21.34583804,62.9096399],[21.34057793,62.90818511],[21.34566135,62.905184]]],[[[21.37474687,62.90602842],[21.37825716,62.90670012],[21.37875203,62.91208689],[21.37269225,62.91243904],[21.369756,62.9074814],[21.37474687,62.90602842]]],[[[21.15629026,62.89554355],[21.16216701,62.89688522],[21.1619568,62.901693],[21.15027795,62.90171698],[21.15103291,62.89789729],[21.15629026,62.89554355]]],[[[21.08942564,62.88879843],[21.09262923,62.89239811],[21.08929644,62.89765142],[21.07663828,62.90484638],[21.07466152,62.89918074],[21.08942564,62.88879843]]],[[[21.23520283,62.865873],[21.23974888,62.86631915],[21.2404343,62.88200716],[21.22696914,62.89935037],[21.20837341,62.91187454],[21.20015778,62.91406108],[21.20686706,62.91921676],[21.19678748,62.92180129],[21.20317893,62.92413493],[21.20268032,62.92628],[21.19525756,62.9310811],[21.18335195,62.93188462],[21.18425705,62.92790655],[21.16927701,62.91975165],[21.17268718,62.90849914],[21.20729334,62.88916872],[21.20081775,62.88248989],[21.20206186,62.87909095],[21.23520283,62.865873]]],[[[21.12412879,62.85410639],[21.12557886,62.85643087],[21.11393101,62.86250364],[21.11669412,62.85890276],[21.11298144,62.85583822],[21.12412879,62.85410639]]],[[[21.23300415,62.84804161],[21.2393717,62.85563946],[21.23267529,62.85209601],[21.23091657,62.848282],[21.23300415,62.84804161]]],[[[21.14099218,62.8285879],[21.21733255,62.83783279],[21.22364177,62.84163196],[21.22878605,62.8538893],[21.23589819,62.8604564],[21.22442189,62.86263035],[21.22547925,62.8583596],[21.21957638,62.85865319],[21.19837951,62.86540859],[21.15972612,62.87113892],[21.1588431,62.86914408],[21.1682179,62.86709673],[21.16309491,62.86333232],[21.1564585,62.8651136],[21.1298425,62.86106428],[21.13747162,62.85619536],[21.13066997,62.85032654],[21.13892588,62.84542079],[21.13364097,62.84398618],[21.12686791,62.84956892],[21.10453825,62.84647871],[21.1080626,62.84208127],[21.09546084,62.8371423],[21.10142889,62.83004897],[21.13088585,62.83428229],[21.14099218,62.8285879]]],[[[21.18122654,62.82376299],[21.19137565,62.82853275],[21.18091841,62.82926711],[21.18122654,62.82376299]]],[[[21.13939365,62.72749538],[21.14194871,62.7279884],[21.13896015,62.73125056],[21.14049696,62.7338089],[21.13696526,62.73519203],[21.13316538,62.7319994],[21.13939365,62.72749538]]],[[[21.12168337,62.72455919],[21.12897361,62.7277424],[21.11988547,62.73171382],[21.11878286,62.72635856],[21.12168337,62.72455919]]],[[[21.10437956,62.70923597],[21.10541014,62.71703577],[21.10203336,62.7132465],[21.10437956,62.70923597]]],[[[21.07341186,62.70602963],[21.08369323,62.71247666],[21.08391887,62.7180064],[21.0951877,62.72320192],[21.08697085,62.72841615],[21.08179734,62.74153618],[21.05781231,62.74523047],[21.05044549,62.74173813],[21.048427,62.72909219],[21.05154278,62.71412029],[21.06032289,62.70637544],[21.07341186,62.70602963]]],[[[21.07614112,62.65834885],[21.08407131,62.6625446],[21.0862089,62.67056629],[21.07282926,62.67240252],[21.06560028,62.666612],[21.07086705,62.65960705],[21.07614112,62.65834885]]],[[[21.0511866,62.62233673],[21.05560974,62.6255942],[21.04993224,62.62719749],[21.0511866,62.62233673]]],[[[21.06293595,62.61641571],[21.07060475,62.61810206],[21.0654609,62.62711997],[21.05818746,62.62538548],[21.06293595,62.61641571]]],[[[21.1150272,62.60888999],[21.11795335,62.61220548],[21.11421201,62.61467387],[21.11120795,62.6115251],[21.1150272,62.60888999]]],[[[21.07222678,62.60465512],[21.07603428,62.60481769],[21.07608559,62.60880055],[21.07130726,62.60918177],[21.07222678,62.60465512]]],[[[21.19137108,62.60853886],[21.19799795,62.60929864],[21.19003408,62.61244814],[21.19137108,62.60853886]]],[[[21.1748952,62.60772342],[21.17829373,62.60803448],[21.17980471,62.61265084],[21.18826449,62.61451894],[21.18715814,62.61752923],[21.16723469,62.61564316],[21.1748952,62.60772342]]],[[[21.12400428,62.60472793],[21.12975122,62.60646817],[21.11722495,62.60693163],[21.12400428,62.60472793]]],[[[21.16315709,62.6054648],[21.1679549,62.60676681],[21.16514606,62.61187522],[21.15175884,62.61097926],[21.16315709,62.6054648]]],[[[21.04923446,62.56998609],[21.04496196,62.57585636],[21.04156346,62.57570669],[21.04262116,62.57197536],[21.04923446,62.56998609]]],[[[21.16161464,62.57376557],[21.16304299,62.57641512],[21.15871427,62.57877885],[21.15764207,62.57431532],[21.16161464,62.57376557]]],[[[21.0994456,62.55926186],[21.10397829,62.56460056],[21.10108877,62.56655306],[21.09469462,62.56333199],[21.0994456,62.55926186]]],[[[21.12965683,62.55627511],[21.13465505,62.55834477],[21.12813781,62.55966693],[21.12965683,62.55627511]]],[[[21.15901756,62.53988595],[21.16327355,62.54384146],[21.15854739,62.55148713],[21.15205107,62.55304876],[21.15026568,62.54537577],[21.15901756,62.53988595]]],[[[21.08452714,62.53027076],[21.08974037,62.53245512],[21.09041581,62.53783777],[21.08319326,62.54120591],[21.08631788,62.5445722],[21.08442685,62.54635492],[21.09177381,62.55351634],[21.09156637,62.56191905],[21.09585271,62.56807982],[21.07712376,62.57805227],[21.06275944,62.57840486],[21.05813759,62.5743307],[21.06429095,62.5735966],[21.06053896,62.56994404],[21.06155215,62.56684098],[21.05274907,62.56574755],[21.05353227,62.56379523],[21.0595982,62.56249619],[21.06499892,62.56564223],[21.06273009,62.56695954],[21.07013517,62.5666395],[21.05236856,62.55290965],[21.05837179,62.54330335],[21.05448297,62.54271406],[21.05265645,62.53853424],[21.06335801,62.53869902],[21.07295109,62.53155891],[21.08452714,62.53027076]]],[[[21.1027935,62.52941738],[21.10409089,62.53950426],[21.0979343,62.54197179],[21.09825467,62.53681286],[21.09379017,62.53195999],[21.1027935,62.52941738]]],[[[21.06757315,62.52317078],[21.06546954,62.53055707],[21.05995198,62.53013695],[21.06001309,62.52528332],[21.06757315,62.52317078]]],[[[21.11453361,62.52301028],[21.1324846,62.52506983],[21.13268229,62.53388092],[21.13917191,62.53698866],[21.14443921,62.53580667],[21.13959909,62.53189791],[21.14025154,62.5291666],[21.14992232,62.53285417],[21.15289209,62.53130037],[21.15518709,62.53512859],[21.13315917,62.55042173],[21.12018266,62.55377172],[21.11076425,62.55093567],[21.10372494,62.55282229],[21.10818195,62.53265217],[21.11453361,62.52301028]]],[[[21.16233669,62.45931014],[21.16732297,62.46243405],[21.16207658,62.46773969],[21.15710006,62.46117974],[21.16233669,62.45931014]]],[[[21.14843681,62.45252719],[21.14652667,62.45500259],[21.14870107,62.45768679],[21.14387401,62.45674477],[21.14843681,62.45252719]]],[[[21.17375722,62.44625826],[21.17694629,62.45316872],[21.17459265,62.45392775],[21.17375722,62.44625826]]],[[[21.14512279,62.43635901],[21.15120134,62.44506882],[21.1438701,62.44013005],[21.14512279,62.43635901]]],[[[21.11421555,62.42477474],[21.11853704,62.4307368],[21.12699615,62.43412646],[21.11444968,62.43372082],[21.11139352,62.42926974],[21.11421555,62.42477474]]],[[[21.18254459,62.39307253],[21.18551779,62.39610179],[21.18205123,62.3994327],[21.17866028,62.3972868],[21.18254459,62.39307253]]],[[[21.16272155,62.3918499],[21.17058744,62.39848517],[21.17187553,62.40658161],[21.16064581,62.39497809],[21.16272155,62.3918499]]],[[[21.16243839,62.37878318],[21.16715934,62.37960168],[21.169577,62.38479038],[21.15771492,62.38426692],[21.15765406,62.38012432],[21.16243839,62.37878318]]],[[[21.1792894,62.37020489],[21.21200666,62.41272028],[21.20048592,62.42611884],[21.19141944,62.42386397],[21.17745755,62.4136981],[21.19058258,62.4155037],[21.19481781,62.413276],[21.19265178,62.41065179],[21.1963466,62.40786182],[21.18841735,62.40716703],[21.1965124,62.39506938],[21.1749837,62.38950962],[21.17084404,62.38160126],[21.16722826,62.37290481],[21.1792894,62.37020489]]],[[[21.28241077,62.37020299],[21.28863557,62.37737328],[21.28093051,62.3728297],[21.28241077,62.37020299]]],[[[21.1866106,62.35981036],[21.19848499,62.36348035],[21.19338942,62.36848334],[21.19738291,62.36970638],[21.19689542,62.37497906],[21.2046345,62.37361337],[21.20506259,62.36904525],[21.21132101,62.36774156],[21.21611244,62.39364425],[21.20980339,62.39462132],[21.21428031,62.3995175],[21.20425648,62.39625624],[21.19454445,62.38565361],[21.18451241,62.36254982],[21.1866106,62.35981036]]],[[[21.2035412,62.35994732],[21.20222578,62.36349993],[21.20627532,62.36692929],[21.20426024,62.36831735],[21.19938582,62.36053044],[21.2035412,62.35994732]]],[[[21.28847093,62.3634157],[21.29196787,62.36650639],[21.29246927,62.3730953],[21.28847628,62.37114268],[21.28847093,62.3634157]]],[[[21.29715137,62.36311181],[21.30010642,62.36559874],[21.29922299,62.37017743],[21.29639011,62.36830826],[21.29715137,62.36311181]]],[[[21.25910625,62.35850614],[21.255365,62.36294577],[21.25952102,62.36795158],[21.25754393,62.36921411],[21.25246123,62.36320885],[21.25373295,62.35936799],[21.25910625,62.35850614]]],[[[21.23939146,62.33978992],[21.25605012,62.35017959],[21.24940216,62.35769395],[21.24775394,62.37852502],[21.2512034,62.37953535],[21.24902096,62.38376933],[21.23802473,62.386939],[21.23787588,62.39316599],[21.2274184,62.39470884],[21.21779956,62.37830263],[21.21811546,62.3459184],[21.21420596,62.34373114],[21.22178649,62.34300014],[21.2286019,62.35096865],[21.23456765,62.3525031],[21.24003326,62.34849953],[21.23939146,62.33978992]]],[[[21.34808888,62.3421633],[21.35054227,62.34575152],[21.34701887,62.3482982],[21.34808888,62.3421633]]],[[[21.18872179,62.33253229],[21.19951693,62.33613231],[21.19926904,62.3413286],[21.20571497,62.34634756],[21.21013068,62.35890056],[21.19455327,62.35004813],[21.19525549,62.34594439],[21.18855457,62.33896776],[21.18872179,62.33253229]]],[[[21.31007749,62.33204334],[21.31383845,62.33582143],[21.31091261,62.3413834],[21.30664163,62.33648306],[21.31007749,62.33204334]]],[[[21.27927997,62.32862833],[21.28163494,62.33646913],[21.27511113,62.3314931],[21.27927997,62.32862833]]],[[[21.25875358,62.30178504],[21.26329732,62.3079291],[21.26862934,62.30825681],[21.27331937,62.31928435],[21.26047202,62.31075362],[21.25548677,62.30290579],[21.25875358,62.30178504]]],[[[21.35213126,62.30014932],[21.35155727,62.31211051],[21.34715233,62.30834176],[21.35213126,62.30014932]]],[[[21.30063596,62.29742167],[21.3107917,62.30059776],[21.30457865,62.30262586],[21.30623858,62.3093383],[21.29279536,62.3017814],[21.30063596,62.29742167]]],[[[21.24967381,62.28780256],[21.25204098,62.29568127],[21.24830491,62.29105047],[21.24967381,62.28780256]]],[[[21.28095316,62.28605415],[21.28248324,62.29344976],[21.27978851,62.29154657],[21.28095316,62.28605415]]],[[[21.33154134,62.28125591],[21.33467554,62.28310447],[21.33352086,62.2857241],[21.32625561,62.28399158],[21.33154134,62.28125591]]],[[[21.29026498,62.27336979],[21.2976915,62.282042],[21.29012227,62.27648977],[21.29026498,62.27336979]]],[[[21.36174935,62.248649],[21.36959062,62.25816707],[21.36348132,62.25920082],[21.36174935,62.248649]]],[[[21.30627057,62.24468774],[21.31271329,62.2498394],[21.30417918,62.24779682],[21.30627057,62.24468774]]],[[[21.37705618,62.22408028],[21.37682986,62.22758002],[21.36849172,62.23401447],[21.36659315,62.22542088],[21.37705618,62.22408028]]],[[[21.30034535,62.21987133],[21.29940486,62.22523854],[21.29410047,62.22736649],[21.30034535,62.21987133]]],[[[21.32405626,62.2073787],[21.33057869,62.2124654],[21.3235771,62.21167254],[21.32157671,62.20910522],[21.32405626,62.2073787]]],[[[21.29825769,62.15979267],[21.30143842,62.16718215],[21.29328226,62.16948631],[21.29331878,62.16407012],[21.29825769,62.15979267]]],[[[21.31187818,62.15899975],[21.31423718,62.16618178],[21.30943389,62.16238482],[21.31187818,62.15899975]]],[[[21.29324396,62.15670755],[21.29550696,62.16004483],[21.29276465,62.16241048],[21.2905317,62.15823307],[21.29324396,62.15670755]]],[[[21.30743409,62.15412062],[21.31192732,62.15837102],[21.30654828,62.1592084],[21.30498521,62.15542781],[21.30743409,62.15412062]]],[[[21.29906366,62.15284218],[21.3055233,62.16034304],[21.30532697,62.16651203],[21.30915742,62.16776225],[21.30668953,62.17138927],[21.29694392,62.15496184],[21.29906366,62.15284218]]],[[[21.30995759,62.11998686],[21.31009671,62.12950334],[21.30449338,62.13454856],[21.30412035,62.12814104],[21.30995759,62.11998686]]],[[[21.30360078,62.10887394],[21.30632695,62.11383187],[21.2992314,62.12293943],[21.29654812,62.13878961],[21.29035047,62.13955878],[21.29376472,62.15486738],[21.29158494,62.15573157],[21.28622575,62.150852],[21.28595551,62.13891477],[21.29646881,62.11922651],[21.29552829,62.11133958],[21.30360078,62.10887394]]],[[[21.28766664,62.10447352],[21.29254768,62.10988029],[21.28883829,62.11337883],[21.28766664,62.10447352]]],[[[21.31037297,62.09496249],[21.3151648,62.10188556],[21.31272375,62.11710778],[21.30823026,62.11371897],[21.31053025,62.10856879],[21.30605669,62.09689567],[21.31037297,62.09496249]]],[[[21.29758304,62.07314355],[21.29495242,62.08982964],[21.29004437,62.08921953],[21.28582763,62.08148462],[21.28787764,62.07634082],[21.29758304,62.07314355]]],[[[21.25987047,62.03141653],[21.2672609,62.04356707],[21.26151361,62.04147584],[21.25987047,62.03141653]]],[[[21.30231682,61.98033398],[21.30083387,61.98394279],[21.29448126,61.98478072],[21.30231682,61.98033398]]],[[[21.29595991,61.97492897],[21.29973395,61.97923626],[21.29149476,61.98144471],[21.29059881,61.97794754],[21.29595991,61.97492897]]],[[[21.30909519,61.96792587],[21.31116604,61.97160961],[21.30259701,61.97485325],[21.29523101,61.9714363],[21.30909519,61.96792587]]],[[[21.32922733,61.95383209],[21.36027318,61.96001428],[21.42663977,62.00958504],[21.52401323,62.02459122],[21.64784794,62.01958504],[21.62891818,62.0403048],[21.65084001,62.05928782],[21.62545931,62.09930499],[21.64299919,62.11174936],[21.6417004,62.14944314],[21.67972771,62.13820499],[21.69570985,62.14379117],[21.70437079,62.16670638],[21.66697138,62.1865102],[21.71077206,62.21277113],[21.71078867,62.21753274],[21.76751021,62.2226833],[21.75937014,62.22410002],[21.74115748,62.24126976],[21.74545411,62.25286444],[21.73639387,62.25772223],[21.70022237,62.26119726],[21.67286038,62.2601128],[21.68315469,62.31907476],[21.66306587,62.32899686],[21.66971896,62.33527944],[21.6863343,62.33957393],[21.68657197,62.35521372],[21.65014171,62.36731061],[21.56600919,62.35664856],[21.55879306,62.35778179],[21.54625677,62.3734606],[21.52348901,62.37956035],[21.55139477,62.39625158],[21.55690585,62.40751607],[21.55162536,62.40932933],[21.55496051,62.42219923],[21.54536074,62.4471973],[21.60333843,62.53089026],[21.61480489,62.55430441],[21.61251084,62.55874331],[21.59552654,62.55846843],[21.59176943,62.60543816],[21.62535372,62.61071267],[21.64664508,62.62156597],[21.65375544,62.63736678],[21.79096769,62.69422482],[21.74779717,62.72020303],[21.72913831,62.7676655],[21.72877402,62.82107345],[21.76522555,62.84760427],[21.77206102,62.86356418],[21.83096269,62.84536324],[21.84240029,62.81756326],[21.8582363,62.81178805],[21.9730296,62.78759615],[22.00883225,62.77442453],[22.06323265,62.76345449],[22.06710826,62.76863478],[22.12106773,62.76018249],[22.12424261,62.76732384],[22.2006773,62.75157423],[22.28955874,62.79881585],[22.26531156,62.82147696],[22.26587644,62.83608921],[22.25807685,62.84468676],[22.24899567,62.88001382],[22.23108723,62.88166886],[22.20069132,62.92512481],[22.15686003,62.95059844],[22.14397311,62.96310734],[22.16366439,62.97623228],[22.15362008,63.0035041],[22.16538912,63.01875239],[22.17290578,63.01934622],[22.19494242,63.0315978],[22.24232257,63.0637265],[22.31119954,63.05611355],[22.48554772,63.10006653],[22.63165211,63.10191753],[22.6486193,63.10538611],[22.64362668,63.12404804],[22.63029925,63.12340041],[22.62917907,63.12850375],[22.65483658,63.13050754],[22.65820209,63.13313991],[22.64767854,63.14640431],[22.65047387,63.15331137],[22.63631155,63.15887025],[22.6171094,63.18621395],[22.60329799,63.18806332],[22.57218672,63.17933996],[22.59332971,63.20131592],[22.62853842,63.2099107],[22.59041784,63.2446024],[22.56198616,63.24923868],[22.55693419,63.25528651],[22.55940168,63.26570317],[22.5958604,63.28400793],[22.60687652,63.27910922],[22.67264271,63.29770721],[22.64526453,63.31679477],[22.68221582,63.32473208],[22.71659657,63.33766568],[22.75110558,63.34451708],[22.73560838,63.35895936],[22.7560063,63.35905177],[22.8295222,63.34593677],[22.87432125,63.34625374],[22.87134174,63.35453344],[22.90624003,63.35111288],[22.98069891,63.33039745],[22.97159968,63.37226566],[22.99832409,63.37053704],[22.99515884,63.37804738],[23.02355426,63.38043389],[23.03141281,63.36176445],[23.06154342,63.36458266],[23.0771994,63.36920248],[23.09452699,63.36234162],[23.11296562,63.34730256],[23.20703964,63.39896145],[23.26463723,63.47005565],[23.39288859,63.49804668],[23.41965742,63.48165281],[23.51627421,63.46743966],[23.53090487,63.46965945],[23.54396218,63.46753423],[23.56472858,63.44921787],[23.55500642,63.44280727],[23.62539141,63.40103215],[23.69698894,63.3803207],[23.70992526,63.38287712],[23.66002828,63.43482733],[23.65776813,63.48297286],[23.65102999,63.53093495],[23.57862146,63.55341105],[23.58149116,63.56569848],[23.57555289,63.5800748],[23.57701026,63.58686785],[23.55659335,63.60413343],[23.50758934,63.59456119],[23.49096451,63.58637533],[23.42240721,63.61601357],[23.43361932,63.61759178],[23.45771622,63.61023338],[23.46446804,63.61626488],[23.46711985,63.62031892],[23.45323009,63.6290629],[23.48491314,63.63997668],[23.46882734,63.66160806],[23.49854771,63.65648806],[23.50383206,63.64830491],[23.53211778,63.63406546],[23.54648813,63.63372552],[23.57397312,63.64297495],[23.61071299,63.65029188],[23.64987145,63.67108678],[23.70485218,63.656542],[23.74408123,63.67543701],[23.68634322,63.69926146],[23.61868181,63.72147762],[23.47764038,63.77913005],[23.45533583,63.76141947],[23.45787206,63.74160295],[23.44434057,63.73722168],[23.42115734,63.75326008],[23.40482496,63.75036321],[23.39185876,63.75930075],[23.36891276,63.76238326],[23.36103188,63.75704426],[23.33635195,63.76127448],[23.29164862,63.75361598],[23.265585,63.74147835],[23.24839665,63.71692165],[23.22410873,63.71876473],[23.07456101,63.77367134],[23.01289846,63.79125367],[23.01008526,63.78523989],[23.00226642,63.78179953],[22.98905123,63.78802211],[22.95388772,63.78203337],[22.96126817,63.7768239],[22.94849778,63.77457244],[22.94017183,63.76953922],[22.9334704,63.77444071],[22.93322883,63.77850618],[22.92153613,63.7751125],[22.92410202,63.77895896],[22.85985944,63.78470715],[22.87194465,63.80249037],[22.8868016,63.8125535],[22.86702566,63.83827358],[22.85090067,63.83901146],[22.84693426,63.84400194],[22.84922766,63.84843329],[22.83602517,63.85623148],[22.81205113,63.85227285],[22.80392248,63.85883875],[22.79123329,63.85731534],[22.78350999,63.85982],[22.7795716,63.85800692],[22.78831493,63.85047314],[22.80492631,63.84533371],[22.82537002,63.84437871],[22.80828529,63.8427917],[22.79542729,63.83782916],[22.78043581,63.8417627],[22.77643764,63.84081016],[22.77847416,63.83741702],[22.77424482,63.83760725],[22.77068482,63.84208062],[22.75245381,63.84283519],[22.74892767,63.84580394],[22.72717342,63.84884176],[22.72958755,63.84217522],[22.7184075,63.84497244],[22.70932089,63.84075185],[22.69981194,63.84105329],[22.70093559,63.83711411],[22.71142493,63.83125137],[22.69014806,63.83213398],[22.69300009,63.82715433],[22.68755592,63.82379032],[22.68918171,63.81692917],[22.66741268,63.8130055],[22.67647665,63.80909647],[22.68043649,63.79984225],[22.69935591,63.79921253],[22.70313837,63.79394041],[22.72456822,63.78744528],[22.73155317,63.78953434],[22.72301636,63.79918884],[22.74379887,63.79721821],[22.7633382,63.79949606],[22.73812064,63.78429416],[22.71752305,63.78107716],[22.70134486,63.7718995],[22.69221429,63.77046628],[22.68731345,63.76552618],[22.6835387,63.7663464],[22.68222435,63.77035483],[22.67224618,63.76390433],[22.67423527,63.75836553],[22.70016159,63.75026045],[22.69559579,63.74480518],[22.70359312,63.74012637],[22.7003276,63.73914114],[22.69907083,63.73329754],[22.70633627,63.73205259],[22.71454254,63.72550514],[22.74953593,63.71819362],[22.73992391,63.71406346],[22.74169492,63.70860092],[22.69478878,63.71821206],[22.68845817,63.7097533],[22.69173836,63.70372621],[22.6919707,63.68969778],[22.68598319,63.68443877],[22.67944897,63.68412004],[22.68178543,63.68493236],[22.67780708,63.69302318],[22.66568435,63.69799178],[22.66440176,63.70246847],[22.66913704,63.70684234],[22.64957916,63.70438392],[22.65169634,63.70171727],[22.64925146,63.69598756],[22.64303158,63.69348883],[22.6270262,63.70205399],[22.64593399,63.71426588],[22.61315647,63.71957925],[22.61437231,63.71589745],[22.61017036,63.71163336],[22.61494827,63.70603084],[22.61403714,63.70067323],[22.60282343,63.68996774],[22.60871802,63.68724982],[22.60913151,63.68328294],[22.59891046,63.67644232],[22.59417295,63.66665714],[22.5802282,63.66933704],[22.57797208,63.67345105],[22.5525191,63.67303477],[22.54752986,63.66944823],[22.54721314,63.66405224],[22.53957345,63.65890019],[22.5175105,63.65258201],[22.51509411,63.64759933],[22.51775416,63.64026385],[22.51315644,63.63341896],[22.52119295,63.62175907],[22.49923538,63.61975993],[22.50174489,63.616573],[22.49941828,63.61124515],[22.48892036,63.61660995],[22.49117805,63.60905023],[22.48389544,63.60662773],[22.46240543,63.6034395],[22.44025451,63.60889502],[22.42968493,63.60436201],[22.43483439,63.59743939],[22.4273118,63.59104758],[22.4419651,63.5909868],[22.4587776,63.59613345],[22.46638609,63.58821576],[22.46791288,63.58058241],[22.48529674,63.58499478],[22.4856214,63.58792202],[22.49263719,63.58904959],[22.49322457,63.59448846],[22.50644042,63.6016033],[22.51421398,63.60109791],[22.51830046,63.59502953],[22.51835067,63.59218956],[22.50817007,63.58767402],[22.50861222,63.58476783],[22.4988379,63.58022663],[22.4990737,63.57179602],[22.4793974,63.57307873],[22.47886064,63.56451081],[22.4617311,63.56495006],[22.46604143,63.56232393],[22.46828781,63.55289928],[22.48099964,63.55087431],[22.47849496,63.54582595],[22.48453157,63.54007552],[22.46100442,63.51889001],[22.45956092,63.51314783],[22.45386422,63.51115177],[22.4520798,63.49700954],[22.44625756,63.49146089],[22.44931583,63.47753544],[22.44111911,63.47956156],[22.44219904,63.48748019],[22.43754115,63.49044233],[22.42924903,63.4868218],[22.4251167,63.47788808],[22.41676843,63.47719965],[22.41384932,63.48644604],[22.40333744,63.48692613],[22.40902879,63.49067254],[22.40506286,63.49425039],[22.41424142,63.49817457],[22.41202285,63.5012499],[22.40352257,63.50132771],[22.39891833,63.50495138],[22.39824577,63.51052082],[22.39267826,63.51270786],[22.37787556,63.5082711],[22.35938434,63.50970732],[22.35915839,63.51248364],[22.37453351,63.51685213],[22.38017977,63.51413633],[22.38692707,63.51838223],[22.37920187,63.5292297],[22.38175726,63.53191045],[22.37766635,63.5368839],[22.36604114,63.54456023],[22.35312163,63.54394507],[22.34995716,63.54095105],[22.34622904,63.5521708],[22.35661964,63.54762644],[22.37076486,63.55212946],[22.37091896,63.5570699],[22.38045526,63.56535709],[22.37892485,63.57373746],[22.37183098,63.5776385],[22.36533693,63.57493725],[22.33680709,63.57930449],[22.33372239,63.58501585],[22.32330055,63.58340332],[22.32330785,63.57989536],[22.33843402,63.57506353],[22.33962306,63.57066355],[22.32558072,63.56103764],[22.32796292,63.55731779],[22.33387478,63.55644737],[22.33280069,63.55415094],[22.3213096,63.55336715],[22.32072918,63.54891568],[22.30770385,63.54227804],[22.31117742,63.53947791],[22.30667744,63.53331719],[22.30079574,63.5322296],[22.28912597,63.52254642],[22.2985135,63.51566502],[22.29406766,63.50884539],[22.30169209,63.49980988],[22.32217887,63.48873083],[22.32877341,63.48057912],[22.38506657,63.45369905],[22.4048965,63.44228033],[22.40280821,63.43963858],[22.37784725,63.44522101],[22.37086086,63.45432608],[22.35587908,63.46267899],[22.3521614,63.46204003],[22.35513649,63.45216916],[22.35040984,63.45216873],[22.34596363,63.45812732],[22.33688596,63.46256961],[22.32891728,63.47523148],[22.31840981,63.47674756],[22.31334597,63.48337406],[22.30086007,63.48712914],[22.2625957,63.47983693],[22.2363031,63.48280111],[22.21714399,63.48097393],[22.20318239,63.47230808],[22.2029019,63.46925527],[22.21001329,63.46338],[22.20327301,63.45953528],[22.20381667,63.45324402],[22.23050183,63.44021124],[22.22921598,63.43669001],[22.23322675,63.43188652],[22.25911961,63.42278528],[22.26865058,63.41483842],[22.27459631,63.41583104],[22.27975818,63.41111959],[22.28669729,63.40915723],[22.29284504,63.41141889],[22.30129953,63.40743458],[22.29715305,63.39359452],[22.30086351,63.39036376],[22.32300976,63.3820092],[22.34493272,63.37840724],[22.35637678,63.36606113],[22.36431037,63.36326869],[22.36617598,63.35763885],[22.37916991,63.35028565],[22.39253322,63.33546187],[22.39225769,63.33197887],[22.36835451,63.32543829],[22.36605484,63.32082864],[22.3558216,63.32412554],[22.34892685,63.3216585],[22.36140558,63.31645859],[22.35832422,63.31176816],[22.37066127,63.30028958],[22.36835369,63.29099891],[22.36465576,63.28942044],[22.34658652,63.29386535],[22.33861696,63.29137557],[22.3212123,63.30422364],[22.31521516,63.30453466],[22.30989294,63.31087687],[22.28555626,63.31122024],[22.28185736,63.30937382],[22.28538503,63.30448085],[22.27767101,63.30148422],[22.27707557,63.29715856],[22.25577582,63.29685861],[22.25936026,63.29273648],[22.25786596,63.28990547],[22.24925877,63.2869339],[22.24957511,63.28312622],[22.23748062,63.27457252],[22.24210587,63.26567751],[22.23948589,63.26240027],[22.2445505,63.25630786],[22.2428299,63.25471973],[22.23327226,63.25372873],[22.20898567,63.25995748],[22.20925293,63.26270118],[22.20064091,63.26192425],[22.19847301,63.25825241],[22.18404025,63.25570267],[22.18548182,63.25369568],[22.18206021,63.25269136],[22.18241855,63.24001528],[22.18703956,63.23594338],[22.18358384,63.23415956],[22.18528253,63.23275383],[22.18055305,63.2322327],[22.17181641,63.24285914],[22.16010705,63.24599789],[22.15102849,63.24614719],[22.14566393,63.24083964],[22.13139006,63.24369724],[22.13491274,63.23946048],[22.12132587,63.2374991],[22.10679077,63.23162802],[22.10544452,63.2280912],[22.09403542,63.22870883],[22.08566311,63.21922993],[22.08004592,63.22074839],[22.08999892,63.23438462],[22.09642233,63.23586922],[22.09036294,63.24088082],[22.09588785,63.24436753],[22.09598454,63.24962942],[22.08783408,63.25677258],[22.08024178,63.25528786],[22.0791987,63.25203946],[22.04649523,63.2490368],[22.03357024,63.24942245],[22.03013909,63.25394519],[22.02439179,63.25353031],[22.02918108,63.2473213],[22.04418096,63.24438132],[22.04121014,63.24012464],[22.02880551,63.24232054],[22.03010854,63.23696846],[22.02222045,63.23498413],[22.02581702,63.23024594],[22.04135733,63.22301204],[22.03419814,63.21694369],[22.0442514,63.205754],[22.04283552,63.20249823],[22.03315289,63.19903359],[22.0121146,63.20767662],[22.00451031,63.20772327],[21.98796426,63.20064253],[21.98175437,63.20802616],[21.97599912,63.20733459],[21.97479761,63.2039661],[21.98434422,63.19654165],[21.98014197,63.19167188],[21.98333655,63.18782448],[21.98195138,63.18346344],[22.00650196,63.17707537],[22.00218274,63.1711196],[22.00983949,63.16651526],[22.00835798,63.16409531],[22.01224973,63.16005692],[22.0022473,63.15806462],[21.98589549,63.16188666],[21.97350685,63.17080617],[21.9660348,63.16931709],[21.961211,63.17711824],[21.95305062,63.18092093],[21.95667614,63.18562593],[21.94474167,63.18804366],[21.96735805,63.18579731],[21.97493706,63.18808311],[21.9630265,63.20808931],[21.95007214,63.21064017],[21.95836808,63.21653744],[21.97378018,63.21874782],[21.99454246,63.21128621],[22.01457125,63.21506818],[22.02068047,63.22054328],[22.00797132,63.23302901],[21.99772433,63.23356453],[22.01579298,63.24299507],[22.01391921,63.25359225],[22.01132043,63.25577044],[21.99258361,63.25409661],[21.99038353,63.25559811],[21.99336067,63.25962244],[21.98571589,63.26561778],[21.9712095,63.26475403],[21.96535053,63.25739196],[21.96825024,63.25202298],[21.96216404,63.25072033],[21.94746021,63.26090012],[21.9280277,63.24748054],[21.92186651,63.25681099],[21.93121319,63.26153527],[21.93185807,63.26695025],[21.92815209,63.2732123],[21.91448062,63.27889274],[21.88756016,63.27503067],[21.88233452,63.27030844],[21.88522518,63.26604095],[21.8840071,63.26125837],[21.85284464,63.26161243],[21.85381879,63.26618497],[21.85934097,63.26912363],[21.85399719,63.26959427],[21.83360976,63.25676067],[21.81332212,63.25809618],[21.81218848,63.26299916],[21.80805335,63.26456476],[21.79659327,63.2619674],[21.81370202,63.27439401],[21.80636829,63.27565463],[21.79815917,63.26931399],[21.78751423,63.26924176],[21.79242578,63.26687211],[21.78725966,63.26000195],[21.77536934,63.25873963],[21.78136375,63.25579177],[21.79181236,63.25662316],[21.79396393,63.2535211],[21.7823215,63.24995875],[21.77281191,63.25117019],[21.76421278,63.24512527],[21.75355665,63.24893366],[21.74604999,63.24255181],[21.73990804,63.24156084],[21.744029,63.2369256],[21.74139744,63.23053154],[21.75520242,63.22288567],[21.75210295,63.21840922],[21.74562265,63.21751972],[21.73891632,63.22450514],[21.72072623,63.23292204],[21.69950404,63.23727485],[21.675661,63.21178256],[21.66589649,63.21156745],[21.66568046,63.21520666],[21.65031865,63.21887453],[21.64898413,63.22377747],[21.62712857,63.22159375],[21.62109302,63.22792692],[21.61045769,63.22935517],[21.61376015,63.23189231],[21.59945187,63.23672242],[21.5969992,63.24366658],[21.57977861,63.24768314],[21.58769281,63.25292879],[21.58364542,63.25712297],[21.58210932,63.26892014],[21.57309512,63.27268312],[21.58587468,63.28662003],[21.57749561,63.28535382],[21.57395426,63.27839876],[21.5404205,63.26785852],[21.54782804,63.26344163],[21.54223848,63.25591278],[21.5611512,63.24722128],[21.5457351,63.24370976],[21.54341138,63.23794706],[21.53797078,63.23657748],[21.5305745,63.24014733],[21.52668814,63.23855726],[21.52576824,63.2296649],[21.51974561,63.22545241],[21.52169468,63.2206987],[21.51822164,63.20514653],[21.52069898,63.20127031],[21.52865118,63.19914262],[21.51961322,63.19705645],[21.52305438,63.19438914],[21.53434704,63.1972744],[21.54355862,63.19583715],[21.56246827,63.18856441],[21.55260146,63.18440745],[21.53020171,63.18878531],[21.52356812,63.18743119],[21.52863353,63.18491336],[21.5200088,63.18262776],[21.52291437,63.1728614],[21.5158004,63.17609262],[21.5015725,63.17212495],[21.51746255,63.16966826],[21.52191085,63.16403571],[21.51513822,63.16257396],[21.52746822,63.15250748],[21.53362906,63.1545073],[21.52922407,63.16136485],[21.5314213,63.16595273],[21.53530908,63.16571868],[21.53745213,63.15422222],[21.54310594,63.14982866],[21.5400064,63.14552056],[21.54779398,63.14327697],[21.55876111,63.13372816],[21.5612278,63.13062485],[21.55736728,63.12635859],[21.56380865,63.12146087],[21.57992139,63.12007902],[21.59027579,63.12460217],[21.60132751,63.12027303],[21.58447466,63.112023],[21.58308206,63.10817401],[21.58686958,63.10546037],[21.59710546,63.10304417],[21.60228608,63.10428938],[21.609594,63.11259221],[21.61820347,63.11207998],[21.60824991,63.10222757],[21.59966138,63.09957566],[21.61234008,63.08299183],[21.62870431,63.08143239],[21.64005496,63.07480824],[21.65244774,63.07422381],[21.6559745,63.06479285],[21.66434859,63.06294281],[21.67511585,63.06639456],[21.67786902,63.06471849],[21.67534449,63.06209455],[21.67823705,63.05776131],[21.68672935,63.05450512],[21.67214483,63.04679441],[21.67271412,63.04464086],[21.66129745,63.04205956],[21.63800827,63.05082395],[21.62686223,63.05047473],[21.63073501,63.05560244],[21.62102995,63.06122601],[21.61355394,63.05895902],[21.6123106,63.05385365],[21.60822949,63.05226314],[21.59690639,63.05585217],[21.59305947,63.06258927],[21.58446767,63.0626239],[21.58280444,63.0641155],[21.58584076,63.0666942],[21.57661331,63.06907782],[21.57999228,63.07449266],[21.56550759,63.0727424],[21.56096926,63.08037486],[21.54749577,63.08154588],[21.54303821,63.07852477],[21.52889802,63.08045964],[21.5222958,63.07673382],[21.52462619,63.07541775],[21.517936,63.066187],[21.52625273,63.05957212],[21.52478817,63.05693498],[21.51411556,63.05704001],[21.50943156,63.06073303],[21.50604363,63.05767179],[21.49246562,63.05631872],[21.4916897,63.06446505],[21.48716677,63.06576518],[21.48031706,63.06010273],[21.46995572,63.05763663],[21.46505819,63.05313456],[21.46592683,63.04780761],[21.47921601,63.03677547],[21.5017141,63.02792358],[21.50563144,63.02268772],[21.50410939,63.01276981],[21.49619272,63.01283226],[21.4864022,63.0292737],[21.47301725,63.0336512],[21.46859688,63.03246067],[21.46948627,63.02467724],[21.44937869,63.02373605],[21.44612544,63.019933],[21.45854301,63.01717301],[21.45847053,63.01271941],[21.47067036,63.01360353],[21.47292827,63.01182213],[21.46753623,63.00716148],[21.49457138,63.00337959],[21.49280805,62.99922377],[21.47376685,62.99440891],[21.47612756,62.98986992],[21.47232493,62.98351489],[21.49169274,62.96993419],[21.44597591,62.96206845],[21.42876401,62.94965987],[21.42747726,62.94350035],[21.43236644,62.93584387],[21.43178832,62.92757921],[21.41838747,62.91849936],[21.42005645,62.91398339],[21.41298312,62.91084777],[21.41551207,62.90357053],[21.40454171,62.89846472],[21.40737756,62.89026996],[21.40394344,62.88118327],[21.39221138,62.88092726],[21.38403264,62.88922224],[21.39055355,62.89478033],[21.38516907,62.89711965],[21.38560802,62.90326816],[21.37169818,62.90454846],[21.37332881,62.90168098],[21.36848633,62.8975443],[21.36676659,62.8863249],[21.38157526,62.87818731],[21.39123888,62.87775199],[21.38967199,62.8757886],[21.35649102,62.87377731],[21.32699489,62.87992157],[21.32170635,62.88202932],[21.32274706,62.88437989],[21.31749601,62.88863909],[21.31000738,62.88699897],[21.28945657,62.89220387],[21.27050788,62.8932697],[21.26423396,62.88729771],[21.25212574,62.88676203],[21.26233483,62.88076406],[21.26326027,62.87730196],[21.25812685,62.87288855],[21.26312955,62.86697941],[21.24509839,62.86566163],[21.2443229,62.86135739],[21.25134218,62.85868028],[21.24461427,62.85551225],[21.24793503,62.85192088],[21.24610917,62.84747442],[21.2518594,62.84088042],[21.24801583,62.83982228],[21.24825423,62.83522414],[21.23913304,62.83480694],[21.24051287,62.83174134],[21.23057675,62.8259597],[21.22662235,62.81889623],[21.21462977,62.82006246],[21.21200636,62.81431683],[21.20589167,62.81513479],[21.20774929,62.80489238],[21.20426202,62.80278993],[21.18643039,62.80538894],[21.17491606,62.81628746],[21.1391543,62.81021907],[21.13644861,62.80474862],[21.14116855,62.79619881],[21.13193259,62.8006011],[21.12083874,62.79751435],[21.12867789,62.79269328],[21.12425829,62.78852953],[21.12587634,62.77556806],[21.12838355,62.77074255],[21.13457445,62.76828517],[21.14467325,62.7507674],[21.15237623,62.74713957],[21.16931196,62.75179164],[21.17998022,62.7502662],[21.18061607,62.74364003],[21.17606606,62.74355161],[21.17410999,62.73957344],[21.17573841,62.73095471],[21.16837726,62.72355686],[21.14627173,62.71601893],[21.14391097,62.71184552],[21.14736556,62.71120285],[21.14655981,62.70379612],[21.14149226,62.70207205],[21.13355817,62.70519339],[21.1300132,62.70002732],[21.11042933,62.69536202],[21.10662723,62.69190289],[21.09907244,62.69573652],[21.09730476,62.70118789],[21.09162855,62.70254912],[21.08708518,62.69840613],[21.08914139,62.69586259],[21.08666943,62.69101805],[21.0798251,62.68857731],[21.083911,62.68261357],[21.10371227,62.682831],[21.09196984,62.67147541],[21.09375258,62.66846354],[21.08342166,62.6509608],[21.08610927,62.64694825],[21.0850296,62.63830577],[21.08101016,62.63231749],[21.08392125,62.62717537],[21.09597118,62.62767565],[21.09889919,62.62403893],[21.08746453,62.62219624],[21.07449928,62.62545268],[21.07843774,62.61535044],[21.08251618,62.61495888],[21.08536132,62.60890975],[21.10003106,62.60715265],[21.1003669,62.61680692],[21.10743352,62.61711301],[21.11120865,62.62770323],[21.12300272,62.63211858],[21.12064651,62.63806108],[21.13415539,62.64446993],[21.13933449,62.64204299],[21.14208865,62.63615448],[21.1382742,62.63307075],[21.13946053,62.62830097],[21.14957763,62.62497017],[21.14145593,62.62285598],[21.14395016,62.61757157],[21.19253613,62.6249768],[21.19770555,62.62302481],[21.19743358,62.6207128],[21.1910132,62.62128353],[21.19263814,62.61343412],[21.20091642,62.61308875],[21.20721605,62.60845098],[21.21779212,62.61066897],[21.22222225,62.60829436],[21.22213685,62.60576787],[21.19888467,62.60139851],[21.2002915,62.59475601],[21.18613773,62.59099492],[21.17705266,62.58372848],[21.16911715,62.58314409],[21.17284091,62.57596186],[21.17038526,62.57520319],[21.17160193,62.56807637],[21.16567371,62.56922914],[21.16575238,62.5723016],[21.15416104,62.57309942],[21.15352583,62.55828294],[21.16994897,62.55398034],[21.16764639,62.55212918],[21.17161369,62.54702287],[21.19077752,62.54328369],[21.18623548,62.53804045],[21.17870268,62.5369241],[21.17530153,62.54153165],[21.16800924,62.54349405],[21.15211931,62.52764674],[21.14559798,62.51231114],[21.13816451,62.50946961],[21.14051222,62.50591918],[21.13263706,62.49804016],[21.13642944,62.49520423],[21.13239413,62.4884153],[21.12783536,62.48874306],[21.12846612,62.49283854],[21.11802297,62.49444006],[21.11208556,62.48820517],[21.11963044,62.48814439],[21.12234438,62.48189548],[21.13322793,62.48068538],[21.136937,62.47453022],[21.15195004,62.47148072],[21.15557424,62.47309611],[21.15655086,62.48253744],[21.17267175,62.48564952],[21.16288283,62.47802855],[21.1707396,62.47154317],[21.16939901,62.46729438],[21.17458278,62.46292571],[21.18788986,62.46705495],[21.20501231,62.49291796],[21.20877224,62.49294145],[21.18517804,62.45514693],[21.18238752,62.4454479],[21.16835045,62.42939555],[21.16794117,62.42523794],[21.1733563,62.42369358],[21.17381618,62.41940464],[21.18444514,62.42686635],[21.19985548,62.4304271],[21.20077076,62.43416957],[21.21980095,62.43818235],[21.2321231,62.44664084],[21.24002037,62.4467766],[21.23640391,62.43905178],[21.24291712,62.43691712],[21.24228926,62.43446623],[21.22747744,62.41995894],[21.22551334,62.41286122],[21.22159394,62.41168682],[21.2284001,62.40920228],[21.22537477,62.404944],[21.23711196,62.405229],[21.23289994,62.39783296],[21.25012732,62.3906918],[21.2481364,62.38915793],[21.25301525,62.38432994],[21.27743638,62.38513532],[21.2811461,62.38556351],[21.26620419,62.38567047],[21.26697475,62.3888638],[21.26145234,62.38688797],[21.26393662,62.38502983],[21.251754,62.38783203],[21.27262345,62.39407397],[21.27599419,62.39191257],[21.27952205,62.39840445],[21.28650169,62.40097226],[21.29178937,62.4077122],[21.30404164,62.41137384],[21.29071342,62.39223216],[21.28168193,62.38556939],[21.29297134,62.38373088],[21.29433239,62.37870303],[21.30527316,62.38029724],[21.30485388,62.37492412],[21.30856799,62.37159973],[21.30236561,62.36662113],[21.30729648,62.3543988],[21.30591101,62.35039261],[21.31378996,62.34991633],[21.31502646,62.35706729],[21.32043109,62.35584316],[21.32387013,62.35921088],[21.32864606,62.37049564],[21.34914283,62.3747839],[21.3663251,62.37086549],[21.35865966,62.36308313],[21.36014069,62.35251395],[21.35447371,62.34981378],[21.3563496,62.33314831],[21.34622705,62.32349903],[21.33845344,62.32679407],[21.33480565,62.32051935],[21.32473136,62.31851405],[21.32210023,62.3285637],[21.31185433,62.33137483],[21.30279534,62.3176988],[21.30589187,62.31373386],[21.31049743,62.31356398],[21.30951756,62.30857455],[21.31648213,62.30372487],[21.3245482,62.30355256],[21.31868547,62.29735048],[21.32657132,62.29979254],[21.33562393,62.29552157],[21.33838447,62.2964725],[21.33710156,62.30302962],[21.34648785,62.31358622],[21.35679235,62.31323416],[21.35829228,62.31067611],[21.35623646,62.2986766],[21.34080793,62.27858326],[21.33782708,62.26742949],[21.34018121,62.2643716],[21.31870384,62.26058844],[21.31880842,62.2552197],[21.32356388,62.2545327],[21.31897196,62.2442617],[21.33901892,62.2479901],[21.35047157,62.24685693],[21.36390758,62.26392985],[21.37791949,62.26583068],[21.38145738,62.27709138],[21.3790187,62.2843276],[21.38506987,62.28610027],[21.38420046,62.2810775],[21.39013144,62.27869104],[21.38075881,62.26355208],[21.37957216,62.25437999],[21.38652554,62.25176252],[21.37815082,62.23923478],[21.38286249,62.2365911],[21.3773453,62.22959049],[21.39480143,62.22445683],[21.39390996,62.21860316],[21.39624831,62.21745632],[21.40032231,62.21723626],[21.40671209,62.2267655],[21.41164671,62.22752667],[21.41372641,62.22344242],[21.40969028,62.21505881],[21.39698591,62.20453624],[21.40372436,62.20285747],[21.41008562,62.20535979],[21.43023458,62.22149726],[21.43805957,62.22085194],[21.42762539,62.2158604],[21.4248385,62.20874583],[21.41079869,62.200703],[21.40998367,62.19738929],[21.38269309,62.19993945],[21.37696109,62.1956176],[21.37384934,62.18776015],[21.36539788,62.1912522],[21.36766984,62.18139463],[21.35800847,62.1812551],[21.35975695,62.17614396],[21.35754684,62.17388084],[21.36103922,62.16181529],[21.35847783,62.15442861],[21.36278737,62.1526872],[21.3621154,62.14455002],[21.36506995,62.14267998],[21.3636444,62.1372587],[21.34561121,62.13687537],[21.33976007,62.14970996],[21.33712401,62.1476456],[21.34007419,62.14036668],[21.32809094,62.14417885],[21.33435518,62.15061477],[21.33399539,62.15802913],[21.32871976,62.16246799],[21.32330952,62.15554014],[21.32427252,62.15052727],[21.31181013,62.15232774],[21.30631968,62.14396604],[21.31618646,62.14281755],[21.31511524,62.12729336],[21.32380844,62.10267979],[21.32127603,62.09579797],[21.32388363,62.08659672],[21.31961472,62.07399854],[21.32159495,62.06678656],[21.31827197,62.06459673],[21.31458902,62.07012919],[21.30795796,62.07023065],[21.31501427,62.05520963],[21.30892935,62.03841221],[21.30749186,62.03578525],[21.30086158,62.03693388],[21.29935945,62.02835909],[21.29561404,62.02637146],[21.29745438,62.01853062],[21.29131076,62.01339876],[21.29274214,61.99981759],[21.28697541,61.99458969],[21.27957012,61.99326287],[21.29009786,61.98812962],[21.30961595,61.99269676],[21.32657914,62.00164366],[21.33880864,62.0005481],[21.34118184,61.99404404],[21.33201623,61.99507857],[21.32963926,61.99053732],[21.34453629,61.98854068],[21.34331411,61.98181479],[21.32121105,61.99084666],[21.30825436,61.98845753],[21.32567111,61.98324409],[21.32159045,61.98024586],[21.32646721,61.97387567],[21.32433267,61.97068841],[21.31116122,61.96787777],[21.32508715,61.9637084],[21.32288784,61.95823013],[21.32922733,61.95383209]]]]}},{"type":"Feature","properties":{"code":"KPK","name":"Central Ostrobothnia","sourceCode":"16"},"geometry":{"type":"MultiPolygon","coordinates":[[[[23.40879766,64.08827646],[23.41238957,64.08927892],[23.41011627,64.09190192],[23.39562161,64.09284381],[23.40879766,64.08827646]]],[[[23.51663588,64.07779793],[23.53204541,64.08032474],[23.52532577,64.08568238],[23.51059133,64.08589323],[23.51137449,64.08051625],[23.51663588,64.07779793]]],[[[23.54829809,64.07016439],[23.55053445,64.07157234],[23.54628169,64.07821581],[23.53577889,64.08255617],[23.54201986,64.07625667],[23.54015438,64.07507825],[23.54829809,64.07016439]]],[[[23.54474161,64.06149978],[23.54692805,64.06242703],[23.54308897,64.06816393],[23.53635311,64.07320609],[23.52587662,64.07114354],[23.54474161,64.06149978]]],[[[23.5646898,64.05421286],[23.56089364,64.05982263],[23.55419962,64.05675947],[23.5646898,64.05421286]]],[[[23.15148052,63.9751191],[23.14966981,63.98106345],[23.14356299,63.98124971],[23.15148052,63.9751191]]],[[[22.84907909,63.9461679],[22.85090451,63.95092052],[22.84063919,63.95086975],[22.84907909,63.9461679]]],[[[23.0585018,63.94293099],[23.05638278,63.94833776],[23.04969525,63.95003134],[23.0585018,63.94293099]]],[[[22.81765787,63.93493234],[22.82316759,63.93674805],[22.82331151,63.939797],[22.809282,63.94192713],[22.81027618,63.93748641],[22.81765787,63.93493234]]],[[[23.07906609,63.93989094],[23.08021745,63.94362143],[23.07493928,63.94305695],[23.07906609,63.93989094]]],[[[22.83213427,63.9287564],[22.83808392,63.93183871],[22.83209616,63.93435818],[22.82618813,63.93154175],[22.83213427,63.9287564]]],[[[23.22064991,63.93567285],[23.22416909,63.93602209],[23.22633216,63.94124879],[23.20643748,63.94519614],[23.20390179,63.95395527],[23.19811872,63.95752884],[23.18835994,63.95569182],[23.18390448,63.94883272],[23.19983758,63.93653775],[23.22064991,63.93567285]]],[[[23.11903276,63.93189831],[23.11508352,63.93848653],[23.10949339,63.93719257],[23.11903276,63.93189831]]],[[[22.82200022,63.92261904],[22.82122932,63.92691968],[22.80825144,63.9267091],[22.81324004,63.92312102],[22.82200022,63.92261904]]],[[[23.29585732,63.93265498],[23.30980554,63.943947],[23.28449469,63.94772585],[23.28473822,63.94137421],[23.28137062,63.93914685],[23.29585732,63.93265498]]],[[[22.8149324,63.91178678],[22.81692691,63.91940979],[22.80261196,63.92358589],[22.78709812,63.91969046],[22.7862885,63.91614484],[22.7991678,63.91164299],[22.8149324,63.91178678]]],[[[22.95877799,63.91494],[22.96235169,63.91593123],[22.96185169,63.91857153],[22.95491809,63.91891576],[22.95703566,63.91676227],[22.95368035,63.91610445],[22.95877799,63.91494]]],[[[23.17616081,63.91931899],[23.17948303,63.92027114],[23.17669907,63.92375101],[23.16335527,63.92664868],[23.16802387,63.92055632],[23.17616081,63.91931899]]],[[[23.20495366,63.91787713],[23.19800054,63.92336075],[23.20495366,63.91787713]]],[[[22.89696714,63.90394851],[22.90372034,63.90561702],[22.8941295,63.90756674],[22.89696714,63.90394851]]],[[[22.86169822,63.8976748],[22.85645029,63.90479924],[22.84837617,63.90416421],[22.85331052,63.90279332],[22.85109814,63.90153994],[22.8547853,63.89852384],[22.86169822,63.8976748]]],[[[23.12060213,63.87084568],[23.12585006,63.87347282],[23.11677737,63.87779894],[23.12188466,63.87320809],[23.12060213,63.87084568]]],[[[22.96828966,63.84981304],[22.9748392,63.8538329],[22.96182417,63.85632204],[22.96828966,63.84981304]]],[[[22.96805382,63.84062617],[22.9656906,63.84634707],[22.95855176,63.84526588],[22.96805382,63.84062617]]],[[[22.99794447,63.8266788],[23.00428213,63.83085547],[22.99834885,63.83694664],[22.99162728,63.83785806],[22.99274678,63.83994371],[22.98490713,63.84182228],[22.98039768,63.8366488],[22.9732517,63.83568332],[22.99794447,63.8266788]]],[[[22.98665643,63.81879888],[22.98577578,63.82198644],[22.99585387,63.82378554],[22.98381938,63.82979794],[22.98450876,63.82707942],[22.97854289,63.82548108],[22.98129321,63.81912906],[22.98665643,63.81879888]]],[[[22.94650662,63.78181477],[22.98905123,63.78802211],[22.98619893,63.79391302],[22.99522448,63.80387985],[22.99068036,63.80600589],[22.99135945,63.8127639],[22.98720581,63.81699618],[22.97826555,63.81703537],[22.9583697,63.82495866],[22.94586942,63.82459453],[22.93008965,63.82930053],[22.92381964,63.8198057],[22.92715897,63.81211645],[22.92168377,63.79528283],[22.94650662,63.78181477]]],[[[22.92153613,63.7751125],[22.93900614,63.77981778],[22.91424112,63.79202242],[22.91858087,63.80970179],[22.9119963,63.81809538],[22.91419894,63.82602801],[22.92810922,63.83087884],[22.96629393,63.82939907],[22.9538809,63.84607158],[22.96265393,63.84813982],[22.96191805,63.852297],[22.94503242,63.86466617],[22.95207486,63.86643959],[22.96361063,63.8610727],[22.96827127,63.86191274],[22.96785988,63.86471829],[22.95891059,63.87343156],[22.94793882,63.87264061],[22.93833502,63.87760777],[22.9410212,63.88693058],[22.93562581,63.89195522],[22.91807644,63.89185096],[22.91810713,63.89418039],[22.90272844,63.89640935],[22.89824358,63.90104507],[22.87672318,63.89918121],[22.87977272,63.89628117],[22.87560111,63.89584912],[22.86619193,63.8994402],[22.86630067,63.89497391],[22.85232517,63.89310383],[22.84233666,63.90463321],[22.82355869,63.90218551],[22.82524014,63.90056468],[22.81999474,63.89851923],[22.83361173,63.89291259],[22.8173714,63.88832108],[22.82620024,63.88484334],[22.82581032,63.87907744],[22.83432697,63.87065669],[22.85636565,63.86815293],[22.87971875,63.86100488],[22.89293182,63.86487386],[22.90513962,63.86108198],[22.90323508,63.85886226],[22.90841111,63.85594049],[22.90874885,63.85246791],[22.89893776,63.85041571],[22.89420149,63.85318829],[22.88631461,63.85209021],[22.88836677,63.84948663],[22.88632774,63.84827077],[22.90211676,63.83744862],[22.89991761,63.83579123],[22.88266599,63.83610115],[22.87102022,63.84513721],[22.86429876,63.84236857],[22.87000278,63.83861452],[22.86702566,63.83827358],[22.8868016,63.8125535],[22.87194465,63.80249037],[22.85985944,63.78470715],[22.92410202,63.77895896],[22.92153613,63.7751125]]],[[[24.35900763,63.11642953],[24.53075118,63.15748061],[24.77288316,63.13336363],[24.73161123,63.14703527],[24.7458424,63.19789813],[24.76259959,63.21876692],[24.75181525,63.25197702],[24.76659287,63.25530448],[24.75416764,63.2659187],[24.80360264,63.27593053],[24.77292097,63.35868414],[24.90246952,63.43123389],[25.03631555,63.45807319],[24.91336104,63.52532385],[24.82016951,63.58660505],[24.7540843,63.61114111],[24.61871397,63.65088803],[24.56196757,63.68879274],[24.42552253,63.84007318],[24.28379241,63.86239358],[24.24745226,63.8769495],[24.21712019,63.93292057],[24.17982873,63.93831166],[24.0989525,64.00629124],[24.08707769,64.07114503],[24.00431678,64.09222232],[23.97044274,64.0952656],[23.96129182,64.07698173],[23.91503117,64.06692798],[23.91162566,64.0626776],[23.91678156,64.04339172],[23.92821852,64.03576496],[23.88502109,64.02355084],[23.87961013,64.01240791],[23.92827037,63.97774039],[23.9271805,63.97218741],[23.9106092,63.96497951],[23.8809807,63.97078543],[23.84355375,63.96986077],[23.79693386,63.98609764],[23.77833672,63.99696425],[23.74333489,63.98336649],[23.7552174,63.97765199],[23.7461453,63.97373195],[23.72609967,63.98555336],[23.71156445,63.97763293],[23.64062586,64.03913171],[23.61731415,64.04880513],[23.60352006,64.04485869],[23.5925502,64.05585729],[23.5818347,64.05536233],[23.59325385,64.04926908],[23.56861973,64.04054296],[23.55059923,64.04395512],[23.5440795,64.0487063],[23.51378773,64.05187496],[23.50514075,64.05698856],[23.4941863,64.05402032],[23.47615136,64.05664864],[23.45560796,64.07096615],[23.43909802,64.07823137],[23.43960469,64.0817857],[23.41164332,64.08477507],[23.40023568,64.07023886],[23.38661572,64.06466747],[23.37980607,64.05642239],[23.38163872,64.02698806],[23.3890233,64.02639692],[23.39161115,64.0194172],[23.38741419,64.00627293],[23.3746771,64.00209163],[23.39219859,63.99625439],[23.3898479,63.98993201],[23.37875157,63.98868069],[23.39138658,63.98468857],[23.39608074,63.97909766],[23.38813346,63.97287104],[23.36469746,63.96849129],[23.3967832,63.95298731],[23.40313761,63.94729141],[23.40105575,63.94411392],[23.40635415,63.94173917],[23.36766123,63.92882419],[23.38216821,63.92451373],[23.38177728,63.92156178],[23.37716666,63.92031561],[23.36203462,63.92247234],[23.37057547,63.91293326],[23.35521845,63.91391071],[23.34365167,63.92517778],[23.31090074,63.93836875],[23.30159591,63.9313974],[23.30514434,63.92701203],[23.30201637,63.92612001],[23.32222486,63.91898922],[23.29613098,63.91476008],[23.28801523,63.90996254],[23.27532943,63.9132111],[23.26904069,63.91896479],[23.2581468,63.91367448],[23.22273437,63.91066684],[23.21515018,63.91846287],[23.21078842,63.91587248],[23.21988243,63.90949162],[23.20770431,63.91164095],[23.20476545,63.90547131],[23.18888107,63.91290295],[23.15647489,63.91497159],[23.15259371,63.91423421],[23.16028646,63.9100772],[23.14961182,63.90674155],[23.13408175,63.91859504],[23.12889703,63.91782722],[23.13119485,63.91462595],[23.12266179,63.91253224],[23.14257632,63.89953801],[23.13534588,63.88933028],[23.12310375,63.88745888],[23.11797409,63.89309867],[23.10639873,63.89699364],[23.10652912,63.9003951],[23.09163206,63.91302932],[23.07806843,63.91422451],[23.07956618,63.90806531],[23.07646381,63.90476372],[23.09379177,63.90028164],[23.09644435,63.89554718],[23.13250001,63.87345821],[23.12187266,63.86713306],[23.1164198,63.85782543],[23.10275916,63.85556409],[23.1006037,63.8568266],[23.1034142,63.86805055],[23.08757351,63.87826243],[23.07338641,63.87910049],[23.06866186,63.87520067],[23.05900924,63.87376239],[23.04101334,63.87495821],[23.0361548,63.86761732],[23.02549966,63.86690378],[23.04162757,63.86102809],[23.02342174,63.85585388],[23.02770532,63.85190575],[23.01720588,63.85005028],[23.01937984,63.84573544],[23.03333681,63.83828485],[23.03858985,63.84030366],[23.0457185,63.83769851],[23.0422048,63.83234552],[23.02630782,63.82293856],[23.01393402,63.82916737],[22.99912133,63.82354363],[23.00678238,63.820079],[23.01689631,63.81064923],[23.01616793,63.80656104],[23.02059186,63.80538773],[23.00355789,63.79630982],[23.01667384,63.79739621],[23.02447202,63.79159176],[23.0085387,63.79418335],[23.01289846,63.79125367],[23.07456101,63.77367134],[23.22410873,63.71876473],[23.24839665,63.71692165],[23.265585,63.74147835],[23.29164862,63.75361598],[23.33635195,63.76127448],[23.36103188,63.75704426],[23.36891276,63.76238326],[23.39185876,63.75930075],[23.40482496,63.75036321],[23.42115734,63.75326008],[23.44434057,63.73722168],[23.45787206,63.74160295],[23.45533583,63.76141947],[23.47764038,63.77913005],[23.61868181,63.72147762],[23.68634322,63.69926146],[23.74408123,63.67543701],[23.70485218,63.656542],[23.64987145,63.67108678],[23.61071299,63.65029188],[23.57397312,63.64297495],[23.54648813,63.63372552],[23.53211778,63.63406546],[23.50383206,63.64830491],[23.49854771,63.65648806],[23.46882734,63.66160806],[23.48491314,63.63997668],[23.45323009,63.6290629],[23.46711985,63.62031892],[23.46446804,63.61626488],[23.45771622,63.61023338],[23.43361932,63.61759178],[23.42240721,63.61601357],[23.49096451,63.58637533],[23.50758934,63.59456119],[23.55659335,63.60413343],[23.57701026,63.58686785],[23.57555289,63.5800748],[23.58149116,63.56569848],[23.57862146,63.55341105],[23.65102999,63.53093495],[23.65776813,63.48297286],[23.66002828,63.43482733],[23.70992526,63.38287712],[23.69698894,63.3803207],[23.77073135,63.31311384],[23.86202124,63.27758447],[23.95599855,63.27601581],[24.01667127,63.26836524],[24.0970315,63.24501126],[24.17235769,63.21125856],[24.23448091,63.17069885],[24.19711089,63.1588965],[24.17817331,63.16092474],[24.17077105,63.14799836],[24.2031796,63.15486861],[24.25688621,63.1330175],[24.30440795,63.14111625],[24.35900763,63.11642953]]]]}},{"type":"Feature","properties":{"code":"NPO","name":"North Ostrobothnia","sourceCode":"17"},"geometry":{"type":"MultiPolygon","coordinates":[[[[25.32946847,65.46167851],[25.32783175,65.46591531],[25.32089356,65.4681265],[25.31138074,65.46710512],[25.32946847,65.46167851]]],[[[25.33164217,65.41856401],[25.33667159,65.42210881],[25.32698825,65.4277273],[25.31943231,65.42464733],[25.31906349,65.42257538],[25.33164217,65.41856401]]],[[[25.01919808,65.40115089],[25.025079,65.4049699],[25.01530667,65.4105991],[25.01457629,65.41413684],[25.0202019,65.41773537],[24.99547393,65.42255347],[24.99212017,65.41937349],[24.99847318,65.41835203],[24.99017861,65.41003399],[24.99469665,65.40521773],[25.0115348,65.41020185],[25.01418938,65.40920241],[25.01128635,65.40300648],[25.01919808,65.40115089]]],[[[24.83368894,65.37336448],[24.84353685,65.37761984],[24.83984666,65.3813275],[24.85506775,65.38666053],[24.85613486,65.38956143],[24.84678731,65.38989374],[24.84575572,65.39337558],[24.81669644,65.3880551],[24.81575428,65.37999179],[24.82040167,65.37819613],[24.81982202,65.37565847],[24.83368894,65.37336448]]],[[[24.88183039,65.35659143],[24.88383418,65.35787948],[24.85446064,65.36592597],[24.88183039,65.35659143]]],[[[25.27058566,65.35154291],[25.27406336,65.35336984],[25.26146342,65.35514819],[25.27058566,65.35154291]]],[[[25.26968532,65.34520512],[25.27260528,65.34590462],[25.2618286,65.35271214],[25.25220854,65.34986759],[25.26968532,65.34520512]]],[[[25.27450808,65.34216937],[25.26130288,65.3448765],[25.27450808,65.34216937]]],[[[25.25727968,65.34193607],[25.24181425,65.34586623],[25.25727968,65.34193607]]],[[[25.23384991,65.2994601],[25.23851874,65.3044026],[25.22180995,65.30683612],[25.23384991,65.2994601]]],[[[25.27461607,65.28619243],[25.2790198,65.28970547],[25.2691091,65.28859001],[25.27461607,65.28619243]]],[[[25.21134525,65.27072026],[25.21519538,65.27127222],[25.2143231,65.27606631],[25.21810282,65.27683971],[25.20426992,65.28265764],[25.20162872,65.27408187],[25.21134525,65.27072026]]],[[[25.20377768,65.25800918],[25.22058983,65.26529785],[25.20188588,65.26574971],[25.19711933,65.26172286],[25.20377768,65.25800918]]],[[[25.19153151,65.24138551],[25.20784044,65.24388888],[25.2113333,65.24722594],[25.20584099,65.24886612],[25.20707557,65.24533325],[25.19153151,65.24138551]]],[[[25.1882851,65.14587761],[25.19465588,65.14781586],[25.18519584,65.15014994],[25.1882851,65.14587761]]],[[[25.10932639,65.12483724],[25.13644176,65.13349297],[25.13561904,65.14124912],[25.1268449,65.14169909],[25.12934658,65.13852403],[25.12367038,65.13679835],[25.12612544,65.13532592],[25.11855782,65.13036819],[25.10289938,65.13155405],[25.10073903,65.12934526],[25.10932639,65.12483724]]],[[[25.14198172,65.09918528],[25.15672378,65.10229029],[25.15409854,65.10565172],[25.15820252,65.10745825],[25.19409872,65.11069367],[25.17825786,65.11511675],[25.15533282,65.11428115],[25.14236208,65.10962931],[25.1460172,65.10658666],[25.13804062,65.10147753],[25.14198172,65.09918528]]],[[[25.35755198,65.10083246],[25.36426853,65.10262188],[25.34456637,65.10325967],[25.35755198,65.10083246]]],[[[25.24663213,65.08236029],[25.25177283,65.08292681],[25.24151823,65.08790032],[25.23940745,65.09475052],[25.23421737,65.09804536],[25.24205589,65.10113204],[25.24116031,65.1032175],[25.20517366,65.10960199],[25.19902098,65.10060451],[25.19096661,65.09822115],[25.19705355,65.09369359],[25.20906943,65.0917026],[25.20807284,65.08848139],[25.2178817,65.09002655],[25.22896539,65.0834219],[25.23908086,65.08512376],[25.24663213,65.08236029]]],[[[25.34434264,65.07098157],[25.3468048,65.07621249],[25.33487361,65.08292299],[25.35112308,65.10028778],[25.31792374,65.09992661],[25.29584574,65.09493589],[25.29237412,65.08486141],[25.32639442,65.08199628],[25.32689185,65.07762642],[25.34434264,65.07098157]]],[[[25.30218252,65.07006135],[25.30793632,65.07337457],[25.29516429,65.07216984],[25.30218252,65.07006135]]],[[[25.2477785,65.06026999],[25.25153543,65.06249541],[25.24030993,65.06331535],[25.2477785,65.06026999]]],[[[25.43953153,65.0236013],[25.44327411,65.03014381],[25.41516862,65.04088236],[25.41110433,65.03211909],[25.41400879,65.02474043],[25.43953153,65.0236013]]],[[[25.46014014,65.01843302],[25.47057697,65.02066103],[25.45602117,65.02296733],[25.46014014,65.01843302]]],[[[25.28927361,65.01624097],[25.29036485,65.0192136],[25.28752187,65.02112055],[25.27593233,65.02056318],[25.28927361,65.01624097]]],[[[25.45947219,65.01638314],[25.45370195,65.02086542],[25.44549234,65.02190751],[25.45947219,65.01638314]]],[[[25.41202304,65.01318156],[25.43566447,65.0150939],[25.43952113,65.02334221],[25.4124404,65.02285141],[25.41202304,65.01318156]]],[[[25.27722598,65.00538788],[25.28377499,65.00716215],[25.27869408,65.00946278],[25.27251054,65.00764049],[25.27722598,65.00538788]]],[[[25.41151866,65.0030834],[25.43207368,65.01361751],[25.39764946,65.01189994],[25.39583798,65.00744351],[25.400483,65.00362832],[25.41151866,65.0030834]]],[[[25.31780542,64.99284345],[25.32070746,64.99293826],[25.32124521,64.99940217],[25.28248569,65.00301994],[25.28625344,64.99915053],[25.29562834,64.99689271],[25.30305412,64.99918592],[25.31780542,64.99284345]]],[[[24.79242237,64.94166417],[24.79353616,64.9462514],[24.81732311,64.94807657],[24.84473792,64.96184381],[24.8768283,64.96652443],[24.8768659,64.97204127],[24.87178126,64.97704326],[24.86822446,64.98857465],[24.8811242,64.99907851],[24.87394205,65.00464676],[24.87287859,65.00920982],[24.86563812,65.0117868],[24.86417648,65.01900066],[24.84117875,65.02431479],[24.84404836,65.02899505],[24.83901236,65.03502482],[24.82067807,65.03217681],[24.81868433,65.04111687],[24.83066978,65.0494244],[24.82605152,65.0509966],[24.79811104,65.04365254],[24.78951917,65.04503088],[24.79403683,65.0503923],[24.81584754,65.05088845],[24.83187924,65.05507662],[24.85952164,65.04802383],[24.89987382,65.04730022],[24.91323105,65.03967279],[24.91501732,65.03474124],[24.92172974,65.03352827],[24.95554627,65.03478964],[25.00934412,65.0303409],[25.05017711,65.03840261],[25.06115624,65.04415561],[25.04313208,65.05469474],[25.02419206,65.05803677],[24.99539329,65.0562683],[24.95252194,65.06189698],[24.92685957,65.06065799],[24.90195229,65.06363697],[24.89429321,65.05925402],[24.88537019,65.05941685],[24.87935707,65.06499128],[24.88299364,65.07031174],[24.89334953,65.06770191],[24.89992933,65.07074928],[24.88515588,65.08347492],[24.86052356,65.09162486],[24.83133452,65.09492059],[24.76141194,65.08335718],[24.70990901,65.08665262],[24.6771029,65.08143411],[24.64798544,65.08252278],[24.59285801,65.06072779],[24.5850141,65.04983793],[24.57448481,65.04357723],[24.55601264,65.03947489],[24.56511804,65.03086181],[24.563327,65.0259341],[24.57368702,65.02100678],[24.57631667,65.00395163],[24.58592257,64.99634575],[24.61466159,64.98841572],[24.62122168,64.98206619],[24.61532145,64.97929125],[24.61670301,64.97625056],[24.63335439,64.96682267],[24.65492941,64.95935473],[24.69370792,64.95986508],[24.72285847,64.9701369],[24.70740233,64.97251919],[24.70045113,64.97565107],[24.70242669,64.97724072],[24.72163798,64.9761386],[24.74678241,64.98067214],[24.75207994,64.9787105],[24.75087524,64.97431849],[24.73287235,64.97330763],[24.73981155,64.96947195],[24.73868873,64.95871307],[24.76156321,64.95375357],[24.75738629,64.95150494],[24.76710953,64.94613405],[24.79242237,64.94166417]]],[[[24.75502609,64.93436632],[24.78023578,64.93736177],[24.78145218,64.93911614],[24.77661032,64.93971989],[24.78066674,64.94235239],[24.763733,64.94483897],[24.75247237,64.93937443],[24.75502609,64.93436632]]],[[[25.27527205,64.87765194],[25.27748033,64.87906175],[25.27015497,64.88196461],[25.2535327,64.88337499],[25.27527205,64.87765194]]],[[[24.43364459,64.69249231],[24.44782436,64.69595215],[24.45087293,64.70193994],[24.44627746,64.70378413],[24.4258891,64.69993532],[24.42448944,64.6978826],[24.43221725,64.69593807],[24.42894461,64.69418258],[24.43364459,64.69249231]]],[[[24.43039434,64.68503137],[24.44128856,64.68670187],[24.4348962,64.69070309],[24.42487523,64.69049576],[24.43243558,64.6884264],[24.43039434,64.68503137]]],[[[24.42888403,64.67858821],[24.43638635,64.679987],[24.4305451,64.68296128],[24.42059302,64.68127321],[24.42888403,64.67858821]]],[[[24.3987547,64.67063941],[24.40240743,64.67079724],[24.40322985,64.67548569],[24.40696994,64.67696858],[24.40550449,64.68074804],[24.39506074,64.67913604],[24.39395192,64.67652204],[24.3987547,64.67063941]]],[[[24.37420138,64.634624],[24.37935932,64.63972742],[24.37570092,64.64046746],[24.37084962,64.63587746],[24.37420138,64.634624]]],[[[23.51400833,64.31407149],[23.51597354,64.31573602],[23.51065761,64.31758592],[23.50408367,64.31514402],[23.51400833,64.31407149]]],[[[23.65425125,64.23138615],[23.6483202,64.23888003],[23.64258213,64.23455562],[23.65425125,64.23138615]]],[[[23.66784389,64.22474866],[23.67192613,64.22763706],[23.66659923,64.23042933],[23.66548024,64.22584918],[23.66784389,64.22474866]]],[[[23.72199819,64.22040243],[23.72689826,64.22287187],[23.7148706,64.22352689],[23.72199819,64.22040243]]],[[[23.69244815,64.1936759],[23.70622527,64.19736636],[23.69080734,64.19512586],[23.69244815,64.1936759]]],[[[23.56870685,64.19007167],[23.57279415,64.1943575],[23.55626507,64.19680449],[23.56870685,64.19007167]]],[[[23.68919209,64.18221656],[23.69137224,64.18282332],[23.68464283,64.18779529],[23.67117816,64.18750521],[23.68919209,64.18221656]]],[[[23.67966175,64.17072455],[23.68483844,64.17240801],[23.68145152,64.17551132],[23.68293956,64.17755961],[23.67027054,64.18325201],[23.65720584,64.19875913],[23.6502236,64.20082846],[23.64512952,64.21809673],[23.63933863,64.21668809],[23.63677197,64.20674739],[23.63162597,64.20451476],[23.63485618,64.20160975],[23.61295149,64.19640242],[23.61096545,64.19060118],[23.59928461,64.19226242],[23.59724244,64.18994603],[23.5965184,64.18551235],[23.60745449,64.18070843],[23.653276,64.19027417],[23.6671459,64.17602009],[23.67901625,64.17401716],[23.67966175,64.17072455]]],[[[23.66715063,64.16843391],[23.66995147,64.1689277],[23.65532668,64.17795276],[23.65100781,64.17411307],[23.66715063,64.16843391]]],[[[23.61990948,64.15963819],[23.60787392,64.16407726],[23.61990948,64.15963819]]],[[[23.64674327,64.14674766],[23.65133018,64.14722653],[23.62538687,64.16031683],[23.63083491,64.1519753],[23.64674327,64.14674766]]],[[[23.5968614,64.08572834],[23.60034427,64.08646334],[23.60041339,64.08951107],[23.5930545,64.09372961],[23.58478364,64.09102038],[23.5968614,64.08572834]]],[[[23.54628169,64.07821581],[23.54907401,64.08296352],[23.54365873,64.08936187],[23.53307912,64.09080428],[23.52795803,64.08824874],[23.54628169,64.07821581]]],[[[25.99458983,63.42912039],[26.13863975,63.45758802],[26.18621576,63.49896419],[26.1914627,63.51404434],[26.19521239,63.56930277],[26.29180374,63.58994771],[26.24281751,63.80659323],[26.21813091,63.83162927],[26.37352623,63.88930992],[26.59795157,63.97949494],[26.87040219,64.03697385],[26.781109,64.05710018],[26.76749964,64.26516556],[26.74841807,64.27854105],[26.81380589,64.30615794],[26.86223398,64.30587397],[26.88837782,64.30154529],[26.9260503,64.3118871],[26.92172221,64.32169821],[26.94167538,64.32706503],[26.9640873,64.29571945],[27.04239272,64.2845183],[27.18776641,64.31032383],[27.19184168,64.34990161],[27.24762227,64.38025537],[27.2538756,64.39088453],[27.25123368,64.39904564],[27.1800123,64.44097888],[27.18507664,64.45589014],[27.20548457,64.47404308],[27.27221742,64.48991377],[27.2966261,64.50185894],[27.34790331,64.55000018],[27.3969808,64.57188465],[27.37878442,64.57706],[27.38848106,64.58337069],[27.3495639,64.59690193],[27.36849288,64.60379814],[27.25937426,64.62484733],[27.25839406,64.63311578],[27.2690352,64.63761253],[27.26694598,64.66101126],[27.23962767,64.70034659],[27.22561142,64.71259537],[27.23024649,64.71650233],[27.26871489,64.71237606],[27.27929762,64.71731356],[27.19809495,64.77724516],[27.11844245,64.81477298],[27.14809153,64.8352874],[27.35435639,64.81198895],[27.37509469,64.8308141],[27.36090431,64.84298357],[27.3932167,64.84669825],[27.4026396,64.85524605],[27.36973647,64.88992252],[27.40535183,64.92330577],[27.39957688,64.93556323],[27.3768645,64.94138433],[27.39365338,64.94554479],[27.38575154,64.95901459],[27.26250392,65.02733988],[27.32988378,65.0906602],[27.45292619,65.0871939],[27.57213104,65.09444617],[27.6670064,65.12131419],[27.71464155,65.11770936],[27.89427385,65.091469],[27.94151735,65.17984176],[27.94819846,65.20574241],[27.99564194,65.22119732],[28.03387802,65.23856144],[28.60857068,65.2866784],[28.60436365,65.31245779],[28.6289002,65.35379598],[28.65708479,65.37192134],[28.64691687,65.38933803],[28.95552814,65.44737909],[29.04477149,65.43748099],[29.11610921,65.44756665],[29.21932418,65.49355648],[29.21321752,65.51847742],[29.32032165,65.52088837],[29.50487912,65.48801918],[29.54835511,65.50594001],[29.65091116,65.49756856],[29.75471395,65.49736571],[29.79846622,65.52631669],[29.86390215,65.56044385],[29.75396859,65.60935043],[29.7218687,65.63708459],[30.01710879,65.69647782],[30.0396922,65.68727244],[30.13846542,65.668677],[30.13406927,65.69972274],[30.06845197,65.89496492],[30.02439663,65.95873254],[30.02422315,65.96670212],[29.99711763,65.97883404],[29.98939896,66.01988384],[29.97358811,66.04077471],[29.92330566,66.12714571],[29.70939912,66.26829921],[29.69515175,66.27139146],[29.69682728,66.27719627],[29.63136058,66.36627606],[29.57292982,66.43285322],[29.25797326,66.43289265],[29.2585216,66.40814696],[28.69531203,66.48585326],[28.6648534,66.41294793],[28.612937,66.41248314],[28.58466194,66.40092068],[28.57464913,66.38218389],[28.54871059,66.38288478],[28.5464118,66.34022798],[28.53808747,66.33261021],[28.5929981,66.26788379],[28.60640818,66.26454212],[28.63885354,66.26671661],[28.64376373,66.25175604],[28.66213157,66.24730859],[28.68849423,66.26222596],[28.74965945,66.25448295],[28.75880688,66.22923747],[28.7500896,66.21512444],[28.73393112,66.20610163],[28.76842529,66.18455306],[28.7173708,66.16036025],[28.71576175,66.13590789],[28.68715155,66.1275409],[28.60416341,66.12816252],[28.62619999,66.09043488],[28.64581132,66.08586229],[28.62480534,66.07090455],[28.69684966,66.06173548],[28.70282708,66.05319738],[28.7184475,66.04325561],[28.74453828,66.0514296],[28.76423984,66.04334482],[28.74839813,66.02372016],[28.747264,66.00180796],[28.66930979,65.99970181],[28.651971,65.98689032],[28.59771293,65.98736616],[28.5982192,65.99921716],[28.54410476,66.0089552],[28.543852,66.0034663],[28.48320983,66.0038771],[28.48263826,65.98969293],[28.41165033,65.98630213],[28.42263718,66.00270051],[28.41522854,66.00507679],[28.39025925,65.99629585],[28.39250656,65.96856714],[28.37282811,65.97126125],[28.36824658,65.96762083],[28.37217097,65.96021886],[28.43293301,65.94647151],[28.45810702,65.91875536],[28.50876821,65.88978058],[28.51319569,65.84620755],[28.4671894,65.84542926],[28.22349866,65.80059491],[28.16212113,65.80800362],[28.14351429,65.81491578],[27.76109954,65.82731808],[27.76745659,65.84105622],[27.69489962,65.90096454],[27.65487404,65.96035963],[27.5968794,65.95467069],[27.56500765,65.93146268],[27.52610587,65.92161336],[27.49699565,65.93160392],[27.48153705,65.93336321],[27.44706839,65.92861707],[27.40742169,65.93840393],[27.1103369,65.75103286],[27.10109476,65.74189964],[27.07197862,65.72977108],[27.0493003,65.73285243],[27.03568906,65.73840504],[26.82470418,65.70114508],[26.65986444,65.7102461],[26.3686741,65.71346543],[26.15823371,65.7255555],[26.16011082,65.82233498],[25.79023537,65.7407117],[25.42450495,65.74256857],[25.36006615,65.72738484],[25.30757596,65.68500315],[25.23065126,65.66831816],[25.16256345,65.63588844],[25.12933713,65.60733324],[25.08392342,65.58748003],[25.08723923,65.58339486],[25.08272302,65.57172507],[25.08887679,65.56937809],[25.10770479,65.57271007],[25.11811978,65.55950821],[25.11399181,65.55048428],[25.1174215,65.54981982],[25.15039357,65.56997101],[25.16087393,65.56839223],[25.15752763,65.56379748],[25.16054893,65.56302209],[25.1703514,65.56682182],[25.18662909,65.56042384],[25.19764862,65.56300213],[25.20789933,65.5613905],[25.20949119,65.55811576],[25.20356283,65.55640551],[25.21115929,65.55282404],[25.20797921,65.5455322],[25.21159644,65.54197606],[25.21950052,65.54194095],[25.22367186,65.53824147],[25.25125752,65.53036408],[25.26692494,65.51635789],[25.26334614,65.51252116],[25.26639249,65.50939376],[25.27706551,65.50882985],[25.27516688,65.50590898],[25.28500432,65.50210771],[25.27878057,65.4920595],[25.29757063,65.48594857],[25.32476933,65.48623427],[25.3303827,65.48104914],[25.32996085,65.47833659],[25.32141719,65.47708331],[25.32764148,65.47182917],[25.32431027,65.46842065],[25.34236504,65.46398892],[25.34927542,65.45801238],[25.34718789,65.45349108],[25.32725563,65.45242489],[25.32544401,65.44844581],[25.34995161,65.44218803],[25.35146536,65.44014543],[25.34066155,65.4383729],[25.36485986,65.42871456],[25.3652928,65.42411447],[25.35836391,65.42119453],[25.341266,65.42115583],[25.32858375,65.4149259],[25.33011429,65.41058464],[25.29955062,65.39945],[25.28619711,65.40839819],[25.25959585,65.40729328],[25.26246407,65.40215977],[25.2585942,65.40013168],[25.26301132,65.39703783],[25.26048923,65.39499308],[25.26650458,65.3925564],[25.26369066,65.38915027],[25.28844351,65.3836282],[25.28843013,65.38140777],[25.27827605,65.37926145],[25.26701387,65.3807086],[25.27316262,65.37357513],[25.26049886,65.37271706],[25.26138877,65.3673079],[25.30628959,65.37070033],[25.33376902,65.36164915],[25.33330515,65.35955613],[25.32737571,65.35697309],[25.30929663,65.35850627],[25.302576,65.36311131],[25.3059047,65.36503581],[25.29439241,65.36696715],[25.2912562,65.36560145],[25.29636278,65.35905414],[25.29570619,65.35356304],[25.27467548,65.3495534],[25.28331245,65.34575687],[25.27830354,65.34308134],[25.28357302,65.33917514],[25.24316139,65.33482549],[25.23420576,65.33015528],[25.24793374,65.32742617],[25.24933303,65.32116132],[25.24388314,65.31805152],[25.27460751,65.31135681],[25.27766275,65.30659274],[25.3022231,65.29425438],[25.31690465,65.29098545],[25.31188111,65.28544295],[25.28822111,65.28560832],[25.29063472,65.2835635],[25.28289111,65.27700059],[25.26588145,65.27355135],[25.26864133,65.26624701],[25.31459891,65.26712941],[25.32971098,65.26358595],[25.33655314,65.25991983],[25.3115491,65.25685505],[25.31011298,65.24882705],[25.29375833,65.24572767],[25.32017991,65.24086743],[25.32195119,65.23830612],[25.33727472,65.23913395],[25.34540831,65.23265202],[25.30114275,65.23298501],[25.27898878,65.23689606],[25.27538801,65.23584481],[25.27629291,65.23354993],[25.2851818,65.23053745],[25.28272195,65.22487478],[25.2916728,65.22070825],[25.28198827,65.2183379],[25.26885717,65.2217652],[25.25577259,65.21988129],[25.27307097,65.2123386],[25.29460865,65.2104032],[25.29044899,65.20827851],[25.28211593,65.21170568],[25.27779929,65.20863185],[25.30233607,65.19913612],[25.29822525,65.19480584],[25.26584434,65.1995124],[25.26191256,65.19683032],[25.27872935,65.18237588],[25.27463966,65.17509426],[25.24818178,65.16946206],[25.23532736,65.17247487],[25.22587425,65.16975258],[25.22606415,65.16346859],[25.23260839,65.1540484],[25.23121181,65.14228075],[25.23816259,65.13537443],[25.22940994,65.13216205],[25.22946306,65.12699459],[25.29629916,65.12334773],[25.30177772,65.11965937],[25.31482032,65.11873241],[25.33873758,65.10626848],[25.36416419,65.10507159],[25.38257642,65.09791679],[25.37749342,65.08888471],[25.38388334,65.08628764],[25.38916102,65.07805655],[25.38976327,65.07050814],[25.40171103,65.06401741],[25.39132578,65.05738605],[25.40532062,65.0535581],[25.41754628,65.04270531],[25.4238602,65.04201471],[25.42843583,65.03515272],[25.46082607,65.02234376],[25.47786292,65.02039103],[25.46614882,65.01785518],[25.46824269,65.01566296],[25.44949707,65.00853356],[25.43065573,65.00685024],[25.42125707,65.00258261],[25.41895732,64.99758168],[25.40621826,64.99977857],[25.40368677,64.99759551],[25.43311003,64.98939468],[25.43576066,64.98606521],[25.48246658,64.97444755],[25.48767121,64.96143655],[25.48357926,64.95501275],[25.46330518,64.94836832],[25.43028146,64.94601646],[25.4131744,64.95109695],[25.40756371,64.95932035],[25.38405979,64.96230242],[25.35821833,64.97150109],[25.32557264,64.99038351],[25.28868081,64.99250234],[25.28651555,64.99062447],[25.31244523,64.98359599],[25.27930973,64.98466576],[25.2661875,64.98668051],[25.25998892,64.99087583],[25.28325922,64.98852504],[25.28867934,64.99382419],[25.26186707,64.99730009],[25.25269045,65.00266549],[25.21571871,65.00420833],[25.21403661,65.00222845],[25.22083108,64.99903877],[25.21003268,64.99454568],[25.21274891,64.98382247],[25.19265201,64.98043389],[25.19296771,64.97803202],[25.20810363,64.96395732],[25.20975873,64.95598601],[25.22375356,64.94532724],[25.26874826,64.93224564],[25.27748452,64.92523649],[25.31172649,64.91520306],[25.32868914,64.90614415],[25.36263281,64.90984413],[25.39145519,64.89860961],[25.39293082,64.89550331],[25.3855287,64.8932693],[25.38534869,64.88773416],[25.3907509,64.88297832],[25.37655726,64.8822183],[25.36586647,64.87217744],[25.36736905,64.86850878],[25.35807544,64.86536049],[25.3591694,64.86214019],[25.34550432,64.86173237],[25.35453156,64.85736918],[25.3466309,64.85297578],[25.3489605,64.85172005],[25.33930267,64.84830348],[25.35108611,64.84564323],[25.34976414,64.84369669],[25.3392831,64.8428854],[25.34255288,64.83908826],[25.32808326,64.83701993],[25.32457324,64.83226806],[25.31275726,64.82833884],[25.29402336,64.82828788],[25.29219485,64.83290902],[25.29722274,64.83935911],[25.29186559,64.84180677],[25.28946545,64.8507917],[25.30213102,64.85344225],[25.29431821,64.85976677],[25.25579276,64.87291406],[25.21938258,64.87212932],[25.21901504,64.87644937],[25.21358442,64.88021015],[25.21641828,64.88337683],[25.19906733,64.8805828],[25.19487991,64.88682811],[25.202659,64.88786847],[25.20539429,64.89487653],[25.18606737,64.90291444],[25.16557923,64.90469687],[25.15688337,64.89807055],[25.14680707,64.89575149],[25.13165772,64.90541454],[25.13138078,64.91317138],[25.12602997,64.91868614],[25.10831381,64.91788055],[25.10182461,64.92159112],[25.09282482,64.92161039],[25.08423749,64.91441049],[25.06130206,64.910485],[25.03636586,64.90848897],[25.00162314,64.9131264],[24.975218,64.90707807],[24.95591673,64.9070187],[24.95389635,64.90499161],[24.96220014,64.89387092],[24.95935129,64.88800816],[24.93036034,64.88144743],[24.90026733,64.88225167],[24.88552481,64.88591154],[24.84518931,64.88386324],[24.8192779,64.88771178],[24.79255951,64.8753637],[24.74433153,64.87491607],[24.71665084,64.87029256],[24.71681265,64.86710083],[24.71334869,64.86678383],[24.7016238,64.87067222],[24.6903606,64.86208568],[24.6910052,64.85611817],[24.68542195,64.8550362],[24.69029491,64.85099156],[24.6876258,64.85037088],[24.687419,64.84557623],[24.67372181,64.83985302],[24.67213033,64.83316008],[24.67483547,64.82775363],[24.66938238,64.82522659],[24.67380772,64.81836022],[24.6700983,64.81084023],[24.66259484,64.80580531],[24.66656124,64.80178898],[24.65483894,64.80248267],[24.64371891,64.80776638],[24.64663248,64.81118763],[24.64476226,64.82040308],[24.65373617,64.82727221],[24.64692974,64.83310278],[24.61424236,64.83223263],[24.5447653,64.81739481],[24.54133546,64.81398513],[24.54615341,64.8044197],[24.56719077,64.79881122],[24.58065824,64.78540229],[24.57618025,64.77530139],[24.56938399,64.77142702],[24.55715997,64.77258101],[24.56415963,64.76398466],[24.55744339,64.74801677],[24.56800032,64.74246546],[24.56640724,64.73242117],[24.55364923,64.72103212],[24.53764588,64.72011971],[24.52978245,64.71300437],[24.51530445,64.71448544],[24.50080094,64.71042556],[24.5101706,64.70695561],[24.49624237,64.70594394],[24.49468193,64.70387561],[24.50227473,64.70107313],[24.49230707,64.69953554],[24.49105544,64.69661253],[24.47366586,64.70190993],[24.46379037,64.6949065],[24.44152296,64.69312011],[24.45548943,64.6847774],[24.46595118,64.68404924],[24.43861384,64.67171271],[24.43103882,64.67337535],[24.40861719,64.66715465],[24.4058399,64.66196757],[24.41726246,64.66017217],[24.41724878,64.65793104],[24.4057899,64.65556498],[24.40806348,64.6509837],[24.39898576,64.6486744],[24.40112579,64.64130558],[24.38191926,64.63289392],[24.39124045,64.63265362],[24.39831007,64.62540025],[24.37961756,64.61406836],[24.38274935,64.60840611],[24.36359645,64.60420678],[24.3711995,64.60254252],[24.36629295,64.59925411],[24.37681861,64.59664941],[24.36624318,64.59294499],[24.38050247,64.5861596],[24.38071995,64.5799269],[24.36195776,64.57477779],[24.36418312,64.57437444],[24.36391296,64.56705093],[24.35454396,64.5666328],[24.37293545,64.55899653],[24.37591841,64.55429667],[24.37013121,64.54561145],[24.35361177,64.54041042],[24.35150787,64.53534992],[24.34423742,64.53277748],[24.30635269,64.52786239],[24.30611227,64.52449789],[24.28180838,64.52856757],[24.2725816,64.53805275],[24.24771449,64.53450382],[24.24899539,64.5298559],[24.2584863,64.52710474],[24.26312953,64.52092087],[24.26165966,64.5156215],[24.27614532,64.5128104],[24.27655638,64.50730908],[24.29098823,64.49980854],[24.26891527,64.49843167],[24.26735175,64.50398606],[24.25457902,64.50644647],[24.25139648,64.50198121],[24.25385134,64.50033978],[24.25088301,64.49919102],[24.22694712,64.49768633],[24.21803267,64.48884817],[24.22309041,64.48571181],[24.19789429,64.48273264],[24.19509847,64.48014231],[24.19660903,64.47248179],[24.18042682,64.46656425],[24.17834387,64.46140491],[24.17107573,64.45689718],[24.1506036,64.45829531],[24.14340539,64.45254947],[24.13209853,64.45506093],[24.12893583,64.45406962],[24.13149878,64.45214965],[24.12951421,64.44856344],[24.11520342,64.44714823],[24.121614,64.44400685],[24.10946996,64.44010456],[24.08286298,64.44255746],[24.08041403,64.44092697],[24.09377583,64.43648063],[24.08740875,64.43210799],[24.10041611,64.42509637],[24.09711195,64.41778084],[24.08925585,64.4133099],[24.0601515,64.41032076],[24.02945164,64.41383015],[24.03264303,64.40479679],[24.01900874,64.40259959],[24.02235599,64.39825122],[24.017249,64.39691222],[24.01574825,64.39293096],[24.00021027,64.39055768],[23.99701536,64.3805036],[23.9840876,64.36758728],[23.98827994,64.3635028],[23.98099748,64.36183954],[23.98967398,64.35738655],[23.9839125,64.35297896],[23.93062858,64.3391518],[23.91899445,64.33110577],[23.91382009,64.31428976],[23.91339271,64.30987438],[23.91808903,64.30483557],[23.91370878,64.28715761],[23.86385811,64.283959],[23.8517508,64.28902614],[23.83464612,64.27126209],[23.8441986,64.26150058],[23.83799596,64.26231614],[23.82625015,64.27278675],[23.8202375,64.26210132],[23.82860595,64.26164688],[23.83405615,64.25563267],[23.82074823,64.25019018],[23.81396789,64.23858031],[23.78787488,64.23390343],[23.7749322,64.2261201],[23.73880076,64.22101735],[23.73191185,64.22340379],[23.72990969,64.22027061],[23.73368608,64.21735764],[23.72741225,64.21607637],[23.71719939,64.21732784],[23.70879341,64.22488999],[23.69701035,64.22601119],[23.70032662,64.2233583],[23.68396865,64.21648475],[23.71826961,64.19424851],[23.72054968,64.18573591],[23.71075787,64.17949352],[23.70059587,64.17825346],[23.70255719,64.17671046],[23.70020247,64.17562594],[23.6906408,64.17635828],[23.69669637,64.16677008],[23.67337914,64.16013207],[23.67169497,64.15733561],[23.6762329,64.15413049],[23.66490443,64.14620593],[23.65607348,64.144226],[23.65127062,64.13702534],[23.6295053,64.14267001],[23.62757015,64.14083927],[23.64276094,64.13122732],[23.63534084,64.125569],[23.64202405,64.11850451],[23.63651085,64.11509858],[23.6237569,64.11636612],[23.59993435,64.12609867],[23.59219714,64.12509727],[23.58978719,64.12022368],[23.5812151,64.11728319],[23.59822795,64.10294867],[23.59549614,64.09478302],[23.61468251,64.08600675],[23.63251057,64.07114769],[23.62559899,64.06928113],[23.62381458,64.06091641],[23.61501328,64.05586815],[23.61731415,64.04880513],[23.64062586,64.03913171],[23.71156445,63.97763293],[23.72609967,63.98555336],[23.7461453,63.97373195],[23.7552174,63.97765199],[23.74333489,63.98336649],[23.77833672,63.99696425],[23.79693386,63.98609764],[23.84355375,63.96986077],[23.8809807,63.97078543],[23.9106092,63.96497951],[23.9271805,63.97218741],[23.92827037,63.97774039],[23.87961013,64.01240791],[23.88502109,64.02355084],[23.92821852,64.03576496],[23.91678156,64.04339172],[23.91162566,64.0626776],[23.91503117,64.06692798],[23.96129182,64.07698173],[23.97044274,64.0952656],[24.00431678,64.09222232],[24.08707769,64.07114503],[24.0989525,64.00629124],[24.17982873,63.93831166],[24.21712019,63.93292057],[24.24745226,63.8769495],[24.28379241,63.86239358],[24.42552253,63.84007318],[24.56196757,63.68879274],[24.61871397,63.65088803],[24.7540843,63.61114111],[24.82016951,63.58660505],[24.91336104,63.52532385],[25.03631555,63.45807319],[25.08187155,63.46716821],[25.11302704,63.50232614],[25.14011176,63.57431459],[25.25109512,63.61229325],[25.34804418,63.58148012],[25.48240771,63.53258064],[25.54111185,63.52378937],[25.69824256,63.51995664],[25.73810244,63.51490126],[25.80898722,63.49452192],[25.8928132,63.43965126],[25.99458983,63.42912039]]]]}},{"type":"Feature","properties":{"code":"KAI","name":"Kainuu","sourceCode":"18"},"geometry":{"type":"Polygon","coordinates":[[[28.27391502,63.6688115],[28.35959019,63.75475264],[28.47374757,63.85840225],[28.45996128,63.87111725],[28.49600268,63.87823591],[28.50077086,63.88241469],[28.88513706,63.835837],[29.31142093,63.85279993],[29.54393792,63.87150226],[29.68252613,63.87894234],[29.72268884,63.74803151],[29.77568902,63.70335639],[29.87466483,63.74920568],[29.97189359,63.75716535],[30.15030052,63.80104267],[30.26041281,63.82200936],[30.32091358,63.90953214],[30.35357338,63.9320895],[30.44702615,63.98277323],[30.52802126,64.04887708],[30.5535576,64.1016869],[30.55340217,64.13224724],[30.51588326,64.15496408],[30.46636449,64.20443088],[30.50959606,64.22168725],[30.48243635,64.26232588],[30.38827348,64.26906834],[30.36080532,64.28131891],[30.36693307,64.29968718],[30.30213273,64.31986329],[30.2855073,64.3298383],[30.21015034,64.35046555],[30.13717766,64.35795563],[30.10992411,64.36502865],[30.0448663,64.40202868],[30.05720688,64.434225],[30.05006534,64.44162963],[30.0583381,64.45088729],[30.04593092,64.47211307],[30.02436799,64.48299272],[30.0296798,64.50062777],[30.01460257,64.50434942],[29.98695707,64.53389688],[29.99742895,64.57731247],[29.9894001,64.58762222],[30.05432785,64.61526671],[30.11898934,64.62591497],[30.13010901,64.63472875],[30.13583749,64.64899958],[30.0536589,64.71302841],[30.0413965,64.74119344],[30.0910677,64.76495316],[30.08650961,64.77398819],[30.04292992,64.79288075],[30.00717741,64.79150096],[29.99578761,64.79477949],[29.8976164,64.7935481],[29.86881433,64.78978915],[29.7396283,64.78978365],[29.6875026,64.81880896],[29.69970303,64.83722345],[29.64490735,64.86649301],[29.61522106,64.91745702],[29.61099494,64.92731094],[29.61918478,64.95965905],[29.59933311,64.99505586],[29.6144335,65.01279017],[29.62697573,65.06059694],[29.73266765,65.0912944],[29.83093735,65.09192235],[29.87183096,65.10375213],[29.8968589,65.10513968],[29.81933283,65.14427824],[29.89358818,65.19297096],[29.88565908,65.20629534],[29.85945545,65.21515936],[29.76410211,65.22889171],[29.74416353,65.22580005],[29.70065166,65.23084243],[29.63400178,65.23158507],[29.60178793,65.25993273],[29.60928179,65.27579191],[29.64605881,65.28907496],[29.7465796,65.34740197],[29.73135834,65.37399482],[29.72739329,65.40033013],[29.73304814,65.47250044],[29.74896366,65.4825954],[29.75471395,65.49736571],[29.65091116,65.49756856],[29.54835511,65.50594001],[29.50487912,65.48801918],[29.32032165,65.52088837],[29.21321752,65.51847742],[29.21932418,65.49355648],[29.11610921,65.44756665],[29.04477149,65.43748099],[28.95552814,65.44737909],[28.64691687,65.38933803],[28.65708479,65.37192134],[28.6289002,65.35379598],[28.60436365,65.31245779],[28.60857068,65.2866784],[28.03387802,65.23856144],[27.99564194,65.22119732],[27.94819846,65.20574241],[27.94151735,65.17984176],[27.89427385,65.091469],[27.71464155,65.11770936],[27.6670064,65.12131419],[27.57213104,65.09444617],[27.45292619,65.0871939],[27.32988378,65.0906602],[27.26250392,65.02733988],[27.38575154,64.95901459],[27.39365338,64.94554479],[27.3768645,64.94138433],[27.39957688,64.93556323],[27.40535183,64.92330577],[27.36973647,64.88992252],[27.4026396,64.85524605],[27.3932167,64.84669825],[27.36090431,64.84298357],[27.37509469,64.8308141],[27.35435639,64.81198895],[27.14809153,64.8352874],[27.11844245,64.81477298],[27.19809495,64.77724516],[27.27929762,64.71731356],[27.26871489,64.71237606],[27.23024649,64.71650233],[27.22561142,64.71259537],[27.23962767,64.70034659],[27.26694598,64.66101126],[27.2690352,64.63761253],[27.25839406,64.63311578],[27.25937426,64.62484733],[27.36849288,64.60379814],[27.3495639,64.59690193],[27.38848106,64.58337069],[27.37878442,64.57706],[27.3969808,64.57188465],[27.34790331,64.55000018],[27.2966261,64.50185894],[27.27221742,64.48991377],[27.20548457,64.47404308],[27.18507664,64.45589014],[27.1800123,64.44097888],[27.25123368,64.39904564],[27.2538756,64.39088453],[27.24762227,64.38025537],[27.19184168,64.34990161],[27.18776641,64.31032383],[27.04239272,64.2845183],[26.9640873,64.29571945],[26.94167538,64.32706503],[26.92172221,64.32169821],[26.9260503,64.3118871],[26.88837782,64.30154529],[26.86223398,64.30587397],[26.81380589,64.30615794],[26.74841807,64.27854105],[26.76749964,64.26516556],[26.781109,64.05710018],[26.87040219,64.03697385],[27.01254508,63.99895875],[27.11927114,63.9907794],[27.13123456,63.99762758],[27.26111401,63.98933511],[27.41867153,63.96639479],[27.42850667,63.94786505],[27.44949429,63.94438118],[27.49702558,63.94970331],[27.4777652,63.96147773],[27.54059677,63.95643282],[27.65029438,63.91874501],[27.66386008,63.92301975],[27.74503077,63.90837667],[27.89279256,63.84911122],[27.9102601,63.85209989],[28.06094916,63.78145759],[28.14463209,63.72468689],[28.16881614,63.71480066],[28.20126418,63.70955315],[28.25618576,63.67450786],[28.27391502,63.6688115]]]}},{"type":"Feature","properties":{"code":null,"name":"Lapland","sourceCode":"19"},"geometry":{"type":"MultiPolygon","coordinates":[[[[24.28393264,65.77836527],[24.28636955,65.78010463],[24.28316172,65.78171549],[24.28573398,65.78261144],[24.28114995,65.78439782],[24.27361182,65.78394257],[24.27066169,65.78020859],[24.28393264,65.77836527]]],[[[24.35496292,65.77511506],[24.35859788,65.77636708],[24.34918903,65.77887747],[24.35496292,65.77511506]]],[[[24.39104655,65.77107405],[24.39517993,65.77393951],[24.38664034,65.77601479],[24.39104655,65.77107405]]],[[[24.25191947,65.76305978],[24.25831404,65.76651035],[24.25668605,65.76980478],[24.24644104,65.76560882],[24.25191947,65.76305978]]],[[[24.3449637,65.76149106],[24.34439184,65.77272109],[24.33904672,65.77350688],[24.33718942,65.77191495],[24.3410687,65.77031619],[24.33632403,65.76265692],[24.3449637,65.76149106]]],[[[24.39875846,65.75212465],[24.40665742,65.75582101],[24.39734788,65.7560716],[24.39875846,65.75212465]]],[[[24.24658442,65.74498436],[24.25220592,65.74635376],[24.25223007,65.75053327],[24.23430053,65.75125953],[24.24658442,65.74498436]]],[[[24.41987126,65.73455196],[24.42411654,65.73540799],[24.42546456,65.73996907],[24.41739146,65.73757923],[24.41987126,65.73455196]]],[[[24.26823654,65.71010913],[24.27386288,65.7110275],[24.26146629,65.71285034],[24.26823654,65.71010913]]],[[[24.58039512,65.70985091],[24.58250913,65.71338486],[24.57722758,65.7185097],[24.57409568,65.71787372],[24.58039512,65.70985091]]],[[[24.46247882,65.70016956],[24.46551646,65.7037225],[24.45912124,65.70921915],[24.45773336,65.70663645],[24.46247882,65.70016956]]],[[[24.20623779,65.6878664],[24.20756686,65.6910098],[24.20109813,65.69244655],[24.20623779,65.6878664]]],[[[24.51481259,65.68957835],[24.51791775,65.68988107],[24.5123251,65.6939879],[24.51526677,65.69759394],[24.53182574,65.7080115],[24.54006829,65.71939039],[24.53044641,65.72520165],[24.53008848,65.72823767],[24.52132134,65.72687687],[24.51793266,65.72017986],[24.52059498,65.7155029],[24.51371417,65.70921271],[24.51500877,65.70628743],[24.49820781,65.6926507],[24.51481259,65.68957835]]],[[[24.29231795,65.68297472],[24.29518941,65.68748487],[24.27314879,65.69566137],[24.27334069,65.69157028],[24.28729918,65.68301476],[24.29231795,65.68297472]]],[[[24.32219002,65.68044623],[24.3234012,65.68457206],[24.31862991,65.68536413],[24.31687271,65.68252838],[24.32219002,65.68044623]]],[[[24.48951659,65.67862118],[24.49745271,65.68055838],[24.49772978,65.68679133],[24.48826611,65.68828746],[24.48123654,65.68340646],[24.48951659,65.67862118]]],[[[24.23854748,65.66973434],[24.23036187,65.67734885],[24.23228875,65.67878984],[24.21714547,65.67950936],[24.23854748,65.66973434]]],[[[24.54185543,65.65532696],[24.58563094,65.65754206],[24.5833131,65.6647513],[24.58816961,65.66944372],[24.59953869,65.6663427],[24.60381493,65.67228898],[24.588244,65.68680285],[24.59982929,65.68935627],[24.606836,65.69966204],[24.60431036,65.70663285],[24.60120269,65.70851927],[24.60002635,65.70333066],[24.59213623,65.70169186],[24.58865475,65.6912522],[24.57223661,65.68149222],[24.55546059,65.67662423],[24.51664532,65.67567514],[24.51288503,65.67212511],[24.51519052,65.66412775],[24.54185543,65.65532696]]],[[[24.84377814,65.64113597],[24.83803084,65.64557675],[24.83198824,65.64548929],[24.84377814,65.64113597]]],[[[24.87695878,65.63920656],[24.88282527,65.6409393],[24.87832067,65.64397454],[24.87377208,65.64292427],[24.87695878,65.63920656]]],[[[24.83806428,65.63272761],[24.86788064,65.63646237],[24.85163158,65.64059884],[24.82153583,65.64121848],[24.82516508,65.63704978],[24.83415479,65.63617969],[24.83806428,65.63272761]]],[[[24.59597763,65.62710192],[24.60135474,65.62734087],[24.59915285,65.63344262],[24.58900114,65.63620577],[24.59042311,65.63258723],[24.58721411,65.63099928],[24.59597763,65.62710192]]],[[[24.18030154,65.61598485],[24.18468531,65.61692499],[24.17349647,65.61928859],[24.18030154,65.61598485]]],[[[24.20927979,65.61257845],[24.20309393,65.62217335],[24.19823179,65.62149443],[24.19914349,65.61706605],[24.20927979,65.61257845]]],[[[24.69128994,65.62027862],[24.70167633,65.62083353],[24.70117798,65.62351057],[24.69414744,65.62408747],[24.6945154,65.62859739],[24.69148817,65.62886102],[24.6872119,65.62576444],[24.69128994,65.62027862]]],[[[24.86638855,65.61983185],[24.87040891,65.62078778],[24.86441065,65.62439973],[24.862777,65.62257544],[24.86638855,65.61983185]]],[[[24.88669198,65.61950209],[24.89137061,65.62553681],[24.89979675,65.62713187],[24.88682034,65.63644306],[24.87282373,65.62372717],[24.88669198,65.61950209]]],[[[24.99638756,65.61657299],[24.99461727,65.62109422],[24.98469102,65.61870589],[24.99638756,65.61657299]]],[[[24.19616622,65.60387716],[24.20490946,65.60540677],[24.1940063,65.61590637],[24.19198797,65.60939833],[24.19445268,65.6078153],[24.1905357,65.60701914],[24.19616622,65.60387716]]],[[[25.01585944,65.61649683],[25.0275507,65.61771818],[25.00030219,65.62019541],[25.01585944,65.61649683]]],[[[25.00850834,65.6103168],[25.00838557,65.6139639],[25.0120569,65.6161396],[25.00439763,65.61555018],[25.00850834,65.6103168]]],[[[24.9823865,65.60982464],[24.98046498,65.61957886],[24.97372883,65.62234373],[24.97334755,65.6172715],[24.97785991,65.61532404],[24.97573851,65.61257461],[24.9823865,65.60982464]]],[[[25.02009616,65.60991139],[25.02797878,65.61636275],[25.01054333,65.61505499],[25.02009616,65.60991139]]],[[[25.04829071,65.60070544],[25.05521326,65.60242045],[25.0570613,65.60666803],[25.05264042,65.61575384],[25.04595019,65.61866402],[25.02886111,65.6153816],[25.02744596,65.60857204],[25.04829071,65.60070544]]],[[[24.95521955,65.59890651],[24.96304883,65.60375191],[24.95666501,65.6083146],[24.96082571,65.61278413],[24.95363821,65.61382994],[24.95179202,65.62006818],[24.9682316,65.62499243],[24.95708929,65.6266345],[24.93583591,65.62169617],[24.93762635,65.61624662],[24.93423759,65.61144897],[24.93644926,65.60821724],[24.95521955,65.59890651]]],[[[24.98256343,65.59614125],[24.99221231,65.60139207],[24.97171523,65.61272677],[24.96293462,65.61262867],[24.97149607,65.60837978],[24.9684499,65.60468506],[24.98256343,65.59614125]]],[[[25.01625075,65.58961217],[25.00803776,65.59516917],[25.00353828,65.59370137],[25.01625075,65.58961217]]],[[[25.08392342,65.58748003],[25.12933713,65.60733324],[25.16256345,65.63588844],[25.23065126,65.66831816],[25.30757596,65.68500315],[25.36006615,65.72738484],[25.42450495,65.74256857],[25.79023537,65.7407117],[26.16011082,65.82233498],[26.15823371,65.7255555],[26.3686741,65.71346543],[26.65986444,65.7102461],[26.82470418,65.70114508],[27.03568906,65.73840504],[27.0493003,65.73285243],[27.07197862,65.72977108],[27.10109476,65.74189964],[27.1103369,65.75103286],[27.40742169,65.93840393],[27.44706839,65.92861707],[27.48153705,65.93336321],[27.49699565,65.93160392],[27.52610587,65.92161336],[27.56500765,65.93146268],[27.5968794,65.95467069],[27.65487404,65.96035963],[27.69489962,65.90096454],[27.76745659,65.84105622],[27.76109954,65.82731808],[28.14351429,65.81491578],[28.16212113,65.80800362],[28.22349866,65.80059491],[28.4671894,65.84542926],[28.51319569,65.84620755],[28.50876821,65.88978058],[28.45810702,65.91875536],[28.43293301,65.94647151],[28.37217097,65.96021886],[28.36824658,65.96762083],[28.37282811,65.97126125],[28.39250656,65.96856714],[28.39025925,65.99629585],[28.41522854,66.00507679],[28.42263718,66.00270051],[28.41165033,65.98630213],[28.48263826,65.98969293],[28.48320983,66.0038771],[28.543852,66.0034663],[28.54410476,66.0089552],[28.5982192,65.99921716],[28.59771293,65.98736616],[28.651971,65.98689032],[28.66930979,65.99970181],[28.747264,66.00180796],[28.74839813,66.02372016],[28.76423984,66.04334482],[28.74453828,66.0514296],[28.7184475,66.04325561],[28.70282708,66.05319738],[28.69684966,66.06173548],[28.62480534,66.07090455],[28.64581132,66.08586229],[28.62619999,66.09043488],[28.60416341,66.12816252],[28.68715155,66.1275409],[28.71576175,66.13590789],[28.7173708,66.16036025],[28.76842529,66.18455306],[28.73393112,66.20610163],[28.7500896,66.21512444],[28.75880688,66.22923747],[28.74965945,66.25448295],[28.68849423,66.26222596],[28.66213157,66.24730859],[28.64376373,66.25175604],[28.63885354,66.26671661],[28.60640818,66.26454212],[28.5929981,66.26788379],[28.53808747,66.33261021],[28.5464118,66.34022798],[28.54871059,66.38288478],[28.57464913,66.38218389],[28.58466194,66.40092068],[28.612937,66.41248314],[28.6648534,66.41294793],[28.69531203,66.48585326],[29.2585216,66.40814696],[29.25797326,66.43289265],[29.57292982,66.43285322],[29.51957284,66.49626872],[29.47205554,66.54390061],[29.4106071,66.58317213],[29.4190358,66.59198644],[29.41043334,66.59216462],[29.39976957,66.59756575],[29.3825949,66.59844412],[29.37619507,66.60382364],[29.38609574,66.60749641],[29.36216479,66.62652775],[29.35633492,66.63999144],[29.1494135,66.7804339],[29.13920082,66.77975587],[29.1319512,66.78707339],[29.10585645,66.79044712],[29.10357068,66.79574402],[29.11896916,66.80147693],[29.06051473,66.85310034],[29.03317251,66.9255118],[29.03413923,66.94361743],[29.04095393,66.96152421],[29.07285178,66.99590103],[29.34724509,67.16912419],[29.51649486,67.28065261],[29.50446725,67.28558455],[29.52255731,67.30989714],[29.57098415,67.3108012],[29.58015044,67.31582836],[29.56425128,67.31931426],[29.56586336,67.32246619],[29.58433412,67.33081294],[29.61156394,67.32643775],[29.64406013,67.33578209],[29.64288786,67.34160484],[29.61660778,67.34515106],[29.62157088,67.3515613],[29.64556528,67.35474414],[29.65781446,67.37039633],[29.67658787,67.37220218],[29.68495656,67.38025525],[29.71611809,67.39257915],[29.71482684,67.3981676],[29.76247306,67.42489161],[29.8400559,67.47918222],[29.93022445,67.52252384],[30.01704296,67.67355271],[29.6594055,67.80295896],[29.32708862,68.07454225],[28.64615118,68.19630332],[28.43393186,68.53967099],[28.70640971,68.7322371],[28.80078844,68.86928333],[28.66127829,68.88641974],[28.46801525,68.88543493],[28.41578844,68.91545064],[28.49579095,68.93012434],[28.92929937,69.05191532],[28.85457622,69.07663901],[28.8054298,69.11115556],[28.8303129,69.17190135],[28.83154066,69.22436066],[29.21934007,69.39763601],[29.33649679,69.47832204],[29.17053283,69.63904134],[29.13390345,69.69534055],[28.91699934,69.72976063],[28.40422577,69.81842494],[28.33047612,69.84919255],[28.34526805,69.88083213],[28.16071277,69.92099369],[27.98428525,70.01397067],[27.97699444,70.0542476],[27.9594654,70.09266043],[27.80741165,70.07703978],[27.74378933,70.06416125],[27.69293264,70.07658536],[27.67210776,70.07771853],[27.59576166,70.07217635],[27.55429622,70.05898375],[27.54069327,70.04564507],[27.54015499,70.03331997],[27.52598679,70.02346381],[27.42855543,70.0192134],[27.40511172,70.01327702],[27.38424305,69.99990554],[27.35732806,69.99133428],[27.33569057,69.98843208],[27.31191907,69.99041321],[27.27664906,69.97923799],[27.27761176,69.97411395],[27.30214766,69.96311117],[27.30066543,69.95473262],[27.22401894,69.94624494],[27.16418986,69.93423247],[27.13083424,69.93220768],[27.09993616,69.91755801],[27.0621601,69.91775626],[27.04181321,69.91082183],[27.03124701,69.91092864],[26.98595139,69.93508465],[26.9697242,69.93848552],[26.93024668,69.93942919],[26.90233038,69.93298167],[26.87870799,69.93333787],[26.85951936,69.94057981],[26.85619772,69.94736488],[26.85893033,69.95733689],[26.84867231,69.96019555],[26.78475379,69.95855088],[26.72047018,69.94500697],[26.70686408,69.94658817],[26.67868577,69.96477211],[26.62435095,69.9598383],[26.55374237,69.94811718],[26.49524102,69.94559262],[26.46713054,69.93950624],[26.45933585,69.93355101],[26.4550927,69.91869915],[26.40753837,69.90148199],[26.40893055,69.89554589],[26.41821576,69.88909307],[26.41421835,69.87907314],[26.40154878,69.87192335],[26.38221779,69.85405092],[26.3089687,69.83044576],[26.24791572,69.81746511],[26.24123705,69.81209779],[26.24797351,69.79658483],[26.23097775,69.79200333],[26.21358608,69.77982542],[26.18909133,69.77461303],[26.18117347,69.76909592],[26.18177943,69.75964703],[26.15118318,69.75605308],[26.13561869,69.73861474],[26.10729437,69.73032018],[26.05068624,69.72038145],[26.00045513,69.71968342],[25.96387917,69.70307655],[25.94227526,69.68440593],[25.92032327,69.67933838],[25.89149073,69.66550289],[25.89469872,69.65994154],[25.93111213,69.65514669],[25.95529873,69.64652735],[25.96332895,69.63370875],[25.95888785,69.62121473],[25.97657654,69.61024289],[25.96673219,69.59879681],[25.95232771,69.59448216],[25.94617792,69.58538898],[25.94900373,69.58209439],[25.94201718,69.57558728],[25.89443964,69.55836484],[25.84448866,69.55047089],[25.84043589,69.54558224],[25.8432464,69.54195581],[25.87379261,69.52990549],[25.87658682,69.52448515],[25.85996334,69.51353237],[25.85694636,69.50402031],[25.84854325,69.49324637],[25.85081628,69.48705133],[25.86169741,69.48312445],[25.86458331,69.47583812],[25.83490109,69.46819622],[25.82442427,69.44758671],[25.80854955,69.43572558],[25.80897802,69.4279871],[25.79722515,69.42186622],[25.81897796,69.41767668],[25.82258022,69.4137028],[25.81591693,69.411786],[25.82199508,69.40672306],[25.83568854,69.40375279],[25.84568268,69.39760934],[25.84661642,69.39370232],[25.83187841,69.38935034],[25.8272581,69.38106738],[25.81211994,69.37519389],[25.81868904,69.37270153],[25.81684543,69.35967631],[25.78496983,69.35591977],[25.77853497,69.3506161],[25.77860647,69.34508693],[25.75937797,69.34037895],[25.76234405,69.33450771],[25.75894977,69.32730275],[25.74182557,69.31906489],[25.7377649,69.31057719],[25.74646918,69.30504344],[25.74546898,69.3015482],[25.73553639,69.2986685],[25.73690887,69.29497407],[25.74557906,69.2913402],[25.74681978,69.28549624],[25.7388408,69.28320924],[25.74239723,69.27574866],[25.72858662,69.27149515],[25.73291388,69.2653855],[25.72464404,69.25902921],[25.70326997,69.25521194],[25.70542449,69.24106353],[25.69989787,69.23136563],[25.71462645,69.2255207],[25.70717828,69.22180684],[25.70601438,69.21720407],[25.71332727,69.21158807],[25.69387765,69.20400787],[25.69551973,69.20045028],[25.69301985,69.19674403],[25.70861499,69.18549055],[25.7261569,69.16084675],[25.73101154,69.15826284],[25.73024292,69.15094072],[25.73837421,69.14758011],[25.74309149,69.13724692],[25.72203775,69.11565877],[25.72012943,69.10973223],[25.73049532,69.10551241],[25.73101136,69.10239077],[25.7252328,69.09356285],[25.73133972,69.0827184],[25.72387765,69.08002573],[25.75275056,69.05732141],[25.74960919,69.04627006],[25.74458625,69.04397365],[25.75431289,69.0303952],[25.77061475,69.02770549],[25.7776875,69.02009936],[25.77563164,69.01438463],[25.76198537,69.00382218],[25.75603759,69.00438993],[25.73022108,68.99384221],[25.71304958,68.98118033],[25.713609,68.96687383],[25.69431706,68.95278311],[25.69168019,68.94536115],[25.65712986,68.91680921],[25.6537324,68.90609987],[25.62663949,68.89737573],[25.62683439,68.89268996],[25.58813949,68.8832597],[25.53054178,68.8880371],[25.51579863,68.89193689],[25.50956867,68.89681733],[25.49456409,68.89872742],[25.49244018,68.90390995],[25.47480275,68.90451681],[25.43094444,68.89386796],[25.40881841,68.89258785],[25.39771031,68.88950569],[25.40107968,68.88660444],[25.30091288,68.86210464],[25.24328843,68.84142355],[25.22939494,68.82478561],[25.20804602,68.81809467],[25.19690081,68.80972987],[25.15916732,68.80029761],[25.14220353,68.78723036],[25.13402496,68.76930326],[25.13462023,68.76197515],[25.12571546,68.75644706],[25.12153507,68.74592357],[25.12578732,68.74164097],[25.12271715,68.72518319],[25.12899128,68.71742373],[25.11078745,68.69936202],[25.11361982,68.69419152],[25.10821782,68.68060053],[25.11418476,68.66807272],[25.11396546,68.65402906],[25.11837527,68.64880219],[25.11501961,68.63872313],[25.09120189,68.63560741],[25.07964568,68.62385718],[25.06545379,68.62071641],[25.04837816,68.62664686],[25.02109552,68.62365236],[25.00965158,68.61461141],[24.99587544,68.6121761],[24.98002098,68.6173451],[24.95789211,68.61633443],[24.91692398,68.60524664],[24.90676272,68.58201489],[24.90316578,68.55459184],[24.85716614,68.56220982],[24.78342458,68.63623463],[24.60838791,68.68190161],[24.30226001,68.71735024],[24.25096478,68.72713208],[24.20804952,68.74530765],[24.15296231,68.75359106],[24.15855052,68.7897094],[24.07559159,68.77996685],[23.98333015,68.8271432],[23.87146077,68.8365192],[23.77539139,68.81885113],[23.73106351,68.75075142],[23.67352021,68.70552139],[23.44063566,68.69216351],[23.16758229,68.62851895],[23.04595204,68.68934333],[22.80082404,68.68754803],[22.60442282,68.72664824],[22.53538933,68.74451198],[22.3745219,68.71666658],[22.34078065,68.82722491],[22.191868,68.9187737],[22.1757624,68.95632431],[21.98360828,69.07289324],[21.84639957,69.14415903],[21.72334153,69.21448965],[21.62708632,69.27658831],[21.27882078,69.31188403],[21.09616977,69.26091096],[21.00331317,69.2223367],[20.98757494,69.19192619],[21.04673349,69.13952109],[21.05562537,69.12208531],[21.10867512,69.10392913],[21.05754391,69.03628968],[20.71732233,69.1197905],[20.55232778,69.06007632],[20.5762512,69.05289711],[20.58735576,69.0535523],[20.62757074,69.04585066],[20.68867614,69.04305439],[20.77631147,69.03220115],[20.81073445,69.01902212],[20.83325588,68.99673761],[20.88219818,68.9836657],[20.91166697,68.96874242],[20.91190563,68.95722202],[20.89235431,68.94166629],[20.86597073,68.94354867],[20.84349485,68.93639878],[20.85238122,68.92344717],[20.87828908,68.91914563],[20.90309833,68.89972121],[20.87822395,68.89422885],[20.90140356,68.89108035],[20.93107934,68.89846818],[20.95831279,68.89695851],[20.95826658,68.89255904],[20.97924887,68.89177535],[20.98750707,68.89412945],[20.99006697,68.89791993],[20.99766736,68.89666507],[21.03031663,68.88642566],[21.03320239,68.88269351],[21.04932246,68.88089172],[21.0754507,68.87194995],[21.07627004,68.86552545],[21.1270903,68.85404863],[21.14268733,68.84479431],[21.14526689,68.84029524],[21.16985448,68.83423502],[21.18628156,68.82498916],[21.23529465,68.81344201],[21.25262395,68.80272194],[21.26492455,68.78258264],[21.29770725,68.76291974],[21.33038259,68.76021909],[21.36331535,68.76763224],[21.38689485,68.76537395],[21.4110883,68.74904477],[21.4037,68.73752561],[21.41307034,68.73175579],[21.40840186,68.72562822],[21.41909373,68.71640291],[21.41258131,68.7102144],[21.419262,68.70626581],[21.41894463,68.69639516],[21.4998773,68.67691133],[21.55820214,68.67632225],[21.56959759,68.67123742],[21.61419233,68.66505565],[21.6265766,68.65509804],[21.64690015,68.6512266],[21.66152488,68.64436791],[21.66207365,68.64147959],[21.69853385,68.63168081],[21.70882103,68.6253595],[21.71079311,68.61775123],[21.69737317,68.6113634],[21.6993601,68.59689555],[21.72036041,68.59023421],[21.77510671,68.58552509],[21.8383384,68.59176546],[21.86004129,68.58882157],[21.86399903,68.58500035],[21.88897022,68.58441266],[21.92946394,68.5667163],[21.93693998,68.5595086],[21.96809338,68.5509853],[21.99047972,68.53454068],[22.00477165,68.53379663],[21.9946704,68.52227031],[22.00969957,68.5005552],[22.04190558,68.48018916],[22.0595239,68.4793789],[22.07232131,68.48257152],[22.10263949,68.47997069],[22.11282141,68.48252046],[22.12029181,68.48059897],[22.12721914,68.47200318],[22.15112036,68.47061619],[22.19115836,68.48072963],[22.20025031,68.48057636],[22.2187252,68.47341933],[22.25100482,68.48291949],[22.26757707,68.47874868],[22.27965289,68.47903411],[22.29551365,68.48444688],[22.34848271,68.48191737],[22.35038431,68.47566591],[22.34058981,68.46965203],[22.3487517,68.46425028],[22.3424437,68.46026519],[22.34042664,68.44539969],[22.3575267,68.44673775],[22.38352418,68.459022],[22.4134006,68.46632712],[22.43269182,68.46127237],[22.46688345,68.44188969],[22.50141589,68.44294726],[22.53475108,68.43465064],[22.55336478,68.43488451],[22.57210963,68.42262073],[22.61551093,68.42807983],[22.62125986,68.43481321],[22.63716703,68.43510261],[22.64201265,68.43050409],[22.63802432,68.42263448],[22.64467548,68.41738879],[22.67847637,68.41147703],[22.69048729,68.40624408],[22.68456172,68.40078563],[22.71241951,68.39788912],[22.73258986,68.3857046],[22.76179538,68.38539677],[22.79747695,68.39411614],[22.84383471,68.383728],[22.83313622,68.37043847],[22.83430559,68.36609281],[22.89283428,68.34897764],[22.91520533,68.33423945],[22.97057166,68.33272529],[22.97671522,68.32469823],[22.98627526,68.32037468],[23.03633096,68.3074432],[23.05531929,68.30791422],[23.06582428,68.30038977],[23.06127153,68.27924432],[23.07071882,68.27553037],[23.0758855,68.26748547],[23.11206116,68.25186282],[23.14276927,68.24683115],[23.15055668,68.233642],[23.14062676,68.21909021],[23.14353352,68.21300185],[23.14052373,68.20431241],[23.16071976,68.19863942],[23.14031952,68.1823824],[23.14168101,68.16829859],[23.13881611,68.15594267],[23.15044554,68.13824756],[23.16899366,68.13367827],[23.21874219,68.14814137],[23.24342694,68.14859116],[23.27669697,68.15796596],[23.29362505,68.14942646],[23.30639465,68.14855541],[23.30681196,68.14495647],[23.31358428,68.14125419],[23.33014176,68.12174295],[23.32705871,68.11650052],[23.34711773,68.10029868],[23.37177213,68.06811222],[23.36948003,68.06165079],[23.38391669,68.05589437],[23.38672199,68.04810861],[23.39849672,68.04330097],[23.44286148,68.03714413],[23.46340503,68.03079903],[23.46445739,68.02149887],[23.47137989,68.01887101],[23.53404378,68.00561209],[23.53982693,68.0006475],[23.53816708,67.99194582],[23.5731555,67.97238169],[23.60125591,67.97196733],[23.64629672,67.96275573],[23.6519777,67.95101453],[23.66446883,67.94114809],[23.64836075,67.93047471],[23.64545969,67.91950769],[23.6196606,67.90784549],[23.59789838,67.90345971],[23.57867177,67.89203903],[23.55275966,67.89768156],[23.54571706,67.89245328],[23.51555678,67.88452702],[23.50698475,67.87838143],[23.50301192,67.86907467],[23.49333159,67.86391145],[23.4869285,67.84640642],[23.47643138,67.84255228],[23.48112436,67.82755096],[23.47141981,67.8176242],[23.4787866,67.80138432],[23.49307036,67.79137602],[23.49372509,67.7861019],[23.48357072,67.7765489],[23.48326359,67.77226768],[23.49240805,67.76515502],[23.48900405,67.76013333],[23.49238912,67.75537009],[23.48758145,67.74784389],[23.4738144,67.73892996],[23.48608763,67.73005386],[23.47635584,67.7162475],[23.48297599,67.71130541],[23.47866741,67.70052793],[23.49204555,67.69620556],[23.49151363,67.68787158],[23.49910559,67.68061231],[23.49009129,67.66568396],[23.51894008,67.64365656],[23.53787194,67.63431978],[23.5409067,67.62370046],[23.5581189,67.62102969],[23.53718613,67.60341296],[23.54375663,67.59418344],[23.54326299,67.58261816],[23.50637895,67.56333274],[23.46872384,67.56568734],[23.45491954,67.56197709],[23.4633318,67.55252325],[23.48390253,67.54082447],[23.47375448,67.52995788],[23.4347962,67.51782325],[23.43089378,67.50740122],[23.40346903,67.50055397],[23.40570064,67.49602933],[23.39755377,67.49217307],[23.39254094,67.48506606],[23.40318647,67.47775232],[23.41124858,67.46654553],[23.42254134,67.46221071],[23.4936872,67.44658884],[23.51024403,67.44675821],[23.52968645,67.45934305],[23.54048991,67.46104491],[23.67386789,67.44250521],[23.70992429,67.44572488],[23.75401422,67.43568758],[23.76458166,67.42821433],[23.75168584,67.4200014],[23.75176576,67.40788865],[23.73136431,67.39487695],[23.7210741,67.39252699],[23.71705299,67.38620451],[23.73492429,67.37954359],[23.72692534,67.37184707],[23.73624277,67.36562662],[23.74083744,67.35762339],[23.73752894,67.35193389],[23.74648478,67.34829198],[23.75843358,67.349339],[23.77705178,67.33575105],[23.76386315,67.33160633],[23.74897443,67.32193795],[23.72973662,67.28833945],[23.7171812,67.28161588],[23.6926209,67.2839613],[23.62507047,67.27198468],[23.60744549,67.27387622],[23.57528249,67.26836411],[23.56098904,67.26085378],[23.56923289,67.25187965],[23.55151054,67.24823786],[23.56228523,67.23729529],[23.54626036,67.22518795],[23.56595927,67.22246289],[23.59586539,67.2078183],[23.58793655,67.19070013],[23.55689048,67.17958573],[23.5544754,67.16746581],[23.58332692,67.15126077],[23.62598094,67.11768393],[23.65504423,67.1034397],[23.67214674,67.06566894],[23.71323792,67.04410669],[23.73861098,67.01779719],[23.76851692,67.00130085],[23.80116002,66.98908731],[23.79994025,66.98407393],[23.81461002,66.97858698],[23.82392202,66.97010089],[23.82793559,66.96156111],[23.85274058,66.95654182],[23.86214303,66.95150128],[23.86467362,66.91873144],[23.90149997,66.9008022],[23.92096587,66.88689758],[23.93569666,66.88348965],[23.94741916,66.86813872],[23.96698136,66.85197407],[23.96960069,66.84399481],[23.9953484,66.82120011],[23.98751695,66.80247523],[23.97673071,66.79829893],[23.9752988,66.78789772],[23.95608593,66.78528014],[23.92374586,66.79653718],[23.91112693,66.79541461],[23.91574165,66.7718705],[23.87957498,66.76324359],[23.87753204,66.75699213],[23.90781456,66.72117547],[23.89492016,66.71102327],[23.88676322,66.67523217],[23.87464991,66.67146001],[23.8650044,66.65525458],[23.87082342,66.64613803],[23.87102744,66.62871747],[23.88519023,66.61539436],[23.8760173,66.60011024],[23.87691259,66.57864564],[23.86266677,66.57000977],[23.85805727,66.55826313],[23.78960549,66.53737046],[23.78326907,66.53194094],[23.7970801,66.52111687],[23.79398757,66.516628],[23.76092146,66.50994649],[23.75173914,66.50493956],[23.73144151,66.50324065],[23.72653863,66.49767701],[23.71437278,66.49297592],[23.71980159,66.47716566],[23.70981718,66.47362244],[23.68811979,66.47337082],[23.65011968,66.45483096],[23.64107104,66.44221357],[23.64280751,66.42498061],[23.66777891,66.39793522],[23.68493898,66.38693266],[23.68076887,66.37608187],[23.66155558,66.35800194],[23.65724832,66.34826637],[23.65785021,66.31994089],[23.64821363,66.30213683],[23.66169022,66.29070264],[23.6728802,66.27347847],[23.6685465,66.26245129],[23.70133203,66.24258143],[23.6947471,66.23663446],[23.69431278,66.22840409],[23.70442233,66.21925638],[23.72421052,66.21441242],[23.7329068,66.20675177],[23.7260494,66.20099769],[23.72760605,66.19537986],[23.78207278,66.18700948],[23.83202258,66.17075808],[23.85874045,66.16985739],[23.86609209,66.16550656],[23.89186203,66.16767021],[23.91854284,66.1612659],[23.92986574,66.14993881],[23.913914,66.1361776],[23.94151131,66.12015309],[23.94582123,66.10455127],[23.936631,66.09119278],[23.93826471,66.07681599],[23.97484011,66.05810917],[23.99675258,66.03517462],[24.0454431,66.00185698],[24.05301579,65.97474048],[24.04004813,65.96974762],[24.0424041,65.96304303],[24.05359871,65.95159231],[24.07426797,65.94449366],[24.08799806,65.93145525],[24.09938595,65.92946304],[24.10830055,65.931626],[24.11762923,65.92710597],[24.10998373,65.91358978],[24.11544131,65.89880636],[24.13280127,65.88805007],[24.15317116,65.86257864],[24.13162693,65.86313938],[24.12521728,65.85148343],[24.14461152,65.84097812],[24.15532318,65.81550066],[24.13375728,65.79667606],[24.12963229,65.78452133],[24.14439,65.78016579],[24.15037042,65.77053522],[24.14503358,65.76863995],[24.15507183,65.7581739],[24.15151192,65.75497266],[24.1570664,65.75247413],[24.19134798,65.75697643],[24.19341506,65.75786967],[24.19024888,65.76094649],[24.19525528,65.76181678],[24.19697757,65.76663572],[24.21301211,65.77145395],[24.21695378,65.77185599],[24.22090304,65.76641459],[24.22580298,65.76716386],[24.23624746,65.77213937],[24.2325274,65.77450779],[24.23702276,65.77884435],[24.2196402,65.78433851],[24.23383491,65.792255],[24.2611542,65.79699493],[24.28296456,65.79277789],[24.29490461,65.79650509],[24.30855191,65.79221879],[24.30679656,65.79568585],[24.31046966,65.79663154],[24.31117316,65.80435078],[24.31578879,65.80470163],[24.31723642,65.8002146],[24.32619835,65.79534421],[24.35818533,65.78433694],[24.3944071,65.78042252],[24.40596694,65.77399202],[24.42950474,65.77129423],[24.43045128,65.76364974],[24.42315675,65.75907533],[24.42760163,65.74977025],[24.42168418,65.74251222],[24.47558997,65.74827442],[24.4867668,65.74782607],[24.49602509,65.74335718],[24.55171751,65.74239371],[24.55405866,65.74150329],[24.54924101,65.73839462],[24.55454551,65.73573729],[24.55156786,65.73356269],[24.55578592,65.72686438],[24.56979262,65.72612661],[24.57083654,65.72898086],[24.57616898,65.72915335],[24.6044606,65.71318182],[24.6117257,65.71498502],[24.6341067,65.70875788],[24.64453775,65.69334662],[24.63813556,65.69220124],[24.62653745,65.69967793],[24.6152847,65.70143729],[24.60783275,65.6948894],[24.60965369,65.69061275],[24.6215705,65.68418713],[24.64917376,65.68027342],[24.64466851,65.67658527],[24.65629094,65.67200418],[24.67024578,65.66049002],[24.6776696,65.65887501],[24.67249156,65.65424235],[24.65855882,65.65247548],[24.6654082,65.64902642],[24.66045395,65.64537349],[24.66183305,65.64122881],[24.65943422,65.63896987],[24.68044548,65.63798452],[24.6815745,65.63476631],[24.70217084,65.63082805],[24.71989124,65.636483],[24.72382419,65.64016799],[24.71880338,65.642739],[24.73905028,65.65534782],[24.73813493,65.65929302],[24.74547837,65.66101695],[24.74356452,65.66334132],[24.75409793,65.66658338],[24.77163261,65.66511551],[24.7707554,65.66151726],[24.778328,65.66088748],[24.79264137,65.64891344],[24.79791067,65.64921631],[24.80103234,65.65693774],[24.81345586,65.66153646],[24.80632363,65.66288364],[24.80615694,65.66592158],[24.82051662,65.66573043],[24.83821184,65.65989976],[24.84614555,65.66610994],[24.85518603,65.66352312],[24.86901697,65.66713818],[24.87028221,65.66419378],[24.88633333,65.66394923],[24.89835602,65.6587699],[24.90047052,65.64931588],[24.89716573,65.6452262],[24.92142975,65.63612413],[24.94841453,65.63085014],[24.97800452,65.63396089],[24.99223869,65.63226392],[25.01153797,65.62463839],[25.04785282,65.62218775],[25.06655889,65.6056161],[25.07517322,65.60480381],[25.08465416,65.5946281],[25.08426247,65.59157541],[25.06385172,65.59077517],[25.08283785,65.58995824],[25.08392342,65.58748003]]],[[[25.01937832,65.57792306],[25.02096542,65.5800574],[25.01486322,65.5844502],[25.00241567,65.58788697],[25.01937832,65.57792306]]],[[[24.81478706,65.55102024],[24.82022948,65.55134387],[24.81376461,65.5543299],[24.80308613,65.55328155],[24.81478706,65.55102024]]]]}},{"type":"Feature","properties":{"code":null,"name":"Åland","sourceCode":"21"},"geometry":{"type":"MultiPolygon","coordinates":[[[[20.98174136,60.64060013],[20.98857727,60.64560719],[20.98418376,60.65418889],[20.97889829,60.6490627],[20.97797246,60.64206029],[20.98174136,60.64060013]]],[[[20.91081993,60.62814015],[20.90979258,60.63215581],[20.902446,60.63311057],[20.91081993,60.62814015]]],[[[20.8426626,60.61320912],[20.84841677,60.61357855],[20.8509617,60.61908791],[20.83869045,60.61532646],[20.8426626,60.61320912]]],[[[21.08407078,60.58345381],[21.08896178,60.58449178],[21.08542581,60.58704944],[21.07523063,60.58442019],[21.08407078,60.58345381]]],[[[20.86011062,60.56755384],[20.86071727,60.57073923],[20.85288662,60.5715491],[20.85387137,60.56861971],[20.86011062,60.56755384]]],[[[20.21086079,60.53484961],[20.21327689,60.53583422],[20.21122247,60.53968327],[20.20314459,60.5387003],[20.21086079,60.53484961]]],[[[20.90501014,60.55868292],[20.90962421,60.55939614],[20.89865757,60.55922498],[20.90501014,60.55868292]]],[[[21.11524326,60.56611737],[21.12027877,60.56955968],[21.11024362,60.56853874],[21.11524326,60.56611737]]],[[[21.1132979,60.56043786],[21.11467075,60.56495299],[21.10689658,60.56315909],[21.1132979,60.56043786]]],[[[20.85497238,60.53479626],[20.85869417,60.53719407],[20.84874109,60.53828702],[20.85497238,60.53479626]]],[[[21.09905068,60.54457707],[21.09854784,60.54982601],[21.08926459,60.54736614],[21.09905068,60.54457707]]],[[[21.05327048,60.53932605],[21.06687709,60.54528019],[21.06833098,60.54997871],[21.05338386,60.54311414],[21.05048886,60.54567212],[21.06854277,60.55826927],[21.04258207,60.55624547],[21.03338678,60.55901808],[21.02540244,60.55572279],[21.0291607,60.55176012],[21.04437237,60.54867589],[21.04187642,60.53990543],[21.05327048,60.53932605]]],[[[20.9355893,60.53372431],[20.93463438,60.53619658],[20.92475692,60.53531189],[20.9355893,60.53372431]]],[[[21.01387053,60.53708151],[21.01395722,60.54069643],[21.00806329,60.53927716],[21.01387053,60.53708151]]],[[[20.99332776,60.53187817],[20.99335587,60.53652648],[20.98337373,60.53689508],[20.99332776,60.53187817]]],[[[20.90535256,60.5243422],[20.90331331,60.52820735],[20.90780281,60.52881761],[20.90062498,60.53275203],[20.89732823,60.52567034],[20.90535256,60.5243422]]],[[[20.9934007,60.52592173],[20.99620447,60.52858307],[20.99011283,60.53031333],[20.9934007,60.52592173]]],[[[21.01757989,60.52185694],[21.03428067,60.52807735],[21.02896634,60.53066068],[21.02691183,60.52808876],[21.01784714,60.52882748],[21.02124519,60.532286],[21.01962058,60.5357521],[21.00978642,60.53416743],[21.01158563,60.5312607],[21.00883575,60.52667711],[21.01757989,60.52185694]]],[[[20.90967587,60.51628081],[20.91217301,60.51725144],[20.90937273,60.51993775],[20.88060845,60.52309687],[20.89224749,60.52652458],[20.89215735,60.53178009],[20.89676279,60.53376875],[20.89353955,60.53526013],[20.88492541,60.53021687],[20.86754038,60.53221624],[20.87404909,60.52355891],[20.8722664,60.52252343],[20.88158335,60.52197554],[20.88456099,60.5183562],[20.90967587,60.51628081]]],[[[20.92543291,60.51407349],[20.92023247,60.51868816],[20.91671861,60.51609574],[20.92543291,60.51407349]]],[[[19.94556242,60.46450878],[19.94382951,60.4714339],[19.93582405,60.46720706],[19.94556242,60.46450878]]],[[[20.95372664,60.50909961],[20.95340769,60.51237128],[20.94733215,60.51364434],[20.94778914,60.51009041],[20.95372664,60.50909961]]],[[[21.09895533,60.51468393],[21.10433743,60.51858516],[21.10033839,60.52021792],[21.0974286,60.52825846],[21.08778603,60.53089268],[21.08783534,60.53491634],[21.06981068,60.53667426],[21.04532101,60.53001377],[21.05138377,60.52257185],[21.06202783,60.51824937],[21.09895533,60.51468393]]],[[[21.04315913,60.51210379],[21.04734146,60.51391773],[21.03803745,60.51443492],[21.04315913,60.51210379]]],[[[21.02228654,60.50620177],[21.02971747,60.50785765],[21.03161205,60.51118333],[21.01936579,60.5106497],[21.01730617,60.50771174],[21.02228654,60.50620177]]],[[[20.1278387,60.46081503],[20.13500519,60.46410852],[20.12088045,60.46705655],[20.12234518,60.46140522],[20.1278387,60.46081503]]],[[[20.8738241,60.49692458],[20.87895414,60.50020291],[20.87074524,60.49892926],[20.8738241,60.49692458]]],[[[21.10110017,60.50693447],[21.10260414,60.5092755],[21.09881564,60.51293408],[21.09311723,60.50945941],[21.10110017,60.50693447]]],[[[20.10992509,60.45885148],[20.1133465,60.46427161],[20.10635794,60.46258543],[20.10599108,60.45989407],[20.10992509,60.45885148]]],[[[21.07895996,60.50518604],[21.08653192,60.50692411],[21.08030036,60.50908007],[21.08191316,60.51148693],[21.07806642,60.51417966],[21.06983025,60.51275661],[21.07895996,60.50518604]]],[[[20.10671057,60.45515612],[20.1078321,60.4572979],[20.10194869,60.45808904],[20.10175048,60.45568366],[20.10671057,60.45515612]]],[[[21.12265407,60.5003567],[21.12419774,60.50511476],[21.11720522,60.50318703],[21.12265407,60.5003567]]],[[[20.86148499,60.48806799],[20.86547167,60.49061138],[20.86124649,60.49380429],[20.85338981,60.49269825],[20.86148499,60.48806799]]],[[[20.19321269,60.45333132],[20.19776767,60.45802467],[20.18780311,60.46182387],[20.19321269,60.45333132]]],[[[19.7595133,60.43017713],[19.76277443,60.43112044],[19.76327352,60.4369843],[19.75536027,60.43648978],[19.75675542,60.43459777],[19.75367838,60.43243611],[19.7595133,60.43017713]]],[[[21.10697664,60.49645919],[21.11099817,60.49783387],[21.10925462,60.50239144],[21.08931137,60.50567954],[21.0898145,60.50162906],[21.10697664,60.49645919]]],[[[19.73157862,60.42620702],[19.74208059,60.4331617],[19.73681384,60.43466014],[19.73157862,60.42620702]]],[[[20.85155249,60.48010624],[20.86071275,60.48300107],[20.84863461,60.48604276],[20.84821567,60.48898521],[20.83544197,60.48921446],[20.83784939,60.48827381],[20.83626376,60.48350868],[20.85155249,60.48010624]]],[[[21.09658316,60.49106525],[21.09716603,60.49508573],[21.0893328,60.49383962],[21.09658316,60.49106525]]],[[[20.22682758,60.44935521],[20.23186384,60.45262089],[20.22904233,60.45850717],[20.23296989,60.46142072],[20.23077651,60.46334315],[20.21340139,60.46100315],[20.21285769,60.45609176],[20.21788166,60.45420851],[20.21800221,60.44965206],[20.22682758,60.44935521]]],[[[19.60163405,60.41519385],[19.60616931,60.42104504],[19.59902767,60.42217747],[19.60163405,60.41519385]]],[[[20.92012043,60.47953013],[20.93111837,60.49201782],[20.92040527,60.49093458],[20.92258063,60.48346293],[20.91718456,60.48037005],[20.92012043,60.47953013]]],[[[19.74058687,60.41908639],[19.74328103,60.42206766],[19.7411192,60.42529454],[19.73630873,60.42441708],[19.73587399,60.41934268],[19.74058687,60.41908639]]],[[[20.90164893,60.47725745],[20.90507238,60.47961821],[20.90184524,60.4823999],[20.89278256,60.48220397],[20.90164893,60.47725745]]],[[[20.8478255,60.47288308],[20.84903718,60.47571614],[20.84173202,60.47489408],[20.8478255,60.47288308]]],[[[19.59646918,60.40879085],[19.60283604,60.41290293],[19.59084511,60.41241],[19.59646918,60.40879085]]],[[[20.16557725,60.43796045],[20.16630653,60.44437405],[20.15582476,60.44540161],[20.1572656,60.43977973],[20.16557725,60.43796045]]],[[[20.22694923,60.44063045],[20.23198792,60.44686561],[20.21538415,60.44105776],[20.22694923,60.44063045]]],[[[20.97857714,60.47639582],[20.98141978,60.47736917],[20.97758667,60.48036284],[20.97939128,60.48252201],[20.97336595,60.47974234],[20.97857714,60.47639582]]],[[[20.07872214,60.4322811],[20.08237264,60.43955835],[20.07482206,60.4412619],[20.07344218,60.43601691],[20.07872214,60.4322811]]],[[[21.11187312,60.48191623],[21.10852714,60.48538591],[21.10372091,60.48330503],[21.11187312,60.48191623]]],[[[19.72962979,60.41258497],[19.73439599,60.42042812],[19.73099932,60.42052718],[19.72962979,60.41258497]]],[[[20.86215757,60.46977888],[20.86492313,60.4769354],[20.85847558,60.47127698],[20.86215757,60.46977888]]],[[[20.94821525,60.47364268],[20.95237214,60.47679903],[20.9518221,60.4798809],[20.95491447,60.48004232],[20.95171426,60.48704842],[20.94344948,60.48981441],[20.93432447,60.48631739],[20.93366083,60.48025063],[20.94313341,60.47894165],[20.94196533,60.47620135],[20.94821525,60.47364268]]],[[[21.00753194,60.47601297],[21.0165607,60.47774093],[21.01026218,60.48013506],[20.99732761,60.47743765],[21.00753194,60.47601297]]],[[[20.75924219,60.46435946],[20.7681896,60.46920718],[20.7563043,60.47134831],[20.75440814,60.46780583],[20.75924219,60.46435946]]],[[[20.25916226,60.43962595],[20.26748388,60.44267176],[20.26986061,60.44814416],[20.2558506,60.44219725],[20.25916226,60.43962595]]],[[[20.2416825,60.43861191],[20.25012946,60.44547734],[20.24458538,60.44729879],[20.23569206,60.44205506],[20.2416825,60.43861191]]],[[[20.20014769,60.43523692],[20.21268539,60.43972818],[20.20275974,60.44009078],[20.20014769,60.43523692]]],[[[20.97045659,60.47235096],[20.97381919,60.47639019],[20.96723285,60.47484109],[20.97045659,60.47235096]]],[[[20.05894573,60.42771196],[20.07013496,60.42869701],[20.06817841,60.43767153],[20.06168744,60.43693038],[20.05762288,60.44145396],[20.05247113,60.44115642],[20.04252758,60.43879754],[20.04291997,60.43509326],[20.03559905,60.43111295],[20.0453514,60.42777529],[20.05646595,60.43074678],[20.05894573,60.42771196]]],[[[20.44619379,60.44553701],[20.44831774,60.4483556],[20.44030008,60.44843251],[20.44619379,60.44553701]]],[[[20.26804116,60.43462406],[20.27617398,60.43728173],[20.27498541,60.4397765],[20.26601647,60.44029902],[20.2594217,60.43692158],[20.26804116,60.43462406]]],[[[20.91339353,60.46571323],[20.91544858,60.46962057],[20.91177323,60.47350887],[20.89625714,60.4714444],[20.90037741,60.46695429],[20.91339353,60.46571323]]],[[[19.92744879,60.41668654],[19.92831957,60.42133356],[19.92282846,60.42206649],[19.92744879,60.41668654]]],[[[19.70729451,60.40426542],[19.71150968,60.40537219],[19.70972868,60.4100529],[19.70567622,60.40713977],[19.70729451,60.40426542]]],[[[20.03420867,60.4217395],[20.04227156,60.42636518],[20.03257278,60.43045669],[20.03476545,60.43783294],[20.02989618,60.44104032],[20.01427989,60.44217043],[20.00324635,60.43570941],[20.00735276,60.43376827],[20.0201146,60.43754347],[20.03020689,60.43522885],[20.0219467,60.42988812],[20.03420867,60.4217395]]],[[[20.22433189,60.43091334],[20.2329665,60.43209742],[20.23269067,60.43425429],[20.22116367,60.4337744],[20.22433189,60.43091334]]],[[[20.05689959,60.42019133],[20.05686095,60.42333404],[20.04871233,60.4263853],[20.05217517,60.42101726],[20.05689959,60.42019133]]],[[[20.8939637,60.46066177],[20.89690084,60.46260889],[20.89380058,60.4648409],[20.89622314,60.46683929],[20.88683796,60.46877071],[20.89169514,60.46668975],[20.8866889,60.46420091],[20.8939637,60.46066177]]],[[[20.78658627,60.45561593],[20.79327448,60.45634277],[20.79322115,60.46164171],[20.78777567,60.46699385],[20.78095667,60.4677675],[20.78101959,60.46477565],[20.77122758,60.46217719],[20.77288577,60.45835832],[20.78658627,60.45561593]]],[[[20.37164469,60.43551792],[20.3818075,60.44066628],[20.36959845,60.43746296],[20.37164469,60.43551792]]],[[[20.04232704,60.41861715],[20.0482325,60.42248388],[20.0414782,60.42109315],[20.04232704,60.41861715]]],[[[20.09505352,60.42053787],[20.09916215,60.42502611],[20.0895518,60.42953891],[20.07520322,60.43052311],[20.07994808,60.42613797],[20.09006835,60.42545861],[20.09505352,60.42053787]]],[[[20.8190971,60.45598469],[20.82582127,60.45902366],[20.82231293,60.466822],[20.8183744,60.46538851],[20.82293937,60.46135982],[20.81735117,60.45905336],[20.8190971,60.45598469]]],[[[19.7279243,60.39943691],[19.72514979,60.40653112],[19.716535,60.41373093],[19.71743533,60.4189104],[19.73334686,60.43359803],[19.73175932,60.43786605],[19.71250119,60.42264523],[19.71205624,60.41805788],[19.71789416,60.40805096],[19.72097372,60.40764849],[19.72246408,60.40062092],[19.7279243,60.39943691]]],[[[20.66944822,60.44598387],[20.6725476,60.44697315],[20.67033752,60.45144654],[20.66516155,60.44870264],[20.66944822,60.44598387]]],[[[19.67531389,60.39353698],[19.67304691,60.39849751],[19.66988549,60.3981248],[19.67531389,60.39353698]]],[[[20.38086953,60.43029979],[20.3893403,60.43408197],[20.38649449,60.43743599],[20.39286702,60.44167691],[20.38935959,60.44300776],[20.37370636,60.43338904],[20.38086953,60.43029979]]],[[[20.96803896,60.45761129],[20.9672282,60.46643024],[20.96383105,60.46753202],[20.96158147,60.4622718],[20.96803896,60.45761129]]],[[[20.39332163,60.42916973],[20.39611079,60.43024379],[20.38934051,60.43202764],[20.39332163,60.42916973]]],[[[20.27893425,60.42341758],[20.27761519,60.42630617],[20.28166844,60.42786478],[20.27150097,60.42565362],[20.27893425,60.42341758]]],[[[20.90964607,60.45373299],[20.91834505,60.45512529],[20.91935304,60.46134859],[20.90312719,60.4619232],[20.90964607,60.45373299]]],[[[19.74317511,60.39307335],[19.74790108,60.39406328],[19.75081403,60.40259459],[19.74329742,60.39834424],[19.73714044,60.40316788],[19.73302399,60.40275046],[19.74317511,60.39307335]]],[[[19.69317355,60.39028412],[19.6895321,60.39439276],[19.68420534,60.39465046],[19.68528197,60.39120828],[19.69317355,60.39028412]]],[[[19.69955404,60.38993856],[19.69839854,60.39900493],[19.69155555,60.39888941],[19.69325368,60.39283619],[19.69955404,60.38993856]]],[[[20.09493317,60.41069532],[20.10078937,60.41469879],[20.0990839,60.41769262],[20.09279147,60.41562773],[20.09493317,60.41069532]]],[[[20.12911481,60.41195342],[20.12620417,60.41735122],[20.12175407,60.41420173],[20.12911481,60.41195342]]],[[[20.04909842,60.40759242],[20.05476517,60.41042566],[20.04783595,60.41237735],[20.04909842,60.40759242]]],[[[21.05178074,60.45565501],[21.05881818,60.45705385],[21.05804359,60.46173098],[21.05450756,60.46314517],[21.048688,60.45901856],[21.05178074,60.45565501]]],[[[20.13498864,60.4101618],[20.14076042,60.41510764],[20.13100383,60.4147086],[20.13498864,60.4101618]]],[[[20.26858459,60.41692417],[20.27218634,60.42092549],[20.26661413,60.41935859],[20.26858459,60.41692417]]],[[[20.26159892,60.41508998],[20.26465131,60.41820877],[20.25982985,60.42036049],[20.26876365,60.42494431],[20.27318596,60.43158149],[20.27081776,60.433617],[20.25308612,60.42423449],[20.25318811,60.417685],[20.26159892,60.41508998]]],[[[20.97285602,60.44584371],[20.97241033,60.45340563],[20.96459322,60.45345137],[20.9644139,60.44833437],[20.97285602,60.44584371]]],[[[20.27395818,60.41183532],[20.27118267,60.41477914],[20.27816574,60.41626289],[20.27600536,60.41905044],[20.26798948,60.41565753],[20.26805079,60.41286656],[20.27395818,60.41183532]]],[[[20.99867999,60.44637764],[21.00571654,60.44916925],[21.0037126,60.45324693],[20.98712262,60.45222838],[20.99044411,60.44776281],[20.99867999,60.44637764]]],[[[20.66898387,60.43102525],[20.67102113,60.43346558],[20.66534713,60.43434033],[20.66898387,60.43102525]]],[[[19.99945454,60.39688178],[20.0020247,60.39840255],[20.00028906,60.4029415],[19.99624255,60.40070178],[19.99945454,60.39688178]]],[[[21.04618753,60.44797185],[21.05241455,60.45058665],[21.04458382,60.45661072],[21.0389302,60.4514919],[21.04618753,60.44797185]]],[[[21.10815095,60.44964312],[21.11143089,60.45294513],[21.10483838,60.45402873],[21.10815095,60.44964312]]],[[[19.78011858,60.38243421],[19.78628009,60.39163073],[19.79091932,60.39274998],[19.79519169,60.40651347],[19.79897145,60.41292696],[19.80467711,60.41483151],[19.80597916,60.42049459],[19.79138943,60.41405394],[19.78779651,60.40714507],[19.77793065,60.41154471],[19.77138446,60.40296944],[19.76324451,60.40695721],[19.77299228,60.42744322],[19.75298755,60.42785823],[19.75124808,60.41397852],[19.76051009,60.40809884],[19.76413704,60.39601444],[19.77547713,60.39392075],[19.77724397,60.3902445],[19.77232641,60.38746477],[19.78011858,60.38243421]]],[[[21.02694777,60.44419241],[21.0279867,60.44795351],[21.038078,60.44975348],[21.02725539,60.45382859],[21.02881005,60.45117015],[21.02449771,60.44980683],[21.02689191,60.44758609],[21.02316694,60.44719422],[21.02694777,60.44419241]]],[[[19.74614391,60.38016997],[19.74775184,60.38267055],[19.74304124,60.38574505],[19.74136726,60.38157748],[19.74614391,60.38016997]]],[[[20.31950647,60.40930599],[20.3281346,60.41234174],[20.32540611,60.41674602],[20.31694633,60.41204111],[20.31950647,60.40930599]]],[[[20.28891543,60.40738881],[20.29843926,60.41402694],[20.28843322,60.42055822],[20.28545114,60.41926366],[20.28485847,60.41398956],[20.27857897,60.41130661],[20.28891543,60.40738881]]],[[[20.31101152,60.40836297],[20.3165827,60.41046067],[20.31853183,60.41645731],[20.31577824,60.41980141],[20.30885635,60.41952917],[20.31059837,60.41734985],[20.30653545,60.41354953],[20.31101152,60.40836297]]],[[[20.01864002,60.39277981],[20.02303508,60.39540903],[20.01318625,60.40139989],[20.01311544,60.39638955],[20.01864002,60.39277981]]],[[[20.93790147,60.4379519],[20.94700143,60.43999424],[20.95386027,60.44577574],[20.95313764,60.46020362],[20.94255277,60.46451032],[20.94563163,60.47001323],[20.93643459,60.46865938],[20.92850016,60.47236628],[20.9249297,60.47786667],[20.91990112,60.47664403],[20.91674242,60.47289939],[20.92833152,60.46996827],[20.93068287,60.46220206],[20.92359129,60.45813412],[20.92729188,60.45538805],[20.92550229,60.45175857],[20.93076419,60.44879356],[20.92547895,60.44250532],[20.93790147,60.4379519]]],[[[19.60265784,60.36871813],[19.60842548,60.37335254],[19.60038834,60.371868],[19.60265784,60.36871813]]],[[[19.67522007,60.3715603],[19.67939052,60.37276523],[19.67697398,60.37547677],[19.68084405,60.37826334],[19.6720293,60.37799755],[19.66999551,60.37409099],[19.67522007,60.3715603]]],[[[21.07137391,60.4412753],[21.08101605,60.44421793],[21.06618108,60.45038871],[21.07146379,60.45236657],[21.08878108,60.44878959],[21.09251484,60.45664233],[21.10004736,60.45995213],[21.09391658,60.46560157],[21.10452299,60.46844043],[21.10142362,60.47053321],[21.10674668,60.47284742],[21.10572624,60.47615679],[21.10162136,60.48201123],[21.08960854,60.47818326],[21.08464355,60.48420134],[21.09249521,60.48593496],[21.07784644,60.49623468],[21.06849564,60.49646193],[21.06163035,60.50219301],[21.0491034,60.50609005],[21.03474683,60.50311934],[21.037221,60.49359143],[21.04947924,60.49315598],[21.05429447,60.48824196],[21.0681014,60.48697567],[21.07578704,60.48245188],[21.0715833,60.47805053],[21.07533833,60.47159355],[21.06376731,60.47536891],[21.05290017,60.46537947],[21.06927171,60.4592918],[21.06861328,60.45658393],[21.06125153,60.45471203],[21.07137391,60.4412753]]],[[[21.04169172,60.43964208],[21.042364,60.44175964],[21.02574015,60.44282644],[21.04169172,60.43964208]]],[[[20.27805722,60.40270092],[20.28125408,60.40411149],[20.27632995,60.40749699],[20.26882192,60.40555963],[20.27805722,60.40270092]]],[[[21.002486,60.4369548],[21.00021361,60.44064521],[20.99108989,60.44321424],[20.99183641,60.43911378],[21.002486,60.4369548]]],[[[20.29993081,60.40270711],[20.31055544,60.40417999],[20.30810403,60.41219571],[20.2950673,60.40693189],[20.29993081,60.40270711]]],[[[19.7435007,60.37339223],[19.74778249,60.37717344],[19.74128251,60.37682845],[19.7435007,60.37339223]]],[[[19.72092253,60.37157977],[19.73822645,60.37841802],[19.73421724,60.38293638],[19.73885274,60.38677135],[19.73712181,60.39120086],[19.71634339,60.39595837],[19.7097092,60.39268827],[19.71279029,60.3890865],[19.70287895,60.38134705],[19.7062401,60.37696235],[19.71187169,60.3774181],[19.71650825,60.37180732],[19.72092253,60.37157977]]],[[[20.93508224,60.43251615],[20.93617781,60.43777845],[20.92158478,60.44002716],[20.92217032,60.43634215],[20.93508224,60.43251615]]],[[[20.89559393,60.43041639],[20.89408109,60.43715859],[20.88987396,60.43594167],[20.89559393,60.43041639]]],[[[20.90561736,60.42975194],[20.89920472,60.43505508],[20.89834752,60.43287486],[20.90561736,60.42975194]]],[[[20.36627422,60.40362886],[20.36425581,60.40900563],[20.35841573,60.40703279],[20.36627422,60.40362886]]],[[[20.3165125,60.39740486],[20.31853782,60.40186435],[20.31031112,60.40102775],[20.3165125,60.39740486]]],[[[19.45090116,60.35030425],[19.45539083,60.35102906],[19.45497408,60.35522951],[19.44666734,60.35431892],[19.45090116,60.35030425]]],[[[19.99277029,60.37898499],[19.99499536,60.38947816],[19.98422418,60.39215659],[19.99100854,60.40438757],[19.97184982,60.39505884],[19.98199599,60.38263809],[19.99277029,60.37898499]]],[[[20.88240977,60.42275489],[20.88477011,60.42451951],[20.88132771,60.42880582],[20.88309981,60.43098523],[20.87789761,60.43373934],[20.87415662,60.42859674],[20.87603075,60.42444183],[20.88240977,60.42275489]]],[[[19.71556365,60.36314011],[19.71912922,60.36794818],[19.712611,60.36911907],[19.71556365,60.36314011]]],[[[20.48645183,60.40320839],[20.4915878,60.40775086],[20.49018809,60.41107506],[20.48091815,60.41081148],[20.48645183,60.40320839]]],[[[20.05393167,60.38051899],[20.05620144,60.38349478],[20.04507603,60.38496199],[20.04127757,60.39224239],[20.0289474,60.39256883],[20.02183973,60.38655055],[20.02701809,60.38257931],[20.03227504,60.38164052],[20.03694026,60.38613819],[20.05393167,60.38051899]]],[[[20.34251412,60.39504281],[20.35076285,60.39871523],[20.35204759,60.40716167],[20.34185103,60.40569263],[20.34175331,60.40195578],[20.33538332,60.39874345],[20.34251412,60.39504281]]],[[[20.28786799,60.39204812],[20.29217313,60.394688],[20.28735204,60.39891406],[20.27724774,60.39997789],[20.27371918,60.40326244],[20.26586868,60.39950691],[20.28533322,60.39593465],[20.28786799,60.39204812]]],[[[21.0323234,60.4276229],[21.0511887,60.4330863],[21.05894677,60.43848218],[21.05723994,60.44118839],[21.04405121,60.4369007],[21.02778413,60.43944615],[21.02351522,60.43600817],[21.01404717,60.4369847],[21.01215251,60.43376882],[21.02012695,60.43083677],[21.01877817,60.42859388],[21.0323234,60.4276229]]],[[[20.90665587,60.42155109],[20.91147823,60.42495795],[20.90367841,60.42918589],[20.90242591,60.42667808],[20.90665587,60.42155109]]],[[[20.0940238,60.38171398],[20.1160161,60.39301533],[20.12017926,60.39918148],[20.11544297,60.40613029],[20.10013785,60.40424327],[20.09147353,60.39677024],[20.07347883,60.39277611],[20.0940238,60.38171398]]],[[[19.96712767,60.37441786],[19.97859085,60.37612249],[19.97965886,60.38224367],[19.97508582,60.38579345],[19.96288095,60.38608998],[19.95115398,60.37842727],[19.96712767,60.37441786]]],[[[20.75776362,60.41389106],[20.76468261,60.42147132],[20.76153739,60.4272836],[20.75407564,60.41804058],[20.75776362,60.41389106]]],[[[19.70486764,60.35835085],[19.71231933,60.36364619],[19.7074099,60.37146636],[19.69959659,60.37648239],[19.699859,60.37948479],[19.68916571,60.3812634],[19.69142003,60.3776078],[19.68743127,60.36709228],[19.70486764,60.35835085]]],[[[20.06033462,60.37730295],[20.06405044,60.37832891],[20.06304244,60.3805214],[20.05782485,60.38026299],[20.06033462,60.37730295]]],[[[19.72200975,60.35905179],[19.72685463,60.3672792],[19.72075447,60.36634604],[19.72200975,60.35905179]]],[[[19.52860356,60.3477527],[19.53470706,60.3544325],[19.52079272,60.35365853],[19.51837441,60.3510943],[19.52860356,60.3477527]]],[[[19.54683016,60.34852066],[19.55414438,60.35221248],[19.53756316,60.35194374],[19.54683016,60.34852066]]],[[[20.86951148,60.41619279],[20.87320836,60.42102682],[20.86709701,60.42606287],[20.86951148,60.41619279]]],[[[20.88836348,60.41577727],[20.89362838,60.41697733],[20.88672546,60.4201503],[20.88463227,60.41766491],[20.88836348,60.41577727]]],[[[20.94518869,60.41807075],[20.94581814,60.42184385],[20.9380193,60.41964144],[20.94518869,60.41807075]]],[[[20.56561219,60.39960466],[20.56874275,60.40050745],[20.56048428,60.40135445],[20.56561219,60.39960466]]],[[[20.37316252,60.38994659],[20.37223547,60.3945392],[20.36644297,60.39380108],[20.36633119,60.39108544],[20.37316252,60.38994659]]],[[[20.33725976,60.3877475],[20.34164185,60.39054862],[20.33361605,60.39103111],[20.33140702,60.38846095],[20.33725976,60.3877475]]],[[[20.07925828,60.37406822],[20.08740063,60.3770994],[20.08098254,60.3778611],[20.08201712,60.38024815],[20.07817492,60.38200982],[20.0747652,60.37719497],[20.07925828,60.37406822]]],[[[20.11594516,60.37546912],[20.12929629,60.3793572],[20.13217698,60.39114145],[20.12179756,60.39142644],[20.10725283,60.38378013],[20.10627975,60.37887834],[20.11594516,60.37546912]]],[[[21.01423771,60.4188492],[21.01625551,60.420358],[21.01159412,60.42243779],[21.00430184,60.42107119],[21.01423771,60.4188492]]],[[[19.73966401,60.35337897],[19.73728256,60.35818499],[19.74653441,60.36386829],[19.75723339,60.3620637],[19.75611618,60.36544442],[19.76620137,60.37071887],[19.76694902,60.37418077],[19.75159452,60.374609],[19.73517885,60.3692231],[19.72901148,60.36330559],[19.73097729,60.35563277],[19.73966401,60.35337897]]],[[[21.07329924,60.41911779],[21.07088233,60.42330344],[21.06529412,60.41998605],[21.07329924,60.41911779]]],[[[20.62062645,60.39735939],[20.62890138,60.40445793],[20.61903226,60.40962881],[20.61676062,60.41898401],[20.60237116,60.41794136],[20.60906947,60.41095513],[20.60474459,60.40654108],[20.59786433,60.40605624],[20.5994843,60.40286483],[20.62062645,60.39735939]]],[[[20.12896339,60.37187968],[20.13950247,60.37603256],[20.1303703,60.37804676],[20.12712455,60.37570153],[20.12896339,60.37187968]]],[[[19.56489422,60.34054534],[19.57226858,60.34400589],[19.57000782,60.34711192],[19.55534602,60.34587588],[19.55602222,60.34218553],[19.56489422,60.34054534]]],[[[19.39072905,60.32913357],[19.39333663,60.33187024],[19.384798,60.33194984],[19.39072905,60.32913357]]],[[[20.9270686,60.40818204],[20.93013141,60.41180163],[20.92070052,60.41127412],[20.9270686,60.40818204]]],[[[20.79491003,60.4017427],[20.78184496,60.40670136],[20.78258273,60.40367108],[20.79491003,60.4017427]]],[[[21.01057996,60.41079924],[21.01265102,60.41313907],[21.00395104,60.41412478],[21.01057996,60.41079924]]],[[[19.77117589,60.34820876],[19.78063515,60.35828574],[19.77048422,60.35643435],[19.76732687,60.35755766],[19.76719557,60.36232486],[19.75951278,60.36372872],[19.75940923,60.36134691],[19.74473235,60.36037802],[19.74272624,60.35715858],[19.77117589,60.34820876]]],[[[20.61486425,60.3914105],[20.6184368,60.39435139],[20.59835169,60.40040667],[20.59703783,60.39675694],[20.60106031,60.39427529],[20.61486425,60.3914105]]],[[[20.85012313,60.40234662],[20.85557729,60.40519663],[20.84931314,60.40858956],[20.85111421,60.41783321],[20.8380338,60.41467711],[20.841053,60.40905711],[20.84472657,60.40912133],[20.84259585,60.40622579],[20.85012313,60.40234662]]],[[[20.98961149,60.40838858],[20.99163591,60.41454926],[21.0004692,60.4167136],[20.99480453,60.42509042],[21.01089916,60.42805707],[21.00800136,60.4302694],[20.99968568,60.42779355],[20.99436816,60.43160686],[20.98755765,60.42660961],[20.97829406,60.42832726],[20.9684631,60.42447104],[20.96309444,60.42694151],[20.96559703,60.43043857],[20.96163485,60.4358846],[20.95302815,60.43724514],[20.94202715,60.43110155],[20.9453497,60.4255771],[20.95428107,60.42730632],[20.96074033,60.42219262],[20.96820807,60.42432279],[20.97341672,60.41595746],[20.98961149,60.40838858]]],[[[20.34350884,60.37666056],[20.34611792,60.37839703],[20.34462191,60.38041344],[20.33582063,60.38265395],[20.33833987,60.37754838],[20.34350884,60.37666056]]],[[[20.7125709,60.39355596],[20.71299074,60.39630043],[20.70793583,60.39851829],[20.70516046,60.39618765],[20.7125709,60.39355596]]],[[[20.5465061,60.38540024],[20.54675297,60.38911811],[20.53966953,60.38913959],[20.5465061,60.38540024]]],[[[21.0811184,60.41028766],[21.08462477,60.41177519],[21.08128517,60.41577825],[21.0748666,60.41547795],[21.0811184,60.41028766]]],[[[20.73067594,60.39363519],[20.73872117,60.4012451],[20.73297804,60.401357],[20.73287195,60.3985894],[20.72786878,60.39725238],[20.73067594,60.39363519]]],[[[20.6939859,60.39025346],[20.70451601,60.39338726],[20.69304345,60.39680884],[20.68504602,60.39320338],[20.6939859,60.39025346]]],[[[19.7012285,60.33904012],[19.70596082,60.34672516],[19.69947127,60.34490363],[19.7012285,60.33904012]]],[[[19.59097085,60.33040647],[19.59443518,60.33164028],[19.59309555,60.33910555],[19.602206,60.3547266],[19.62077488,60.36492368],[19.62182307,60.36898659],[19.61079126,60.36791786],[19.57884296,60.35594065],[19.57258602,60.34052448],[19.58706021,60.33691194],[19.5851393,60.33444638],[19.59097085,60.33040647]]],[[[20.27634174,60.36546653],[20.2813477,60.366901],[20.28313172,60.37188488],[20.2755322,60.37275675],[20.26871008,60.36953669],[20.27634174,60.36546653]]],[[[21.08929746,60.40413751],[21.09561644,60.40569517],[21.09053037,60.41014069],[21.08036374,60.40892612],[21.08929746,60.40413751]]],[[[19.73099069,60.33657826],[19.73603385,60.3437266],[19.72815495,60.34268189],[19.72591869,60.3382345],[19.73099069,60.33657826]]],[[[20.35527409,60.36935601],[20.35839422,60.36999794],[20.35830128,60.37753479],[20.3550474,60.37763666],[20.35359194,60.37320513],[20.34580514,60.37364475],[20.34511262,60.37124222],[20.35527409,60.36935601]]],[[[20.2606198,60.36379969],[20.26375179,60.36906486],[20.25556321,60.36885755],[20.2606198,60.36379969]]],[[[20.53023864,60.37653365],[20.53317072,60.38313781],[20.52479489,60.38033551],[20.52574938,60.37712978],[20.53023864,60.37653365]]],[[[20.1416911,60.35669431],[20.14808786,60.3615426],[20.13492409,60.36209567],[20.13491824,60.35937676],[20.1416911,60.35669431]]],[[[19.76940246,60.33678797],[19.77448985,60.33808702],[19.77651304,60.34508398],[19.76747238,60.34629232],[19.76940246,60.33678797]]],[[[20.18458309,60.35753873],[20.18079095,60.36292353],[20.17046669,60.36220356],[20.18458309,60.35753873]]],[[[20.99112411,60.39650984],[20.99707953,60.40067377],[20.98479741,60.40173957],[20.99112411,60.39650984]]],[[[20.28877587,60.36277507],[20.29406288,60.36598839],[20.2907278,60.36672953],[20.29180812,60.36904115],[20.28713107,60.36671711],[20.28877587,60.36277507]]],[[[20.5872299,60.37715521],[20.58932461,60.37755322],[20.58751346,60.38148949],[20.58330685,60.37953102],[20.5872299,60.37715521]]],[[[20.62617136,60.37887186],[20.62602448,60.38170645],[20.63011123,60.38208513],[20.62424393,60.38440922],[20.62253222,60.38147917],[20.62617136,60.37887186]]],[[[20.90895893,60.39215485],[20.9082996,60.39584412],[20.90303113,60.39567892],[20.90895893,60.39215485]]],[[[20.77795943,60.38594038],[20.78390478,60.39020982],[20.7772321,60.39260361],[20.78002241,60.39570348],[20.7723182,60.39851217],[20.77178548,60.4017295],[20.7790172,60.4054205],[20.77219737,60.41047945],[20.76046953,60.41029048],[20.75731165,60.40563951],[20.76009625,60.39676289],[20.77795943,60.38594038]]],[[[20.23764878,60.35912745],[20.23526079,60.36643111],[20.23085783,60.36588033],[20.23058249,60.35977431],[20.23764878,60.35912745]]],[[[20.89879899,60.39069577],[20.90485844,60.39198206],[20.90074762,60.39579794],[20.89628281,60.39532775],[20.89879899,60.39069577]]],[[[21.00751939,60.39500106],[21.02300591,60.39793265],[21.02437176,60.40616367],[21.01441241,60.40740788],[21.00352072,60.3966993],[21.00751939,60.39500106]]],[[[21.03322713,60.39556031],[21.03475108,60.39792946],[21.02510166,60.40141689],[21.03322713,60.39556031]]],[[[21.07351026,60.39734461],[21.07587387,60.40022271],[21.07332349,60.40327833],[21.0767358,60.40398438],[21.07173085,60.40560701],[21.06837934,60.40097421],[21.07351026,60.39734461]]],[[[19.69125337,60.32801855],[19.69391492,60.33675014],[19.69804756,60.33720882],[19.69543135,60.34703486],[19.68213555,60.3499902],[19.68190567,60.34493487],[19.6756731,60.34142849],[19.67592836,60.33796101],[19.69125337,60.32801855]]],[[[21.0511012,60.39558276],[21.0564679,60.39654068],[21.05398244,60.39945448],[21.06715666,60.39811332],[21.06412163,60.40353072],[21.07105657,60.41384187],[21.06785664,60.41710382],[21.05485284,60.41911476],[21.0490347,60.42447435],[21.05390091,60.42932467],[21.03224439,60.41737121],[21.03820915,60.4108676],[21.03841944,60.40714843],[21.03310683,60.40816361],[21.03345837,60.4042945],[21.04559812,60.4060422],[21.04836517,60.40295033],[21.04307461,60.39744574],[21.0511012,60.39558276]]],[[[19.5719785,60.31981355],[19.57533789,60.32381864],[19.5708639,60.32939523],[19.56800163,60.32884942],[19.56501932,60.32136184],[19.5719785,60.31981355]]],[[[20.25276153,60.35599719],[20.25871692,60.35731773],[20.25443903,60.35801281],[20.25763146,60.36189466],[20.25241246,60.36362983],[20.24570312,60.35991668],[20.25276153,60.35599719]]],[[[20.98287668,60.38960253],[20.99041149,60.39341543],[20.97929699,60.39677419],[20.97618469,60.4018384],[20.96733556,60.40173268],[20.97665562,60.39048516],[20.98287668,60.38960253]]],[[[19.8144142,60.33052393],[19.8237983,60.3321078],[19.8276049,60.33913214],[19.82044216,60.34109018],[19.81209583,60.33726862],[19.8144142,60.33052393]]],[[[20.39042847,60.36015999],[20.39231463,60.36307825],[20.38990793,60.36485314],[20.3868834,60.36238124],[20.39042847,60.36015999]]],[[[20.54588277,60.36705818],[20.53448423,60.36987624],[20.53468099,60.37365785],[20.5304692,60.3712003],[20.53452247,60.36751424],[20.54588277,60.36705818]]],[[[20.79552997,60.37890872],[20.80029559,60.38217535],[20.7899122,60.38572087],[20.79552997,60.37890872]]],[[[20.92126793,60.38412041],[20.92172486,60.39326095],[20.91520024,60.39331633],[20.91967147,60.38796707],[20.91782429,60.38531178],[20.92126793,60.38412041]]],[[[19.8057761,60.32803486],[19.81580008,60.34566768],[19.79926585,60.34897598],[19.80904982,60.35323187],[19.80983964,60.35814418],[19.80047849,60.36219101],[19.79149326,60.36178302],[19.79061458,60.35971364],[19.79579957,60.35842728],[19.78939182,60.35288373],[19.79120116,60.34513421],[19.78060395,60.3393579],[19.79149305,60.33178318],[19.8057761,60.32803486]]],[[[20.72739574,60.37456882],[20.73189532,60.37720506],[20.72355454,60.37916096],[20.72739574,60.37456882]]],[[[20.90984808,60.38228509],[20.91086075,60.38774874],[20.90558098,60.3883109],[20.90984808,60.38228509]]],[[[21.07533446,60.38917003],[21.07861895,60.39192683],[21.07481491,60.39453117],[21.07068752,60.39142852],[21.07533446,60.38917003]]],[[[20.85965561,60.3785653],[20.85884484,60.3843707],[20.85553675,60.38367058],[20.85965561,60.3785653]]],[[[21.04282538,60.38667005],[21.05251199,60.39080944],[21.04964414,60.39472293],[21.04146524,60.39397525],[21.04282538,60.38667005]]],[[[20.266763,60.34929664],[20.27518258,60.3520079],[20.27669416,60.35947167],[20.27059912,60.36349388],[20.26794438,60.36275896],[20.26978167,60.35728651],[20.26083862,60.35542354],[20.266763,60.34929664]]],[[[20.9936287,60.38408431],[20.99533372,60.38888581],[20.9911512,60.3897645],[20.9936287,60.38408431]]],[[[20.95541541,60.38068225],[20.94594482,60.38872442],[20.94303512,60.38777859],[20.95541541,60.38068225]]],[[[19.70014137,60.31608469],[19.7048828,60.32028231],[19.72368139,60.31946741],[19.72150807,60.32918623],[19.71656762,60.33168233],[19.7072615,60.32908862],[19.70643541,60.32531312],[19.69662561,60.32376364],[19.69439272,60.31993921],[19.70014137,60.31608469]]],[[[20.54132975,60.35866206],[20.55085496,60.36311479],[20.54268897,60.36301371],[20.53929349,60.36100331],[20.54132975,60.35866206]]],[[[20.7775768,60.36972927],[20.7755507,60.37307862],[20.77080267,60.37306194],[20.7775768,60.36972927]]],[[[19.64736264,60.31018086],[19.64738642,60.31364882],[19.64135449,60.31338754],[19.64736264,60.31018086]]],[[[20.28319848,60.34373339],[20.2851618,60.350773],[20.28130723,60.34948843],[20.28319848,60.34373339]]],[[[21.08962759,60.38143069],[21.0879794,60.39268574],[21.08397969,60.38899324],[21.08421059,60.38405157],[21.08962759,60.38143069]]],[[[20.7013234,60.36343763],[20.70475024,60.36637624],[20.70319879,60.37305831],[20.70010673,60.37353535],[20.69582487,60.36613005],[20.7013234,60.36343763]]],[[[21.05146992,60.37955126],[21.06016199,60.38192395],[21.06198621,60.38738628],[21.05816236,60.38873234],[21.04872803,60.38376923],[21.05146992,60.37955126]]],[[[20.93220954,60.37412572],[20.93587362,60.3747811],[20.93512175,60.38014101],[20.92941719,60.37795814],[20.93220954,60.37412572]]],[[[21.01212724,60.37686011],[21.01231997,60.38125488],[21.0078096,60.3816614],[21.01212724,60.37686011]]],[[[21.06505311,60.37822244],[21.0806813,60.38222747],[21.06738985,60.39149791],[21.06098546,60.38134868],[21.06505311,60.37822244]]],[[[21.0328685,60.37609757],[21.03481506,60.37727268],[21.03067419,60.38222544],[21.03965309,60.38432716],[21.03510709,60.39226724],[21.02927484,60.3910828],[21.02616495,60.39652814],[21.01255148,60.39279516],[21.00900912,60.38793739],[21.00827286,60.38448349],[21.01459379,60.38303229],[21.01851844,60.38630415],[21.02562428,60.38260214],[21.02244716,60.37928293],[21.02539438,60.37692865],[21.0328685,60.37609757]]],[[[19.6360904,60.30390969],[19.65065913,60.30819906],[19.63989052,60.31145848],[19.63539967,60.30728161],[19.6360904,60.30390969]]],[[[20.64344071,60.35519362],[20.64802516,60.3600614],[20.6408442,60.35886961],[20.63997493,60.35650543],[20.64344071,60.35519362]]],[[[19.6258054,60.30155681],[19.631185,60.30383394],[19.62623844,60.30766424],[19.6312313,60.3136481],[19.61916908,60.31641359],[19.62434762,60.30955284],[19.62132072,60.30561118],[19.62287897,60.30200064],[19.6258054,60.30155681]]],[[[21.02027917,60.37162194],[21.03167189,60.3751037],[21.01593644,60.3763081],[21.01572157,60.37252621],[21.02027917,60.37162194]]],[[[20.91848726,60.36629436],[20.92470078,60.36947473],[20.92597467,60.37501704],[20.92147849,60.37579249],[20.91608007,60.38273499],[20.91187118,60.38241793],[20.91543164,60.37951337],[20.90742865,60.37466464],[20.91171117,60.36878616],[20.91848726,60.36629436]]],[[[19.88322391,60.31278448],[19.88799287,60.31416239],[19.87921481,60.31503969],[19.88322391,60.31278448]]],[[[21.00071799,60.36800723],[21.00382309,60.36888996],[21.00207419,60.37274874],[20.99269784,60.37828982],[20.98405072,60.37463581],[20.98923774,60.37072733],[20.99736321,60.37158308],[21.00071799,60.36800723]]],[[[21.07112803,60.37060283],[21.07436076,60.3721693],[21.06908739,60.37522933],[21.07112803,60.37060283]]],[[[20.95261519,60.36511615],[20.95291537,60.36843641],[20.9466744,60.37131604],[20.95261519,60.36511615]]],[[[20.93471937,60.36251169],[20.93699576,60.36698253],[20.93050037,60.36822975],[20.92917407,60.36411451],[20.93471937,60.36251169]]],[[[20.3169545,60.33225741],[20.330263,60.3418994],[20.3285836,60.34583135],[20.33365656,60.34990136],[20.33057132,60.35378732],[20.33506162,60.36318336],[20.33173906,60.36503808],[20.32330215,60.36588],[20.31536512,60.35745546],[20.29303747,60.34920084],[20.29254419,60.33762261],[20.29823369,60.33338007],[20.31101705,60.3359371],[20.3169545,60.33225741]]],[[[20.94182289,60.36185629],[20.94534499,60.36506853],[20.93777988,60.36520062],[20.94182289,60.36185629]]],[[[20.66502097,60.34843258],[20.67040039,60.35056712],[20.66286995,60.35170403],[20.66502097,60.34843258]]],[[[20.93462692,60.36068225],[20.92341849,60.36458132],[20.93462692,60.36068225]]],[[[19.68537478,60.29737378],[19.69091199,60.3008607],[19.68864284,60.3044137],[19.67525119,60.30316432],[19.68537478,60.29737378]]],[[[21.0390977,60.36523832],[21.04337126,60.36789157],[21.04097567,60.37175179],[21.04607264,60.3744845],[21.04220318,60.3777586],[21.03234637,60.37046931],[21.0390977,60.36523832]]],[[[20.98634259,60.36211233],[20.98808295,60.36633975],[20.98120426,60.37173229],[20.97456927,60.37390669],[20.97009282,60.37161706],[20.98634259,60.36211233]]],[[[20.80408936,60.35345637],[20.80699762,60.35671683],[20.80035165,60.35626223],[20.80408936,60.35345637]]],[[[19.69846051,60.29658497],[19.70361259,60.2972381],[19.7071861,60.30267384],[19.69625426,60.30512759],[19.69404884,60.29985979],[19.69846051,60.29658497]]],[[[19.52078396,60.28614917],[19.52577549,60.29207766],[19.52370601,60.29606167],[19.51887507,60.29177982],[19.52078396,60.28614917]]],[[[20.39118686,60.33239988],[20.39593891,60.33535976],[20.40707482,60.33374544],[20.41261238,60.3408015],[20.42098351,60.34112429],[20.42331995,60.34411573],[20.41073633,60.34779479],[20.40161473,60.34546998],[20.3944137,60.34921524],[20.38769374,60.34085882],[20.39307291,60.34002275],[20.38774681,60.33432892],[20.39118686,60.33239988]]],[[[20.90548468,60.35691351],[20.91264527,60.3602274],[20.90663055,60.37062019],[20.90210257,60.3573017],[20.90548468,60.35691351]]],[[[20.36116438,60.3304779],[20.3657636,60.33193356],[20.36911978,60.33903024],[20.37435863,60.33930902],[20.37689011,60.33499818],[20.38558949,60.33953177],[20.38685554,60.35097968],[20.38397254,60.3529692],[20.37552624,60.34924256],[20.36934467,60.35594632],[20.34004042,60.35970536],[20.33808944,60.35443733],[20.34162259,60.34904983],[20.3317626,60.34762294],[20.33952549,60.34269013],[20.36304557,60.3380453],[20.36116438,60.3304779]]],[[[19.45196771,60.27998472],[19.4531895,60.28448102],[19.44950376,60.28491703],[19.45196771,60.27998472]]],[[[20.28035893,60.32398906],[20.28646661,60.33052162],[20.27722307,60.32530703],[20.28035893,60.32398906]]],[[[20.9945989,60.35807863],[20.997126,60.36403769],[20.99138939,60.36702377],[20.98883774,60.36376004],[20.99281073,60.36018109],[20.98986365,60.35868973],[20.9945989,60.35807863]]],[[[21.04322881,60.3592665],[21.0283657,60.3648412],[21.04322881,60.3592665]]],[[[20.63941308,60.33967753],[20.64920776,60.3414775],[20.63910674,60.34389469],[20.63443086,60.34144924],[20.63941308,60.33967753]]],[[[21.09053355,60.36042593],[21.09102611,60.36761674],[21.08627025,60.37136524],[21.08923095,60.37694935],[21.08596218,60.37951162],[21.07398254,60.37901201],[21.07932651,60.37626049],[21.07399658,60.37412786],[21.07711617,60.36640753],[21.09053355,60.36042593]]],[[[20.97210914,60.35438811],[20.97626892,60.35553602],[20.96877084,60.36060359],[20.9706478,60.35825092],[20.9679989,60.35569428],[20.97210914,60.35438811]]],[[[20.43216327,60.32784783],[20.43544891,60.32845531],[20.432246,60.33303829],[20.43716737,60.33871636],[20.43186286,60.34073527],[20.42352129,60.33123346],[20.43216327,60.32784783]]],[[[20.35130197,60.32340742],[20.34958306,60.32783176],[20.346062,60.32704615],[20.35130197,60.32340742]]],[[[19.48737107,60.27667513],[19.48801051,60.28330966],[19.48146696,60.28447807],[19.48737107,60.27667513]]],[[[19.47443173,60.27494605],[19.47930495,60.27826704],[19.4786774,60.2836223],[19.46527502,60.28668419],[19.46685987,60.27703726],[19.47443173,60.27494605]]],[[[20.87397728,60.34651732],[20.8772525,60.34835549],[20.8735194,60.36028377],[20.87838602,60.36172519],[20.87100674,60.37350042],[20.86694591,60.37461837],[20.86856803,60.37847598],[20.86511009,60.37887006],[20.858002,60.36950714],[20.86805142,60.35725623],[20.86463724,60.3555508],[20.87397728,60.34651732]]],[[[19.86039467,60.2955358],[19.86376915,60.29774021],[19.86047521,60.30352242],[19.85797982,60.29962758],[19.86039467,60.2955358]]],[[[20.59293321,60.33184954],[20.59423228,60.33552941],[20.59166151,60.33780556],[20.58571545,60.33475993],[20.59293321,60.33184954]]],[[[19.49972798,60.273948],[19.50643486,60.28151753],[19.49798604,60.27676477],[19.49972798,60.273948]]],[[[20.67853584,60.33372401],[20.68589889,60.33676877],[20.68045457,60.33819447],[20.67853584,60.33372401]]],[[[20.53173312,60.32575797],[20.53631659,60.33424877],[20.52992941,60.33638432],[20.52785305,60.32823081],[20.53173312,60.32575797]]],[[[20.67082981,60.33247131],[20.67718023,60.33818296],[20.67073135,60.33827684],[20.67212123,60.33410802],[20.66831664,60.33247778],[20.67082981,60.33247131]]],[[[19.63622644,60.27832939],[19.63892169,60.27849668],[19.64111282,60.28541319],[19.62984581,60.28682802],[19.63622644,60.27832939]]],[[[20.87825739,60.34024359],[20.8796981,60.34236263],[20.87602925,60.34636201],[20.87427353,60.34429507],[20.87825739,60.34024359]]],[[[20.41838963,60.31794691],[20.42884286,60.32340519],[20.41926971,60.32555771],[20.41838963,60.31794691]]],[[[21.01305042,60.34559969],[21.0124322,60.34938488],[21.0053841,60.34819182],[21.01305042,60.34559969]]],[[[20.94464677,60.34223263],[20.94496547,60.344717],[20.93827492,60.34693857],[20.94056765,60.35499154],[20.92465276,60.35855441],[20.9220412,60.35616651],[20.92539955,60.35096847],[20.94464677,60.34223263]]],[[[21.02364779,60.34575338],[21.03077904,60.35009501],[21.02897508,60.35451336],[21.02188328,60.35713754],[21.01835525,60.34967263],[21.02364779,60.34575338]]],[[[20.58794926,60.32433767],[20.59155117,60.32625833],[20.58495833,60.32935796],[20.58204918,60.32675396],[20.58794926,60.32433767]]],[[[20.40692202,60.31534431],[20.41122787,60.31655346],[20.41216221,60.32096905],[20.40046097,60.3170038],[20.40692202,60.31534431]]],[[[19.41668758,60.26148054],[19.41714151,60.26434104],[19.41027801,60.26489201],[19.41668758,60.26148054]]],[[[19.53382771,60.26718366],[19.53627671,60.27125375],[19.5305476,60.27492982],[19.52813448,60.27105089],[19.53382771,60.26718366]]],[[[19.5493765,60.26735287],[19.55120259,60.27141431],[19.54493974,60.27057685],[19.5493765,60.26735287]]],[[[19.84589623,60.28373513],[19.84477474,60.28849224],[19.83835828,60.28712898],[19.84589623,60.28373513]]],[[[20.95947108,60.33841965],[20.9551184,60.34507555],[20.94820655,60.34457389],[20.95947108,60.33841965]]],[[[20.36366234,60.3096471],[20.3673321,60.31512852],[20.36210978,60.31170217],[20.36366234,60.3096471]]],[[[19.44344734,60.25886626],[19.4433152,60.26492307],[19.43346174,60.26773237],[19.44200335,60.26136802],[19.44020081,60.25892357],[19.44344734,60.25886626]]],[[[20.28949922,60.30273402],[20.29525654,60.30791008],[20.29093067,60.30789972],[20.28949922,60.30273402]]],[[[20.79832669,60.32676819],[20.80643642,60.32853304],[20.79333818,60.33282725],[20.79215631,60.32756183],[20.79832669,60.32676819]]],[[[20.93963963,60.33330669],[20.94812405,60.33549669],[20.94728214,60.33995553],[20.9379797,60.33523591],[20.93963963,60.33330669]]],[[[21.05082532,60.33548659],[21.05469881,60.33713765],[21.04884398,60.34053748],[21.04539087,60.33910216],[21.05082532,60.33548659]]],[[[20.35030312,60.30175135],[20.35012646,60.30577954],[20.34101839,60.3056122],[20.35030312,60.30175135]]],[[[19.46783518,60.25240643],[19.47061325,60.25485197],[19.46893907,60.25699045],[19.46372404,60.25700477],[19.46783518,60.25240643]]],[[[20.18481365,60.29117441],[20.19524323,60.2985675],[20.18782972,60.2992191],[20.18385482,60.29528902],[20.18481365,60.29117441]]],[[[19.82437732,60.27161561],[19.83689989,60.28206912],[19.83331185,60.28673316],[19.84504309,60.29908424],[19.84918081,60.30867218],[19.84738727,60.31147047],[19.84035641,60.30842663],[19.83340565,60.30963398],[19.83188916,60.31284465],[19.83596971,60.31441987],[19.82745006,60.31878776],[19.80343626,60.29820242],[19.82437732,60.27161561]]],[[[20.94253963,60.32605854],[20.95722216,60.32880057],[20.94579088,60.33110207],[20.94253963,60.32605854]]],[[[21.08392654,60.33203959],[21.08667134,60.33635182],[21.09889515,60.33901023],[21.08075356,60.34441392],[21.07724323,60.34883385],[21.0849306,60.35184018],[21.07421266,60.35678613],[21.07615848,60.35976109],[21.07303507,60.3628496],[21.06201702,60.3672475],[21.05446741,60.36485838],[21.05141933,60.3712933],[21.04853492,60.37059003],[21.04861973,60.3667489],[21.05423669,60.36396452],[21.05323268,60.35755395],[21.06111245,60.35196835],[21.0499689,60.35311389],[21.05166864,60.34822698],[21.05739967,60.34799127],[21.08392654,60.33203959]]],[[[20.86175692,60.32171142],[20.86874474,60.32372463],[20.86186089,60.32888378],[20.85839131,60.32326164],[20.86175692,60.32171142]]],[[[21.06718421,60.3305129],[21.06235559,60.33556068],[21.05600685,60.33562502],[21.06718421,60.3305129]]],[[[20.41862241,60.29875405],[20.42461974,60.30270023],[20.45442517,60.30577858],[20.44413643,60.31177982],[20.44920696,60.31999164],[20.43711808,60.31261618],[20.42045652,60.30822531],[20.42115912,60.30522523],[20.41538683,60.30144948],[20.41862241,60.29875405]]],[[[20.78651957,60.3165046],[20.78797982,60.3183741],[20.78360055,60.32195761],[20.77368228,60.32266285],[20.78651957,60.3165046]]],[[[20.373592,60.29640887],[20.36404022,60.3020221],[20.35962599,60.29882096],[20.373592,60.29640887]]],[[[20.74526989,60.31415838],[20.76718546,60.3282008],[20.78380172,60.32950021],[20.7795268,60.33271625],[20.78746337,60.33783696],[20.78925187,60.34113405],[20.78688693,60.3453952],[20.79392469,60.3500872],[20.79113522,60.35297367],[20.79501366,60.35367298],[20.78483987,60.36597607],[20.76912365,60.36479698],[20.76295525,60.36932199],[20.75508263,60.36871212],[20.76037546,60.36191772],[20.74613155,60.35391385],[20.73922174,60.3428596],[20.74111729,60.33937106],[20.73215221,60.3353763],[20.73529437,60.324287],[20.73360137,60.3162511],[20.74526989,60.31415838]]],[[[19.88281487,60.27016864],[19.8838401,60.27539338],[19.87954051,60.2729965],[19.88281487,60.27016864]]],[[[19.84115441,60.2665392],[19.84414093,60.27440521],[19.85481376,60.27994259],[19.85653472,60.28722101],[19.85191893,60.28760715],[19.84429608,60.27776056],[19.83327503,60.2734884],[19.84115441,60.2665392]]],[[[20.9415287,60.32089985],[20.94200502,60.32544784],[20.93538343,60.32329617],[20.9415287,60.32089985]]],[[[19.39594977,60.24101087],[19.39297661,60.24592176],[19.39637833,60.25168441],[19.38551226,60.24678916],[19.38601739,60.24366714],[19.39594977,60.24101087]]],[[[20.79532954,60.31305549],[20.80226717,60.31556055],[20.79620089,60.31996009],[20.78872377,60.31979232],[20.78989948,60.31562238],[20.79532954,60.31305549]]],[[[20.30334191,60.28890084],[20.3087669,60.29029347],[20.30957985,60.2956279],[20.30814355,60.2990051],[20.30247762,60.300206],[20.30334191,60.28890084]]],[[[20.4352242,60.29462256],[20.43860686,60.29619343],[20.43827275,60.29964391],[20.43465178,60.2983996],[20.4352242,60.29462256]]],[[[20.33836556,60.28840864],[20.3430152,60.28946924],[20.34198828,60.29184441],[20.32731516,60.29293234],[20.32197008,60.29007774],[20.33836556,60.28840864]]],[[[19.98101492,60.2690274],[19.98339675,60.27037566],[19.98121087,60.27420692],[19.97595592,60.27174545],[19.98101492,60.2690274]]],[[[20.76243233,60.30762403],[20.75373791,60.31203106],[20.76243233,60.30762403]]],[[[21.02488177,60.31945133],[21.03641288,60.32191576],[21.03566809,60.32539037],[21.01945405,60.32393784],[21.02488177,60.31945133]]],[[[20.32198042,60.28258518],[20.32739857,60.28774553],[20.3206252,60.28549361],[20.32198042,60.28258518]]],[[[20.82206695,60.3066519],[20.82517284,60.30725209],[20.81876789,60.31447654],[20.82078904,60.31530553],[20.81149375,60.31203153],[20.82206695,60.3066519]]],[[[19.4773546,60.23634112],[19.47801632,60.23930116],[19.49131274,60.2392168],[19.48838824,60.25113151],[19.4837977,60.2515888],[19.49302235,60.25823445],[19.49038024,60.26527589],[19.49245119,60.2690995],[19.48352344,60.26997396],[19.48033339,60.26596786],[19.48403992,60.26015803],[19.47399844,60.24881033],[19.47543558,60.2444861],[19.47208143,60.24109444],[19.47299111,60.23655349],[19.4773546,60.23634112]]],[[[19.53825081,60.23573323],[19.53401695,60.24795846],[19.52726568,60.24828433],[19.52211284,60.25405709],[19.51843708,60.25391814],[19.51857094,60.26005303],[19.5285356,60.25980954],[19.53365397,60.26305541],[19.510627,60.26398522],[19.50225403,60.25436932],[19.49127528,60.25218438],[19.49187379,60.24355849],[19.497693,60.24006417],[19.49561116,60.235644],[19.50845489,60.23803599],[19.50382134,60.2404186],[19.51818896,60.25301128],[19.51398319,60.2470695],[19.51793441,60.24280964],[19.51376659,60.24081889],[19.51878125,60.237436],[19.53043695,60.23844096],[19.53825081,60.23573323]]],[[[20.30666546,60.27646492],[20.31670601,60.27844697],[20.3090174,60.28058647],[20.30666546,60.27646492]]],[[[21.00441874,60.30754498],[21.00180399,60.31163381],[20.99763234,60.31144517],[20.99876166,60.30833095],[21.00441874,60.30754498]]],[[[19.84731368,60.24860754],[19.84772761,60.25373896],[19.84471593,60.25437687],[19.84420073,60.24931575],[19.84731368,60.24860754]]],[[[20.49410156,60.28038916],[20.49844521,60.28182539],[20.49394717,60.28653691],[20.490182,60.28239477],[20.49410156,60.28038916]]],[[[19.66313099,60.2355719],[19.66482169,60.23799846],[19.65931079,60.23880332],[19.65920597,60.24284854],[19.65107837,60.24425707],[19.65553953,60.23664646],[19.66313099,60.2355719]]],[[[20.50736101,60.27973205],[20.51421332,60.28082572],[20.51695053,60.28501522],[20.50421541,60.30139395],[20.49261123,60.29221238],[20.49859886,60.28995427],[20.50194097,60.28161997],[20.50736101,60.27973205]]],[[[20.777776,60.29258312],[20.77015321,60.2984437],[20.777776,60.29258312]]],[[[20.94525901,60.3003028],[20.94269685,60.31208746],[20.93541068,60.31314983],[20.93997424,60.31508192],[20.93421718,60.32428842],[20.93752295,60.32920325],[20.92915192,60.33740052],[20.92893173,60.34239718],[20.91999049,60.34352484],[20.92366288,60.34642079],[20.91759157,60.35230448],[20.90846821,60.34888721],[20.90778514,60.34493643],[20.90314636,60.34271121],[20.91328535,60.33916489],[20.90851149,60.33633084],[20.91190176,60.32515617],[20.92072245,60.31862789],[20.92053228,60.31479467],[20.92672344,60.31062019],[20.93420067,60.31068338],[20.9342296,60.3058212],[20.94525901,60.3003028]]],[[[20.47209571,60.27699017],[20.47500882,60.27820042],[20.47195796,60.28089088],[20.46520709,60.27945398],[20.47209571,60.27699017]]],[[[20.40225453,60.27233317],[20.40721707,60.27553594],[20.39740261,60.28179677],[20.40757554,60.29183962],[20.39962911,60.29500008],[20.40020314,60.29939261],[20.40553588,60.3035008],[20.377997,60.3099185],[20.37618664,60.31536755],[20.37366501,60.31460394],[20.37677942,60.30881075],[20.3660017,60.30494316],[20.38027459,60.29933451],[20.38572114,60.28947407],[20.38991472,60.2876119],[20.3809296,60.27786034],[20.38674131,60.27350844],[20.40225453,60.27233317]]],[[[20.97904849,60.29800831],[20.9794828,60.30250873],[20.98935118,60.29876648],[20.99532522,60.30477561],[20.99103956,60.30843772],[20.99581253,60.31096243],[20.99527882,60.32862606],[20.99826667,60.33177343],[20.98793751,60.3346013],[20.98957138,60.32985636],[20.97141566,60.32804978],[20.97223832,60.3204863],[20.96344643,60.32024607],[20.96458944,60.31799104],[20.95131159,60.31331642],[20.95577128,60.30924748],[20.96796587,60.31095776],[20.96886802,60.30499461],[20.97547239,60.30267339],[20.973769,60.29912331],[20.97904849,60.29800831]]],[[[20.82922206,60.28958076],[20.82830406,60.29265805],[20.82101338,60.29036548],[20.82922206,60.28958076]]],[[[20.49160968,60.27315357],[20.4949266,60.27731452],[20.48748468,60.27772224],[20.49160968,60.27315357]]],[[[21.07205124,60.29869362],[21.074004,60.30357811],[21.06094313,60.30607154],[21.07205124,60.29869362]]],[[[20.26541685,60.25911076],[20.27244071,60.26432396],[20.26054872,60.26870263],[20.2520908,60.26525331],[20.26541685,60.25911076]]],[[[20.76728692,60.28233406],[20.76799578,60.28587973],[20.76461701,60.28848898],[20.75915719,60.28611623],[20.76728692,60.28233406]]],[[[21.03013908,60.29425326],[21.03227288,60.29861673],[21.0232145,60.29860378],[21.03013908,60.29425326]]],[[[21.01494664,60.29335175],[21.0191908,60.29589511],[21.01460464,60.30304303],[21.00708267,60.30099011],[21.00631212,60.29876335],[21.01494664,60.29335175]]],[[[19.31770681,60.20502535],[19.31907349,60.20859923],[19.31581435,60.2114133],[19.31851464,60.21371888],[19.32827941,60.21012244],[19.33344357,60.21247156],[19.32007636,60.21723528],[19.31287057,60.21604451],[19.31198335,60.20941937],[19.31770681,60.20502535]]],[[[20.73265068,60.27953653],[20.73949321,60.28967429],[20.73616913,60.29191757],[20.73891428,60.29432976],[20.74661294,60.29155689],[20.75376911,60.29427532],[20.75967954,60.29142847],[20.76314773,60.29270319],[20.75940044,60.29602613],[20.7627395,60.30046933],[20.74020447,60.30493169],[20.73532801,60.30300499],[20.73286985,60.29772999],[20.73488791,60.29534485],[20.73054018,60.28972273],[20.73392473,60.28683208],[20.72884687,60.28351884],[20.73265068,60.27953653]]],[[[20.50624573,60.26831979],[20.51151009,60.26938383],[20.51560385,60.27568103],[20.49969189,60.2699973],[20.50624573,60.26831979]]],[[[20.31630986,60.25871589],[20.31547404,60.26374195],[20.31052166,60.26748598],[20.31906534,60.27211778],[20.31810263,60.27517701],[20.30876988,60.27496206],[20.3058195,60.26251504],[20.31630986,60.25871589]]],[[[21.06153543,60.29236942],[21.06675454,60.29791075],[21.04929737,60.30937603],[21.04381407,60.3047466],[21.04194435,60.3074789],[21.03081037,60.30714573],[21.04872562,60.29609632],[21.06153543,60.29236942]]],[[[20.84171072,60.27884162],[20.84340068,60.28132488],[20.83434834,60.28303299],[20.84171072,60.27884162]]],[[[20.52708532,60.2625527],[20.52966587,60.26758409],[20.51790131,60.2661705],[20.52708532,60.2625527]]],[[[21.05675284,60.28555964],[21.05665032,60.29110941],[21.05324269,60.29235024],[21.04084911,60.28955706],[21.05675284,60.28555964]]],[[[20.86795108,60.27639769],[20.87214114,60.27798422],[20.86917356,60.28212401],[20.86580977,60.27752457],[20.86795108,60.27639769]]],[[[20.50289927,60.25848363],[20.50523036,60.26260942],[20.49926168,60.26038189],[20.50289927,60.25848363]]],[[[21.03702523,60.28205444],[21.0428474,60.28348817],[21.03835649,60.28717269],[21.02555117,60.28653814],[21.03702523,60.28205444]]],[[[20.28537579,60.24602002],[20.30359462,60.24906395],[20.29826856,60.25231245],[20.30484194,60.25735888],[20.30193396,60.25835867],[20.30381911,60.26418635],[20.29473377,60.26350197],[20.29014648,60.25868087],[20.29197175,60.25427557],[20.28415231,60.25106205],[20.28537579,60.24602002]]],[[[19.81110009,60.22068131],[19.81796744,60.22760253],[19.80720647,60.22733356],[19.81110009,60.22068131]]],[[[19.34012952,60.19106262],[19.34436082,60.19542213],[19.34526318,60.20237524],[19.32759249,60.20200098],[19.34012952,60.19106262]]],[[[21.07419777,60.28014647],[21.07912543,60.28398655],[21.05804456,60.28647664],[21.05462508,60.28239627],[21.07419777,60.28014647]]],[[[20.55405633,60.25384816],[20.55630981,60.25576491],[20.55157616,60.25918415],[20.54584536,60.25863797],[20.55405633,60.25384816]]],[[[20.2276231,60.23710126],[20.22765629,60.24141161],[20.21945973,60.24331221],[20.2276231,60.23710126]]],[[[19.3539374,60.18916101],[19.35244927,60.19489094],[19.34787871,60.19466597],[19.3539374,60.18916101]]],[[[20.85268793,60.26618422],[20.85449098,60.26758523],[20.85136223,60.27140453],[20.84250663,60.27051116],[20.85268793,60.26618422]]],[[[20.31939502,60.23926568],[20.31947076,60.24247701],[20.310678,60.24305118],[20.31939502,60.23926568]]],[[[20.71968757,60.25703936],[20.72227695,60.25789796],[20.72231657,60.26723772],[20.71958659,60.26932057],[20.71366004,60.2618475],[20.71968757,60.25703936]]],[[[20.95779636,60.26755838],[20.95740598,60.27437268],[20.94888377,60.27367253],[20.95779636,60.26755838]]],[[[20.73421385,60.25714413],[20.74776756,60.26259537],[20.74935701,60.26772542],[20.74407197,60.27091771],[20.73465028,60.2682997],[20.73514099,60.25982025],[20.73226202,60.25917028],[20.73421385,60.25714413]]],[[[20.30414591,60.23467299],[20.3123262,60.23652426],[20.30806499,60.24562426],[20.30023501,60.24632376],[20.29207779,60.24210604],[20.29873274,60.23857515],[20.29691557,60.23476024],[20.30414591,60.23467299]]],[[[19.31351836,60.18056263],[19.30928618,60.18804132],[19.30413386,60.18672644],[19.31351836,60.18056263]]],[[[21.01242543,60.26755625],[21.01021547,60.27222034],[21.00186428,60.27477536],[21.00607878,60.26938216],[21.01242543,60.26755625]]],[[[19.42936178,60.18546274],[19.43391942,60.18765707],[19.42507717,60.18841119],[19.42936178,60.18546274]]],[[[20.03069476,60.21837412],[20.03992111,60.22722129],[20.03628179,60.22895349],[20.02027195,60.22457072],[20.03069476,60.21837412]]],[[[20.8430553,60.25867434],[20.84758375,60.26054995],[20.84271323,60.2686996],[20.84033977,60.25958983],[20.8430553,60.25867434]]],[[[21.00736045,60.26563251],[21.00470364,60.26944456],[20.99905306,60.26982368],[21.00736045,60.26563251]]],[[[21.06392173,60.2647548],[21.06825438,60.26708585],[21.06489728,60.26943219],[21.06456195,60.27677141],[21.04675875,60.27464649],[21.04943508,60.26881438],[21.06392173,60.2647548]]],[[[20.74877079,60.25005557],[20.74276125,60.25515863],[20.73849216,60.25281399],[20.73911984,60.25015189],[20.74877079,60.25005557]]],[[[20.84888873,60.25438938],[20.84964878,60.25890489],[20.8370316,60.2555766],[20.84888873,60.25438938]]],[[[19.32693539,60.17158757],[19.31689126,60.17846388],[19.30928676,60.17958493],[19.30985847,60.17676384],[19.32693539,60.17158757]]],[[[20.71333139,60.24312731],[20.71688176,60.24580939],[20.71319773,60.25302303],[20.70570473,60.25600343],[20.70192769,60.24968629],[20.71333139,60.24312731]]],[[[20.98239526,60.25497576],[20.98723469,60.25788685],[20.97328053,60.26360013],[20.97410634,60.25813211],[20.98239526,60.25497576]]],[[[20.35763182,60.22289],[20.36215393,60.224422],[20.35475707,60.22573205],[20.35763182,60.22289]]],[[[19.68384737,60.18569829],[19.68815931,60.18920371],[19.68645686,60.19398747],[19.6828274,60.19479187],[19.67628199,60.18950449],[19.68384737,60.18569829]]],[[[20.48834279,60.22609014],[20.49340272,60.23108302],[20.49141182,60.23421555],[20.48349544,60.22859001],[20.48834279,60.22609014]]],[[[20.4989015,60.22504153],[20.50491776,60.2261898],[20.50061977,60.22854869],[20.49358331,60.22584904],[20.4989015,60.22504153]]],[[[20.02824467,60.20082745],[20.02777239,60.20783663],[20.02210096,60.2081756],[20.02824467,60.20082745]]],[[[20.74272093,60.23645897],[20.74403962,60.2409812],[20.75015613,60.24036374],[20.75198192,60.24427494],[20.73995654,60.24210202],[20.73998224,60.23676446],[20.74272093,60.23645897]]],[[[20.46745633,60.22022851],[20.47081394,60.22170287],[20.46326219,60.22511202],[20.4638609,60.22121026],[20.46745633,60.22022851]]],[[[20.32301745,60.21297386],[20.32696072,60.21749688],[20.31892182,60.21624511],[20.32301745,60.21297386]]],[[[20.48891623,60.21987478],[20.49281267,60.22250544],[20.48449309,60.22237901],[20.48891623,60.21987478]]],[[[20.44813994,60.21784277],[20.45536686,60.22071604],[20.44874757,60.22176127],[20.44813994,60.21784277]]],[[[20.86088739,60.23597205],[20.86042154,60.24085863],[20.86485955,60.24350361],[20.86695866,60.25150808],[20.86246277,60.25758254],[20.85721481,60.26037868],[20.85401912,60.25532264],[20.83906625,60.25291007],[20.85757476,60.24101644],[20.85655838,60.23630957],[20.86088739,60.23597205]]],[[[20.81703098,60.23312761],[20.82236829,60.23472901],[20.82256625,60.23899056],[20.81526255,60.23599323],[20.81703098,60.23312761]]],[[[20.7573578,60.23000462],[20.75938233,60.23115123],[20.7548697,60.23991409],[20.74731904,60.23852274],[20.7573578,60.23000462]]],[[[20.80667452,60.23227283],[20.80970182,60.2340059],[20.80159763,60.23842587],[20.79811909,60.23359771],[20.80667452,60.23227283]]],[[[20.99754491,60.24098697],[21.0002654,60.24179006],[20.99569413,60.25283032],[20.98867151,60.25547565],[20.98642408,60.25054334],[20.99754491,60.24098697]]],[[[20.26461097,60.20356612],[20.27243865,60.20816515],[20.27296072,60.21270054],[20.28140301,60.22203201],[20.27162528,60.22088234],[20.26792963,60.22460936],[20.25822978,60.22468223],[20.25348162,60.2199368],[20.25423766,60.21652014],[20.24321804,60.21286214],[20.24375771,60.20967116],[20.25383165,60.20429884],[20.26461097,60.20356612]]],[[[20.49222297,60.21468608],[20.49581807,60.21492388],[20.49472911,60.21783667],[20.48918536,60.2175311],[20.49222297,60.21468608]]],[[[20.40747296,60.20934671],[20.41813479,60.21209572],[20.42079969,60.21916368],[20.41323683,60.21816166],[20.40680625,60.21242732],[20.40747296,60.20934671]]],[[[20.80674308,60.22432642],[20.81132516,60.23058403],[20.79544858,60.23240209],[20.79310363,60.23584652],[20.79630535,60.23973122],[20.78985221,60.24353561],[20.79358762,60.2471974],[20.79929535,60.24466394],[20.79640449,60.24368385],[20.79905136,60.23968718],[20.80170255,60.24220031],[20.81315571,60.24061792],[20.81662666,60.24505529],[20.8397744,60.2483588],[20.83469987,60.25177837],[20.8385193,60.25864539],[20.83206299,60.26216292],[20.83126389,60.27134684],[20.82030995,60.27243185],[20.80564653,60.28377064],[20.79942511,60.28365158],[20.79722641,60.2850263],[20.8031746,60.287685],[20.7961789,60.291496],[20.78360486,60.28850503],[20.77903805,60.29138988],[20.76979793,60.28977199],[20.77235299,60.28438554],[20.76565673,60.27643683],[20.75811287,60.27900978],[20.75863198,60.28387379],[20.74882514,60.28279792],[20.75540513,60.27689857],[20.7556048,60.27295468],[20.75200842,60.27211132],[20.75539632,60.26530764],[20.74219358,60.25769982],[20.75352162,60.25388542],[20.75176341,60.25120991],[20.76448227,60.24403356],[20.76729579,60.23216171],[20.778786,60.22647286],[20.79714595,60.22716608],[20.80674308,60.22432642]]],[[[20.82126272,60.22461859],[20.83850246,60.22900474],[20.83095286,60.23458069],[20.82331257,60.23271367],[20.81912238,60.2291798],[20.82126272,60.22461859]]],[[[20.34894144,60.20146383],[20.35310775,60.2040406],[20.3503137,60.20674622],[20.34102786,60.2041339],[20.34894144,60.20146383]]],[[[20.72771749,60.21916847],[20.74807761,60.2284972],[20.74473215,60.2344447],[20.74010968,60.23392856],[20.73363324,60.23837003],[20.73762661,60.24476142],[20.73413831,60.24973947],[20.73581313,60.25230659],[20.72619248,60.25158606],[20.72357557,60.23384167],[20.72485928,60.22158332],[20.72771749,60.21916847]]],[[[20.7901053,60.22143295],[20.79150637,60.22447663],[20.78343496,60.22501347],[20.7901053,60.22143295]]],[[[19.6827156,60.16249449],[19.69422682,60.17855131],[19.68902965,60.18444489],[19.67614626,60.18219166],[19.67414388,60.1752919],[19.67363839,60.16796446],[19.6827156,60.16249449]]],[[[20.06044696,60.18135129],[20.06445909,60.1836553],[20.06620168,60.19108559],[20.0594056,60.19126733],[20.05383672,60.18756261],[20.06044696,60.18135129]]],[[[20.37289435,60.19595719],[20.39527594,60.20446018],[20.39325404,60.20836155],[20.39749155,60.21577435],[20.3886209,60.2155753],[20.38669015,60.21822689],[20.41139002,60.22151251],[20.41650822,60.22798096],[20.4157215,60.2311894],[20.42217422,60.23663731],[20.42049577,60.24043201],[20.43192257,60.24658642],[20.42543012,60.2507477],[20.4278221,60.25288964],[20.41742606,60.25728213],[20.40325942,60.25649085],[20.40630025,60.259273],[20.40128954,60.26693011],[20.38770096,60.25569359],[20.37910397,60.25417064],[20.37854492,60.25907706],[20.3934506,60.26220306],[20.39673965,60.26857551],[20.36100171,60.28109703],[20.35208141,60.27794273],[20.3506289,60.28322479],[20.33494765,60.28675479],[20.32956693,60.28349222],[20.33028104,60.2800412],[20.3389357,60.28136331],[20.34814465,60.26935177],[20.34321951,60.26592868],[20.34512469,60.25841407],[20.3222021,60.25495449],[20.3248039,60.24867492],[20.32258987,60.24645707],[20.3291728,60.24398692],[20.32753996,60.23949676],[20.33155186,60.23746365],[20.32494406,60.23275468],[20.33057082,60.23072736],[20.32369149,60.22746451],[20.35824683,60.23783907],[20.37679912,60.23934744],[20.38335889,60.23707681],[20.38122795,60.23358025],[20.37241413,60.23664196],[20.35857313,60.22973992],[20.36213487,60.22624878],[20.37519895,60.22346138],[20.36609129,60.2192208],[20.37302337,60.21412482],[20.36827755,60.21272272],[20.36685878,60.20701501],[20.36897342,60.19766153],[20.37289435,60.19595719]]],[[[21.00409083,60.22548836],[21.01521445,60.23098424],[21.00874728,60.23330929],[21.00409083,60.22548836]]],[[[20.19377324,60.18617262],[20.19630098,60.18848701],[20.19036476,60.19366333],[20.18811631,60.19044217],[20.19377324,60.18617262]]],[[[19.60796337,60.15417234],[19.61818843,60.15554456],[19.62157396,60.16326838],[19.61531433,60.16801541],[19.60516312,60.16658468],[19.60915311,60.16070613],[19.60604149,60.15533427],[19.60796337,60.15417234]]],[[[20.33614705,60.19252729],[20.33899346,60.19406433],[20.33683732,60.19814643],[20.3320538,60.19568699],[20.33614705,60.19252729]]],[[[20.73085337,60.20998084],[20.75217571,60.21897828],[20.73199008,60.21674044],[20.7281175,60.21287512],[20.73085337,60.20998084]]],[[[20.71430619,60.20690885],[20.71832373,60.2093837],[20.71071583,60.21335038],[20.71430619,60.20690885]]],[[[20.82428223,60.2116626],[20.8279349,60.21340331],[20.82668262,60.21609774],[20.81924532,60.21819767],[20.82428223,60.2116626]]],[[[20.39205902,60.19068136],[20.39722489,60.19589716],[20.38941094,60.19539428],[20.38779287,60.19151816],[20.39205902,60.19068136]]],[[[20.85026627,60.21094662],[20.8532877,60.21802031],[20.84503738,60.21812891],[20.84413986,60.21352775],[20.85026627,60.21094662]]],[[[20.35350997,60.18576684],[20.36123949,60.18794383],[20.37014635,60.19573153],[20.35719609,60.19859657],[20.35210472,60.19601553],[20.35357669,60.19249479],[20.34920081,60.18957136],[20.35350997,60.18576684]]],[[[21.00449115,60.21670985],[21.01290645,60.22454591],[21.00935965,60.22671665],[20.99590853,60.22322406],[20.99581197,60.22070065],[21.00133874,60.22041196],[21.00449115,60.21670985]]],[[[20.42952028,60.18914882],[20.43468547,60.19473614],[20.42010193,60.19154867],[20.42952028,60.18914882]]],[[[19.5754433,60.14328389],[19.59198143,60.15000969],[19.59523539,60.15418412],[19.6036796,60.15500756],[19.60196386,60.15950601],[19.59192164,60.16281574],[19.5907978,60.16631271],[19.59845914,60.17342584],[19.59298981,60.18030572],[19.60191581,60.18037556],[19.6078122,60.18783523],[19.59113794,60.19291959],[19.5879763,60.20137223],[19.59032321,60.20451147],[19.58527458,60.21587115],[19.58844109,60.21658012],[19.60334927,60.20192528],[19.605793,60.19487106],[19.61931124,60.19595888],[19.61352645,60.18566036],[19.61576813,60.18082368],[19.63135342,60.1789072],[19.639033,60.17155263],[19.6436943,60.17693075],[19.63877468,60.17760147],[19.63740589,60.18086906],[19.65338388,60.18593231],[19.65479519,60.18373118],[19.6457322,60.16988185],[19.6482439,60.16556559],[19.65316514,60.16463703],[19.66669446,60.1712764],[19.67013561,60.17778416],[19.66789761,60.18300333],[19.67825324,60.19653297],[19.67426294,60.21507742],[19.67868841,60.21514845],[19.68089147,60.21151045],[19.68496106,60.21363463],[19.68185625,60.2206869],[19.68406811,60.22453637],[19.67531927,60.22411753],[19.66578847,60.22894403],[19.65803313,60.22703426],[19.65867752,60.23059068],[19.65147915,60.23138059],[19.6478748,60.23713878],[19.6409864,60.2402486],[19.64661573,60.24302652],[19.64348035,60.25427376],[19.64789917,60.25575988],[19.65317435,60.25235625],[19.6535758,60.25595715],[19.64995781,60.25722191],[19.65201317,60.25914694],[19.63939513,60.26921969],[19.6329454,60.26541664],[19.62660818,60.26794122],[19.62978139,60.27231524],[19.6243751,60.27615316],[19.62157119,60.28386257],[19.60064092,60.28557033],[19.60166796,60.29037702],[19.61132052,60.2882848],[19.60866076,60.3125127],[19.60317603,60.31155856],[19.60511955,60.30469954],[19.60244892,60.29989519],[19.59002965,60.29404059],[19.58596026,60.27467293],[19.58842169,60.27346817],[19.56967781,60.27024166],[19.5685631,60.27837082],[19.56489441,60.27815064],[19.56154831,60.26006401],[19.54941362,60.26039916],[19.54327569,60.26430813],[19.53537319,60.25975042],[19.53670908,60.24665241],[19.54287605,60.23526084],[19.53424335,60.22890464],[19.53712699,60.22149845],[19.54035784,60.22094866],[19.538641,60.21910742],[19.54550733,60.21637677],[19.51789913,60.20994525],[19.52019083,60.20370984],[19.51585219,60.20049291],[19.52125155,60.19035322],[19.51998025,60.18050413],[19.51394822,60.17833712],[19.52086651,60.17370656],[19.51987424,60.17012351],[19.53361077,60.16418175],[19.5361196,60.15377165],[19.54437471,60.1474383],[19.55926979,60.15049922],[19.5754433,60.14328389]]],[[[20.25965071,60.17595324],[20.27836111,60.18296167],[20.27899897,60.19366911],[20.28442414,60.20096656],[20.30233004,60.19804143],[20.31754616,60.20317238],[20.32107353,60.21011278],[20.31496652,60.21431938],[20.31962481,60.22524692],[20.31378047,60.22813109],[20.29735263,60.22185877],[20.2873276,60.21384978],[20.28912013,60.2106917],[20.27596262,60.20513487],[20.27473574,60.20226311],[20.27750679,60.20126152],[20.27131653,60.19839587],[20.27347433,60.19530597],[20.25504566,60.19071025],[20.24864826,60.18480141],[20.24951495,60.18202214],[20.25965071,60.17595324]]],[[[19.69719996,60.14091766],[19.69782455,60.14703441],[19.69001449,60.15035003],[19.68985653,60.14626532],[19.69719996,60.14091766]]],[[[20.72539455,60.19299391],[20.7275406,60.19507196],[20.72258446,60.20024095],[20.71592658,60.19728748],[20.71784638,60.19286426],[20.72539455,60.19299391]]],[[[20.68126512,60.18921158],[20.6949804,60.19586673],[20.70182357,60.19220033],[20.71218681,60.19379397],[20.71724369,60.20254113],[20.70556788,60.2083218],[20.71015055,60.21526545],[20.70507762,60.22277696],[20.68982807,60.22939081],[20.68193544,60.22866992],[20.67650507,60.23191141],[20.68140261,60.23442406],[20.67705865,60.23706182],[20.66553151,60.22446423],[20.66415393,60.21522948],[20.66673062,60.21141012],[20.6610679,60.21158486],[20.65792673,60.20783341],[20.66286619,60.19893465],[20.67781304,60.20003992],[20.67268532,60.19555485],[20.68126512,60.18921158]]],[[[20.30051378,60.16945165],[20.30415915,60.17234984],[20.29905223,60.17367541],[20.29717681,60.18169367],[20.29235426,60.18556316],[20.28959933,60.18529941],[20.28966659,60.18070808],[20.28340273,60.1789305],[20.29400046,60.16969036],[20.30051378,60.16945165]]],[[[20.74112577,60.18974101],[20.74085627,60.19469383],[20.73617042,60.19404977],[20.74112577,60.18974101]]],[[[20.56928903,60.18135763],[20.57673009,60.18858147],[20.56531332,60.18390631],[20.56928903,60.18135763]]],[[[20.39385865,60.17192772],[20.41270866,60.17616485],[20.41704648,60.1889805],[20.40663813,60.18677029],[20.40411395,60.18274962],[20.40601982,60.17987054],[20.39214418,60.17358097],[20.39385865,60.17192772]]],[[[20.5808023,60.18071909],[20.58817225,60.18495241],[20.57947368,60.183242],[20.5808023,60.18071909]]],[[[20.79810217,60.18987204],[20.80088928,60.19062904],[20.79869762,60.19572962],[20.79586855,60.19112343],[20.79810217,60.18987204]]],[[[20.78836092,60.18910582],[20.79465336,60.19383446],[20.78863558,60.1945953],[20.78836092,60.18910582]]],[[[20.87730079,60.19198019],[20.8767771,60.19849713],[20.87072019,60.20242729],[20.86918548,60.19858259],[20.87730079,60.19198019]]],[[[19.70526028,60.13047185],[19.70773608,60.13341336],[19.69958503,60.13316875],[19.70526028,60.13047185]]],[[[20.46168419,60.16941431],[20.46677481,60.16985923],[20.4688885,60.1773702],[20.45707636,60.17821258],[20.45587479,60.17417415],[20.46168419,60.16941431]]],[[[20.3915928,60.16465518],[20.40095856,60.16700674],[20.3983585,60.16913977],[20.38597779,60.1654807],[20.3915928,60.16465518]]],[[[20.47875111,60.16651155],[20.48207111,60.1692273],[20.47223149,60.17247244],[20.46812142,60.17087537],[20.47875111,60.16651155]]],[[[20.32674258,60.15881522],[20.34916599,60.16329808],[20.35144289,60.16528993],[20.34640685,60.17298011],[20.3512881,60.17677708],[20.34593196,60.17814219],[20.33211172,60.17100997],[20.32801419,60.16407063],[20.31436356,60.16194337],[20.32674258,60.15881522]]],[[[20.25250389,60.15400782],[20.25815783,60.15490464],[20.2583111,60.15761442],[20.25250389,60.15400782]]],[[[20.38468243,60.16053835],[20.38424647,60.16507232],[20.37744423,60.16462182],[20.38468243,60.16053835]]],[[[20.82325035,60.17877433],[20.82717677,60.18148699],[20.82227366,60.18273279],[20.82325035,60.17877433]]],[[[20.71167662,60.17273852],[20.71383293,60.1750853],[20.7119901,60.17799174],[20.70625438,60.17579688],[20.71167662,60.17273852]]],[[[20.40312664,60.15728549],[20.41172148,60.15793249],[20.42165946,60.1637408],[20.43221592,60.16228135],[20.43763871,60.172363],[20.44410874,60.1754153],[20.43207914,60.17744308],[20.43611351,60.18026234],[20.4331216,60.18381742],[20.42256383,60.18320072],[20.41872603,60.17972487],[20.41875397,60.17273955],[20.39118879,60.16165416],[20.40312664,60.15728549]]],[[[20.54517051,60.16242776],[20.55620075,60.16852419],[20.54269054,60.16627007],[20.54517051,60.16242776]]],[[[20.47830907,60.1581147],[20.47979552,60.1613934],[20.47151175,60.1608455],[20.47158889,60.16465533],[20.46826021,60.16499643],[20.46172713,60.15959164],[20.47830907,60.1581147]]],[[[20.4960074,60.15722454],[20.49435852,60.16074914],[20.4837696,60.16305592],[20.48347336,60.16613701],[20.47563384,60.16534189],[20.4960074,60.15722454]]],[[[20.39047535,60.15143333],[20.38989781,60.15479988],[20.38244881,60.15724129],[20.39047535,60.15143333]]],[[[20.30446739,60.14660837],[20.30845549,60.15065927],[20.31725425,60.15185418],[20.31859661,60.15688522],[20.29467304,60.16518593],[20.27688189,60.16413186],[20.28136651,60.1586725],[20.29389334,60.16085294],[20.29595066,60.15818277],[20.2930592,60.15511518],[20.3005755,60.15255787],[20.30446739,60.14660837]]],[[[20.73445536,60.16651663],[20.74278497,60.1704977],[20.73135923,60.17866762],[20.72733148,60.1758871],[20.72917685,60.17293494],[20.71413286,60.17269941],[20.72511039,60.16701772],[20.73445536,60.16651663]]],[[[20.48760939,60.1536688],[20.49221036,60.15667574],[20.48639336,60.15817943],[20.48760939,60.1536688]]],[[[20.75839216,60.1665162],[20.76132849,60.169226],[20.75051747,60.17421787],[20.75839216,60.1665162]]],[[[20.47403989,60.1526515],[20.47847021,60.15559095],[20.46875138,60.15426046],[20.47403989,60.1526515]]],[[[20.52371772,60.154817],[20.52245272,60.15872157],[20.51691778,60.15665032],[20.52371772,60.154817]]],[[[20.57537598,60.15725408],[20.58602803,60.15892593],[20.58798818,60.16177564],[20.60818058,60.16252231],[20.60548141,60.16451077],[20.60774535,60.1681347],[20.59279879,60.17109431],[20.56476962,60.15964478],[20.57537598,60.15725408]]],[[[20.71512072,60.163799],[20.71967947,60.16692198],[20.71454248,60.16783007],[20.71263411,60.16589593],[20.71512072,60.163799]]],[[[20.84547424,60.16272781],[20.84658266,60.16475164],[20.83785362,60.1696634],[20.83393371,60.16843652],[20.84547424,60.16272781]]],[[[20.30857799,60.13557581],[20.3131876,60.13806356],[20.31211079,60.14223626],[20.30419884,60.13860047],[20.30857799,60.13557581]]],[[[20.50167733,60.14420059],[20.52062402,60.15325304],[20.50652054,60.15635365],[20.5086434,60.15344374],[20.49700569,60.14731455],[20.50167733,60.14420059]]],[[[20.59351733,60.14798211],[20.58091747,60.15254064],[20.57829185,60.14939449],[20.59351733,60.14798211]]],[[[20.7318785,60.1527374],[20.73439575,60.15651261],[20.72287256,60.15898382],[20.7318785,60.1527374]]],[[[20.49162791,60.13684294],[20.49927325,60.1409276],[20.49396768,60.14134325],[20.49162791,60.13684294]]],[[[19.80433641,60.09984843],[19.80495963,60.10652747],[19.79231489,60.10733943],[19.79923493,60.10049484],[19.80433641,60.09984843]]],[[[20.30340224,60.12543732],[20.31017361,60.12893614],[20.30085598,60.12820327],[20.30340224,60.12543732]]],[[[20.52994504,60.1335511],[20.53071372,60.13578566],[20.51907811,60.13512876],[20.52994504,60.1335511]]],[[[20.47327887,60.12944607],[20.48824605,60.1323702],[20.47327887,60.12944607]]],[[[20.8512502,60.1452486],[20.85254222,60.14906225],[20.84442677,60.14913437],[20.8512502,60.1452486]]],[[[20.4721584,60.12329975],[20.4797542,60.12713809],[20.49184171,60.12560716],[20.49361474,60.12874205],[20.46830723,60.12765441],[20.4721584,60.12329975]]],[[[20.05515663,60.10156277],[20.06629373,60.10435072],[20.05525746,60.10793218],[20.04986809,60.10598403],[20.05089318,60.10247726],[20.05515663,60.10156277]]],[[[19.78757687,60.08651029],[19.78886232,60.09024081],[19.78177858,60.08959562],[19.78757687,60.08651029]]],[[[20.56280981,60.12383072],[20.56248151,60.12632778],[20.55583039,60.12586971],[20.56280981,60.12383072]]],[[[20.71502468,60.12622191],[20.7137071,60.12935577],[20.70916035,60.12852298],[20.71502468,60.12622191]]],[[[20.58846085,60.11752164],[20.58773562,60.12123936],[20.57877638,60.11831532],[20.58846085,60.11752164]]],[[[20.3536097,60.10563141],[20.36599007,60.10878675],[20.36001185,60.11153037],[20.34779995,60.10771167],[20.3536097,60.10563141]]],[[[19.86827569,60.07905878],[19.87335693,60.08282353],[19.86491075,60.08277418],[19.86827569,60.07905878]]],[[[20.46263678,60.10952269],[20.46822386,60.11179614],[20.46898274,60.11527662],[20.45903094,60.11871029],[20.45768566,60.11157067],[20.46263678,60.10952269]]],[[[19.83782644,60.07684742],[19.84021563,60.08286929],[19.83385984,60.08082524],[19.83782644,60.07684742]]],[[[20.71660145,60.12048916],[20.71623992,60.12463102],[20.71052979,60.12311726],[20.71660145,60.12048916]]],[[[20.27089523,60.09217349],[20.2801758,60.09814782],[20.2788291,60.1038101],[20.27528379,60.10403804],[20.27284905,60.09768183],[20.26615987,60.09436745],[20.27089523,60.09217349]]],[[[20.7231154,60.11367702],[20.72576231,60.11628537],[20.72014785,60.11805568],[20.7231154,60.11367702]]],[[[20.67582424,60.10970802],[20.68846132,60.11378507],[20.68275764,60.11655398],[20.69055599,60.12589963],[20.68052928,60.1328309],[20.68039469,60.14032774],[20.66831013,60.14549563],[20.67266603,60.14767694],[20.65571814,60.14766761],[20.65839598,60.14978585],[20.65743057,60.15373948],[20.64594509,60.1522494],[20.64746052,60.15028781],[20.64071624,60.14974977],[20.63470927,60.14454736],[20.63330047,60.14054502],[20.63789876,60.1379878],[20.63509792,60.13284232],[20.65027276,60.12436864],[20.65357056,60.11752012],[20.66750516,60.11021496],[20.67582424,60.10970802]]],[[[20.50194878,60.09535871],[20.50477718,60.09847521],[20.49571496,60.09875887],[20.50194878,60.09535871]]],[[[20.67640189,60.10326063],[20.67880988,60.107456],[20.66893491,60.10658885],[20.67640189,60.10326063]]],[[[20.42746976,60.09072675],[20.43129324,60.09147817],[20.42983442,60.09574786],[20.42151265,60.09514642],[20.42746976,60.09072675]]],[[[20.2923946,60.08295179],[20.29574994,60.08398854],[20.28787588,60.08581906],[20.2923946,60.08295179]]],[[[20.68333313,60.10104066],[20.69491592,60.10359841],[20.68583085,60.10810243],[20.68333313,60.10104066]]],[[[20.7559009,60.10359336],[20.76337389,60.107125],[20.75664779,60.10784517],[20.75342354,60.10373115],[20.7559009,60.10359336]]],[[[20.55684588,60.09252607],[20.56304302,60.09337049],[20.56509853,60.10101694],[20.56999079,60.10189944],[20.56865311,60.10825695],[20.54450513,60.10429016],[20.54053118,60.10952926],[20.53585364,60.10832871],[20.52688071,60.11249846],[20.5126267,60.11036228],[20.51208464,60.1073193],[20.5078331,60.10653067],[20.50474906,60.1136065],[20.47990687,60.10885019],[20.48009373,60.1062214],[20.49476562,60.10598546],[20.49806525,60.10115343],[20.55684588,60.09252607]]],[[[19.95771462,60.06094347],[19.9632665,60.06603522],[19.96121901,60.07700583],[19.96334818,60.08292133],[19.94586143,60.1003686],[19.94432713,60.11125067],[19.97113854,60.11395787],[19.98094144,60.10417187],[19.98114058,60.09257221],[19.98778672,60.09105932],[19.99215063,60.09620873],[19.98771756,60.10985474],[19.99328192,60.11014055],[19.99786912,60.10375614],[20.00380236,60.10433388],[20.01555755,60.09683934],[20.01692155,60.10272897],[20.03246447,60.1038281],[20.03571042,60.10129297],[20.04332724,60.10494449],[20.04602537,60.10807267],[20.04280327,60.11310532],[20.04724947,60.1142054],[20.05091935,60.12031567],[20.0387345,60.12852351],[20.0223919,60.12654612],[20.01928441,60.1350117],[20.01881378,60.14932354],[20.03113331,60.14726082],[20.03955884,60.15796695],[20.03840795,60.16486486],[20.02715706,60.16495736],[20.02778624,60.16773564],[20.03936719,60.16716194],[20.03377995,60.17717443],[20.04052225,60.17846579],[20.04450081,60.18823756],[20.04160103,60.19090052],[20.03576301,60.19308244],[20.01009328,60.185904],[20.00542986,60.17745853],[20.01269869,60.16756282],[20.006274,60.16617978],[20.00460511,60.17380657],[19.99882889,60.17901824],[19.99201599,60.18009431],[19.98656028,60.19059809],[19.97660132,60.19150694],[19.97289144,60.19764281],[19.96593211,60.19668474],[19.95289765,60.20298813],[19.93245378,60.20388096],[19.93225573,60.20889577],[19.92755878,60.21094882],[19.93723709,60.21865287],[19.9301818,60.22119624],[19.93144806,60.22646867],[19.92615911,60.23286189],[19.92476347,60.2410707],[19.92706838,60.2496547],[19.93039859,60.25006463],[19.93737079,60.24646331],[19.93196645,60.2367143],[19.93845138,60.22658982],[19.93937504,60.21905018],[19.95622448,60.22732633],[19.95965767,60.22531946],[19.95513068,60.21999166],[19.93803071,60.21581992],[19.93282009,60.21103372],[19.96875794,60.2040158],[19.98023073,60.19687894],[19.9849928,60.19792986],[19.99798343,60.1845395],[20.01297537,60.19261758],[20.01200836,60.19539856],[20.0057125,60.19512016],[20.00495582,60.20231514],[20.00060179,60.20589319],[20.00458291,60.21384381],[20.01605682,60.21873136],[20.01533276,60.22720463],[20.0201047,60.23252106],[20.01403296,60.23804831],[20.00188609,60.24142607],[19.99760126,60.2528772],[19.98873362,60.2634949],[19.97353303,60.26848096],[19.97390998,60.27887636],[19.96677849,60.28656138],[19.97182086,60.2897883],[19.97107739,60.29444901],[19.97678897,60.30115732],[19.98173336,60.30042986],[19.98200359,60.29026947],[19.97392644,60.28897812],[19.97139623,60.28497793],[19.98298616,60.2761696],[19.98740253,60.26793706],[20.01477737,60.25532083],[20.01916759,60.2604539],[20.01481411,60.26621214],[20.02704843,60.27815185],[20.0186712,60.28044517],[20.00853297,60.27534725],[20.00713437,60.28572252],[20.01036887,60.28626887],[20.01255811,60.28199786],[20.02507266,60.28153712],[20.029976,60.28997595],[20.03598673,60.29047383],[20.04326289,60.29598196],[20.03760785,60.29852027],[20.04091082,60.30064435],[20.03926278,60.3048934],[20.02792105,60.30682991],[20.03337015,60.31296113],[20.03254075,60.31737401],[20.04799338,60.3160515],[20.05164485,60.30733081],[20.05700745,60.3062811],[20.03547894,60.28099835],[20.04638454,60.27588068],[20.04055874,60.27437063],[20.03271809,60.27705556],[20.02369172,60.26998153],[20.02340524,60.25807864],[20.01375867,60.24348626],[20.02234594,60.23745194],[20.03314087,60.23681827],[20.04485458,60.2273636],[20.04648497,60.22449855],[20.03724321,60.22005472],[20.03170372,60.21303806],[20.04473089,60.20604149],[20.04180816,60.20300844],[20.04398717,60.20042618],[20.05911009,60.19969782],[20.0827774,60.21927124],[20.0815925,60.22405775],[20.07543708,60.22646077],[20.07823302,60.23267036],[20.08740047,60.23500468],[20.08758007,60.23757249],[20.10517946,60.24724522],[20.11560565,60.24836438],[20.08114254,60.23173948],[20.08061195,60.22752281],[20.08997977,60.22403729],[20.08707906,60.21808616],[20.0809846,60.21467522],[20.08290674,60.20814373],[20.0686016,60.20461781],[20.06479987,60.1979797],[20.08025871,60.18660702],[20.09246981,60.18388489],[20.10547477,60.18964165],[20.10956795,60.19509225],[20.12071999,60.19834513],[20.12497275,60.19631263],[20.12175335,60.19228792],[20.12650605,60.18783789],[20.14522208,60.18486908],[20.16698144,60.17493769],[20.1793646,60.17899955],[20.1833161,60.1864605],[20.1793529,60.19233494],[20.19033719,60.19377107],[20.19137221,60.20172421],[20.20585213,60.20727061],[20.20773079,60.20061617],[20.21826038,60.19696052],[20.22214981,60.20491716],[20.2322232,60.20467541],[20.23536511,60.21020278],[20.24181131,60.21260985],[20.24169937,60.2204064],[20.2388612,60.22318727],[20.22989886,60.21968367],[20.23127192,60.22813971],[20.21055526,60.2449021],[20.21138979,60.24709435],[20.21844641,60.2488381],[20.23157515,60.24300922],[20.23093005,60.23943324],[20.23617632,60.23542111],[20.23963117,60.23594077],[20.23704684,60.24052404],[20.25099212,60.24261723],[20.25464694,60.2502797],[20.250411,60.25966603],[20.24531338,60.26255418],[20.2492164,60.26392603],[20.24818019,60.26660551],[20.25662067,60.27064156],[20.25902653,60.27941572],[20.27445859,60.28380992],[20.26809215,60.28807542],[20.25513021,60.28645063],[20.24649807,60.29372371],[20.21186358,60.2992005],[20.20731459,60.30185867],[20.20995091,60.30323264],[20.20672306,60.30999288],[20.1963813,60.30601487],[20.19842631,60.30024533],[20.18450975,60.29052571],[20.18500466,60.2876936],[20.17284173,60.28796152],[20.17846755,60.28969487],[20.17401001,60.29453021],[20.18974361,60.30398417],[20.19301823,60.31031676],[20.2096075,60.32289716],[20.20677396,60.32859943],[20.20897342,60.33058858],[20.20568304,60.33363666],[20.19359165,60.33144529],[20.19272806,60.34472354],[20.17681513,60.34735132],[20.17442688,60.34517049],[20.17981108,60.33836987],[20.16957561,60.33174408],[20.1676927,60.33453877],[20.17510472,60.34069371],[20.17247333,60.34630013],[20.16350841,60.34786323],[20.16528612,60.35154359],[20.14567432,60.35304514],[20.15104581,60.34231162],[20.155764,60.33932826],[20.15467102,60.33486901],[20.1608992,60.33380676],[20.16862395,60.31947289],[20.1590073,60.33145366],[20.12798922,60.34170051],[20.13780423,60.34368141],[20.14032984,60.35025674],[20.13110222,60.34551292],[20.11924324,60.34735422],[20.11900816,60.35488027],[20.11361929,60.3583067],[20.11144952,60.35768424],[20.11268251,60.352913],[20.1080829,60.35371901],[20.09743392,60.34428374],[20.09345506,60.34548097],[20.10007442,60.35265197],[20.09915969,60.35505405],[20.10539951,60.3575722],[20.10425773,60.36115824],[20.12762022,60.36317567],[20.11978708,60.36879828],[20.11123902,60.36811955],[20.10991004,60.37148011],[20.07753503,60.37249479],[20.06828407,60.3598616],[20.04948563,60.35403263],[20.04298441,60.34613994],[20.04451761,60.33914416],[20.03964793,60.34757709],[20.0455405,60.35411997],[20.06572002,60.36126848],[20.06494306,60.36559687],[20.06916558,60.36857093],[20.06670268,60.37273767],[20.05303436,60.37014121],[20.0542347,60.36561907],[20.04876272,60.36455535],[20.04529554,60.36583184],[20.04794845,60.36902115],[20.04134373,60.37277152],[20.03170379,60.37292979],[20.02762585,60.37699363],[20.02130347,60.37364431],[20.01386567,60.37647917],[20.01263733,60.37021088],[20.02617069,60.36000348],[20.02685358,60.35413591],[20.02089379,60.35102904],[20.01985984,60.36144838],[20.00208136,60.37068041],[19.98683833,60.3750656],[19.96217652,60.36976043],[19.95909425,60.37046128],[19.96028789,60.37338205],[19.95340832,60.37452988],[19.94911995,60.37216002],[19.9492224,60.36758941],[19.93782531,60.36014592],[19.93652518,60.35727442],[19.94371303,60.35547114],[19.94303777,60.35270629],[19.93507803,60.35377305],[19.9320071,60.36012106],[19.94367847,60.37058842],[19.93855363,60.37443974],[19.93806497,60.37884714],[19.95793916,60.3882446],[19.96178259,60.39282719],[19.96184439,60.40384988],[19.96159396,60.40124667],[19.94057826,60.39940166],[19.93974107,60.39564852],[19.92819582,60.3958444],[19.9263486,60.40048099],[19.9336063,60.40708372],[19.92952731,60.41322462],[19.92184476,60.41349116],[19.91603654,60.42270676],[19.87418308,60.42667711],[19.85870157,60.4225909],[19.85398419,60.42621715],[19.84846176,60.42509854],[19.84497818,60.41886203],[19.83818423,60.41702156],[19.83165476,60.41049887],[19.82638485,60.41065461],[19.82185386,60.4161823],[19.81705164,60.41572721],[19.81659609,60.40759592],[19.79943574,60.40163586],[19.79465727,60.38828167],[19.79827696,60.38454647],[19.80138754,60.38565961],[19.80125939,60.39136203],[19.80488518,60.39384337],[19.80693719,60.38762867],[19.80408575,60.38320298],[19.81332656,60.37739197],[19.80647142,60.37510387],[19.80108163,60.37803866],[19.78868378,60.37743042],[19.77881716,60.36702831],[19.77649125,60.36795975],[19.77881343,60.37526453],[19.77399312,60.38132395],[19.76900347,60.38031828],[19.76883236,60.36618473],[19.77596892,60.36596391],[19.77932006,60.36217105],[19.78495231,60.3640612],[19.79330959,60.3617299],[19.81525423,60.36923018],[19.82681146,60.36912919],[19.82153299,60.36452972],[19.81632437,60.36759872],[19.81196505,60.36429256],[19.82378791,60.3569687],[19.83435865,60.33683642],[19.83181969,60.33465474],[19.83291899,60.32702011],[19.84511679,60.32673409],[19.84312355,60.32144081],[19.85069748,60.32312761],[19.8546081,60.32919338],[19.85988784,60.32539301],[19.87148481,60.32651427],[19.88733175,60.34253614],[19.89055558,60.34272055],[19.89313056,60.33525463],[19.90912504,60.34016073],[19.90994861,60.3373538],[19.90302292,60.33269806],[19.91249492,60.32782916],[19.90816466,60.32153904],[19.89259212,60.32152131],[19.88674158,60.31743907],[19.8986327,60.31436216],[19.90082289,60.31086951],[19.89739637,60.30447214],[19.88650846,60.30358588],[19.88192596,60.31073669],[19.87298064,60.31039231],[19.87288346,60.31466756],[19.87912134,60.31658107],[19.87656379,60.32388713],[19.86131625,60.32285044],[19.84279045,60.31510353],[19.84395976,60.31238012],[19.85238138,60.31294886],[19.85573332,60.30621855],[19.86766925,60.31072309],[19.86854137,60.30524159],[19.87476988,60.30151272],[19.87138304,60.29509462],[19.86359441,60.29447085],[19.8678213,60.28855019],[19.89507462,60.30056973],[19.89729383,60.28980085],[19.89396941,60.28791188],[19.89693975,60.28221549],[19.8918075,60.27953308],[19.88542652,60.26928829],[19.8740532,60.27070199],[19.86537475,60.26784935],[19.8615041,60.25987054],[19.86466738,60.25294259],[19.8573578,60.2515877],[19.86022807,60.23930162],[19.85709971,60.23857704],[19.85252243,60.24603075],[19.837164,60.24794064],[19.82639672,60.24300509],[19.82995437,60.24772933],[19.82300117,60.25308286],[19.82979202,60.26989971],[19.80905564,60.26297666],[19.81458741,60.25226822],[19.81033933,60.24786445],[19.8120895,60.24302084],[19.80535361,60.23932493],[19.80731785,60.23536809],[19.80361845,60.23181368],[19.83048495,60.22877765],[19.82900117,60.22521975],[19.81412509,60.22230026],[19.81824403,60.21668436],[19.81300313,60.2138126],[19.82500287,60.20808046],[19.82017395,60.2069231],[19.82019264,60.2014241],[19.80360395,60.20068518],[19.80077031,60.21505521],[19.796245,60.22036781],[19.7989817,60.22816055],[19.7898687,60.24464372],[19.79017117,60.25007306],[19.78202785,60.25258135],[19.78000153,60.25042422],[19.78467834,60.24666809],[19.78081788,60.24329855],[19.77763375,60.2451222],[19.77102858,60.25057887],[19.77463556,60.25531611],[19.7670855,60.25865777],[19.77120582,60.26193904],[19.76569136,60.26457136],[19.77575967,60.2809768],[19.7834538,60.28617555],[19.78670407,60.29435849],[19.79397183,60.29692526],[19.79939022,60.31181925],[19.80905646,60.31500733],[19.80556606,60.32069006],[19.79270354,60.32011528],[19.79581966,60.32594912],[19.7804298,60.32057144],[19.77899777,60.33094646],[19.7701824,60.32947238],[19.76828313,60.3227908],[19.76077991,60.32697817],[19.76381304,60.33524111],[19.75182691,60.33727177],[19.7421834,60.33427715],[19.74021819,60.33153741],[19.75266047,60.32361128],[19.75268291,60.3200312],[19.7437066,60.31694013],[19.74661841,60.30498131],[19.75236192,60.30420194],[19.75771275,60.30836718],[19.76656253,60.3023434],[19.76464595,60.30010121],[19.77188505,60.29758232],[19.76554231,60.29583771],[19.75147734,60.29921417],[19.75225546,60.28784714],[19.74913237,60.28130488],[19.74506985,60.28129206],[19.73389212,60.28489399],[19.72078083,60.29851013],[19.71556239,60.29759502],[19.71343701,60.28608965],[19.71018524,60.28543445],[19.70799214,60.29142284],[19.70256027,60.2894827],[19.70712172,60.27929305],[19.70263065,60.27230692],[19.70149769,60.26231846],[19.67913829,60.25824019],[19.67453142,60.26060876],[19.69219587,60.26350037],[19.69031502,60.26603997],[19.69416104,60.26868977],[19.69403203,60.273042],[19.6996122,60.2755975],[19.69811041,60.28583919],[19.69294332,60.28640075],[19.69733748,60.29076413],[19.69477377,60.29256824],[19.69020898,60.29441995],[19.67889448,60.28722259],[19.68135627,60.28103273],[19.67648765,60.27932494],[19.67434153,60.28723873],[19.67839596,60.29049237],[19.67658018,60.29915221],[19.65596122,60.29970414],[19.65894246,60.30453099],[19.65388045,60.30477074],[19.64890352,60.30301695],[19.65172502,60.30011665],[19.64388622,60.29938422],[19.64298103,60.29514704],[19.63530438,60.29282292],[19.64482479,60.28478152],[19.65831202,60.29020203],[19.66188187,60.2878378],[19.65021537,60.28449297],[19.65144029,60.27969496],[19.65898217,60.27890831],[19.66028432,60.26691126],[19.66581648,60.26110933],[19.6581305,60.2491221],[19.66984364,60.23874697],[19.67058585,60.23413527],[19.69011749,60.22815445],[19.69577065,60.21287217],[19.68782131,60.20622242],[19.68717514,60.20121552],[19.68946948,60.19536021],[19.69657064,60.19457011],[19.69367089,60.18537021],[19.70263801,60.17586835],[19.70346434,60.16330798],[19.7122344,60.15665886],[19.70557924,60.15297985],[19.7157802,60.15185036],[19.71772734,60.13820283],[19.72703664,60.13891892],[19.72512256,60.1342969],[19.73241885,60.12996715],[19.72773826,60.12462907],[19.73212885,60.11611622],[19.75342798,60.10042462],[19.75028165,60.09418544],[19.7686497,60.09063286],[19.77740536,60.09309515],[19.78524853,60.10664348],[19.8032813,60.11089498],[19.80991475,60.10992266],[19.80926099,60.10195554],[19.81462204,60.09209114],[19.83233186,60.09315104],[19.83721857,60.08643349],[19.84787371,60.09555974],[19.85327885,60.09619886],[19.86975003,60.09000582],[19.8737448,60.09293627],[19.87519324,60.09969181],[19.86001351,60.10381554],[19.8639163,60.10655233],[19.86284249,60.11022819],[19.86677074,60.11023939],[19.86815994,60.10453044],[19.87389456,60.1051224],[19.87957057,60.11051979],[19.8871412,60.10749904],[19.88655144,60.1117287],[19.89181405,60.11189949],[19.9057096,60.12062192],[19.91206486,60.11726918],[19.87868532,60.09918076],[19.89358568,60.09053862],[19.90868538,60.0926461],[19.91463109,60.08911212],[19.91836101,60.11667144],[19.92375672,60.11835023],[19.92582238,60.11589334],[19.92312812,60.11327057],[19.92327791,60.10125328],[19.93476776,60.0777299],[19.94926394,60.07112207],[19.953258,60.06788786],[19.94944597,60.06453355],[19.95771462,60.06094347]]],[[[20.30552357,60.07832711],[20.31252005,60.08023742],[20.31568204,60.09149758],[20.291731,60.09013129],[20.29060941,60.08841086],[20.30362051,60.08261396],[20.30163949,60.07986058],[20.30552357,60.07832711]]],[[[19.9359036,60.05722155],[19.94789634,60.06188897],[19.94874021,60.0661559],[19.93664656,60.07065247],[19.93047402,60.06581361],[19.93430101,60.06193347],[19.93228272,60.05744327],[19.9359036,60.05722155]]],[[[19.9957665,60.05951442],[19.99710503,60.06362043],[19.99227355,60.06420446],[19.9957665,60.05951442]]],[[[19.97427186,60.05822967],[19.9787123,60.06217209],[19.97113027,60.06695505],[19.97427186,60.05822967]]],[[[19.92059805,60.05383661],[19.92492802,60.05547598],[19.92331066,60.05864229],[19.91943981,60.05880146],[19.92059805,60.05383661]]],[[[20.49641585,60.08344736],[20.51567947,60.08631033],[20.4976738,60.09344044],[20.4684301,60.09691568],[20.45636682,60.09531946],[20.46412616,60.0892735],[20.44614729,60.0855629],[20.4563846,60.081628],[20.48346447,60.0857541],[20.49641585,60.08344736]]],[[[20.27759957,60.07167704],[20.28510503,60.07834896],[20.2774426,60.08083467],[20.27270012,60.07911149],[20.27467281,60.07156127],[20.27759957,60.07167704]]],[[[20.58123092,60.08659485],[20.58366612,60.08738396],[20.57574866,60.09281649],[20.56396142,60.09065887],[20.58123092,60.08659485]]],[[[19.87522594,60.04999358],[19.88343219,60.05266764],[19.8749864,60.0543048],[19.87222575,60.0503712],[19.87522594,60.04999358]]],[[[19.96964202,60.05448835],[19.9732592,60.05761996],[19.96440371,60.05972821],[19.96530043,60.05550974],[19.96964202,60.05448835]]],[[[20.59674126,60.08496462],[20.60600965,60.08867059],[20.58958338,60.09327879],[20.60127474,60.0992251],[20.59706183,60.10428951],[20.58739134,60.10569789],[20.58504558,60.10481344],[20.58883164,60.10231047],[20.58122122,60.10193109],[20.57493907,60.09602575],[20.57804101,60.0900428],[20.59674126,60.08496462]]],[[[20.2482875,60.06643188],[20.27162524,60.07125424],[20.27073087,60.07866924],[20.27425899,60.08739407],[20.26868635,60.0879552],[20.26825896,60.09203125],[20.26284222,60.09368264],[20.27014553,60.09764255],[20.27096803,60.10695904],[20.2866527,60.10656346],[20.29299317,60.11194413],[20.3022724,60.11315474],[20.28702244,60.11918612],[20.29397413,60.12742273],[20.29469137,60.14075486],[20.29805913,60.14265091],[20.2954955,60.14907802],[20.28954771,60.15297802],[20.27208136,60.1557153],[20.2680945,60.1604845],[20.25181288,60.16565752],[20.26250762,60.15634007],[20.25951611,60.14721071],[20.25324314,60.14280029],[20.25716743,60.13619843],[20.26669366,60.13469486],[20.25915624,60.12731982],[20.25917546,60.12038747],[20.25394244,60.11954036],[20.25606384,60.12741467],[20.24787772,60.1418723],[20.24900425,60.1593202],[20.23320688,60.16880238],[20.22981525,60.16804938],[20.22516616,60.15877489],[20.22430364,60.15554276],[20.22794358,60.15338482],[20.22060315,60.1500972],[20.22692995,60.14322651],[20.23660339,60.14073841],[20.23589537,60.13630859],[20.22215014,60.13029568],[20.21372602,60.14197381],[20.20983019,60.14266194],[20.20775889,60.14010474],[20.21012395,60.12983383],[20.22259784,60.11688193],[20.21634221,60.11597205],[20.21976149,60.11356798],[20.20789032,60.10926831],[20.21005577,60.10589296],[20.20540496,60.10422862],[20.20967855,60.10156571],[20.20005407,60.09428547],[20.22759625,60.0900307],[20.23004541,60.0817037],[20.2264637,60.08073454],[20.2271101,60.07614764],[20.23860991,60.08053249],[20.25041376,60.07983518],[20.25305514,60.07818198],[20.24101419,60.06954783],[20.2482875,60.06643188]]],[[[20.49433087,60.07810257],[20.49669778,60.08091232],[20.47793025,60.08159711],[20.49433087,60.07810257]]],[[[20.46256519,60.07625356],[20.46634149,60.07763403],[20.45536955,60.0775435],[20.46256519,60.07625356]]],[[[20.70166204,60.08723514],[20.7011521,60.09472861],[20.69094484,60.09291696],[20.70166204,60.08723514]]],[[[20.47754292,60.07605754],[20.48307764,60.07716756],[20.47654442,60.08061433],[20.46846414,60.07958374],[20.47754292,60.07605754]]],[[[19.94522579,60.04849659],[19.96336961,60.05460395],[19.944146,60.05791328],[19.94220299,60.05116443],[19.94522579,60.04849659]]],[[[20.38162001,60.07100196],[20.39352334,60.07432453],[20.39531249,60.07907736],[20.38158652,60.07389341],[20.38162001,60.07100196]]],[[[20.33736735,60.06751596],[20.33961674,60.0710005],[20.34645576,60.07053609],[20.35096839,60.07551076],[20.34861464,60.07939885],[20.35264962,60.08008496],[20.3530374,60.0863995],[20.34137619,60.08844377],[20.33357937,60.08566959],[20.33478293,60.08218437],[20.32466432,60.07001906],[20.32559489,60.06743927],[20.33736735,60.06751596]]],[[[20.31954094,60.06657285],[20.32689551,60.07355003],[20.31756433,60.07091918],[20.31578345,60.06886444],[20.31954094,60.06657285]]],[[[20.55291542,60.07747897],[20.56468485,60.08119599],[20.5657254,60.08445463],[20.55769404,60.08865971],[20.55193863,60.08552887],[20.54212267,60.08570458],[20.55180772,60.09062939],[20.50433258,60.09602222],[20.50944512,60.09119588],[20.52872494,60.08635931],[20.52217041,60.08251068],[20.52305911,60.07874336],[20.52759721,60.07712826],[20.54721282,60.081135],[20.55291542,60.07747897]]],[[[20.72329372,60.08514535],[20.72612801,60.08936047],[20.71688748,60.08799481],[20.72329372,60.08514535]]],[[[20.70905153,60.08407087],[20.71460858,60.0921616],[20.70711013,60.09454216],[20.70561813,60.09124147],[20.70936534,60.09048079],[20.70296586,60.08682267],[20.70905153,60.08407087]]],[[[20.73444861,60.08500167],[20.73741845,60.08777742],[20.73580882,60.0907284],[20.72706051,60.09180796],[20.73049267,60.08903809],[20.72583551,60.08584321],[20.73444861,60.08500167]]],[[[20.43741649,60.07051652],[20.45258076,60.07461426],[20.44149631,60.0786461],[20.43070982,60.07188506],[20.43741649,60.07051652]]],[[[20.6763319,60.08218467],[20.68381547,60.08522963],[20.67430278,60.08763129],[20.6763319,60.08218467]]],[[[20.58728796,60.07702524],[20.58626868,60.0808728],[20.5905493,60.08317512],[20.56738132,60.08597269],[20.56799964,60.08089104],[20.57482006,60.07757234],[20.58728796,60.07702524]]],[[[20.41269224,60.0678653],[20.4164693,60.07282683],[20.40394361,60.07110946],[20.41269224,60.0678653]]],[[[20.60792511,60.07710137],[20.60721142,60.08070649],[20.59817872,60.08198287],[20.60792511,60.07710137]]],[[[19.90533328,60.03870541],[19.90937955,60.03943707],[19.90472445,60.04366253],[19.89645074,60.04076084],[19.90533328,60.03870541]]],[[[19.92128072,60.03862348],[19.92692646,60.04071116],[19.91758734,60.04254753],[19.91453672,60.04607588],[19.91041777,60.04382171],[19.92128072,60.03862348]]],[[[20.25712144,60.05621118],[20.2670151,60.05794786],[20.25980782,60.06160013],[20.24781147,60.05957796],[20.25712144,60.05621118]]],[[[20.50591619,60.06862139],[20.50778351,60.07027285],[20.4982635,60.07474313],[20.48040988,60.07028545],[20.50591619,60.06862139]]],[[[20.72615236,60.07897772],[20.72559989,60.08302225],[20.71916968,60.0858899],[20.71055875,60.0825028],[20.72615236,60.07897772]]],[[[20.74349548,60.0780564],[20.74865184,60.07842909],[20.74880933,60.08263689],[20.73839836,60.08053925],[20.74349548,60.0780564]]],[[[20.51908374,60.06712689],[20.54479818,60.07229909],[20.54548773,60.07579255],[20.50780576,60.07134764],[20.51101196,60.06676046],[20.51908374,60.06712689]]],[[[20.66613024,60.0722853],[20.66854149,60.07780791],[20.66418577,60.0791381],[20.66242983,60.07457704],[20.66613024,60.0722853]]],[[[20.49415877,60.06353933],[20.49784463,60.06671053],[20.48803257,60.06594043],[20.49415877,60.06353933]]],[[[20.48058565,60.06173291],[20.48328607,60.06269154],[20.47446303,60.06344745],[20.48058565,60.06173291]]],[[[20.28660302,60.05152429],[20.29897158,60.05554615],[20.28934302,60.05540722],[20.28660302,60.05152429]]],[[[20.69309566,60.07108456],[20.69434,60.07655502],[20.68739251,60.07486028],[20.69309566,60.07108456]]],[[[19.89996053,60.03044121],[19.90734019,60.03559049],[19.8985019,60.03432775],[19.89689261,60.03290842],[19.89996053,60.03044121]]],[[[19.98122093,60.03470085],[19.98606382,60.03842855],[19.98143624,60.04771376],[19.98669296,60.04938667],[19.98209916,60.05259425],[19.97571874,60.04962367],[19.97188071,60.05323483],[19.97184849,60.04623122],[19.95292016,60.03990498],[19.96754296,60.03483496],[19.98122093,60.03470085]]],[[[20.70419975,60.07081486],[20.70838929,60.07310589],[20.70718481,60.07846901],[20.69811369,60.07819509],[20.70388799,60.07431011],[20.69965628,60.07324435],[20.7006199,60.0710214],[20.70419975,60.07081486]]],[[[20.75760397,60.07074585],[20.75551972,60.07214497],[20.75966321,60.07385046],[20.75372454,60.07668327],[20.74251127,60.07531733],[20.75760397,60.07074585]]],[[[20.67698007,60.06640096],[20.68277637,60.07060302],[20.67623173,60.07497283],[20.67415597,60.07227206],[20.67698007,60.06640096]]],[[[20.72772161,60.06751823],[20.73041145,60.06917065],[20.72829438,60.07672285],[20.71378517,60.07524631],[20.71978134,60.0682424],[20.72772161,60.06751823]]],[[[19.92619916,60.02604893],[19.92985432,60.02922854],[19.91934921,60.03001459],[19.92276826,60.027539],[19.92056203,60.02630741],[19.92619916,60.02604893]]],[[[20.68523697,60.063944],[20.69035754,60.06774564],[20.68302533,60.06680807],[20.68523697,60.063944]]],[[[20.74002287,60.06641565],[20.75117311,60.06776838],[20.74941166,60.07000137],[20.73252973,60.06968987],[20.74002287,60.06641565]]],[[[20.0783645,60.0329219],[20.0833002,60.03491309],[20.07631982,60.04007714],[20.07697307,60.0434521],[20.06891342,60.04133623],[20.0783645,60.0329219]]],[[[20.72818614,60.06482978],[20.73103104,60.06643136],[20.72017171,60.06582857],[20.72818614,60.06482978]]],[[[19.92954734,60.02353553],[19.93494022,60.02638174],[19.93033394,60.02704877],[19.92954734,60.02353553]]],[[[20.71530844,60.06322009],[20.71657879,60.06488949],[20.71217734,60.06505955],[20.71008713,60.06896374],[20.70549649,60.06776753],[20.71530844,60.06322009]]],[[[20.04706372,60.02868522],[20.04569071,60.03287584],[20.03683437,60.03098986],[20.04706372,60.02868522]]],[[[20.09485119,60.03108182],[20.09942172,60.03284176],[20.09487416,60.03525617],[20.09958975,60.03482703],[20.08918053,60.03666924],[20.09485119,60.03108182]]],[[[20.83231616,60.06717941],[20.8353698,60.07016274],[20.82326277,60.06884491],[20.83231616,60.06717941]]],[[[20.92125329,60.07110677],[20.92767232,60.07381741],[20.92494973,60.07655951],[20.91990151,60.07530532],[20.91787769,60.07273714],[20.92125329,60.07110677]]],[[[20.8072769,60.06477399],[20.81839095,60.06893475],[20.81352264,60.07235926],[20.81969533,60.07517515],[20.81211885,60.07763385],[20.80605276,60.07247507],[20.79014753,60.07106969],[20.79308293,60.06588581],[20.8072769,60.06477399]]],[[[19.95946313,60.02086738],[19.96713786,60.0255308],[19.95579606,60.02570768],[19.95946313,60.02086738]]],[[[20.73765028,60.05875005],[20.74228501,60.06244587],[20.73185143,60.06386257],[20.72522776,60.06008504],[20.73765028,60.05875005]]],[[[20.82200921,60.0617774],[20.81532133,60.06472953],[20.81127632,60.06324802],[20.82200921,60.0617774]]],[[[20.61863879,60.05174425],[20.62328103,60.05413227],[20.61470354,60.05425965],[20.61401313,60.051801],[20.61863879,60.05174425]]],[[[20.10255892,60.02349375],[20.1040064,60.02759731],[20.09978941,60.02757475],[20.10255892,60.02349375]]],[[[20.748469,60.05523656],[20.75891313,60.06158292],[20.7449433,60.06335878],[20.74101264,60.05690164],[20.748469,60.05523656]]],[[[19.95036489,60.01388542],[19.9555156,60.01577879],[19.94506983,60.0157184],[19.95036489,60.01388542]]],[[[20.21646869,60.02677032],[20.22025438,60.03011036],[20.21889005,60.03297227],[20.2144569,60.02977866],[20.21646869,60.02677032]]],[[[19.98153981,60.01436289],[19.98571618,60.01804103],[19.98392466,60.01944675],[19.96601617,60.02003396],[19.98153981,60.01436289]]],[[[20.37037382,60.03402864],[20.37885421,60.04224315],[20.3925207,60.04054956],[20.40136127,60.04811102],[20.39576148,60.05126898],[20.3869293,60.04938253],[20.39113998,60.05249385],[20.37903869,60.05694279],[20.36478024,60.05357743],[20.3665849,60.05090371],[20.38277265,60.05105386],[20.36140727,60.03759918],[20.37037382,60.03402864]]],[[[20.76863019,60.05306177],[20.77164403,60.05349845],[20.77085437,60.05657431],[20.76544525,60.05650069],[20.76863019,60.05306177]]],[[[20.60533492,60.04465365],[20.61148175,60.0482763],[20.59673934,60.05415333],[20.58729523,60.05411072],[20.5924855,60.04651438],[20.60533492,60.04465365]]],[[[20.35105328,60.0314124],[20.35654743,60.03288573],[20.3506789,60.03491624],[20.35105328,60.0314124]]],[[[19.96048257,60.00979152],[19.96407107,60.01094644],[19.94863178,60.01187244],[19.96048257,60.00979152]]],[[[20.10573531,60.01436158],[20.1088708,60.01647266],[20.10054235,60.01927792],[20.10573531,60.01436158]]],[[[20.74078957,60.04593859],[20.74467763,60.0477298],[20.73629954,60.05080561],[20.74078957,60.04593859]]],[[[20.76348733,60.04615974],[20.77348309,60.05066185],[20.76613156,60.05099927],[20.76348733,60.04615974]]],[[[20.00501593,60.00750897],[20.01344959,60.00818324],[20.02118956,60.01450873],[20.01376986,60.01880535],[20.01009435,60.0255716],[19.9935628,60.02528901],[19.98919168,60.02631298],[19.98776003,60.03091274],[19.95604807,60.03540489],[19.96031963,60.028778],[19.98009427,60.02828236],[19.98310645,60.02514425],[19.97749447,60.02203281],[19.99156901,60.02004486],[19.99201697,60.01593937],[19.982509,60.01067029],[19.99676932,60.01169777],[20.00501593,60.00750897]]],[[[20.61448639,60.0383822],[20.62719527,60.04436655],[20.62657733,60.04693953],[20.60205686,60.04290424],[20.61448639,60.0383822]]],[[[20.04015148,60.00883096],[20.04619636,60.01418176],[20.04482019,60.01576261],[20.03971401,60.01556013],[20.03700641,60.01975915],[20.02573398,60.01820504],[20.03064586,60.00870324],[20.04015148,60.00883096]]],[[[20.62821994,60.03759302],[20.63475382,60.04077865],[20.62792264,60.04047139],[20.62562135,60.03817213],[20.62821994,60.03759302]]],[[[19.95917161,60.00347847],[19.96346088,60.00780585],[19.94987051,60.00771658],[19.95917161,60.00347847]]],[[[20.73313363,60.04158815],[20.73649075,60.04396452],[20.73511855,60.04909353],[20.73167868,60.04438771],[20.73313363,60.04158815]]],[[[20.77606406,60.04325022],[20.77938734,60.04725805],[20.78442823,60.04700868],[20.77469492,60.04665342],[20.77318837,60.04451542],[20.77606406,60.04325022]]],[[[20.32852406,60.02041342],[20.33623674,60.02361404],[20.33602616,60.0284442],[20.32783344,60.02973955],[20.31523348,60.02250207],[20.32852406,60.02041342]]],[[[19.98625651,60.00158056],[19.98599925,60.00382645],[19.97844073,60.00458482],[19.98625651,60.00158056]]],[[[20.06641535,60.00445851],[20.06912515,60.00517818],[20.06831413,60.00881273],[20.06299973,60.00552169],[20.06641535,60.00445851]]],[[[20.76516788,60.03911207],[20.76468308,60.04169693],[20.76937213,60.04049653],[20.76503117,60.04541281],[20.76198668,60.04474094],[20.76516788,60.03911207]]],[[[20.23575714,60.01274888],[20.23401712,60.01793202],[20.22799357,60.01740359],[20.23575714,60.01274888]]],[[[20.76815082,60.03605822],[20.78545989,60.04160706],[20.76830199,60.03883757],[20.76815082,60.03605822]]],[[[20.62807524,60.02929285],[20.64321762,60.03260199],[20.63845813,60.0383548],[20.62037182,60.03483576],[20.62259683,60.03054755],[20.62807524,60.02929285]]],[[[20.41297597,60.01822528],[20.41930112,60.02315747],[20.44087518,60.02173175],[20.44559771,60.03032453],[20.44891273,60.03079718],[20.45002296,60.03852498],[20.45549389,60.04289382],[20.46016459,60.05851299],[20.47096337,60.06657479],[20.45042225,60.0669805],[20.42812408,60.06071305],[20.41761183,60.05561376],[20.40300768,60.03970489],[20.37409346,60.02472448],[20.38285035,60.02068637],[20.41297597,60.01822528]]],[[[20.02341778,59.99538583],[20.02720842,60.00110151],[20.02091787,60.00265812],[20.02341778,59.99538583]]],[[[20.44643255,60.01706612],[20.44522083,60.0213577],[20.43931316,60.02031295],[20.44643255,60.01706612]]],[[[20.84911233,60.03513363],[20.85365993,60.03660767],[20.8529073,60.03970668],[20.84554467,60.03567451],[20.84911233,60.03513363]]],[[[20.47918273,60.0162097],[20.49044002,60.0217902],[20.48066776,60.01995011],[20.47918273,60.0162097]]],[[[20.87383721,60.03513375],[20.87527467,60.03901224],[20.87131934,60.04050852],[20.86985539,60.03672999],[20.87383721,60.03513375]]],[[[20.76946486,60.02978586],[20.77081258,60.03461076],[20.7660794,60.03528336],[20.76557233,60.03191028],[20.76946486,60.02978586]]],[[[20.08841025,59.99545913],[20.09367369,59.99984066],[20.08318265,59.99971609],[20.08536545,60.00317858],[20.07644671,59.99842818],[20.07980042,59.99527473],[20.08841025,59.99545913]]],[[[19.98581706,59.9897249],[19.99385525,59.99780594],[19.98258803,59.99515087],[19.97233888,59.99848724],[19.98581706,59.9897249]]],[[[20.77164227,60.02924704],[20.78459162,60.03649162],[20.77837312,60.03532392],[20.77164227,60.02924704]]],[[[20.82740908,60.03080759],[20.83190897,60.03863581],[20.8219137,60.0446102],[20.81485294,60.03804773],[20.82740908,60.03080759]]],[[[20.16051909,59.99708811],[20.16169483,60.00214526],[20.15688351,60.00340631],[20.15634128,59.99959144],[20.16051909,59.99708811]]],[[[20.4629554,60.01227436],[20.47230945,60.01303175],[20.47858503,60.02213832],[20.49153572,60.02545449],[20.48452902,60.02887373],[20.52159601,60.04263525],[20.51937648,60.04625509],[20.5217804,60.04743066],[20.51339974,60.05268534],[20.52514836,60.05420537],[20.53078333,60.05833975],[20.52605052,60.06154413],[20.53631372,60.06374264],[20.46345954,60.05804402],[20.46027343,60.04535682],[20.46851912,60.04213841],[20.47021343,60.0379775],[20.46439652,60.03389495],[20.47557648,60.03082621],[20.46260154,60.03055778],[20.45255664,60.02394462],[20.45136848,60.02082358],[20.45879106,60.01717437],[20.45432934,60.01415954],[20.4629554,60.01227436]]],[[[20.22529362,59.99962431],[20.23114978,60.00538994],[20.22498258,60.00325886],[20.22529362,59.99962431]]],[[[20.13388759,59.99472939],[20.13608266,59.99688306],[20.13329099,59.99878766],[20.1260276,59.99861613],[20.13388759,59.99472939]]],[[[20.07165862,59.99029981],[20.07629954,59.99391045],[20.07065613,59.99469172],[20.07165862,59.99029981]]],[[[19.99984259,59.98625658],[20.0040187,59.98757331],[20.00057017,59.99214238],[19.9962894,59.99227166],[19.99539316,59.98786174],[19.99984259,59.98625658]]],[[[20.10158808,59.99083515],[20.10185265,59.99532917],[20.08781058,59.99436002],[20.09032413,59.99093484],[20.10158808,59.99083515]]],[[[20.1123171,59.98798402],[20.10895371,59.99571905],[20.1038329,59.99493754],[20.1123171,59.98798402]]],[[[19.95616217,59.97846077],[19.96102553,59.97902819],[19.96251217,59.98436171],[19.95145995,59.98386397],[19.94803632,59.97980069],[19.95616217,59.97846077]]],[[[20.90678162,60.02579034],[20.91252572,60.02856293],[20.89787848,60.0303125],[20.90678162,60.02579034]]],[[[20.49858177,60.0061549],[20.49885599,60.01077933],[20.49521741,60.00724755],[20.49858177,60.0061549]]],[[[20.29572936,59.99573189],[20.30436054,60.00157094],[20.29433347,60.00045694],[20.29572936,59.99573189]]],[[[19.99550696,59.97944194],[19.99633404,59.98428403],[19.99054614,59.98522063],[19.9918908,59.9795806],[19.99550696,59.97944194]]],[[[20.02658613,59.98016638],[20.02698237,59.98341068],[20.02087985,59.98223515],[20.02658613,59.98016638]]],[[[20.54254579,60.00633529],[20.55071522,60.00991383],[20.54510201,60.01650899],[20.55609404,60.02197181],[20.55853591,60.0209143],[20.55529535,60.01522565],[20.56029609,60.01180372],[20.58893651,60.01495766],[20.599012,60.02093347],[20.60463422,60.03142492],[20.60958156,60.03372338],[20.60648311,60.0390842],[20.59778977,60.04318558],[20.57857032,60.04237914],[20.58223455,60.04837618],[20.57476161,60.05132588],[20.59422752,60.05853147],[20.59047125,60.06080522],[20.57957489,60.05665702],[20.57596556,60.06239646],[20.57156342,60.06026291],[20.57116995,60.05498767],[20.55093361,60.0616186],[20.54023422,60.05867366],[20.52354312,60.0505292],[20.52673833,60.044573],[20.53298259,60.04269602],[20.53171076,60.04026726],[20.49529122,60.02126811],[20.49628564,60.01595803],[20.50582746,60.01708294],[20.50641696,60.01197879],[20.50232468,60.01191791],[20.50454564,60.00829671],[20.54254579,60.00633529]]],[[[20.58106942,60.00806487],[20.57710292,60.01140495],[20.5728267,60.01033801],[20.58106942,60.00806487]]],[[[20.12967011,59.98525176],[20.13352607,59.98693315],[20.1341045,59.99280602],[20.12477867,59.99379569],[20.12967011,59.98525176]]],[[[20.7512267,60.01583533],[20.76110606,60.02078181],[20.75689577,60.02202823],[20.7512267,60.01583533]]],[[[20.59176827,60.00759866],[20.59456254,60.01234492],[20.58699705,60.01018672],[20.59176827,60.00759866]]],[[[20.56891075,60.00617214],[20.57213996,60.01001095],[20.56492714,60.00933129],[20.56891075,60.00617214]]],[[[20.10259628,59.98149745],[20.1059799,59.98391537],[20.09842736,59.98667802],[20.09308889,59.98467923],[20.10259628,59.98149745]]],[[[20.70823713,60.01166037],[20.71224017,60.01421393],[20.70598564,60.01482784],[20.70823713,60.01166037]]],[[[20.85164712,60.01831662],[20.85330257,60.02246162],[20.84591415,60.02442375],[20.85164712,60.01831662]]],[[[20.91604732,60.0212415],[20.92361283,60.03238734],[20.90677331,60.02398242],[20.91604732,60.0212415]]],[[[21.02602708,60.02625908],[21.02981168,60.03000077],[21.02451205,60.0318577],[21.02602708,60.02625908]]],[[[20.21879458,59.98630623],[20.22465112,59.99197402],[20.22304369,59.99529935],[20.21714681,59.98916052],[20.21082109,59.98779498],[20.21879458,59.98630623]]],[[[20.55629113,60.0031766],[20.55949587,60.00994065],[20.55235169,60.00772478],[20.552846,60.00356823],[20.55629113,60.0031766]]],[[[20.10949819,59.9781651],[20.11014557,59.9807351],[20.10321381,59.981658],[20.10949819,59.9781651]]],[[[20.86225864,60.01402168],[20.86680781,60.02072307],[20.85585751,60.02225127],[20.85490819,60.01873417],[20.86225864,60.01402168]]],[[[19.95167326,59.96395249],[19.96023259,59.96558271],[19.95357033,59.96778388],[19.94765326,59.96455578],[19.95167326,59.96395249]]],[[[20.34828843,59.98453851],[20.35872666,59.98632728],[20.35223102,59.98927143],[20.34566628,59.98635026],[20.34828843,59.98453851]]],[[[20.51801842,59.99124765],[20.52136812,59.9922032],[20.52027522,59.99450327],[20.50064408,60.00105415],[20.49130077,59.99974957],[20.50278985,59.99277678],[20.51801842,59.99124765]]],[[[20.97327316,60.01259207],[20.96454243,60.0186124],[20.96148131,60.01359709],[20.95672174,60.01354865],[20.97327316,60.01259207]]],[[[20.44291045,59.98626348],[20.44902126,59.99036519],[20.44625477,59.99494756],[20.45436871,59.99706302],[20.45403592,60.00421246],[20.42983164,60.01488113],[20.38591677,60.01666047],[20.40784762,59.99789205],[20.42086063,59.99575078],[20.42532742,59.99133919],[20.44291045,59.98626348]]],[[[20.4717584,59.98636042],[20.47484322,59.98937718],[20.46965764,59.99164491],[20.47312252,59.99525595],[20.46455673,59.99690644],[20.46246964,59.9910959],[20.4717584,59.98636042]]],[[[20.53958679,59.98829879],[20.54167509,59.98840555],[20.53748948,59.99171427],[20.53180689,59.99164162],[20.53958679,59.98829879]]],[[[20.95646836,60.00684048],[20.95260131,60.01112805],[20.94626038,60.01001093],[20.95646836,60.00684048]]],[[[20.17940557,59.96864356],[20.20311424,59.98196398],[20.2042222,59.98508419],[20.19744668,59.98799435],[20.20792825,59.98683309],[20.21183102,59.99147292],[20.21181123,59.99846126],[20.22236826,60.00581875],[20.23480952,60.00888974],[20.22379248,60.01554974],[20.21602302,60.0153994],[20.20556425,60.02699165],[20.21402504,60.04442646],[20.21189249,60.04884614],[20.22212515,60.06318655],[20.209306,60.06354743],[20.20909154,60.06621739],[20.21997276,60.07168761],[20.21965751,60.07551976],[20.22358584,60.07701202],[20.22053023,60.0842586],[20.21334637,60.08982576],[20.20162658,60.08806335],[20.19424458,60.07999247],[20.18791243,60.08122687],[20.18355164,60.08624902],[20.17562289,60.08224787],[20.16968668,60.08481794],[20.17166416,60.09093203],[20.16000349,60.09335156],[20.14857955,60.08958926],[20.13429005,60.09032203],[20.12269581,60.09390902],[20.11483008,60.1010624],[20.09932503,60.1030549],[20.08922956,60.11052325],[20.08164994,60.10802972],[20.08234199,60.10273327],[20.07643531,60.09531436],[20.07671866,60.09054166],[20.07231282,60.09049435],[20.06658418,60.09683787],[20.05919785,60.09534358],[20.07173771,60.08520346],[20.07168408,60.0799046],[20.07903963,60.07432744],[20.06217153,60.08516583],[20.05480989,60.08251941],[20.069184,60.06726733],[20.06122176,60.07018487],[20.06164976,60.07311148],[20.04818048,60.08518519],[20.04075259,60.07986444],[20.03999678,60.07520787],[20.04658169,60.07141627],[20.04679797,60.0678116],[20.04140533,60.06516722],[20.03544764,60.07006914],[20.03975038,60.07643685],[20.0381145,60.08246195],[20.0204184,60.09553196],[19.99338147,60.08512076],[19.98393673,60.0865206],[19.98681572,60.07809558],[19.97452228,60.07411636],[19.98450936,60.06627581],[19.99380003,60.07174459],[20.01825612,60.06854093],[20.03299146,60.04753241],[20.04695709,60.03895905],[20.04971431,60.04258837],[20.04777699,60.04513062],[20.05127211,60.04639578],[20.06721099,60.03913442],[20.06800028,60.04564442],[20.08270129,60.05074688],[20.08816097,60.04888256],[20.10309537,60.03289965],[20.11484098,60.0256889],[20.11750598,60.019913],[20.11427126,60.0147071],[20.11584657,60.01152794],[20.1103802,60.00352643],[20.1189473,59.99807824],[20.13440413,60.00154495],[20.1447339,59.99362354],[20.1537928,59.99609201],[20.15542888,60.00371164],[20.16250966,60.00676742],[20.16867683,60.01644954],[20.17258255,60.01627537],[20.18325864,60.00912679],[20.18025745,60.00596138],[20.18426838,59.9931206],[20.17909831,59.98819227],[20.19067115,59.9841095],[20.17547324,59.97955587],[20.17478006,59.97531596],[20.17940557,59.96864356]]],[[[20.38377027,59.97847139],[20.3873983,59.9842705],[20.40949388,59.98440954],[20.4134084,59.98754929],[20.41354855,59.99404293],[20.39777365,60.00090674],[20.40017541,60.00391683],[20.38471849,60.01487218],[20.37823746,60.01615194],[20.37480922,60.01189144],[20.36925744,60.01196496],[20.35378157,60.02133536],[20.32772997,60.01516273],[20.32216865,60.01098935],[20.33402002,60.00592974],[20.32497978,60.00503092],[20.32748698,60.00016713],[20.31520625,60.0002305],[20.29158462,59.98694778],[20.29952104,59.9801249],[20.30888402,59.97801403],[20.31092285,59.98236638],[20.31886588,59.98238043],[20.32110891,59.9804372],[20.31802729,59.97732473],[20.32475911,59.97877619],[20.32658228,59.98334876],[20.3344018,59.98365556],[20.32624775,59.99058813],[20.33715366,59.98841058],[20.33945077,59.99287516],[20.34528728,59.98686856],[20.35342095,59.98979638],[20.35300143,59.99281053],[20.36235753,59.99961425],[20.36718786,59.99497073],[20.35791739,59.99283038],[20.35767422,59.98984837],[20.36461414,59.98507746],[20.36310782,59.98079675],[20.38377027,59.97847139]]],[[[20.46589534,59.97981157],[20.46940447,59.98248116],[20.46347659,59.98776317],[20.45432087,59.986404],[20.46589534,59.97981157]]],[[[20.8585893,59.99371061],[20.86233212,59.99524694],[20.85356936,59.99832072],[20.85134962,59.99628005],[20.8585893,59.99371061]]],[[[20.51426075,59.97678203],[20.52666588,59.97869299],[20.52709467,59.98132488],[20.51305231,59.9793857],[20.51174166,59.98166535],[20.51651008,59.98558876],[20.51082183,59.98666284],[20.50813118,59.98370091],[20.51426075,59.97678203]]],[[[20.29684277,59.96541979],[20.30078827,59.96628282],[20.30387949,59.97568925],[20.29744316,59.97597868],[20.29363991,59.98234497],[20.28229613,59.97809586],[20.28059482,59.97138583],[20.28370301,59.96877414],[20.29531033,59.96964886],[20.29684277,59.96541979]]],[[[20.31959324,59.96645695],[20.3229589,59.97068427],[20.31235982,59.9742276],[20.31959324,59.96645695]]],[[[20.34099407,59.96680685],[20.35073803,59.97063025],[20.33248596,59.97465325],[20.3445958,59.96963172],[20.34099407,59.96680685]]],[[[20.41664314,59.96982164],[20.41915377,59.97169923],[20.414276,59.9743439],[20.4058203,59.97192104],[20.41664314,59.96982164]]],[[[20.27709849,59.96268102],[20.27399151,59.97008117],[20.26541926,59.96541038],[20.27709849,59.96268102]]],[[[20.42380445,59.96832623],[20.42698714,59.97037375],[20.42269649,59.97245654],[20.42031935,59.96865079],[20.42380445,59.96832623]]],[[[20.32570439,59.96212384],[20.32708836,59.96487939],[20.31984615,59.96455175],[20.32570439,59.96212384]]],[[[20.45490784,59.96791679],[20.46394512,59.96966552],[20.45845792,59.97250559],[20.44661855,59.96871669],[20.45490784,59.96791679]]],[[[20.39480317,59.96027709],[20.39859583,59.96110308],[20.39835747,59.96390239],[20.38916555,59.9651631],[20.39480317,59.96027709]]],[[[20.33246012,59.95668456],[20.32997106,59.96041464],[20.32553709,59.95873006],[20.33246012,59.95668456]]],[[[20.85803149,59.98056865],[20.86174406,59.98364892],[20.85351228,59.98294512],[20.85803149,59.98056865]]],[[[20.30368971,59.95264425],[20.30334185,59.95819877],[20.29721556,59.95794019],[20.30368971,59.95264425]]],[[[20.91195647,59.98119596],[20.91193175,59.98381313],[20.89941111,59.98720532],[20.91195647,59.98119596]]],[[[20.40098838,59.95580086],[20.40803265,59.95830145],[20.39536065,59.95886197],[20.40098838,59.95580086]]],[[[20.61073395,59.96576836],[20.60008154,59.9721805],[20.59436026,59.97218527],[20.61073395,59.96576836]]],[[[20.17787605,59.94209741],[20.18138545,59.9442814],[20.17629397,59.94599158],[20.17755439,59.94391787],[20.17326041,59.94320266],[20.17787605,59.94209741]]],[[[20.21405089,59.9361798],[20.22747417,59.93688868],[20.22951473,59.94024648],[20.21006234,59.93786713],[20.21405089,59.9361798]]],[[[20.1274962,59.92920979],[20.14189176,59.93652874],[20.13234391,59.93405228],[20.1274962,59.92920979]]],[[[20.62096412,59.94384548],[20.62531191,59.94432192],[20.62754799,59.94930378],[20.62027565,59.94741123],[20.62096412,59.94384548]]],[[[20.9667206,59.95941514],[20.96993646,59.95969255],[20.97288282,59.96539738],[20.94861966,59.96126629],[20.9667206,59.95941514]]],[[[20.97994469,59.959331],[20.98799475,59.9620318],[20.97696663,59.95956783],[20.97994469,59.959331]]],[[[21.05762294,59.96239884],[21.05801336,59.96464244],[21.04705354,59.96585335],[21.05762294,59.96239884]]],[[[20.87502341,59.95247856],[20.87701231,59.95478191],[20.87476612,59.95615027],[20.8687911,59.9531648],[20.87502341,59.95247856]]],[[[20.59090296,59.93710859],[20.59643801,59.93848828],[20.58690981,59.94030323],[20.59090296,59.93710859]]],[[[20.5308531,59.92941215],[20.53711034,59.93193566],[20.53726881,59.93528761],[20.5308531,59.92941215]]],[[[21.02061373,59.95114731],[21.00901656,59.956499],[21.00493455,59.95442873],[21.02061373,59.95114731]]],[[[20.87522457,59.94079655],[20.88932334,59.94985987],[20.87607319,59.94876174],[20.86931881,59.9448428],[20.87522457,59.94079655]]],[[[21.0373735,59.94494978],[21.04238635,59.94547176],[21.04222867,59.94849816],[21.03412865,59.95183999],[21.03010137,59.9492791],[21.02983155,59.94620489],[21.0373735,59.94494978]]],[[[21.01451344,59.94163476],[21.02120374,59.94430471],[21.02094248,59.9475052],[21.00686352,59.94498157],[21.01451344,59.94163476]]],[[[20.91633722,59.93599341],[20.91764351,59.93959068],[20.9096001,59.9379248],[20.91633722,59.93599341]]],[[[21.03886811,59.94110972],[21.03893051,59.94383268],[21.03244149,59.94494852],[21.02710573,59.94220243],[21.03886811,59.94110972]]],[[[21.00639088,59.93930903],[21.01252328,59.94098003],[21.00343682,59.94184673],[21.00639088,59.93930903]]],[[[21.06398601,59.94113187],[21.04392853,59.945968],[21.05074079,59.94088616],[21.06398601,59.94113187]]],[[[21.03693477,59.93742152],[21.03843208,59.93948714],[21.02676676,59.94160052],[21.03693477,59.93742152]]],[[[21.05851288,59.93657923],[21.06379662,59.93753549],[21.06078289,59.94062345],[21.05036443,59.94040433],[21.05851288,59.93657923]]],[[[21.00240546,59.92944607],[21.00032099,59.93414488],[20.99486565,59.93357472],[21.00240546,59.92944607]]],[[[21.08298214,59.9313636],[21.0872508,59.93385919],[21.07972501,59.93325073],[21.08298214,59.9313636]]],[[[21.01346644,59.92646981],[21.01535305,59.93053335],[21.00485893,59.93067005],[21.01346644,59.92646981]]],[[[21.04788381,59.92767874],[21.0530277,59.9303418],[21.05083357,59.93403508],[21.04278724,59.93434268],[21.04330377,59.92813292],[21.04788381,59.92767874]]],[[[20.60541189,59.90602721],[20.61479247,59.90842246],[20.60202787,59.90792606],[20.60541189,59.90602721]]],[[[20.98380858,59.91851912],[20.99544758,59.92273122],[20.99125007,59.92527064],[20.99547267,59.92905065],[20.98944883,59.93154108],[20.98928097,59.93751236],[20.96199021,59.94079635],[20.96121028,59.94457254],[21.00079489,59.94189714],[21.00511929,59.94460867],[21.00434173,59.95218063],[20.99475221,59.95514566],[20.98037497,59.95036567],[20.96598794,59.95889874],[20.9517268,59.95533858],[20.94751801,59.95641251],[20.94776065,59.9600285],[20.93755883,59.96318782],[20.92074108,59.96125865],[20.91016762,59.95575497],[20.91742601,59.95243321],[20.90993131,59.94917722],[20.92751283,59.94119664],[20.92602031,59.93878291],[20.9306821,59.93545334],[20.9536374,59.93505224],[20.97710762,59.92630201],[20.96781157,59.92209349],[20.97813912,59.92227697],[20.97965677,59.918816],[20.98380858,59.91851912]]],[[[21.10808314,59.92347956],[21.11093664,59.92566699],[21.10165375,59.92384637],[21.10808314,59.92347956]]],[[[20.9599706,59.91593618],[20.95718134,59.92118099],[20.94646405,59.92043819],[20.9599706,59.91593618]]],[[[20.92733371,59.9123384],[20.93212252,59.91850526],[20.94342228,59.91892034],[20.94010091,59.92242123],[20.94245058,59.92362205],[20.96071548,59.92173528],[20.96798844,59.92485717],[20.9505388,59.93364253],[20.91762414,59.93255341],[20.91756579,59.92649699],[20.91254793,59.91911046],[20.92733371,59.9123384]]],[[[21.08385244,59.91730088],[21.08130383,59.92118037],[21.07599821,59.92099905],[21.08385244,59.91730088]]],[[[20.88899565,59.90267944],[20.89482544,59.90673473],[20.88647541,59.90681779],[20.88899565,59.90267944]]],[[[20.96469847,59.90541778],[20.96964152,59.90869239],[20.95321422,59.90798395],[20.96469847,59.90541778]]],[[[20.94743109,59.90417293],[20.95023579,59.90703883],[20.93620084,59.90732904],[20.93790219,59.90466162],[20.94743109,59.90417293]]],[[[20.92295257,59.90228209],[20.9266399,59.9028795],[20.92875364,59.90851664],[20.91259561,59.90954995],[20.91853004,59.91357931],[20.90892638,59.91731606],[20.91411009,59.92220078],[20.910642,59.92474999],[20.91349979,59.92978665],[20.90877185,59.93160563],[20.90867925,59.93657377],[20.90386233,59.93707177],[20.90208808,59.94522105],[20.8655867,59.93809427],[20.86108549,59.93062025],[20.85368278,59.92787535],[20.86145246,59.91925409],[20.87981171,59.91106184],[20.89742224,59.90983912],[20.90054542,59.90335611],[20.92295257,59.90228209]]],[[[20.9858427,59.90250848],[20.99773291,59.90599677],[20.97077041,59.90742101],[20.97316816,59.90414219],[20.9858427,59.90250848]]],[[[20.89192278,59.8922846],[20.90612736,59.89563561],[20.89537065,59.89861548],[20.89312335,59.8974538],[20.89535128,59.89500217],[20.88894761,59.89378219],[20.89192278,59.8922846]]],[[[21.24115451,59.90647459],[21.24213031,59.91172606],[21.23742662,59.9090632],[21.24115451,59.90647459]]],[[[20.95182644,59.89196615],[20.95650758,59.89490172],[20.94586162,59.89261015],[20.95182644,59.89196615]]],[[[21.15053657,59.90088874],[21.1519702,59.90341071],[21.14045248,59.90682231],[21.15053657,59.90088874]]],[[[20.97411266,59.8922021],[20.97720038,59.89617419],[20.97019385,59.89336336],[20.97411266,59.8922021]]],[[[19.92198277,59.83590011],[19.92592758,59.83732602],[19.92060234,59.84269342],[19.91011876,59.84140771],[19.91520251,59.83617347],[19.92198277,59.83590011]]],[[[20.9720532,59.88772873],[20.97468408,59.88901322],[20.964425,59.88835649],[20.9720532,59.88772873]]],[[[20.93581279,59.88435193],[20.94110434,59.88817965],[20.92739752,59.88618572],[20.93581279,59.88435193]]],[[[20.94806906,59.88483635],[20.95439002,59.8884263],[20.9383167,59.89415166],[20.92213492,59.89123702],[20.92662149,59.88725814],[20.93683886,59.88982971],[20.94806906,59.88483635]]],[[[20.93251495,59.87989633],[20.933749,59.88364728],[20.92537959,59.88365973],[20.91653613,59.88786533],[20.91737154,59.89119794],[20.90154013,59.88569179],[20.91944015,59.88475167],[20.92104236,59.88079125],[20.93251495,59.87989633]]],[[[20.97665886,59.87798933],[20.980108,59.88151709],[20.97099684,59.87883732],[20.97665886,59.87798933]]],[[[20.89791,59.87030626],[20.90944527,59.87423815],[20.9019855,59.87823508],[20.90115231,59.8743795],[20.89716458,59.87350117],[20.89791,59.87030626]]],[[[20.93255841,59.86625935],[20.93494773,59.86842905],[20.92087215,59.87121218],[20.93601326,59.87417603],[20.93258266,59.87811883],[20.9224436,59.87829845],[20.91287218,59.87225755],[20.93255841,59.86625935]]],[[[21.09461567,59.87309052],[21.10207743,59.8769566],[21.08701524,59.87371149],[21.09461567,59.87309052]]],[[[20.99593422,59.86827422],[21.00584199,59.87230419],[20.99729685,59.87145595],[20.99593422,59.86827422]]],[[[21.17385467,59.87444292],[21.17823525,59.87530544],[21.1674099,59.87687727],[21.17385467,59.87444292]]],[[[20.92402263,59.86013733],[20.93912785,59.86519461],[20.92256192,59.86530292],[20.92046742,59.86102878],[20.92402263,59.86013733]]],[[[20.9817719,59.83109861],[20.99104172,59.83525652],[20.97933787,59.83449595],[20.9817719,59.83109861]]],[[[20.95969309,59.81286336],[20.96496538,59.81645572],[20.95956373,59.81708045],[20.95969309,59.81286336]]],[[[21.18928984,59.81251815],[21.19428534,59.81470728],[21.18481528,59.81492862],[21.18928984,59.81251815]]],[[[20.96164738,59.79754288],[20.95640582,59.80167117],[20.94745469,59.80012216],[20.96164738,59.79754288]]],[[[21.15644762,59.78866124],[21.16023209,59.79005503],[21.15298216,59.79230073],[21.14880126,59.79020067],[21.15644762,59.78866124]]],[[[21.14285147,59.77248319],[21.16159117,59.78008692],[21.14166544,59.77736604],[21.14431109,59.77650972],[21.14285147,59.77248319]]],[[[21.1752429,59.77020215],[21.1776016,59.77632668],[21.17271627,59.77339586],[21.1752429,59.77020215]]]]}}]}
