{
  "type": "FeatureCollection",
  "features": [
    {
      "type": "Feature",
      "properties": {
        "code": "31555",
        "name": "Toulouse",
        "regionCode": "76"
      },
      "geometry": {
        "type": "Polygon",
        "coordinates": [
          [
            [
              1.504688,
              43.579818
            ],
            [
              1.513088,
              43.576904
            ],
            [
              1.513352,
              43.563996
            ],
            [
              1.500188,
              43.553851
            ],
            [
              1.477279,
              43.557281
            ],
            [
              1.467318,
              43.552078
            ],
            [
              1.454705,
              43.540742
            ],
            [
              1.461409,
              43.532693
            ],
            [
              1.410624,
              43.549233
            ],
            [
              1.38857,
              43.536831
            ],
            [
              1.368007,
              43.549909
            ],
            [
              1.373981,
              43.554347
            ],
            [
              1.359353,
              43.560397
            ],
            [
              1.36888,
              43.573299
            ],
            [
              1.35898,
              43.579142
            ],
            [
              1.377019,
              43.589981
            ],
            [
              1.362038,
              43.591664
            ],
            [
              1.366749,
              43.595972
            ],
            [
              1.350329,
              43.604335
            ],
            [
              1.356355,
              43.620538
            ],
            [
              1.369656,
              43.628766
            ],
            [
              1.376828,
              43.62618
            ],
            [
              1.373998,
              43.619426
            ],
            [
              1.387461,
              43.615546
            ],
            [
              1.399897,
              43.621093
            ],
            [
              1.406694,
              43.6556
            ],
            [
              1.400463,
              43.667863
            ],
            [
              1.431956,
              43.65734
            ],
            [
              1.429793,
              43.666453
            ],
            [
              1.43993,
              43.668714
            ],
            [
              1.443179,
              43.647807
            ],
            [
              1.459935,
              43.660809
            ],
            [
              1.476053,
              43.642335
            ],
            [
              1.499124,
              43.646266
            ],
            [
              1.479841,
              43.628353
            ],
            [
              1.496935,
              43.581667
            ],
            [
              1.504688,
              43.579818
            ]
          ]
        ]
      }
    },
    {
      "type": "Feature",
      "properties": {
        "code": "59350",
        "name": "Lille",
        "regionCode": "32"
      },
      "geometry": {
        "type": "Polygon",
        "coordinates": [
          [
            [
              3.116447,
              50.636356
            ],
            [
              3.121563,
              50.635106
            ],
            [
              3.124454,
              50.618747
            ],
            [
              3.08621,
              50.61789
            ],
            [
              3.071295,
              50.606828
            ],
            [
              3.061989,
              50.612568
            ],
            [
              3.049191,
              50.6009
            ],
            [
              3.023815,
              50.611545
            ],
            [
              3.027989,
              50.613865
            ],
            [
              3.018653,
              50.625427
            ],
            [
              2.969832,
              50.633545
            ],
            [
              2.974526,
              50.645721
            ],
            [
              2.968966,
              50.657369
            ],
            [
              2.983933,
              50.661262
            ],
            [
              3.028868,
              50.63544
            ],
            [
              3.052416,
              50.650627
            ],
            [
              3.066111,
              50.649826
            ],
            [
              3.075265,
              50.641885
            ],
            [
              3.087431,
              50.656886
            ],
            [
              3.091071,
              50.650979
            ],
            [
              3.103383,
              50.6523
            ],
            [
              3.093185,
              50.642206
            ],
            [
              3.096271,
              50.636937
            ],
            [
              3.116447,
              50.636356
            ]
          ]
        ]
      }
    },
    {
      "type": "Feature",
      "properties": {
        "code": "35238",
        "name": "Rennes",
        "regionCode": "53"
      },
      "geometry": {
        "type": "Polygon",
        "coordinates": [
          [
            [
              -1.739867,
              48.131334
            ],
            [
              -1.727868,
              48.135394
            ],
            [
              -1.725103,
              48.144206
            ],
            [
              -1.702621,
              48.144092
            ],
            [
              -1.692206,
              48.132707
            ],
            [
              -1.662726,
              48.143037
            ],
            [
              -1.65075,
              48.140705
            ],
            [
              -1.624732,
              48.154989
            ],
            [
              -1.624853,
              48.145883
            ],
            [
              -1.636682,
              48.13559
            ],
            [
              -1.627953,
              48.125263
            ],
            [
              -1.63618,
              48.11405
            ],
            [
              -1.632804,
              48.102822
            ],
            [
              -1.624534,
              48.099933
            ],
            [
              -1.627224,
              48.089422
            ],
            [
              -1.645352,
              48.079959
            ],
            [
              -1.66259,
              48.08282
            ],
            [
              -1.666063,
              48.077159
            ],
            [
              -1.703824,
              48.081804
            ],
            [
              -1.692957,
              48.086806
            ],
            [
              -1.689318,
              48.096497
            ],
            [
              -1.694451,
              48.097342
            ],
            [
              -1.741569,
              48.079969
            ],
            [
              -1.751609,
              48.081787
            ],
            [
              -1.751573,
              48.091702
            ],
            [
              -1.734116,
              48.103833
            ],
            [
              -1.736584,
              48.109931
            ],
            [
              -1.728422,
              48.11087
            ],
            [
              -1.731196,
              48.114996
            ],
            [
              -1.723951,
              48.121655
            ],
            [
              -1.739867,
              48.131334
            ]
          ]
        ]
      }
    },
    {
      "type": "Feature",
      "properties": {
        "code": "54395",
        "name": "Nancy",
        "regionCode": "44"
      },
      "geometry": {
        "type": "Polygon",
        "coordinates": [
          [
            [
              6.162119,
              48.668189
            ],
            [
              6.162601,
              48.680157
            ],
            [
              6.152779,
              48.691117
            ],
            [
              6.134866,
              48.689241
            ],
            [
              6.138372,
              48.702335
            ],
            [
              6.178071,
              48.709273
            ],
            [
              6.206771,
              48.69614
            ],
            [
              6.203034,
              48.692833
            ],
            [
              6.212627,
              48.673015
            ],
            [
              6.202775,
              48.67685
            ],
            [
              6.194248,
              48.672019
            ],
            [
              6.186914,
              48.677333
            ],
            [
              6.162119,
              48.668189
            ]
          ]
        ]
      }
    },
    {
      "type": "Feature",
      "properties": {
        "code": "69266",
        "name": "Villeurbanne",
        "regionCode": "84"
      },
      "geometry": {
        "type": "Polygon",
        "coordinates": [
          [
            [
              4.869957,
              45.763726
            ],
            [
              4.858431,
              45.772428
            ],
            [
              4.859902,
              45.786944
            ],
            [
              4.879805,
              45.795315
            ],
            [
              4.907268,
              45.78388
            ],
            [
              4.902329,
              45.771633
            ],
            [
              4.91734,
              45.768901
            ],
            [
              4.921172,
              45.755589
            ],
            [
              4.917686,
              45.748442
            ],
            [
              4.875396,
              45.754879
            ],
            [
              4.869957,
              45.763726
            ]
          ]
        ]
      }
    },
    {
      "type": "Feature",
      "properties": {
        "code": "44109",
        "name": "Nantes",
        "regionCode": "52"
      },
      "geometry": {
        "type": "Polygon",
        "coordinates": [
          [
            [
              -1.478965,
              47.227928
            ],
            [
              -1.530362,
              47.203686
            ],
            [
              -1.525504,
              47.191947
            ],
            [
              -1.511259,
              47.187651
            ],
            [
              -1.518169,
              47.180628
            ],
            [
              -1.531746,
              47.183342
            ],
            [
              -1.548352,
              47.198002
            ],
            [
              -1.578517,
              47.197573
            ],
            [
              -1.607592,
              47.184526
            ],
            [
              -1.641774,
              47.191179
            ],
            [
              -1.619026,
              47.193227
            ],
            [
              -1.602858,
              47.225147
            ],
            [
              -1.583804,
              47.235854
            ],
            [
              -1.589437,
              47.239258
            ],
            [
              -1.576412,
              47.253974
            ],
            [
              -1.593397,
              47.273444
            ],
            [
              -1.559294,
              47.27012
            ],
            [
              -1.553283,
              47.258584
            ],
            [
              -1.539106,
              47.254903
            ],
            [
              -1.526577,
              47.280062
            ],
            [
              -1.532423,
              47.295023
            ],
            [
              -1.509708,
              47.29561
            ],
            [
              -1.50964,
              47.274976
            ],
            [
              -1.499428,
              47.272162
            ],
            [
              -1.508194,
              47.261996
            ],
            [
              -1.49458,
              47.261729
            ],
            [
              -1.496002,
              47.251559
            ],
            [
              -1.478965,
              47.227928
            ]
          ]
        ]
      }
    },
    {
      "type": "Feature",
      "properties": {
        "code": "14118",
        "name": "Caen",
        "regionCode": "28"
      },
      "geometry": {
        "type": "Polygon",
        "coordinates": [
          [
            [
              -0.343146,
              49.153021
            ],
            [
              -0.34893,
              49.163043
            ],
            [
              -0.3614,
              49.158753
            ],
            [
              -0.367419,
              49.166573
            ],
            [
              -0.386863,
              49.162874
            ],
            [
              -0.404946,
              49.170359
            ],
            [
              -0.40333,
              49.177451
            ],
            [
              -0.413763,
              49.186887
            ],
            [
              -0.406746,
              49.188311
            ],
            [
              -0.411607,
              49.194757
            ],
            [
              -0.370054,
              49.216261
            ],
            [
              -0.356762,
              49.211478
            ],
            [
              -0.335923,
              49.193036
            ],
            [
              -0.331223,
              49.177385
            ],
            [
              -0.33131,
              49.167625
            ],
            [
              -0.343149,
              49.164344
            ],
            [
              -0.337291,
              49.158221
            ],
            [
              -0.343146,
              49.153021
            ]
          ]
        ]
      }
    },
    {
      "type": "Feature",
      "properties": {
        "code": "06088",
        "name": "Nice",
        "regionCode": "93"
      },
      "geometry": {
        "type": "Polygon",
        "coordinates": [
          [
            [
              7.321258,
              43.723683
            ],
            [
              7.30081,
              43.706217
            ],
            [
              7.309008,
              43.692442
            ],
            [
              7.305818,
              43.685612
            ],
            [
              7.293769,
              43.686533
            ],
            [
              7.284174,
              43.698168
            ],
            [
              7.288305,
              43.690404
            ],
            [
              7.268486,
              43.694775
            ],
            [
              7.245764,
              43.690494
            ],
            [
              7.230564,
              43.678537
            ],
            [
              7.230817,
              43.665949
            ],
            [
              7.223289,
              43.657195
            ],
            [
              7.212729,
              43.647815
            ],
            [
              7.199519,
              43.646704
            ],
            [
              7.203625,
              43.651226
            ],
            [
              7.187437,
              43.69296
            ],
            [
              7.182148,
              43.737693
            ],
            [
              7.199334,
              43.76091
            ],
            [
              7.214958,
              43.755921
            ],
            [
              7.221154,
              43.741562
            ],
            [
              7.248436,
              43.751467
            ],
            [
              7.251384,
              43.739851
            ],
            [
              7.273447,
              43.745132
            ],
            [
              7.285854,
              43.73395
            ],
            [
              7.298258,
              43.739236
            ],
            [
              7.296671,
              43.758423
            ],
            [
              7.312089,
              43.745521
            ],
            [
              7.305833,
              43.735814
            ],
            [
              7.292569,
              43.733012
            ],
            [
              7.303126,
              43.721303
            ],
            [
              7.306988,
              43.726584
            ],
            [
              7.321258,
              43.723683
            ]
          ]
        ]
      }
    },
    {
      "type": "Feature",
      "properties": {
        "code": "21231",
        "name": "Dijon",
        "regionCode": "27"
      },
      "geometry": {
        "type": "Polygon",
        "coordinates": [
          [
            [
              5.097058,
              47.30189
            ],
            [
              5.089975,
              47.286288
            ],
            [
              5.050197,
              47.303712
            ],
            [
              5.045797,
              47.295672
            ],
            [
              5.024689,
              47.296286
            ],
            [
              5.021749,
              47.302131
            ],
            [
              4.98178,
              47.302119
            ],
            [
              4.967612,
              47.312158
            ],
            [
              4.973293,
              47.320122
            ],
            [
              4.962441,
              47.324968
            ],
            [
              4.994228,
              47.330732
            ],
            [
              5.011465,
              47.322555
            ],
            [
              5.017102,
              47.339265
            ],
            [
              5.026733,
              47.333463
            ],
            [
              5.039662,
              47.335854
            ],
            [
              5.036371,
              47.369121
            ],
            [
              5.051247,
              47.377451
            ],
            [
              5.055617,
              47.372143
            ],
            [
              5.051934,
              47.364167
            ],
            [
              5.070266,
              47.351699
            ],
            [
              5.082196,
              47.35139
            ],
            [
              5.075127,
              47.342845
            ],
            [
              5.069085,
              47.344352
            ],
            [
              5.075599,
              47.329981
            ],
            [
              5.070196,
              47.328807
            ],
            [
              5.073133,
              47.32066
            ],
            [
              5.086997,
              47.320657
            ],
            [
              5.085363,
              47.308502
            ],
            [
              5.101997,
              47.304991
            ],
            [
              5.097058,
              47.30189
            ]
          ]
        ]
      }
    },
    {
      "type": "Feature",
      "properties": {
        "code": "86194",
        "name": "Poitiers",
        "regionCode": "75"
      },
      "geometry": {
        "type": "Polygon",
        "coordinates": [
          [
            [
              0.450196,
              46.590109
            ],
            [
              0.393208,
              46.575036
            ],
            [
              0.390411,
              46.562432
            ],
            [
              0.400086,
              46.556867
            ],
            [
              0.396493,
              46.547859
            ],
            [
              0.353094,
              46.567027
            ],
            [
              0.322603,
              46.558036
            ],
            [
              0.317658,
              46.563604
            ],
            [
              0.313881,
              46.543044
            ],
            [
              0.302368,
              46.543102
            ],
            [
              0.305921,
              46.545763
            ],
            [
              0.291081,
              46.554306
            ],
            [
              0.306169,
              46.560306
            ],
            [
              0.301622,
              46.56795
            ],
            [
              0.315147,
              46.576003
            ],
            [
              0.31432,
              46.590591
            ],
            [
              0.307849,
              46.591204
            ],
            [
              0.313845,
              46.597706
            ],
            [
              0.306998,
              46.60353
            ],
            [
              0.322454,
              46.613036
            ],
            [
              0.319526,
              46.61668
            ],
            [
              0.33972,
              46.61965
            ],
            [
              0.339063,
              46.626992
            ],
            [
              0.358895,
              46.617898
            ],
            [
              0.340393,
              46.592803
            ],
            [
              0.366948,
              46.593632
            ],
            [
              0.369659,
              46.58833
            ],
            [
              0.387902,
              46.595423
            ],
            [
              0.393205,
              46.605198
            ],
            [
              0.405645,
              46.606918
            ],
            [
              0.405415,
              46.601954
            ],
            [
              0.428487,
              46.602052
            ],
            [
              0.451667,
              46.594274
            ],
            [
              0.450196,
              46.590109
            ]
          ]
        ]
      }
    },
    {
      "type": "Feature",
      "properties": {
        "code": "37261",
        "name": "Tours",
        "regionCode": "24"
      },
      "geometry": {
        "type": "Polygon",
        "coordinates": [
          [
            [
              0.660464,
              47.375244
            ],
            [
              0.668192,
              47.391368
            ],
            [
              0.66381,
              47.397027
            ],
            [
              0.680413,
              47.400496
            ],
            [
              0.672592,
              47.424528
            ],
            [
              0.675014,
              47.435523
            ],
            [
              0.706453,
              47.439354
            ],
            [
              0.733457,
              47.43106
            ],
            [
              0.729656,
              47.40047
            ],
            [
              0.700877,
              47.399352
            ],
            [
              0.715103,
              47.377278
            ],
            [
              0.737097,
              47.37653
            ],
            [
              0.715135,
              47.374076
            ],
            [
              0.703771,
              47.349304
            ],
            [
              0.689097,
              47.363532
            ],
            [
              0.653197,
              47.368579
            ],
            [
              0.660464,
              47.375244
            ]
          ]
        ]
      }
    },
    {
      "type": "Feature",
      "properties": {
        "code": "93048",
        "name": "Montreuil",
        "regionCode": "11"
      },
      "geometry": {
        "type": "Polygon",
        "coordinates": [
          [
            [
              2.419004,
              48.849392
            ],
            [
              2.415286,
              48.855178
            ],
            [
              2.423405,
              48.85729
            ],
            [
              2.435435,
              48.874605
            ],
            [
              2.463117,
              48.878548
            ],
            [
              2.472198,
              48.867477
            ],
            [
              2.482181,
              48.867087
            ],
            [
              2.480807,
              48.860055
            ],
            [
              2.419004,
              48.849392
            ]
          ]
        ]
      }
    },
    {
      "type": "Feature",
      "properties": {
        "code": "2A004",
        "name": "Ajaccio",
        "regionCode": "94"
      },
      "geometry": {
        "type": "MultiPolygon",
        "coordinates": [
          [
            [
              [
                8.585469,
                41.875682
              ],
              [
                8.585469,
                41.875682
              ]
            ]
          ],
          [
            [
              [
                8.58572,
                41.874327
              ],
              [
                8.598382,
                41.881965
              ],
              [
                8.593519,
                41.874021
              ],
              [
                8.58572,
                41.874327
              ]
            ]
          ],
          [
            [
              [
                8.598128,
                41.882841
              ],
              [
                8.598128,
                41.882841
              ]
            ]
          ],
          [
            [
              [
                8.600345,
                41.886
              ],
              [
                8.600345,
                41.886
              ]
            ]
          ],
          [
            [
              [
                8.605146,
                41.888939
              ],
              [
                8.605146,
                41.888939
              ]
            ]
          ],
          [
            [
              [
                8.622778,
                41.970586
              ],
              [
                8.622937,
                41.965873
              ],
              [
                8.64778,
                41.962776
              ],
              [
                8.67708,
                41.94621
              ],
              [
                8.700564,
                41.953265
              ],
              [
                8.70395,
                41.946578
              ],
              [
                8.710666,
                41.951437
              ],
              [
                8.719769,
                41.948318
              ],
              [
                8.718244,
                41.956947
              ],
              [
                8.744143,
                41.961348
              ],
              [
                8.755665,
                41.956315
              ],
              [
                8.779919,
                41.960492
              ],
              [
                8.787667,
                41.94956
              ],
              [
                8.821094,
                41.951165
              ],
              [
                8.813862,
                41.93252
              ],
              [
                8.820912,
                41.930948
              ],
              [
                8.814678,
                41.924749
              ],
              [
                8.826114,
                41.92256
              ],
              [
                8.803974,
                41.913836
              ],
              [
                8.79808,
                41.904731
              ],
              [
                8.779393,
                41.925335
              ],
              [
                8.768619,
                41.927157
              ],
              [
                8.763715,
                41.920188
              ],
              [
                8.755218,
                41.932633
              ],
              [
                8.745904,
                41.933434
              ],
              [
                8.740466,
                41.930908
              ],
              [
                8.743788,
                41.918059
              ],
              [
                8.718633,
                41.908122
              ],
              [
                8.675868,
                41.904418
              ],
              [
                8.641742,
                41.910081
              ],
              [
                8.608282,
                41.894051
              ],
              [
                8.61599,
                41.903013
              ],
              [
                8.609937,
                41.912309
              ],
              [
                8.623465,
                41.93483
              ],
              [
                8.60948,
                41.939665
              ],
              [
                8.607007,
                41.95192
              ],
              [
                8.597527,
                41.952867
              ],
              [
                8.598013,
                41.960261
              ],
              [
                8.591352,
                41.962673
              ],
              [
                8.622778,
                41.970586
              ]
            ]
          ]
        ]
      }
    },
    {
      "type": "Feature",
      "properties": {
        "code": "34172",
        "name": "Montpellier",
        "regionCode": "76"
      },
      "geometry": {
        "type": "Polygon",
        "coordinates": [
          [
            [
              3.816256,
              43.591224
            ],
            [
              3.819595,
              43.609519
            ],
            [
              3.807584,
              43.623561
            ],
            [
              3.81627,
              43.631176
            ],
            [
              3.807155,
              43.634416
            ],
            [
              3.807776,
              43.639772
            ],
            [
              3.821068,
              43.644144
            ],
            [
              3.825924,
              43.638563
            ],
            [
              3.838537,
              43.65038
            ],
            [
              3.878781,
              43.649321
            ],
            [
              3.892878,
              43.641225
            ],
            [
              3.889367,
              43.634416
            ],
            [
              3.897015,
              43.622373
            ],
            [
              3.920641,
              43.618404
            ],
            [
              3.933067,
              43.628986
            ],
            [
              3.939534,
              43.61944
            ],
            [
              3.935336,
              43.606182
            ],
            [
              3.939413,
              43.595753
            ],
            [
              3.905545,
              43.591522
            ],
            [
              3.860586,
              43.566722
            ],
            [
              3.83618,
              43.595305
            ],
            [
              3.816256,
              43.591224
            ]
          ]
        ]
      }
    },
    {
      "type": "Feature",
      "properties": {
        "code": "67482",
        "name": "Strasbourg",
        "regionCode": "44"
      },
      "geometry": {
        "type": "Polygon",
        "coordinates": [
          [
            [
              7.688245,
              48.598109
            ],
            [
              7.718192,
              48.606794
            ],
            [
              7.739807,
              48.598056
            ],
            [
              7.765396,
              48.60312
            ],
            [
              7.7719,
              48.618806
            ],
            [
              7.784697,
              48.618357
            ],
            [
              7.788767,
              48.628471
            ],
            [
              7.803686,
              48.627249
            ],
            [
              7.792699,
              48.640899
            ],
            [
              7.808027,
              48.645895
            ],
            [
              7.815805,
              48.643822
            ],
            [
              7.809842,
              48.63619
            ],
            [
              7.836038,
              48.633367
            ],
            [
              7.800823,
              48.585429
            ],
            [
              7.804938,
              48.513117
            ],
            [
              7.79483,
              48.501717
            ],
            [
              7.770795,
              48.491948
            ],
            [
              7.750166,
              48.494636
            ],
            [
              7.759267,
              48.498013
            ],
            [
              7.755913,
              48.508088
            ],
            [
              7.766728,
              48.516054
            ],
            [
              7.756635,
              48.52653
            ],
            [
              7.7615,
              48.531721
            ],
            [
              7.758027,
              48.540496
            ],
            [
              7.730549,
              48.55055
            ],
            [
              7.725381,
              48.561765
            ],
            [
              7.693936,
              48.560376
            ],
            [
              7.702021,
              48.567634
            ],
            [
              7.688697,
              48.586173
            ],
            [
              7.688245,
              48.598109
            ]
          ]
        ]
      }
    },
    {
      "type": "Feature",
      "properties": {
        "code": "63113",
        "name": "Clermont-Ferrand",
        "regionCode": "84"
      },
      "geometry": {
        "type": "Polygon",
        "coordinates": [
          [
            [
              3.162314,
              45.806639
            ],
            [
              3.158419,
              45.787245
            ],
            [
              3.162436,
              45.771734
            ],
            [
              3.172151,
              45.76333
            ],
            [
              3.167358,
              45.759316
            ],
            [
              3.128013,
              45.756708
            ],
            [
              3.110847,
              45.764354
            ],
            [
              3.098388,
              45.755804
            ],
            [
              3.088641,
              45.7607
            ],
            [
              3.077472,
              45.756063
            ],
            [
              3.07023,
              45.764988
            ],
            [
              3.076117,
              45.768648
            ],
            [
              3.070776,
              45.78135
            ],
            [
              3.053291,
              45.785777
            ],
            [
              3.095866,
              45.816501
            ],
            [
              3.12217,
              45.818372
            ],
            [
              3.139218,
              45.808902
            ],
            [
              3.162314,
              45.806639
            ]
          ]
        ]
      }
    },
    {
      "type": "Feature",
      "properties": {
        "code": "80021",
        "name": "Amiens",
        "regionCode": "32"
      },
      "geometry": {
        "type": "Polygon",
        "coordinates": [
          [
            [
              2.226909,
              49.906028
            ],
            [
              2.240571,
              49.918674
            ],
            [
              2.25627,
              49.918779
            ],
            [
              2.242549,
              49.923271
            ],
            [
              2.276374,
              49.950577
            ],
            [
              2.280217,
              49.940797
            ],
            [
              2.288531,
              49.943885
            ],
            [
              2.295664,
              49.938702
            ],
            [
              2.299339,
              49.928363
            ],
            [
              2.332841,
              49.933899
            ],
            [
              2.339941,
              49.928441
            ],
            [
              2.33147,
              49.922705
            ],
            [
              2.333451,
              49.910983
            ],
            [
              2.320837,
              49.907517
            ],
            [
              2.320182,
              49.899351
            ],
            [
              2.312277,
              49.896375
            ],
            [
              2.335123,
              49.890519
            ],
            [
              2.345797,
              49.866007
            ],
            [
              2.326523,
              49.859938
            ],
            [
              2.319899,
              49.846843
            ],
            [
              2.312495,
              49.851366
            ],
            [
              2.313721,
              49.865212
            ],
            [
              2.308342,
              49.866554
            ],
            [
              2.310294,
              49.859721
            ],
            [
              2.295797,
              49.862405
            ],
            [
              2.30444,
              49.867603
            ],
            [
              2.300843,
              49.871193
            ],
            [
              2.286865,
              49.86359
            ],
            [
              2.278331,
              49.866951
            ],
            [
              2.281886,
              49.875503
            ],
            [
              2.259803,
              49.874519
            ],
            [
              2.251531,
              49.868462
            ],
            [
              2.249516,
              49.873095
            ],
            [
              2.260989,
              49.876974
            ],
            [
              2.253362,
              49.880695
            ],
            [
              2.257063,
              49.887082
            ],
            [
              2.229565,
              49.895659
            ],
            [
              2.223566,
              49.90261
            ],
            [
              2.226909,
              49.906028
            ]
          ]
        ]
      }
    },
    {
      "type": "Feature",
      "properties": {
        "code": "49007",
        "name": "Angers",
        "regionCode": "52"
      },
      "geometry": {
        "type": "Polygon",
        "coordinates": [
          [
            [
              -0.515029,
              47.457977
            ],
            [
              -0.517582,
              47.453251
            ],
            [
              -0.509498,
              47.447583
            ],
            [
              -0.520183,
              47.451267
            ],
            [
              -0.54005,
              47.44133
            ],
            [
              -0.556202,
              47.443624
            ],
            [
              -0.561522,
              47.4374
            ],
            [
              -0.590013,
              47.450727
            ],
            [
              -0.590027,
              47.458653
            ],
            [
              -0.613825,
              47.454916
            ],
            [
              -0.617726,
              47.460195
            ],
            [
              -0.606152,
              47.463524
            ],
            [
              -0.613289,
              47.471367
            ],
            [
              -0.601844,
              47.473124
            ],
            [
              -0.608795,
              47.475648
            ],
            [
              -0.609931,
              47.488861
            ],
            [
              -0.581582,
              47.481005
            ],
            [
              -0.56379,
              47.51937
            ],
            [
              -0.541984,
              47.517452
            ],
            [
              -0.530585,
              47.526392
            ],
            [
              -0.523569,
              47.513528
            ],
            [
              -0.533659,
              47.499782
            ],
            [
              -0.508143,
              47.489463
            ],
            [
              -0.520126,
              47.467545
            ],
            [
              -0.515029,
              47.457977
            ]
          ]
        ]
      }
    },
    {
      "type": "Feature",
      "properties": {
        "code": "25056",
        "name": "Besançon",
        "regionCode": "27"
      },
      "geometry": {
        "type": "Polygon",
        "coordinates": [
          [
            [
              6.036162,
              47.309536
            ],
            [
              6.064884,
              47.319732
            ],
            [
              6.071176,
              47.309433
            ],
            [
              6.076168,
              47.31638
            ],
            [
              6.083641,
              47.30141
            ],
            [
              6.053946,
              47.26965
            ],
            [
              6.05805,
              47.243134
            ],
            [
              6.064165,
              47.240051
            ],
            [
              6.058584,
              47.223368
            ],
            [
              6.024357,
              47.213486
            ],
            [
              6.005363,
              47.216893
            ],
            [
              5.989395,
              47.200677
            ],
            [
              5.963495,
              47.213718
            ],
            [
              5.953479,
              47.209238
            ],
            [
              5.940879,
              47.215786
            ],
            [
              6.00581,
              47.275694
            ],
            [
              6.001511,
              47.289754
            ],
            [
              6.036162,
              47.309536
            ]
          ]
        ]
      }
    },
    {
      "type": "Feature",
      "properties": {
        "code": "29019",
        "name": "Brest",
        "regionCode": "53"
      },
      "geometry": {
        "type": "MultiPolygon",
        "coordinates": [
          [
            [
              [
                -4.454455,
                48.381842
              ],
              [
                -4.454455,
                48.381842
              ]
            ]
          ],
          [
            [
              [
                -4.460408,
                48.385478
              ],
              [
                -4.460408,
                48.385478
              ]
            ]
          ],
          [
            [
              [
                -4.433904,
                48.395952
              ],
              [
                -4.430392,
                48.389732
              ],
              [
                -4.441399,
                48.38012
              ],
              [
                -4.455787,
                48.382329
              ],
              [
                -4.452432,
                48.386229
              ],
              [
                -4.45976,
                48.384659
              ],
              [
                -4.457196,
                48.387894
              ],
              [
                -4.475236,
                48.379346
              ],
              [
                -4.475255,
                48.385392
              ],
              [
                -4.488199,
                48.381187
              ],
              [
                -4.485017,
                48.377977
              ],
              [
                -4.505392,
                48.379006
              ],
              [
                -4.523769,
                48.365748
              ],
              [
                -4.490678,
                48.368434
              ],
              [
                -4.524401,
                48.365969
              ],
              [
                -4.534187,
                48.357707
              ],
              [
                -4.566746,
                48.365918
              ],
              [
                -4.560154,
                48.376972
              ],
              [
                -4.56688,
                48.396635
              ],
              [
                -4.523854,
                48.404466
              ],
              [
                -4.515314,
                48.423402
              ],
              [
                -4.500508,
                48.434719
              ],
              [
                -4.509039,
                48.443465
              ],
              [
                -4.501379,
                48.444224
              ],
              [
                -4.519599,
                48.449107
              ],
              [
                -4.512311,
                48.457011
              ],
              [
                -4.501545,
                48.453503
              ],
              [
                -4.495094,
                48.459511
              ],
              [
                -4.489533,
                48.44739
              ],
              [
                -4.481948,
                48.44502
              ],
              [
                -4.488108,
                48.438355
              ],
              [
                -4.454273,
                48.422357
              ],
              [
                -4.451443,
                48.417116
              ],
              [
                -4.459322,
                48.413045
              ],
              [
                -4.433904,
                48.395952
              ]
            ]
          ]
        ]
      }
    },
    {
      "type": "Feature",
      "properties": {
        "code": "51454",
        "name": "Reims",
        "regionCode": "44"
      },
      "geometry": {
        "type": "Polygon",
        "coordinates": [
          [
            [
              4.083109,
              49.274493
            ],
            [
              4.078065,
              49.268085
            ],
            [
              4.081707,
              49.259576
            ],
            [
              4.089324,
              49.260541
            ],
            [
              4.083875,
              49.251119
            ],
            [
              4.095364,
              49.248992
            ],
            [
              4.085378,
              49.231945
            ],
            [
              4.124155,
              49.219964
            ],
            [
              4.116782,
              49.212848
            ],
            [
              4.097966,
              49.226441
            ],
            [
              4.08551,
              49.219698
            ],
            [
              4.047544,
              49.229294
            ],
            [
              4.033712,
              49.218817
            ],
            [
              4.027116,
              49.203917
            ],
            [
              4.017854,
              49.204485
            ],
            [
              4.017586,
              49.210613
            ],
            [
              4.007337,
              49.214787
            ],
            [
              4.0135,
              49.223305
            ],
            [
              3.995231,
              49.22906
            ],
            [
              3.996521,
              49.239941
            ],
            [
              4.013089,
              49.254298
            ],
            [
              3.99539,
              49.258011
            ],
            [
              3.997175,
              49.271648
            ],
            [
              4.007733,
              49.279589
            ],
            [
              3.998044,
              49.286877
            ],
            [
              3.993091,
              49.282197
            ],
            [
              3.98725,
              49.28663
            ],
            [
              3.99457,
              49.288614
            ],
            [
              3.986061,
              49.293429
            ],
            [
              4.01069,
              49.303164
            ],
            [
              4.028765,
              49.297724
            ],
            [
              4.027462,
              49.284432
            ],
            [
              4.047955,
              49.268957
            ],
            [
              4.061478,
              49.276794
            ],
            [
              4.083109,
              49.274493
            ]
          ]
        ]
      }
    },
    {
      "type": "Feature",
      "properties": {
        "code": "42218",
        "name": "Saint-Étienne",
        "regionCode": "84"
      },
      "geometry": {
        "type": "MultiPolygon",
        "coordinates": [
          [
            [
              [
                4.393778,
                45.397716
              ],
              [
                4.382198,
                45.401386
              ],
              [
                4.372325,
                45.418133
              ],
              [
                4.358654,
                45.420555
              ],
              [
                4.366446,
                45.433425
              ],
              [
                4.352438,
                45.452062
              ],
              [
                4.36846,
                45.464037
              ],
              [
                4.386554,
                45.466539
              ],
              [
                4.3881,
                45.475501
              ],
              [
                4.39509,
                45.47673
              ],
              [
                4.412041,
                45.473444
              ],
              [
                4.41187,
                45.466247
              ],
              [
                4.425635,
                45.456792
              ],
              [
                4.420222,
                45.444756
              ],
              [
                4.439387,
                45.446586
              ],
              [
                4.4553,
                45.439388
              ],
              [
                4.4702,
                45.446963
              ],
              [
                4.460328,
                45.436122
              ],
              [
                4.480952,
                45.417282
              ],
              [
                4.475545,
                45.394157
              ],
              [
                4.488878,
                45.384075
              ],
              [
                4.470598,
                45.38163
              ],
              [
                4.465918,
                45.371547
              ],
              [
                4.447506,
                45.383818
              ],
              [
                4.447928,
                45.396145
              ],
              [
                4.440296,
                45.396167
              ],
              [
                4.437335,
                45.408926
              ],
              [
                4.416505,
                45.405637
              ],
              [
                4.421237,
                45.397182
              ],
              [
                4.410881,
                45.401615
              ],
              [
                4.405771,
                45.395185
              ],
              [
                4.393778,
                45.397716
              ]
            ]
          ],
          [
            [
              [
                4.254719,
                45.463775
              ],
              [
                4.2949,
                45.463342
              ],
              [
                4.2951,
                45.453316
              ],
              [
                4.30689,
                45.448821
              ],
              [
                4.306956,
                45.415341
              ],
              [
                4.274739,
                45.418974
              ],
              [
                4.266667,
                45.414862
              ],
              [
                4.251226,
                45.421642
              ],
              [
                4.244056,
                45.436931
              ],
              [
                4.258594,
                45.442123
              ],
              [
                4.25067,
                45.442858
              ],
              [
                4.255466,
                45.452195
              ],
              [
                4.247205,
                45.453126
              ],
              [
                4.257051,
                45.459656
              ],
              [
                4.254719,
                45.463775
              ]
            ]
          ]
        ]
      }
    },
    {
      "type": "Feature",
      "properties": {
        "code": "45234",
        "name": "Orléans",
        "regionCode": "24"
      },
      "geometry": {
        "type": "Polygon",
        "coordinates": [
          [
            [
              1.914571,
              47.831683
            ],
            [
              1.93279,
              47.857156
            ],
            [
              1.914894,
              47.861698
            ],
            [
              1.907875,
              47.877289
            ],
            [
              1.880905,
              47.880202
            ],
            [
              1.878353,
              47.884743
            ],
            [
              1.887563,
              47.886631
            ],
            [
              1.886279,
              47.896039
            ],
            [
              1.875747,
              47.899042
            ],
            [
              1.885718,
              47.912
            ],
            [
              1.885183,
              47.926886
            ],
            [
              1.894495,
              47.933037
            ],
            [
              1.897945,
              47.921123
            ],
            [
              1.917924,
              47.919512
            ],
            [
              1.936828,
              47.933537
            ],
            [
              1.943751,
              47.931709
            ],
            [
              1.943391,
              47.91965
            ],
            [
              1.929661,
              47.902842
            ],
            [
              1.938089,
              47.900402
            ],
            [
              1.911496,
              47.890476
            ],
            [
              1.912483,
              47.881751
            ],
            [
              1.91836,
              47.882164
            ],
            [
              1.939366,
              47.859023
            ],
            [
              1.93312,
              47.85274
            ],
            [
              1.946699,
              47.843471
            ],
            [
              1.947614,
              47.820032
            ],
            [
              1.928223,
              47.813958
            ],
            [
              1.914571,
              47.831683
            ]
          ]
        ]
      }
    },
    {
      "type": "Feature",
      "properties": {
        "code": "87085",
        "name": "Limoges",
        "regionCode": "75"
      },
      "geometry": {
        "type": "Polygon",
        "coordinates": [
          [
            [
              1.303463,
              45.926283
            ],
            [
              1.317536,
              45.906125
            ],
            [
              1.30767,
              45.907218
            ],
            [
              1.305803,
              45.89568
            ],
            [
              1.311458,
              45.888612
            ],
            [
              1.300403,
              45.871903
            ],
            [
              1.306564,
              45.862877
            ],
            [
              1.297994,
              45.862822
            ],
            [
              1.306957,
              45.84999
            ],
            [
              1.277359,
              45.832234
            ],
            [
              1.29719,
              45.813392
            ],
            [
              1.297849,
              45.807024
            ],
            [
              1.290727,
              45.804907
            ],
            [
              1.295731,
              45.798448
            ],
            [
              1.285556,
              45.79275
            ],
            [
              1.280709,
              45.802625
            ],
            [
              1.273434,
              45.800409
            ],
            [
              1.271868,
              45.788668
            ],
            [
              1.263681,
              45.79758
            ],
            [
              1.254881,
              45.797533
            ],
            [
              1.251349,
              45.812174
            ],
            [
              1.239744,
              45.807435
            ],
            [
              1.230339,
              45.814354
            ],
            [
              1.214937,
              45.812888
            ],
            [
              1.213919,
              45.821592
            ],
            [
              1.185308,
              45.821745
            ],
            [
              1.179618,
              45.828955
            ],
            [
              1.183185,
              45.839857
            ],
            [
              1.164463,
              45.85092
            ],
            [
              1.163919,
              45.860646
            ],
            [
              1.153051,
              45.863907
            ],
            [
              1.160449,
              45.875794
            ],
            [
              1.146237,
              45.87886
            ],
            [
              1.148377,
              45.884253
            ],
            [
              1.157781,
              45.879546
            ],
            [
              1.176217,
              45.885489
            ],
            [
              1.214336,
              45.855318
            ],
            [
              1.225612,
              45.857549
            ],
            [
              1.231132,
              45.849418
            ],
            [
              1.238901,
              45.85133
            ],
            [
              1.266113,
              45.867088
            ],
            [
              1.259316,
              45.872692
            ],
            [
              1.267916,
              45.88991
            ],
            [
              1.262751,
              45.894832
            ],
            [
              1.276741,
              45.901801
            ],
            [
              1.266731,
              45.914926
            ],
            [
              1.270733,
              45.92732
            ],
            [
              1.303463,
              45.926283
            ]
          ]
        ]
      }
    },
    {
      "type": "Feature",
      "properties": {
        "code": "73065",
        "name": "Chambéry",
        "regionCode": "84"
      },
      "geometry": {
        "type": "Polygon",
        "coordinates": [
          [
            [
              5.878548,
              45.568358
            ],
            [
              5.871276,
              45.570978
            ],
            [
              5.874176,
              45.583327
            ],
            [
              5.889504,
              45.590681
            ],
            [
              5.893245,
              45.600219
            ],
            [
              5.884088,
              45.615017
            ],
            [
              5.921736,
              45.610341
            ],
            [
              5.929154,
              45.59991
            ],
            [
              5.936892,
              45.599877
            ],
            [
              5.92705,
              45.586497
            ],
            [
              5.941445,
              45.561382
            ],
            [
              5.935518,
              45.560869
            ],
            [
              5.930373,
              45.548044
            ],
            [
              5.915339,
              45.562466
            ],
            [
              5.899681,
              45.559118
            ],
            [
              5.905326,
              45.573563
            ],
            [
              5.899694,
              45.575794
            ],
            [
              5.895668,
              45.568091
            ],
            [
              5.890347,
              45.572204
            ],
            [
              5.878548,
              45.568358
            ]
          ]
        ]
      }
    },
    {
      "type": "Feature",
      "properties": {
        "code": "72181",
        "name": "Le Mans",
        "regionCode": "52"
      },
      "geometry": {
        "type": "Polygon",
        "coordinates": [
          [
            [
              0.246198,
              47.989063
            ],
            [
              0.242685,
              47.984363
            ],
            [
              0.255108,
              47.980602
            ],
            [
              0.235006,
              47.968909
            ],
            [
              0.24289,
              47.963399
            ],
            [
              0.227067,
              47.957623
            ],
            [
              0.233516,
              47.944509
            ],
            [
              0.21703,
              47.941024
            ],
            [
              0.216737,
              47.934118
            ],
            [
              0.224553,
              47.930817
            ],
            [
              0.216066,
              47.927941
            ],
            [
              0.208433,
              47.933235
            ],
            [
              0.207483,
              47.943299
            ],
            [
              0.193107,
              47.944701
            ],
            [
              0.195529,
              47.950197
            ],
            [
              0.17822,
              47.954462
            ],
            [
              0.167968,
              47.972291
            ],
            [
              0.150619,
              47.9792
            ],
            [
              0.169212,
              47.993854
            ],
            [
              0.162813,
              48.007713
            ],
            [
              0.136294,
              48.017667
            ],
            [
              0.140258,
              48.030442
            ],
            [
              0.177367,
              48.022752
            ],
            [
              0.17152,
              48.032046
            ],
            [
              0.181166,
              48.035868
            ],
            [
              0.197248,
              48.01805
            ],
            [
              0.227517,
              48.024942
            ],
            [
              0.249599,
              48.018279
            ],
            [
              0.252076,
              48.010835
            ],
            [
              0.24254,
              48.01166
            ],
            [
              0.247427,
              48.006039
            ],
            [
              0.235662,
              48.001053
            ],
            [
              0.236287,
              47.993549
            ],
            [
              0.246198,
              47.989063
            ]
          ]
        ]
      }
    },
    {
      "type": "Feature",
      "properties": {
        "code": "56121",
        "name": "Lorient",
        "regionCode": "53"
      },
      "geometry": {
        "type": "MultiPolygon",
        "coordinates": [
          [
            [
              [
                -3.359941,
                47.725018
              ],
              [
                -3.356511,
                47.727713
              ],
              [
                -3.359941,
                47.725018
              ]
            ]
          ],
          [
            [
              [
                -3.367975,
                47.725167
              ],
              [
                -3.398556,
                47.732656
              ],
              [
                -3.391679,
                47.7527
              ],
              [
                -3.410381,
                47.762084
              ],
              [
                -3.406149,
                47.772931
              ],
              [
                -3.378964,
                47.766871
              ],
              [
                -3.368968,
                47.770213
              ],
              [
                -3.364844,
                47.760884
              ],
              [
                -3.354688,
                47.757249
              ],
              [
                -3.35015,
                47.74415
              ],
              [
                -3.360895,
                47.745119
              ],
              [
                -3.349298,
                47.740412
              ],
              [
                -3.364235,
                47.727058
              ],
              [
                -3.368614,
                47.731659
              ],
              [
                -3.367975,
                47.725167
              ]
            ]
          ]
        ]
      }
    },
    {
      "type": "Feature",
      "properties": {
        "code": "68224",
        "name": "Mulhouse",
        "regionCode": "44"
      },
      "geometry": {
        "type": "Polygon",
        "coordinates": [
          [
            [
              7.344541,
              47.721883
            ],
            [
              7.322645,
              47.734033
            ],
            [
              7.286989,
              47.728414
            ],
            [
              7.282894,
              47.748992
            ],
            [
              7.317626,
              47.762778
            ],
            [
              7.310318,
              47.77658
            ],
            [
              7.339365,
              47.783362
            ],
            [
              7.345995,
              47.762568
            ],
            [
              7.368592,
              47.759679
            ],
            [
              7.361547,
              47.757037
            ],
            [
              7.35178,
              47.737801
            ],
            [
              7.356475,
              47.732649
            ],
            [
              7.344541,
              47.721883
            ]
          ]
        ]
      }
    },
    {
      "type": "Feature",
      "properties": {
        "code": "59183",
        "name": "Dunkerque",
        "regionCode": "32"
      },
      "geometry": {
        "type": "MultiPolygon",
        "coordinates": [
          [
            [
              [
                2.240371,
                51.039223
              ],
              [
                2.264485,
                51.04466
              ],
              [
                2.261998,
                51.020251
              ],
              [
                2.274911,
                51.006907
              ],
              [
                2.266209,
                51.00465
              ],
              [
                2.28813,
                50.980153
              ],
              [
                2.284144,
                50.97591
              ],
              [
                2.241013,
                51.018985
              ],
              [
                2.240371,
                51.039223
              ]
            ]
          ],
          [
            [
              [
                2.317191,
                50.997336
              ],
              [
                2.313754,
                51.00224
              ],
              [
                2.325581,
                51.005938
              ],
              [
                2.32258,
                51.015333
              ],
              [
                2.317169,
                51.023697
              ],
              [
                2.297813,
                51.026676
              ],
              [
                2.295043,
                51.035192
              ],
              [
                2.307588,
                51.035268
              ],
              [
                2.302963,
                51.051347
              ],
              [
                2.349473,
                51.060644
              ],
              [
                2.344495,
                51.053024
              ],
              [
                2.360356,
                51.053561
              ],
              [
                2.375281,
                51.041993
              ],
              [
                2.375923,
                51.047023
              ],
              [
                2.362365,
                51.054166
              ],
              [
                2.386392,
                51.049805
              ],
              [
                2.432125,
                51.057963
              ],
              [
                2.434058,
                51.048148
              ],
              [
                2.446495,
                51.045154
              ],
              [
                2.389594,
                51.03095
              ],
              [
                2.389629,
                51.026462
              ],
              [
                2.36656,
                51.025547
              ],
              [
                2.368235,
                51.011653
              ],
              [
                2.351757,
                51.00118
              ],
              [
                2.317191,
                50.997336
              ]
            ]
          ]
        ]
      }
    },
    {
      "type": "Feature",
      "properties": {
        "code": "66136",
        "name": "Perpignan",
        "regionCode": "76"
      },
      "geometry": {
        "type": "Polygon",
        "coordinates": [
          [
            [
              2.826973,
              42.689569
            ],
            [
              2.87314,
              42.699407
            ],
            [
              2.87484,
              42.70809
            ],
            [
              2.865661,
              42.710882
            ],
            [
              2.852922,
              42.733147
            ],
            [
              2.888057,
              42.748695
            ],
            [
              2.897428,
              42.747341
            ],
            [
              2.895134,
              42.73597
            ],
            [
              2.91079,
              42.728557
            ],
            [
              2.924567,
              42.730534
            ],
            [
              2.928193,
              42.713705
            ],
            [
              2.949553,
              42.723795
            ],
            [
              2.982731,
              42.71294
            ],
            [
              2.972784,
              42.696786
            ],
            [
              2.975858,
              42.690043
            ],
            [
              2.961476,
              42.686586
            ],
            [
              2.930726,
              42.695467
            ],
            [
              2.918573,
              42.692974
            ],
            [
              2.917693,
              42.680617
            ],
            [
              2.931195,
              42.668503
            ],
            [
              2.925296,
              42.657036
            ],
            [
              2.929706,
              42.653743
            ],
            [
              2.906329,
              42.649971
            ],
            [
              2.895561,
              42.658258
            ],
            [
              2.887965,
              42.657868
            ],
            [
              2.88734,
              42.64925
            ],
            [
              2.862581,
              42.654263
            ],
            [
              2.844375,
              42.664408
            ],
            [
              2.850701,
              42.6701
            ],
            [
              2.839675,
              42.675418
            ],
            [
              2.840664,
              42.683728
            ],
            [
              2.826973,
              42.689569
            ]
          ]
        ]
      }
    },
    {
      "type": "Feature",
      "properties": {
        "code": "17300",
        "name": "La Rochelle",
        "regionCode": "75"
      },
      "geometry": {
        "type": "Polygon",
        "coordinates": [
          [
            [
              -1.138306,
              46.179658
            ],
            [
              -1.115283,
              46.168443
            ],
            [
              -1.122031,
              46.16208
            ],
            [
              -1.111069,
              46.148923
            ],
            [
              -1.130083,
              46.149744
            ],
            [
              -1.133244,
              46.141487
            ],
            [
              -1.147051,
              46.140042
            ],
            [
              -1.149172,
              46.133138
            ],
            [
              -1.174288,
              46.138565
            ],
            [
              -1.171474,
              46.147357
            ],
            [
              -1.165993,
              46.141301
            ],
            [
              -1.161186,
              46.148073
            ],
            [
              -1.167431,
              46.147343
            ],
            [
              -1.159897,
              46.152236
            ],
            [
              -1.151259,
              46.150475
            ],
            [
              -1.151019,
              46.158038
            ],
            [
              -1.206777,
              46.146048
            ],
            [
              -1.226523,
              46.147643
            ],
            [
              -1.221023,
              46.149057
            ],
            [
              -1.233616,
              46.154632
            ],
            [
              -1.210621,
              46.159438
            ],
            [
              -1.231538,
              46.157622
            ],
            [
              -1.23018,
              46.164572
            ],
            [
              -1.235844,
              46.165725
            ],
            [
              -1.241895,
              46.15764
            ],
            [
              -1.201055,
              46.190933
            ],
            [
              -1.172503,
              46.181928
            ],
            [
              -1.169906,
              46.169621
            ],
            [
              -1.138306,
              46.179658
            ]
          ]
        ]
      }
    },
    {
      "type": "Feature",
      "properties": {
        "code": "76351",
        "name": "Le Havre",
        "regionCode": "28"
      },
      "geometry": {
        "type": "Polygon",
        "coordinates": [
          [
            [
              0.194903,
              49.451716
            ],
            [
              0.15189,
              49.451718
            ],
            [
              0.105834,
              49.462418
            ],
            [
              0.151701,
              49.451925
            ],
            [
              0.178533,
              49.455789
            ],
            [
              0.10837,
              49.467408
            ],
            [
              0.112504,
              49.470979
            ],
            [
              0.089457,
              49.484431
            ],
            [
              0.122764,
              49.469957
            ],
            [
              0.175462,
              49.471258
            ],
            [
              0.168652,
              49.476058
            ],
            [
              0.128174,
              49.473543
            ],
            [
              0.134284,
              49.476849
            ],
            [
              0.10571,
              49.481105
            ],
            [
              0.116061,
              49.483774
            ],
            [
              0.11058,
              49.489707
            ],
            [
              0.106217,
              49.484052
            ],
            [
              0.092648,
              49.487719
            ],
            [
              0.098297,
              49.487141
            ],
            [
              0.096698,
              49.491574
            ],
            [
              0.090561,
              49.486639
            ],
            [
              0.087556,
              49.514712
            ],
            [
              0.066751,
              49.518767
            ],
            [
              0.075999,
              49.537946
            ],
            [
              0.152084,
              49.524017
            ],
            [
              0.156932,
              49.53606
            ],
            [
              0.168666,
              49.535521
            ],
            [
              0.182709,
              49.524674
            ],
            [
              0.179515,
              49.519086
            ],
            [
              0.195262,
              49.501038
            ],
            [
              0.191034,
              49.498286
            ],
            [
              0.194903,
              49.451716
            ]
          ]
        ]
      }
    },
    {
      "type": "Feature",
      "properties": {
        "code": "84007",
        "name": "Avignon",
        "regionCode": "93"
      },
      "geometry": {
        "type": "Polygon",
        "coordinates": [
          [
            [
              4.845569,
              43.99664
            ],
            [
              4.854169,
              43.984576
            ],
            [
              4.853733,
              43.96873
            ],
            [
              4.839094,
              43.959545
            ],
            [
              4.838098,
              43.952455
            ],
            [
              4.888145,
              43.94987
            ],
            [
              4.899671,
              43.930596
            ],
            [
              4.897936,
              43.915297
            ],
            [
              4.927231,
              43.905465
            ],
            [
              4.914468,
              43.898077
            ],
            [
              4.922213,
              43.886588
            ],
            [
              4.902276,
              43.88823
            ],
            [
              4.85305,
              43.911312
            ],
            [
              4.739284,
              43.924134
            ],
            [
              4.74985,
              43.932149
            ],
            [
              4.777419,
              43.937059
            ],
            [
              4.793754,
              43.954465
            ],
            [
              4.811932,
              43.962041
            ],
            [
              4.813143,
              43.988083
            ],
            [
              4.840903,
              43.985932
            ],
            [
              4.845569,
              43.99664
            ]
          ]
        ]
      }
    },
    {
      "type": "Feature",
      "properties": {
        "code": "30189",
        "name": "Nîmes",
        "regionCode": "76"
      },
      "geometry": {
        "type": "Polygon",
        "coordinates": [
          [
            [
              4.239705,
              43.856997
            ],
            [
              4.236787,
              43.874354
            ],
            [
              4.24897,
              43.894257
            ],
            [
              4.267547,
              43.901027
            ],
            [
              4.270384,
              43.908292
            ],
            [
              4.323614,
              43.89497
            ],
            [
              4.339501,
              43.896785
            ],
            [
              4.345067,
              43.908414
            ],
            [
              4.395609,
              43.902632
            ],
            [
              4.376295,
              43.917112
            ],
            [
              4.39387,
              43.922688
            ],
            [
              4.407387,
              43.914702
            ],
            [
              4.407477,
              43.895777
            ],
            [
              4.425735,
              43.896392
            ],
            [
              4.417566,
              43.860096
            ],
            [
              4.420491,
              43.853496
            ],
            [
              4.431201,
              43.851629
            ],
            [
              4.440005,
              43.833253
            ],
            [
              4.449922,
              43.830763
            ],
            [
              4.411658,
              43.83467
            ],
            [
              4.414649,
              43.823654
            ],
            [
              4.366006,
              43.79636
            ],
            [
              4.378664,
              43.791863
            ],
            [
              4.382362,
              43.781652
            ],
            [
              4.391563,
              43.784759
            ],
            [
              4.407152,
              43.766981
            ],
            [
              4.406015,
              43.751152
            ],
            [
              4.390139,
              43.741435
            ],
            [
              4.377963,
              43.743648
            ],
            [
              4.367528,
              43.754061
            ],
            [
              4.343164,
              43.756978
            ],
            [
              4.342147,
              43.771029
            ],
            [
              4.330373,
              43.784528
            ],
            [
              4.337418,
              43.788901
            ],
            [
              4.322478,
              43.805569
            ],
            [
              4.315467,
              43.800342
            ],
            [
              4.284337,
              43.840189
            ],
            [
              4.295097,
              43.845495
            ],
            [
              4.239705,
              43.856997
            ]
          ]
        ]
      }
    },
    {
      "type": "Feature",
      "properties": {
        "code": "60159",
        "name": "Compiègne",
        "regionCode": "32"
      },
      "geometry": {
        "type": "Polygon",
        "coordinates": [
          [
            [
              2.930148,
              49.415249
            ],
            [
              2.921506,
              49.411848
            ],
            [
              2.920913,
              49.404026
            ],
            [
              2.885326,
              49.390473
            ],
            [
              2.89209,
              49.368097
            ],
            [
              2.806329,
              49.366821
            ],
            [
              2.793311,
              49.382139
            ],
            [
              2.77918,
              49.386229
            ],
            [
              2.799289,
              49.411343
            ],
            [
              2.845884,
              49.434192
            ],
            [
              2.858669,
              49.43269
            ],
            [
              2.860156,
              49.426638
            ],
            [
              2.879274,
              49.430136
            ],
            [
              2.89627,
              49.424279
            ],
            [
              2.909472,
              49.43373
            ],
            [
              2.930148,
              49.415249
            ]
          ]
        ]
      }
    },
    {
      "type": "Feature",
      "properties": {
        "code": "65440",
        "name": "Tarbes",
        "regionCode": "76"
      },
      "geometry": {
        "type": "Polygon",
        "coordinates": [
          [
            [
              0.080251,
              43.264939
            ],
            [
              0.091056,
              43.214751
            ],
            [
              0.088718,
              43.220055
            ],
            [
              0.086021,
              43.215881
            ],
            [
              0.063094,
              43.219611
            ],
            [
              0.046753,
              43.212458
            ],
            [
              0.03748,
              43.218869
            ],
            [
              0.042372,
              43.246719
            ],
            [
              0.065478,
              43.249132
            ],
            [
              0.072194,
              43.263857
            ],
            [
              0.080251,
              43.264939
            ]
          ]
        ]
      }
    },
    {
      "type": "Feature",
      "properties": {
        "code": "10387",
        "name": "Troyes",
        "regionCode": "44"
      },
      "geometry": {
        "type": "Polygon",
        "coordinates": [
          [
            [
              4.08704,
              48.266203
            ],
            [
              4.067736,
              48.27523
            ],
            [
              4.071727,
              48.286505
            ],
            [
              4.062439,
              48.296174
            ],
            [
              4.041109,
              48.306917
            ],
            [
              4.073759,
              48.318586
            ],
            [
              4.099898,
              48.309554
            ],
            [
              4.099581,
              48.296063
            ],
            [
              4.11116,
              48.29086
            ],
            [
              4.082626,
              48.277189
            ],
            [
              4.08704,
              48.266203
            ]
          ]
        ]
      }
    },
    {
      "type": "Feature",
      "properties": {
        "code": "18033",
        "name": "Bourges",
        "regionCode": "24"
      },
      "geometry": {
        "type": "Polygon",
        "coordinates": [
          [
            [
              2.328886,
              47.088887
            ],
            [
              2.34834,
              47.084652
            ],
            [
              2.388739,
              47.091566
            ],
            [
              2.392444,
              47.10612
            ],
            [
              2.384399,
              47.124035
            ],
            [
              2.394227,
              47.129387
            ],
            [
              2.450124,
              47.124652
            ],
            [
              2.454057,
              47.121664
            ],
            [
              2.433155,
              47.10948
            ],
            [
              2.442503,
              47.087062
            ],
            [
              2.470257,
              47.087229
            ],
            [
              2.471282,
              47.063821
            ],
            [
              2.449035,
              47.049276
            ],
            [
              2.464716,
              47.034482
            ],
            [
              2.451141,
              47.031814
            ],
            [
              2.449229,
              47.025979
            ],
            [
              2.446755,
              47.033326
            ],
            [
              2.403822,
              47.05024
            ],
            [
              2.389671,
              47.038523
            ],
            [
              2.385266,
              47.063313
            ],
            [
              2.377704,
              47.062697
            ],
            [
              2.358144,
              47.028157
            ],
            [
              2.346109,
              47.035752
            ],
            [
              2.339882,
              47.030355
            ],
            [
              2.326628,
              47.053622
            ],
            [
              2.342885,
              47.059085
            ],
            [
              2.345051,
              47.06528
            ],
            [
              2.336012,
              47.073393
            ],
            [
              2.324016,
              47.073926
            ],
            [
              2.337884,
              47.08118
            ],
            [
              2.328886,
              47.088887
            ]
          ]
        ]
      }
    },
    {
      "type": "Feature",
      "properties": {
        "code": "13055",
        "name": "Marseille",
        "regionCode": "93"
      },
      "geometry": {
        "type": "MultiPolygon",
        "coordinates": [
          [
            [
              [
                5.228899,
                43.198061
              ],
              [
                5.228899,
                43.198061
              ]
            ]
          ],
          [
            [
              [
                5.287766,
                43.26118
              ],
              [
                5.287766,
                43.26118
              ]
            ]
          ],
          [
            [
              [
                5.294872,
                43.270585
              ],
              [
                5.294872,
                43.270585
              ]
            ]
          ],
          [
            [
              [
                5.285848,
                43.266008
              ],
              [
                5.303585,
                43.276205
              ],
              [
                5.292354,
                43.280703
              ],
              [
                5.324002,
                43.286268
              ],
              [
                5.30359,
                43.278787
              ],
              [
                5.311973,
                43.27577
              ],
              [
                5.290218,
                43.260847
              ],
              [
                5.285848,
                43.266008
              ]
            ]
          ],
          [
            [
              [
                5.285808,
                43.279477
              ],
              [
                5.285808,
                43.279477
              ]
            ]
          ],
          [
            [
              [
                5.307988,
                43.280043
              ],
              [
                5.307988,
                43.280043
              ]
            ]
          ],
          [
            [
              [
                5.324504,
                43.280406
              ],
              [
                5.324504,
                43.280406
              ]
            ]
          ],
          [
            [
              [
                5.299747,
                43.282118
              ],
              [
                5.299747,
                43.282118
              ]
            ]
          ],
          [
            [
              [
                5.292764,
                43.28237
              ],
              [
                5.292764,
                43.28237
              ]
            ]
          ],
          [
            [
              [
                5.297598,
                43.282236
              ],
              [
                5.297694,
                43.282376
              ],
              [
                5.29792,
                43.282211
              ],
              [
                5.297598,
                43.282236
              ]
            ]
          ],
          [
            [
              [
                5.297529,
                43.282696
              ],
              [
                5.297529,
                43.282696
              ]
            ]
          ],
          [
            [
              [
                5.321342,
                43.283914
              ],
              [
                5.321342,
                43.283914
              ]
            ]
          ],
          [
            [
              [
                5.323746,
                43.351361
              ],
              [
                5.323582,
                43.351266
              ],
              [
                5.323562,
                43.351383
              ],
              [
                5.323746,
                43.351361
              ]
            ]
          ],
          [
            [
              [
                5.322454,
                43.352055
              ],
              [
                5.322454,
                43.352055
              ]
            ]
          ],
          [
            [
              [
                5.317696,
                43.357017
              ],
              [
                5.317696,
                43.357017
              ]
            ]
          ],
          [
            [
              [
                5.313933,
                43.357916
              ],
              [
                5.313933,
                43.357916
              ]
            ]
          ],
          [
            [
              [
                5.30252,
                43.359969
              ],
              [
                5.313189,
                43.357518
              ],
              [
                5.30252,
                43.359969
              ]
            ]
          ],
          [
            [
              [
                5.310932,
                43.360573
              ],
              [
                5.310932,
                43.360573
              ]
            ]
          ],
          [
            [
              [
                5.370379,
                43.17684
              ],
              [
                5.370379,
                43.17684
              ]
            ]
          ],
          [
            [
              [
                5.355286,
                43.201327
              ],
              [
                5.371657,
                43.193883
              ],
              [
                5.355286,
                43.201327
              ]
            ]
          ],
          [
            [
              [
                5.328638,
                43.212486
              ],
              [
                5.340004,
                43.209265
              ],
              [
                5.328638,
                43.212486
              ]
            ]
          ],
          [
            [
              [
                5.337526,
                43.213599
              ],
              [
                5.337526,
                43.213599
              ]
            ]
          ],
          [
            [
              [
                5.32527,
                43.213731
              ],
              [
                5.32527,
                43.213731
              ]
            ]
          ],
          [
            [
              [
                5.370326,
                43.262603
              ],
              [
                5.370326,
                43.262603
              ]
            ]
          ],
          [
            [
              [
                5.343766,
                43.277428
              ],
              [
                5.343766,
                43.277428
              ]
            ]
          ],
          [
            [
              [
                5.344233,
                43.279744
              ],
              [
                5.344233,
                43.279744
              ]
            ]
          ],
          [
            [
              [
                5.347273,
                43.283636
              ],
              [
                5.347273,
                43.283636
              ]
            ]
          ],
          [
            [
              [
                5.346628,
                43.283566
              ],
              [
                5.346808,
                43.283666
              ],
              [
                5.346853,
                43.283593
              ],
              [
                5.346628,
                43.283566
              ]
            ]
          ],
          [
            [
              [
                5.346395,
                43.283793
              ],
              [
                5.346395,
                43.283793
              ]
            ]
          ],
          [
            [
              [
                5.345993,
                43.291365
              ],
              [
                5.350368,
                43.289272
              ],
              [
                5.345993,
                43.291365
              ]
            ]
          ],
          [
            [
              [
                5.321367,
                43.345895
              ],
              [
                5.341357,
                43.334656
              ],
              [
                5.357962,
                43.315008
              ],
              [
                5.358288,
                43.299179
              ],
              [
                5.352833,
                43.297156
              ],
              [
                5.361122,
                43.308819
              ],
              [
                5.339516,
                43.334578
              ],
              [
                5.321367,
                43.345895
              ]
            ]
          ],
          [
            [
              [
                5.394253,
                43.170029
              ],
              [
                5.394253,
                43.170029
              ]
            ]
          ],
          [
            [
              [
                5.393692,
                43.171582
              ],
              [
                5.393692,
                43.171582
              ]
            ]
          ],
          [
            [
              [
                5.400046,
                43.17596
              ],
              [
                5.400046,
                43.17596
              ]
            ]
          ],
          [
            [
              [
                5.371907,
                43.179491
              ],
              [
                5.398655,
                43.173761
              ],
              [
                5.371907,
                43.179491
              ]
            ]
          ],
          [
            [
              [
                5.395598,
                43.179214
              ],
              [
                5.395598,
                43.179214
              ]
            ]
          ],
          [
            [
              [
                5.378961,
                43.180411
              ],
              [
                5.378961,
                43.180411
              ]
            ]
          ],
          [
            [
              [
                5.380255,
                43.180867
              ],
              [
                5.380255,
                43.180867
              ]
            ]
          ],
          [
            [
              [
                5.3814,
                43.190176
              ],
              [
                5.391553,
                43.186164
              ],
              [
                5.3814,
                43.190176
              ]
            ]
          ],
          [
            [
              [
                5.490251,
                43.202271
              ],
              [
                5.490251,
                43.202271
              ]
            ]
          ],
          [
            [
              [
                5.481001,
                43.204717
              ],
              [
                5.481001,
                43.204717
              ]
            ]
          ],
          [
            [
              [
                5.462319,
                43.209949
              ],
              [
                5.462319,
                43.209949
              ]
            ]
          ],
          [
            [
              [
                5.460362,
                43.210036
              ],
              [
                5.460362,
                43.210036
              ]
            ]
          ],
          [
            [
              [
                5.45613,
                43.210769
              ],
              [
                5.45613,
                43.210769
              ]
            ]
          ],
          [
            [
              [
                5.396972,
                43.212292
              ],
              [
                5.396972,
                43.212292
              ]
            ]
          ],
          [
            [
              [
                5.455114,
                43.21174
              ],
              [
                5.455114,
                43.21174
              ]
            ]
          ],
          [
            [
              [
                5.350391,
                43.382498
              ],
              [
                5.374643,
                43.388689
              ],
              [
                5.378102,
                43.37484
              ],
              [
                5.373304,
                43.371867
              ],
              [
                5.385407,
                43.370214
              ],
              [
                5.411534,
                43.375735
              ],
              [
                5.440598,
                43.39092
              ],
              [
                5.464681,
                43.360121
              ],
              [
                5.450232,
                43.339109
              ],
              [
                5.471882,
                43.31714
              ],
              [
                5.499664,
                43.315136
              ],
              [
                5.513979,
                43.321895
              ],
              [
                5.53073,
                43.313679
              ],
              [
                5.527068,
                43.308906
              ],
              [
                5.532109,
                43.298345
              ],
              [
                5.504694,
                43.281348
              ],
              [
                5.514769,
                43.267362
              ],
              [
                5.519214,
                43.241645
              ],
              [
                5.526158,
                43.23753
              ],
              [
                5.506776,
                43.232972
              ],
              [
                5.517944,
                43.215622
              ],
              [
                5.509927,
                43.197714
              ],
              [
                5.510861,
                43.203901
              ],
              [
                5.506748,
                43.199126
              ],
              [
                5.498128,
                43.202334
              ],
              [
                5.504463,
                43.19875
              ],
              [
                5.500427,
                43.197176
              ],
              [
                5.454274,
                43.212091
              ],
              [
                5.443261,
                43.212821
              ],
              [
                5.454981,
                43.202777
              ],
              [
                5.451131,
                43.201131
              ],
              [
                5.402211,
                43.214034
              ],
              [
                5.363926,
                43.207292
              ],
              [
                5.33698,
                43.213681
              ],
              [
                5.34639,
                43.215439
              ],
              [
                5.347969,
                43.229641
              ],
              [
                5.359741,
                43.235639
              ],
              [
                5.363724,
                43.246333
              ],
              [
                5.373602,
                43.246152
              ],
              [
                5.371116,
                43.267139
              ],
              [
                5.345703,
                43.282443
              ],
              [
                5.355504,
                43.295289
              ],
              [
                5.364391,
                43.291153
              ],
              [
                5.37353,
                43.295894
              ],
              [
                5.358624,
                43.298065
              ],
              [
                5.364619,
                43.314458
              ],
              [
                5.345177,
                43.333088
              ],
              [
                5.351139,
                43.334776
              ],
              [
                5.328388,
                43.344772
              ],
              [
                5.343375,
                43.34336
              ],
              [
                5.312576,
                43.355146
              ],
              [
                5.32417,
                43.357589
              ],
              [
                5.308127,
                43.361685
              ],
              [
                5.282253,
                43.353721
              ],
              [
                5.278133,
                43.366417
              ],
              [
                5.285443,
                43.374312
              ],
              [
                5.278783,
                43.380454
              ],
              [
                5.297828,
                43.388843
              ],
              [
                5.322001,
                43.368201
              ],
              [
                5.338098,
                43.377161
              ],
              [
                5.355679,
                43.374623
              ],
              [
                5.350391,
                43.382498
              ]
            ]
          ]
        ]
      }
    },
    {
      "type": "Feature",
      "properties": {
        "code": "33063",
        "name": "Bordeaux",
        "regionCode": "75"
      },
      "geometry": {
        "type": "Polygon",
        "coordinates": [
          [
            [
              -0.638323,
              44.860734
            ],
            [
              -0.630926,
              44.871657
            ],
            [
              -0.593855,
              44.853183
            ],
            [
              -0.575714,
              44.865993
            ],
            [
              -0.580326,
              44.909007
            ],
            [
              -0.54787,
              44.916694
            ],
            [
              -0.535238,
              44.888875
            ],
            [
              -0.54112,
              44.868778
            ],
            [
              -0.536694,
              44.867608
            ],
            [
              -0.537714,
              44.847674
            ],
            [
              -0.548001,
              44.835687
            ],
            [
              -0.533325,
              44.827874
            ],
            [
              -0.55734,
              44.812383
            ],
            [
              -0.573915,
              44.810741
            ],
            [
              -0.589211,
              44.825371
            ],
            [
              -0.602965,
              44.818423
            ],
            [
              -0.615036,
              44.823073
            ],
            [
              -0.606869,
              44.837006
            ],
            [
              -0.626965,
              44.83894
            ],
            [
              -0.638323,
              44.860734
            ]
          ]
        ]
      }
    },
    {
      "type": "Feature",
      "properties": {
        "code": "83137",
        "name": "Toulon",
        "regionCode": "93"
      },
      "geometry": {
        "type": "MultiPolygon",
        "coordinates": [
          [
            [
              [
                5.954749,
                43.106197
              ],
              [
                5.954749,
                43.106197
              ]
            ]
          ],
          [
            [
              [
                5.922836,
                43.119345
              ],
              [
                5.922687,
                43.115148
              ],
              [
                5.922836,
                43.119345
              ]
            ]
          ],
          [
            [
              [
                5.924058,
                43.119473
              ],
              [
                5.924207,
                43.115304
              ],
              [
                5.924058,
                43.119473
              ]
            ]
          ],
          [
            [
              [
                5.985565,
                43.123168
              ],
              [
                5.979146,
                43.10622
              ],
              [
                5.940548,
                43.107835
              ],
              [
                5.926189,
                43.101111
              ],
              [
                5.934643,
                43.113616
              ],
              [
                5.929618,
                43.121149
              ],
              [
                5.925324,
                43.115571
              ],
              [
                5.927761,
                43.122204
              ],
              [
                5.915914,
                43.122089
              ],
              [
                5.920879,
                43.119211
              ],
              [
                5.916292,
                43.113488
              ],
              [
                5.912846,
                43.124654
              ],
              [
                5.907353,
                43.118957
              ],
              [
                5.910386,
                43.11355
              ],
              [
                5.903065,
                43.111466
              ],
              [
                5.88743,
                43.116237
              ],
              [
                5.88591,
                43.130214
              ],
              [
                5.881549,
                43.128144
              ],
              [
                5.879488,
                43.134306
              ],
              [
                5.882766,
                43.139678
              ],
              [
                5.885534,
                43.134198
              ],
              [
                5.882122,
                43.160495
              ],
              [
                5.902442,
                43.171676
              ],
              [
                5.920663,
                43.163049
              ],
              [
                5.948474,
                43.163145
              ],
              [
                5.977902,
                43.148023
              ],
              [
                5.977423,
                43.135254
              ],
              [
                5.985049,
                43.13351
              ],
              [
                5.985565,
                43.123168
              ]
            ]
          ]
        ]
      }
    },
    {
      "type": "Feature",
      "properties": {
        "code": "38185",
        "name": "Grenoble",
        "regionCode": "84"
      },
      "geometry": {
        "type": "Polygon",
        "coordinates": [
          [
            [
              5.678683,
              45.213686
            ],
            [
              5.715458,
              45.199612
            ],
            [
              5.724928,
              45.198909
            ],
            [
              5.725715,
              45.205014
            ],
            [
              5.741082,
              45.200846
            ],
            [
              5.742283,
              45.190688
            ],
            [
              5.749281,
              45.189088
            ],
            [
              5.751027,
              45.170831
            ],
            [
              5.74124,
              45.166798
            ],
            [
              5.737768,
              45.154206
            ],
            [
              5.70102,
              45.159616
            ],
            [
              5.701387,
              45.195158
            ],
            [
              5.678683,
              45.213686
            ]
          ]
        ]
      }
    },
    {
      "type": "Feature",
      "properties": {
        "code": "74010",
        "name": "Annecy",
        "regionCode": "84"
      },
      "geometry": {
        "type": "Polygon",
        "coordinates": [
          [
            [
              6.175374,
              45.936233
            ],
            [
              6.180616,
              45.925494
            ],
            [
              6.199278,
              45.9187
            ],
            [
              6.204393,
              45.906839
            ],
            [
              6.197318,
              45.901249
            ],
            [
              6.182854,
              45.906642
            ],
            [
              6.148913,
              45.897187
            ],
            [
              6.155931,
              45.882784
            ],
            [
              6.140619,
              45.883541
            ],
            [
              6.126608,
              45.875069
            ],
            [
              6.12258,
              45.859357
            ],
            [
              6.106916,
              45.849447
            ],
            [
              6.104118,
              45.837888
            ],
            [
              6.085074,
              45.855488
            ],
            [
              6.072362,
              45.848708
            ],
            [
              6.072531,
              45.830301
            ],
            [
              6.048414,
              45.831536
            ],
            [
              6.058037,
              45.838038
            ],
            [
              6.053426,
              45.848664
            ],
            [
              6.06401,
              45.854245
            ],
            [
              6.059635,
              45.868695
            ],
            [
              6.07113,
              45.871579
            ],
            [
              6.064317,
              45.882722
            ],
            [
              6.080844,
              45.891058
            ],
            [
              6.087647,
              45.903765
            ],
            [
              6.083922,
              45.919032
            ],
            [
              6.095666,
              45.930803
            ],
            [
              6.114096,
              45.921464
            ],
            [
              6.123839,
              45.935151
            ],
            [
              6.096355,
              45.959278
            ],
            [
              6.07486,
              45.964451
            ],
            [
              6.080568,
              45.973492
            ],
            [
              6.099947,
              45.97353
            ],
            [
              6.10543,
              45.964576
            ],
            [
              6.139556,
              45.957052
            ],
            [
              6.128346,
              45.943879
            ],
            [
              6.133462,
              45.934777
            ],
            [
              6.163558,
              45.941252
            ],
            [
              6.175374,
              45.936233
            ]
          ]
        ]
      }
    },
    {
      "type": "Feature",
      "properties": {
        "code": "57463",
        "name": "Metz",
        "regionCode": "44"
      },
      "geometry": {
        "type": "Polygon",
        "coordinates": [
          [
            [
              6.148508,
              49.118861
            ],
            [
              6.158946,
              49.125348
            ],
            [
              6.136555,
              49.129352
            ],
            [
              6.139082,
              49.14295
            ],
            [
              6.162841,
              49.141522
            ],
            [
              6.171736,
              49.148828
            ],
            [
              6.189503,
              49.141008
            ],
            [
              6.198756,
              49.14376
            ],
            [
              6.188616,
              49.12718
            ],
            [
              6.203349,
              49.120853
            ],
            [
              6.209078,
              49.136314
            ],
            [
              6.218997,
              49.137871
            ],
            [
              6.233956,
              49.119387
            ],
            [
              6.251201,
              49.118333
            ],
            [
              6.249451,
              49.110686
            ],
            [
              6.256465,
              49.108358
            ],
            [
              6.245857,
              49.105719
            ],
            [
              6.245162,
              49.098104
            ],
            [
              6.254056,
              49.093021
            ],
            [
              6.233768,
              49.085078
            ],
            [
              6.21751,
              49.090326
            ],
            [
              6.210437,
              49.0852
            ],
            [
              6.211962,
              49.076459
            ],
            [
              6.195943,
              49.073562
            ],
            [
              6.203701,
              49.063701
            ],
            [
              6.173075,
              49.063167
            ],
            [
              6.170704,
              49.071749
            ],
            [
              6.16371,
              49.073028
            ],
            [
              6.164669,
              49.081378
            ],
            [
              6.181843,
              49.081235
            ],
            [
              6.171084,
              49.095797
            ],
            [
              6.157538,
              49.099218
            ],
            [
              6.166847,
              49.117411
            ],
            [
              6.148508,
              49.118861
            ]
          ]
        ]
      }
    },
    {
      "type": "Feature",
      "properties": {
        "code": "76540",
        "name": "Rouen",
        "regionCode": "28"
      },
      "geometry": {
        "type": "Polygon",
        "coordinates": [
          [
            [
              1.14128,
              49.465247
            ],
            [
              1.152071,
              49.456188
            ],
            [
              1.140423,
              49.459696
            ],
            [
              1.145744,
              49.447552
            ],
            [
              1.129933,
              49.439994
            ],
            [
              1.143338,
              49.431201
            ],
            [
              1.10927,
              49.434143
            ],
            [
              1.114175,
              49.430737
            ],
            [
              1.110086,
              49.425472
            ],
            [
              1.096599,
              49.420731
            ],
            [
              1.088294,
              49.424917
            ],
            [
              1.076347,
              49.417225
            ],
            [
              1.067488,
              49.422782
            ],
            [
              1.072132,
              49.437331
            ],
            [
              1.037991,
              49.427404
            ],
            [
              1.030248,
              49.432337
            ],
            [
              1.041672,
              49.438214
            ],
            [
              1.037587,
              49.439513
            ],
            [
              1.051464,
              49.454348
            ],
            [
              1.083799,
              49.450853
            ],
            [
              1.112928,
              49.45677
            ],
            [
              1.108621,
              49.452463
            ],
            [
              1.113535,
              49.449523
            ],
            [
              1.14128,
              49.465247
            ]
          ]
        ]
      }
    },
    {
      "type": "Feature",
      "properties": {
        "code": "34032",
        "name": "Béziers",
        "regionCode": "76"
      },
      "geometry": {
        "type": "Polygon",
        "coordinates": [
          [
            [
              3.190941,
              43.299216
            ],
            [
              3.177588,
              43.303779
            ],
            [
              3.178639,
              43.312027
            ],
            [
              3.157264,
              43.318838
            ],
            [
              3.156338,
              43.326752
            ],
            [
              3.127492,
              43.34857
            ],
            [
              3.130831,
              43.361099
            ],
            [
              3.16508,
              43.348616
            ],
            [
              3.167018,
              43.356693
            ],
            [
              3.180639,
              43.359169
            ],
            [
              3.176974,
              43.368886
            ],
            [
              3.191373,
              43.387815
            ],
            [
              3.201416,
              43.381139
            ],
            [
              3.213395,
              43.382388
            ],
            [
              3.21885,
              43.393585
            ],
            [
              3.236247,
              43.389228
            ],
            [
              3.241282,
              43.39899
            ],
            [
              3.258951,
              43.390995
            ],
            [
              3.240582,
              43.37248
            ],
            [
              3.24463,
              43.363356
            ],
            [
              3.259028,
              43.366388
            ],
            [
              3.258689,
              43.372658
            ],
            [
              3.283443,
              43.3747
            ],
            [
              3.282018,
              43.389143
            ],
            [
              3.306578,
              43.380496
            ],
            [
              3.313285,
              43.372293
            ],
            [
              3.331511,
              43.378158
            ],
            [
              3.340964,
              43.373305
            ],
            [
              3.329377,
              43.359168
            ],
            [
              3.336673,
              43.349373
            ],
            [
              3.331241,
              43.341248
            ],
            [
              3.314465,
              43.349226
            ],
            [
              3.273308,
              43.335597
            ],
            [
              3.252427,
              43.31285
            ],
            [
              3.243968,
              43.316304
            ],
            [
              3.235739,
              43.297451
            ],
            [
              3.217133,
              43.303584
            ],
            [
              3.207979,
              43.297184
            ],
            [
              3.190941,
              43.299216
            ]
          ]
        ]
      }
    },
    {
      "type": "Feature",
      "properties": {
        "code": "44184",
        "name": "Saint-Nazaire",
        "regionCode": "52"
      },
      "geometry": {
        "type": "Polygon",
        "coordinates": [
          [
            [
              -2.238308,
              47.312919
            ],
            [
              -2.232815,
              47.301782
            ],
            [
              -2.21125,
              47.28752
            ],
            [
              -2.182288,
              47.306218
            ],
            [
              -2.167763,
              47.279868
            ],
            [
              -2.180596,
              47.275779
            ],
            [
              -2.187331,
              47.280819
            ],
            [
              -2.202273,
              47.266472
            ],
            [
              -2.20217,
              47.270767
            ],
            [
              -2.20396,
              47.266099
            ],
            [
              -2.205368,
              47.270635
            ],
            [
              -2.220911,
              47.267176
            ],
            [
              -2.222958,
              47.258508
            ],
            [
              -2.248087,
              47.255789
            ],
            [
              -2.267348,
              47.238626
            ],
            [
              -2.302056,
              47.235619
            ],
            [
              -2.296185,
              47.258835
            ],
            [
              -2.287308,
              47.260557
            ],
            [
              -2.293373,
              47.264777
            ],
            [
              -2.290453,
              47.2816
            ],
            [
              -2.310561,
              47.28258
            ],
            [
              -2.299921,
              47.300926
            ],
            [
              -2.279964,
              47.314823
            ],
            [
              -2.263003,
              47.314158
            ],
            [
              -2.257558,
              47.320167
            ],
            [
              -2.238308,
              47.312919
            ]
          ]
        ]
      }
    },
    {
      "type": "Feature",
      "properties": {
        "code": "06029",
        "name": "Cannes",
        "regionCode": "93"
      },
      "geometry": {
        "type": "MultiPolygon",
        "coordinates": [
          [
            [
              [
                7.034096,
                43.517781
              ],
              [
                7.034096,
                43.517781
              ]
            ]
          ],
          [
            [
              [
                7.019001,
                43.548882
              ],
              [
                7.019001,
                43.548882
              ]
            ]
          ],
          [
            [
              [
                6.969053,
                43.567889
              ],
              [
                6.96563,
                43.56082
              ],
              [
                7.035206,
                43.569419
              ],
              [
                7.057643,
                43.550517
              ],
              [
                7.038182,
                43.535098
              ],
              [
                7.030063,
                43.539607
              ],
              [
                7.032294,
                43.546292
              ],
              [
                7.016464,
                43.551051
              ],
              [
                7.012305,
                43.55049
              ],
              [
                7.017726,
                43.545002
              ],
              [
                6.987685,
                43.54866
              ],
              [
                6.951404,
                43.534694
              ],
              [
                6.957449,
                43.543803
              ],
              [
                6.949697,
                43.545414
              ],
              [
                6.956041,
                43.563581
              ],
              [
                6.944813,
                43.571311
              ],
              [
                6.960197,
                43.574855
              ],
              [
                6.969053,
                43.567889
              ]
            ]
          ],
          [
            [
              [
                7.036958,
                43.507918
              ],
              [
                7.036958,
                43.507918
              ]
            ]
          ],
          [
            [
              [
                7.037435,
                43.507057
              ],
              [
                7.05532,
                43.507752
              ],
              [
                7.037435,
                43.507057
              ]
            ]
          ],
          [
            [
              [
                7.048681,
                43.523787
              ],
              [
                7.070783,
                43.51741
              ],
              [
                7.042966,
                43.516164
              ],
              [
                7.031581,
                43.522181
              ],
              [
                7.048681,
                43.523787
              ]
            ]
          ],
          [
            [
              [
                7.05864,
                43.50586
              ],
              [
                7.05864,
                43.50586
              ]
            ]
          ],
          [
            [
              [
                7.056469,
                43.506139
              ],
              [
                7.056469,
                43.506139
              ]
            ]
          ],
          [
            [
              [
                7.058672,
                43.507504
              ],
              [
                7.058672,
                43.507504
              ]
            ]
          ],
          [
            [
              [
                7.066861,
                43.514994
              ],
              [
                7.066861,
                43.514994
              ]
            ]
          ],
          [
            [
              [
                7.072355,
                43.515834
              ],
              [
                7.072355,
                43.515834
              ]
            ]
          ]
        ]
      }
    },
    {
      "type": "Feature",
      "properties": {
        "code": "62193",
        "name": "Calais",
        "regionCode": "32"
      },
      "geometry": {
        "type": "Polygon",
        "coordinates": [
          [
            [
              1.907934,
              50.921898
            ],
            [
              1.872958,
              50.93452
            ],
            [
              1.867097,
              50.9276
            ],
            [
              1.82241,
              50.934335
            ],
            [
              1.805868,
              50.945452
            ],
            [
              1.826342,
              50.954326
            ],
            [
              1.828953,
              50.962603
            ],
            [
              1.840384,
              50.966038
            ],
            [
              1.840795,
              50.973222
            ],
            [
              1.853185,
              50.981123
            ],
            [
              1.874003,
              50.982131
            ],
            [
              1.887852,
              50.972715
            ],
            [
              1.909599,
              50.982396
            ],
            [
              1.917888,
              50.974123
            ],
            [
              1.918668,
              50.956169
            ],
            [
              1.932095,
              50.929444
            ],
            [
              1.907934,
              50.921898
            ]
          ]
        ]
      }
    },
    {
      "type": "Feature",
      "properties": {
        "code": "29232",
        "name": "Quimper",
        "regionCode": "53"
      },
      "geometry": {
        "type": "Polygon",
        "coordinates": [
          [
            [
              -4.147948,
              48.031928
            ],
            [
              -4.12874,
              48.045356
            ],
            [
              -4.124675,
              48.039147
            ],
            [
              -4.109086,
              48.041968
            ],
            [
              -4.112704,
              48.049359
            ],
            [
              -4.103341,
              48.054176
            ],
            [
              -4.112191,
              48.056004
            ],
            [
              -4.105078,
              48.059112
            ],
            [
              -4.107434,
              48.064584
            ],
            [
              -4.076958,
              48.064074
            ],
            [
              -4.054673,
              48.027368
            ],
            [
              -4.062863,
              48.022278
            ],
            [
              -4.062836,
              48.004139
            ],
            [
              -4.07159,
              47.993612
            ],
            [
              -4.020517,
              47.991547
            ],
            [
              -4.012515,
              47.980383
            ],
            [
              -4.038545,
              47.966403
            ],
            [
              -4.036922,
              47.952076
            ],
            [
              -4.059408,
              47.9306
            ],
            [
              -4.095354,
              47.941558
            ],
            [
              -4.082885,
              47.944751
            ],
            [
              -4.088092,
              47.947067
            ],
            [
              -4.084698,
              47.950341
            ],
            [
              -4.075015,
              47.948388
            ],
            [
              -4.083903,
              47.951592
            ],
            [
              -4.081235,
              47.955911
            ],
            [
              -4.096118,
              47.942229
            ],
            [
              -4.109687,
              47.942632
            ],
            [
              -4.108106,
              47.950483
            ],
            [
              -4.097551,
              47.953403
            ],
            [
              -4.0969,
              47.971354
            ],
            [
              -4.11329,
              47.975472
            ],
            [
              -4.117258,
              47.983704
            ],
            [
              -4.117133,
              47.975403
            ],
            [
              -4.101368,
              47.969809
            ],
            [
              -4.109102,
              47.963903
            ],
            [
              -4.127881,
              47.964662
            ],
            [
              -4.129747,
              47.974245
            ],
            [
              -4.134357,
              47.972888
            ],
            [
              -4.130206,
              47.975225
            ],
            [
              -4.137179,
              47.975913
            ],
            [
              -4.133263,
              47.982084
            ],
            [
              -4.151189,
              47.984993
            ],
            [
              -4.159391,
              48.007081
            ],
            [
              -4.181946,
              48.019031
            ],
            [
              -4.131309,
              48.018462
            ],
            [
              -4.147948,
              48.031928
            ]
          ]
        ]
      }
    }
  ]
}
