{"type":"FeatureCollection","features":[{"type":"Feature","properties":{"county_id":"33","county":"Donegal County","nuts3":"Border"},"geometry":{"type":"MultiPolygon","coordinates":[[[[-8.8333,54.66413],[-8.83358,54.6628],[-8.83479,54.66348],[-8.83424,54.66414],[-8.8333,54.66413]],[[-8.827,54.66804],[-8.8264,54.66755],[-8.82621,54.66684],[-8.82689,54.66617],[-8.82591,54.66579],[-8.82533,54.66444],[-8.82467,54.66478],[-8.82467,54.66432],[-8.82454,54.66463],[-8.82384,54.66444],[-8.82369,54.66382],[-8.823,54.66407],[-8.82286,54.66369],[-8.82276,54.66398],[-8.82236,54.66372],[-8.82253,54.662],[-8.82358,54.66124],[-8.82482,54.66157],[-8.82491,54.66106],[-8.82592,54.66095],[-8.82609,54.66051],[-8.82783,54.66121],[-8.82974,54.66276],[-8.82896,54.6614],[-8.83072,54.66222],[-8.82975,54.66097],[-8.83076,54.66119],[-8.83096,54.66171],[-8.83148,54.66175],[-8.83252,54.6626],[-8.83286,54.66192],[-8.83335,54.66213],[-8.83277,54.66378],[-8.83075,54.66239],[-8.83164,54.66331],[-8.83176,54.66413],[-8.82999,54.66533],[-8.83089,54.66536],[-8.83053,54.66648],[-8.83089,54.66664],[-8.8302,54.66753],[-8.83175,54.6666],[-8.83151,54.66708],[-8.83186,54.66726],[-8.82969,54.66829],[-8.82842,54.66842],[-8.827,54.66804]],[[-7.86884,55.1267],[-7.84774,55.1907],[-7.87003,55.21986],[-7.83764,55.23058],[-7.8044,55.25053],[-7.79741,55.22305],[-7.75519,55.18331],[-7.69554,55.13536],[-7.69565,55.10182],[-7.69507,55.19298],[-7.72263,55.21978],[-7.73611,55.19207],[-7.7523,55.23663],[-7.7436,55.25058],[-7.66915,55.27011],[-7.62661,55.2661],[-7.60615,55.22551],[-7.57767,55.18243],[-7.5535,55.15603],[-7.52645,55.10625],[-7.6415,55.04556],[-7.61087,55.00707],[-7.6165,54.97152],[-7.5147,55.0836],[-7.48417,55.15526],[-7.5296,55.18894],[-7.54118,55.21865],[-7.51978,55.25442],[-7.49866,55.28803],[-7.43027,55.28754],[-7.3285,55.30714],[-7.31031,55.28347],[-7.28913,55.29771],[-7.38481,55.37135],[-7.33424,55.3716],[-7.25525,55.35819],[-7.17044,55.32574],[-7.13513,55.29171],[-7.07907,55.27688],[-7.03271,55.26955],[-6.93087,55.23933],[-6.96293,55.20792],[-7.11417,55.16093],[-7.24629,55.08034],[-7.40155,54.97082],[-7.5461,54.76837],[-7.77789,54.71031],[-7.91375,54.67485],[-7.80823,54.63976],[-7.72563,54.60366],[-7.8337,54.54015],[-8.04023,54.50822],[-8.22098,54.47293],[-8.28968,54.47794],[-8.25401,54.51177],[-8.1509,54.623],[-8.11548,54.61156],[-8.12738,54.63275],[-8.16259,54.64426],[-8.29645,54.60593],[-8.43927,54.5815],[-8.38761,54.62581],[-8.43141,54.63183],[-8.459,54.61142],[-8.47632,54.6353],[-8.58798,54.61071],[-8.64458,54.64642],[-8.70668,54.64142],[-8.78755,54.67376],[-8.78917,54.70487],[-8.74457,54.72138],[-8.66466,54.76936],[-8.51913,54.76279],[-8.46819,54.76329],[-8.5168,54.78438],[-8.42195,54.76258],[-8.44789,54.78436],[-8.51755,54.81296],[-8.55403,54.82463],[-8.53249,54.83227],[-8.48563,54.84785],[-8.34481,54.88127],[-8.34214,54.8921],[-8.41006,54.89644],[-8.45868,54.94213],[-8.4143,54.9384],[-8.39038,54.95466],[-8.44256,54.98319],[-8.42082,55.00783],[-8.40404,55.0361],[-8.34439,55.05203],[-8.30249,55.08404],[-8.29733,55.14053],[-8.13314,55.16221],[-8.14355,55.129],[-8.0808,55.16126],[-8.00436,55.21569],[-7.98128,55.18778],[-7.93069,55.17839],[-7.89818,55.17396],[-7.86338,55.15447],[-7.86884,55.1267]],[[-8.44255,54.78809],[-8.44095,54.78756],[-8.44095,54.78775],[-8.44255,54.78809]],[[-7.86884,55.1267],[-7.86965,55.12616],[-7.8696,55.12593],[-7.86884,55.1267]],[[-7.68345,55.18239],[-7.68252,55.18334],[-7.68283,55.18391],[-7.68226,55.18359],[-7.68173,55.18403],[-7.68015,55.18391],[-7.67786,55.1851],[-7.68029,55.18404],[-7.68106,55.18441],[-7.68203,55.1843],[-7.68205,55.18453],[-7.68357,55.18443],[-7.68391,55.18421],[-7.68345,55.18239]],[[-8.70882,54.75421],[-8.70693,54.75353],[-8.70659,54.75303],[-8.70741,54.75278],[-8.70933,54.75312],[-8.7106,54.7536],[-8.71147,54.75359],[-8.71194,54.75402],[-8.71059,54.75419],[-8.70882,54.75421]],[[-8.69049,54.76382],[-8.69151,54.76315],[-8.69311,54.7632],[-8.69418,54.76376],[-8.69415,54.76421],[-8.69332,54.76469],[-8.69159,54.76446],[-8.69049,54.76382]],[[-8.60166,54.77753],[-8.60262,54.77703],[-8.60441,54.7776],[-8.60552,54.77843],[-8.60494,54.77923],[-8.60414,54.77957],[-8.60213,54.77973],[-8.60152,54.77968],[-8.60121,54.77901],[-8.60166,54.77753]],[[-8.57135,54.98143],[-8.57235,54.9798],[-8.57444,54.97883],[-8.57494,54.97903],[-8.57449,54.97946],[-8.57527,54.97952],[-8.57569,54.98015],[-8.575,54.98023],[-8.57536,54.98045],[-8.57427,54.98039],[-8.57564,54.98115],[-8.5749,54.98146],[-8.57513,54.98212],[-8.57343,54.98258],[-8.57276,54.98248],[-8.57135,54.98143]],[[-8.56571,54.82522],[-8.56683,54.82498],[-8.56739,54.82576],[-8.56638,54.82626],[-8.56602,54.82611],[-8.56574,54.82589],[-8.56613,54.8255],[-8.56571,54.82522]],[[-8.54201,55.02209],[-8.53666,55.0215],[-8.53509,55.01979],[-8.53497,55.01873],[-8.53042,55.0173],[-8.52882,55.01416],[-8.5293,55.01331],[-8.5274,55.01179],[-8.52331,55.01161],[-8.52013,55.00952],[-8.51595,55.00672],[-8.51072,55.00434],[-8.50833,55.0074],[-8.50739,55.00623],[-8.50616,55.00643],[-8.50346,55.0066],[-8.50337,55.00544],[-8.50095,55.00526],[-8.49949,55.00324],[-8.49646,55.00314],[-8.49485,55.0021],[-8.49811,55.00032],[-8.49639,54.99977],[-8.49637,54.99773],[-8.49993,54.99599],[-8.49792,54.99232],[-8.49752,54.99268],[-8.49634,54.99193],[-8.49553,54.9898],[-8.49663,54.98849],[-8.49727,54.98734],[-8.49317,54.98673],[-8.49095,54.98685],[-8.49095,54.98584],[-8.48964,54.98517],[-8.48882,54.98472],[-8.48785,54.98149],[-8.48847,54.98004],[-8.48714,54.97929],[-8.48714,54.97658],[-8.48681,54.97612],[-8.48851,54.97326],[-8.48983,54.97325],[-8.49061,54.97403],[-8.49318,54.97331],[-8.49367,54.97326],[-8.49453,54.97312],[-8.4971,54.97505],[-8.50032,54.97438],[-8.5017,54.97237],[-8.50357,54.97168],[-8.50807,54.97253],[-8.51039,54.97261],[-8.51762,54.97364],[-8.52241,54.97103],[-8.52007,54.9692],[-8.52722,54.97004],[-8.52741,54.97205],[-8.53043,54.97369],[-8.53427,54.9738],[-8.54348,54.97307],[-8.54684,54.97392],[-8.55461,54.97422],[-8.55461,54.97526],[-8.55992,54.9752],[-8.56217,54.9754],[-8.56455,54.97586],[-8.567,54.97624],[-8.56741,54.97705],[-8.56522,54.97797],[-8.56891,54.97869],[-8.56675,54.98156],[-8.56547,54.98316],[-8.56126,54.98324],[-8.55818,54.98474],[-8.56242,54.9872],[-8.56024,54.98813],[-8.56238,54.99127],[-8.5639,54.99387],[-8.56238,54.99522],[-8.55824,54.99903],[-8.55573,54.99908],[-8.55211,54.99862],[-8.55112,55.00054],[-8.5469,55.00222],[-8.54898,55.00326],[-8.54589,55.00586],[-8.54972,55.00738],[-8.555,55.00792],[-8.55717,55.00928],[-8.55902,55.01042],[-8.55922,55.01185],[-8.56084,55.01278],[-8.5611,55.0133],[-8.56151,55.01537],[-8.55883,55.01549],[-8.55775,55.01446],[-8.55426,55.01489],[-8.5501,55.01342],[-8.54743,55.01313],[-8.54499,55.01337],[-8.54117,55.01549],[-8.54003,55.01741],[-8.53909,55.01888],[-8.54322,55.02214],[-8.54201,55.02209]],[[-8.55735,54.81236],[-8.55779,54.81206],[-8.56047,54.81212],[-8.56286,54.81336],[-8.56263,54.81387],[-8.5603,54.81414],[-8.55863,54.81364],[-8.55857,54.81331],[-8.55923,54.81322],[-8.55765,54.81273],[-8.55735,54.81236]],[[-8.55753,54.83201],[-8.5572,54.83095],[-8.5583,54.83095],[-8.55801,54.83038],[-8.56008,54.83108],[-8.56094,54.83183],[-8.56047,54.83203],[-8.55934,54.83188],[-8.56,54.83204],[-8.56013,54.83253],[-8.55687,54.83257],[-8.55753,54.83201]],[[-8.54466,54.59859],[-8.54562,54.59826],[-8.54389,54.59814],[-8.54578,54.59783],[-8.54664,54.59833],[-8.54609,54.59829],[-8.54723,54.59852],[-8.54607,54.59868],[-8.5476,54.59871],[-8.54738,54.59908],[-8.54655,54.59925],[-8.54427,54.59885],[-8.54573,54.59862],[-8.54466,54.59859]],[[-8.54327,54.87036],[-8.5443,54.87026],[-8.54459,54.87055],[-8.54328,54.87089],[-8.54327,54.87036]],[[-8.53981,54.87067],[-8.54109,54.87055],[-8.54019,54.871],[-8.53981,54.87067]],[[-8.53941,55.02428],[-8.53948,55.02341],[-8.54178,55.02384],[-8.54022,55.02427],[-8.53996,55.02477],[-8.53941,55.02428]],[[-8.53306,54.87068],[-8.53294,54.87033],[-8.53167,54.87045],[-8.53142,54.8697],[-8.53366,54.86912],[-8.5369,54.86886],[-8.53795,54.86903],[-8.53828,54.86993],[-8.5377,54.87045],[-8.53209,54.87167],[-8.5319,54.8711],[-8.53306,54.87068]],[[-8.52957,54.83345],[-8.53148,54.83343],[-8.53084,54.83358],[-8.5315,54.83368],[-8.53133,54.834],[-8.52986,54.83407],[-8.52937,54.83393],[-8.52957,54.83345]],[[-8.52741,54.83261],[-8.52771,54.83204],[-8.52818,54.83239],[-8.52741,54.83261]],[[-8.51809,54.83196],[-8.51891,54.8313],[-8.52007,54.83164],[-8.51993,54.83226],[-8.51916,54.832],[-8.51809,54.83196]],[[-8.49303,54.76552],[-8.49305,54.76514],[-8.49544,54.76603],[-8.49684,54.76619],[-8.49789,54.76717],[-8.4967,54.7678],[-8.49525,54.76695],[-8.49342,54.76655],[-8.49303,54.76552]],[[-8.49094,54.9546],[-8.49148,54.95447],[-8.49423,54.95573],[-8.49887,54.95604],[-8.49946,54.95669],[-8.49976,54.95824],[-8.49855,54.95916],[-8.49726,54.95885],[-8.49173,54.9585],[-8.49088,54.95818],[-8.49106,54.95644],[-8.48981,54.95543],[-8.49075,54.95533],[-8.49094,54.9546]],[[-8.4972,55.00365],[-8.49821,55.0031],[-8.49884,55.00364],[-8.49852,55.00402],[-8.49766,55.00401],[-8.4972,55.00365]],[[-8.48922,54.7611],[-8.49169,54.76084],[-8.49245,54.76118],[-8.49199,54.76176],[-8.48975,54.76229],[-8.48856,54.76218],[-8.48829,54.7619],[-8.48922,54.7611]],[[-8.49238,54.99594],[-8.49269,54.99542],[-8.49392,54.99514],[-8.49464,54.99515],[-8.49503,54.9957],[-8.49481,54.996],[-8.49416,54.996],[-8.49406,54.99571],[-8.49335,54.99608],[-8.49238,54.99594]],[[-8.47939,54.94112],[-8.47965,54.94092],[-8.48036,54.94103],[-8.48298,54.94197],[-8.48326,54.94234],[-8.48285,54.943],[-8.48152,54.94293],[-8.47939,54.94112]],[[-8.47616,54.99432],[-8.47536,54.99407],[-8.47435,54.99418],[-8.47378,54.99344],[-8.4737,54.99385],[-8.47261,54.99349],[-8.47249,54.99402],[-8.47147,54.99376],[-8.47119,54.99394],[-8.47069,54.99351],[-8.47168,54.99321],[-8.47145,54.99298],[-8.46998,54.993],[-8.47085,54.99282],[-8.47087,54.99257],[-8.4703,54.99264],[-8.46997,54.99236],[-8.46924,54.99256],[-8.46803,54.99208],[-8.46851,54.99143],[-8.46797,54.99139],[-8.4669,54.99044],[-8.46725,54.99047],[-8.46735,54.98995],[-8.46671,54.99001],[-8.46625,54.98966],[-8.46653,54.98949],[-8.46552,54.98765],[-8.46679,54.9879],[-8.46826,54.98878],[-8.46831,54.98839],[-8.46725,54.98775],[-8.46896,54.9881],[-8.46878,54.98831],[-8.46984,54.98898],[-8.46901,54.9889],[-8.46871,54.9895],[-8.46941,54.98955],[-8.4697,54.99036],[-8.47052,54.99018],[-8.47171,54.99057],[-8.47181,54.99169],[-8.47479,54.99202],[-8.47554,54.99186],[-8.47573,54.99219],[-8.47681,54.992],[-8.47742,54.99224],[-8.47753,54.992],[-8.47874,54.9925],[-8.47899,54.99281],[-8.47846,54.99278],[-8.47907,54.99395],[-8.47867,54.99406],[-8.4783,54.99331],[-8.47823,54.99418],[-8.47719,54.99409],[-8.47685,54.99374],[-8.47649,54.9939],[-8.47699,54.99419],[-8.47616,54.99432]],[[-8.47805,54.99592],[-8.4786,54.9959],[-8.47848,54.99633],[-8.47805,54.99592]],[[-8.47703,54.99581],[-8.47754,54.9957],[-8.47756,54.99616],[-8.47703,54.99581]],[[-8.47679,54.99566],[-8.47576,54.99532],[-8.47735,54.99547],[-8.47679,54.99566]],[[-8.47579,54.99161],[-8.47551,54.9913],[-8.47402,54.99133],[-8.47396,54.99108],[-8.47477,54.99082],[-8.47514,54.99109],[-8.47524,54.99076],[-8.47559,54.99082],[-8.47612,54.99151],[-8.47579,54.99161]],[[-8.4737,54.99674],[-8.47194,54.99532],[-8.47141,54.99539],[-8.47099,54.99508],[-8.47133,54.99504],[-8.47031,54.99464],[-8.47032,54.99423],[-8.47183,54.99443],[-8.47172,54.99403],[-8.47335,54.99428],[-8.47264,54.99443],[-8.47372,54.99458],[-8.47372,54.995],[-8.47479,54.99576],[-8.47358,54.99631],[-8.4737,54.99674]],[[-8.46886,54.75937],[-8.4695,54.75922],[-8.47039,54.75948],[-8.46886,54.75937]],[[-8.46802,54.98638],[-8.46755,54.98606],[-8.46788,54.98594],[-8.469,54.98645],[-8.46821,54.98618],[-8.46857,54.98682],[-8.46802,54.98638]],[[-8.46679,54.98442],[-8.46647,54.98395],[-8.46822,54.98353],[-8.46885,54.98443],[-8.46817,54.98471],[-8.46753,54.98439],[-8.46726,54.98479],[-8.46679,54.98442]],[[-8.46389,54.98315],[-8.46368,54.98298],[-8.46296,54.98303],[-8.46205,54.98233],[-8.46199,54.98294],[-8.46122,54.98294],[-8.4597,54.98181],[-8.45886,54.98167],[-8.4581,54.98086],[-8.45748,54.98115],[-8.45692,54.98072],[-8.45573,54.98079],[-8.45551,54.98054],[-8.4561,54.98022],[-8.45512,54.98041],[-8.45483,54.98021],[-8.45438,54.97905],[-8.45467,54.97889],[-8.45443,54.97859],[-8.4537,54.97854],[-8.45375,54.97814],[-8.45272,54.97829],[-8.45166,54.97712],[-8.45155,54.97787],[-8.45041,54.97751],[-8.44884,54.97639],[-8.44837,54.97576],[-8.4492,54.97564],[-8.4492,54.97536],[-8.44793,54.975],[-8.4483,54.97476],[-8.44608,54.97208],[-8.44581,54.97115],[-8.44648,54.97046],[-8.44831,54.97006],[-8.4499,54.97018],[-8.45117,54.96966],[-8.45395,54.96979],[-8.45507,54.96912],[-8.4612,54.9709],[-8.46164,54.97163],[-8.46237,54.97172],[-8.46501,54.97329],[-8.46727,54.97409],[-8.46747,54.97475],[-8.46565,54.97629],[-8.46556,54.97818],[-8.46359,54.98055],[-8.46349,54.98207],[-8.46395,54.98249],[-8.46358,54.98272],[-8.46425,54.98284],[-8.46389,54.98315]],[[-8.46586,54.98432],[-8.46503,54.98396],[-8.46576,54.98397],[-8.46586,54.98432]],[[-8.4608,54.99113],[-8.45959,54.99033],[-8.45574,54.98922],[-8.45669,54.98901],[-8.45606,54.98907],[-8.45588,54.98859],[-8.45456,54.98874],[-8.45285,54.98644],[-8.4543,54.98668],[-8.45476,54.98717],[-8.45431,54.98636],[-8.45467,54.98628],[-8.45352,54.98565],[-8.45315,54.98479],[-8.45486,54.98468],[-8.45536,54.98436],[-8.45656,54.98472],[-8.45683,54.98453],[-8.45607,54.98429],[-8.45632,54.98404],[-8.45911,54.98363],[-8.45937,54.98392],[-8.46001,54.98342],[-8.46154,54.98394],[-8.46089,54.98418],[-8.46151,54.98426],[-8.46126,54.98441],[-8.46213,54.98435],[-8.46272,54.98517],[-8.46236,54.98561],[-8.46287,54.98589],[-8.46231,54.986],[-8.46298,54.98616],[-8.46214,54.98622],[-8.46291,54.98696],[-8.4623,54.98701],[-8.46255,54.98725],[-8.46367,54.98724],[-8.46381,54.98754],[-8.46456,54.98743],[-8.46506,54.98776],[-8.46457,54.98789],[-8.46554,54.9884],[-8.46573,54.98961],[-8.46534,54.98946],[-8.46459,54.98977],[-8.46515,54.98992],[-8.46479,54.99002],[-8.46574,54.99094],[-8.46487,54.99133],[-8.46289,54.99053],[-8.46225,54.99079],[-8.46319,54.99129],[-8.46224,54.99154],[-8.46189,54.99135],[-8.4608,54.99113]],[[-8.45481,54.8502],[-8.45259,54.84915],[-8.4514,54.84926],[-8.44913,54.84816],[-8.44962,54.84768],[-8.45152,54.84734],[-8.45163,54.84647],[-8.45117,54.84489],[-8.4556,54.84498],[-8.45826,54.84567],[-8.46208,54.84807],[-8.46323,54.8483],[-8.46344,54.84874],[-8.46205,54.84947],[-8.46139,54.84928],[-8.459,54.84979],[-8.45881,54.84953],[-8.45795,54.84952],[-8.45686,54.84997],[-8.45705,54.85018],[-8.45481,54.8502]],[[-8.46255,54.99917],[-8.46153,54.99815],[-8.46311,54.99824],[-8.46451,54.99923],[-8.46407,54.99935],[-8.46255,54.99917]],[[-8.46302,54.99275],[-8.46329,54.9925],[-8.46291,54.99252],[-8.46298,54.99224],[-8.46394,54.99237],[-8.46396,54.993],[-8.46302,54.99275]],[[-8.46116,55.00143],[-8.46229,55.00114],[-8.46272,55.00159],[-8.46238,55.00172],[-8.46295,55.00196],[-8.46193,55.00201],[-8.46143,55.00199],[-8.4619,55.00168],[-8.46116,55.00143]],[[-8.45888,55.00136],[-8.45768,55.00067],[-8.45796,55.0012],[-8.45759,55.00134],[-8.45709,55.00096],[-8.45595,55.00096],[-8.45616,55.00041],[-8.45537,54.99988],[-8.45433,55.00021],[-8.45441,55.00049],[-8.45323,55.00031],[-8.45277,54.99948],[-8.45422,54.99927],[-8.45499,54.99975],[-8.45492,54.99931],[-8.45565,54.99908],[-8.45673,54.99931],[-8.45645,54.99855],[-8.45788,54.99805],[-8.46044,54.99811],[-8.46124,54.99841],[-8.46149,54.99893],[-8.46081,54.99928],[-8.46166,54.99963],[-8.46112,54.99988],[-8.46217,55.00016],[-8.46225,55.00075],[-8.45888,55.00136]],[[-8.46087,54.997],[-8.46099,54.99675],[-8.46208,54.99726],[-8.46146,54.99723],[-8.46087,54.997]],[[-8.44617,55.06091],[-8.44619,55.0594],[-8.44699,55.05944],[-8.4472,55.0589],[-8.44538,55.05845],[-8.44529,55.05793],[-8.44456,55.05806],[-8.44494,55.05688],[-8.44447,55.05669],[-8.44361,55.05686],[-8.44381,55.05629],[-8.44267,55.05629],[-8.4418,55.05542],[-8.44061,55.05501],[-8.44057,55.0536],[-8.43999,55.0531],[-8.44126,55.05263],[-8.43997,55.05278],[-8.43944,55.05258],[-8.43963,55.05213],[-8.4405,55.05156],[-8.44269,55.05154],[-8.44453,55.05112],[-8.44604,55.04975],[-8.44709,55.0496],[-8.4483,55.04893],[-8.44895,55.04896],[-8.4488,55.05006],[-8.44957,55.0502],[-8.45033,55.04853],[-8.45153,55.04806],[-8.45207,55.04885],[-8.45285,55.04829],[-8.45422,55.04859],[-8.45547,55.04842],[-8.45732,55.04937],[-8.45748,55.04965],[-8.4569,55.05],[-8.45748,55.05074],[-8.45813,55.05058],[-8.45834,55.05077],[-8.45563,55.05259],[-8.45706,55.05261],[-8.4562,55.05333],[-8.45773,55.05342],[-8.45958,55.05301],[-8.46034,55.05329],[-8.45933,55.05429],[-8.45941,55.05475],[-8.45882,55.05516],[-8.45801,55.05488],[-8.45786,55.05553],[-8.45869,55.05546],[-8.46016,55.05629],[-8.46025,55.05591],[-8.46116,55.05613],[-8.46143,55.05582],[-8.46228,55.05707],[-8.46161,55.05787],[-8.46034,55.05726],[-8.46008,55.05835],[-8.45899,55.05772],[-8.45582,55.05943],[-8.45453,55.05867],[-8.45421,55.05877],[-8.4549,55.06006],[-8.45418,55.06054],[-8.45338,55.06027],[-8.45292,55.05921],[-8.45235,55.05919],[-8.45194,55.06031],[-8.45245,55.06091],[-8.4488,55.06149],[-8.44617,55.06091]],[[-8.4593,54.99175],[-8.45868,54.9905],[-8.46008,54.99113],[-8.46035,54.99173],[-8.45972,54.99201],[-8.4593,54.99175]],[[-8.44119,54.96141],[-8.44068,54.96093],[-8.44085,54.9616],[-8.43987,54.96152],[-8.43817,54.9606],[-8.43754,54.95937],[-8.43828,54.95918],[-8.43686,54.95867],[-8.43811,54.95839],[-8.43782,54.958],[-8.43714,54.95795],[-8.43468,54.95652],[-8.43413,54.95561],[-8.43484,54.95484],[-8.43547,54.95507],[-8.43543,54.95471],[-8.436,54.95522],[-8.4359,54.95422],[-8.43666,54.95383],[-8.43558,54.95403],[-8.43541,54.95355],[-8.43581,54.95288],[-8.43627,54.95292],[-8.43611,54.95198],[-8.43693,54.95245],[-8.43638,54.95176],[-8.4372,54.95157],[-8.43721,54.95107],[-8.43845,54.95063],[-8.4389,54.9501],[-8.4398,54.95024],[-8.43945,54.94993],[-8.44108,54.9494],[-8.44282,54.9493],[-8.44493,54.94966],[-8.44521,54.94882],[-8.4464,54.94964],[-8.44743,54.94971],[-8.44794,54.9494],[-8.45004,54.95011],[-8.45135,54.94983],[-8.45218,54.95005],[-8.45224,54.95043],[-8.45288,54.95032],[-8.45414,54.95089],[-8.45498,54.9505],[-8.45464,54.95144],[-8.4557,54.9519],[-8.45467,54.95202],[-8.45477,54.95239],[-8.45288,54.95307],[-8.45312,54.95333],[-8.45583,54.95284],[-8.457,54.95221],[-8.45688,54.95401],[-8.45424,54.95439],[-8.45602,54.9546],[-8.45747,54.9544],[-8.45765,54.95484],[-8.45843,54.95465],[-8.45768,54.95574],[-8.45629,54.95655],[-8.4555,54.95645],[-8.4555,54.95686],[-8.45377,54.95713],[-8.45419,54.95784],[-8.45328,54.95842],[-8.45269,54.95825],[-8.45116,54.95846],[-8.4498,54.95931],[-8.44853,54.95958],[-8.44827,54.95936],[-8.44717,54.95949],[-8.4457,54.96072],[-8.44275,54.96209],[-8.44192,54.9622],[-8.44119,54.96141]],[[-8.45348,54.9969],[-8.45238,54.9963],[-8.45235,54.99606],[-8.45368,54.99571],[-8.45231,54.99465],[-8.45296,54.99422],[-8.45234,54.99388],[-8.45308,54.99375],[-8.45244,54.99358],[-8.45292,54.99331],[-8.45436,54.99362],[-8.45439,54.99414],[-8.45346,54.9942],[-8.45558,54.99439],[-8.45461,54.99461],[-8.45547,54.99489],[-8.45531,54.99537],[-8.45598,54.99496],[-8.45644,54.99519],[-8.45607,54.99557],[-8.45845,54.99575],[-8.45789,54.996],[-8.45864,54.99649],[-8.45604,54.99684],[-8.45522,54.99641],[-8.45465,54.9966],[-8.45419,54.99639],[-8.45348,54.9969]],[[-8.45683,55.0488],[-8.45786,55.04853],[-8.45881,55.04878],[-8.45737,55.04915],[-8.45683,55.0488]],[[-8.45498,54.98332],[-8.45461,54.98298],[-8.45453,54.98332],[-8.45413,54.98329],[-8.45369,54.98249],[-8.45406,54.98238],[-8.4532,54.98221],[-8.45337,54.98171],[-8.45296,54.98182],[-8.45354,54.98088],[-8.45437,54.9813],[-8.45539,54.98136],[-8.45531,54.9817],[-8.45725,54.98292],[-8.45756,54.98345],[-8.45689,54.98355],[-8.45498,54.98332]],[[-8.45181,54.96107],[-8.45093,54.95934],[-8.45177,54.95945],[-8.45355,54.95895],[-8.45527,54.95912],[-8.45326,54.96014],[-8.45249,54.9612],[-8.45181,54.96107]],[[-8.45339,55.00375],[-8.45516,55.00364],[-8.45485,55.0046],[-8.45414,55.00456],[-8.45339,55.00375]],[[-8.44587,55.0098],[-8.44637,55.00916],[-8.44796,55.00891],[-8.44842,55.00843],[-8.45106,55.00817],[-8.45179,55.0078],[-8.45109,55.00752],[-8.45104,55.00683],[-8.45237,55.00655],[-8.45333,55.00733],[-8.4522,55.00773],[-8.45236,55.0082],[-8.45264,55.00835],[-8.45288,55.00801],[-8.45448,55.00786],[-8.45504,55.00823],[-8.4548,55.00886],[-8.45372,55.00897],[-8.4543,55.00959],[-8.45328,55.0098],[-8.45246,55.00958],[-8.45278,55.0109],[-8.45175,55.0112],[-8.45075,55.01096],[-8.45118,55.0104],[-8.45046,55.01035],[-8.45036,55.00983],[-8.44839,55.00966],[-8.4488,55.01032],[-8.44829,55.01064],[-8.44876,55.01099],[-8.44814,55.01136],[-8.44741,55.01133],[-8.44639,55.01106],[-8.44697,55.01033],[-8.44611,55.01022],[-8.44587,55.0098]],[[-8.45221,55.00412],[-8.45275,55.0039],[-8.45383,55.00517],[-8.45462,55.00531],[-8.45382,55.00586],[-8.45332,55.00573],[-8.45325,55.00517],[-8.45219,55.00472],[-8.45221,55.00412]],[[-8.45013,54.99193],[-8.45008,54.99156],[-8.449,54.99166],[-8.44787,54.99104],[-8.4472,54.99035],[-8.4481,54.99052],[-8.44817,54.99029],[-8.44658,54.98984],[-8.44649,54.98952],[-8.44581,54.98988],[-8.44378,54.98969],[-8.44179,54.98877],[-8.44397,54.98746],[-8.4446,54.9877],[-8.44528,54.98707],[-8.44593,54.98762],[-8.44567,54.98789],[-8.44702,54.98801],[-8.44682,54.98845],[-8.44781,54.98919],[-8.44766,54.98955],[-8.45012,54.98941],[-8.44981,54.98976],[-8.45032,54.99031],[-8.4494,54.99045],[-8.45149,54.9909],[-8.45281,54.9918],[-8.45192,54.99155],[-8.45163,54.99234],[-8.45114,54.99238],[-8.45013,54.99193]],[[-8.44776,54.78348],[-8.44804,54.78216],[-8.44912,54.78233],[-8.45039,54.78331],[-8.44972,54.78352],[-8.44989,54.78394],[-8.4492,54.78441],[-8.44801,54.78417],[-8.44776,54.78348]],[[-8.44986,54.99616],[-8.4511,54.99611],[-8.45078,54.99652],[-8.44982,54.99651],[-8.44986,54.99616]],[[-8.44749,54.99175],[-8.44686,54.99132],[-8.44615,54.99163],[-8.4453,54.99146],[-8.44365,54.99035],[-8.44527,54.9901],[-8.44649,54.99033],[-8.44673,54.99083],[-8.44767,54.99101],[-8.44749,54.99175]],[[-8.44501,55.00786],[-8.44523,55.00761],[-8.44716,55.00802],[-8.44605,55.00847],[-8.44501,55.00786]],[[-8.44001,54.61507],[-8.44099,54.61385],[-8.44088,54.61434],[-8.44001,54.61507]],[[-8.44247,54.98059],[-8.44273,54.98026],[-8.44388,54.98091],[-8.44302,54.98089],[-8.44247,54.98059]],[[-8.44297,54.97988],[-8.4425,54.97964],[-8.44306,54.97967],[-8.44377,54.98023],[-8.44297,54.97988]],[[-8.44095,54.97718],[-8.44169,54.97704],[-8.44263,54.97729],[-8.44323,54.97888],[-8.44291,54.97901],[-8.44095,54.97778],[-8.44095,54.97718]],[[-8.43571,54.61921],[-8.43692,54.61883],[-8.43558,54.61962],[-8.43571,54.61921]],[[-8.43618,54.97489],[-8.43661,54.97452],[-8.43847,54.97545],[-8.43798,54.97568],[-8.43695,54.97528],[-8.43618,54.97489]],[[-8.42952,55.05253],[-8.4295,55.05229],[-8.42931,55.05278],[-8.42889,55.05256],[-8.42792,55.05278],[-8.42859,55.05237],[-8.42777,55.05274],[-8.42683,55.05264],[-8.42672,55.05228],[-8.42744,55.05208],[-8.42763,55.05237],[-8.42748,55.05193],[-8.42666,55.05203],[-8.42677,55.05169],[-8.42582,55.05175],[-8.42641,55.05139],[-8.42543,55.05149],[-8.42582,55.05096],[-8.4255,55.0506],[-8.42427,55.05047],[-8.42307,55.04983],[-8.42337,55.04925],[-8.42153,55.04893],[-8.42064,55.04682],[-8.42082,55.04623],[-8.42028,55.04599],[-8.4202,55.04533],[-8.42067,55.04511],[-8.42018,55.04498],[-8.42037,55.04465],[-8.4193,55.04437],[-8.41938,55.04405],[-8.42054,55.04365],[-8.42069,55.04258],[-8.4182,55.04182],[-8.4182,55.04081],[-8.41637,55.03897],[-8.41612,55.03745],[-8.4166,55.03659],[-8.41575,55.03532],[-8.41535,55.03324],[-8.41479,55.03334],[-8.41446,55.03284],[-8.4156,55.03198],[-8.41554,55.03045],[-8.41353,55.02899],[-8.41126,55.02875],[-8.41029,55.02908],[-8.40891,55.02775],[-8.40858,55.0248],[-8.40948,55.02366],[-8.40874,55.0234],[-8.40845,55.02236],[-8.4076,55.02221],[-8.40959,55.02058],[-8.40933,55.01943],[-8.41068,55.01788],[-8.41002,55.01687],[-8.41041,55.01633],[-8.4105,55.01517],[-8.41002,55.01471],[-8.41045,55.01372],[-8.41201,55.01301],[-8.41351,55.01325],[-8.41446,55.01438],[-8.4161,55.01515],[-8.41686,55.01534],[-8.41724,55.01502],[-8.41843,55.01566],[-8.4187,55.0165],[-8.41946,55.01663],[-8.42051,55.01759],[-8.42077,55.01856],[-8.41992,55.01869],[-8.42027,55.01933],[-8.42301,55.01965],[-8.42296,55.02029],[-8.42407,55.02118],[-8.42375,55.02171],[-8.42127,55.02281],[-8.42165,55.02327],[-8.42136,55.02387],[-8.42184,55.02404],[-8.42245,55.02371],[-8.42156,55.02494],[-8.42225,55.025],[-8.42194,55.02561],[-8.42241,55.02592],[-8.42196,55.02635],[-8.42335,55.02597],[-8.42524,55.0259],[-8.42594,55.02613],[-8.42733,55.02579],[-8.42841,55.02589],[-8.42844,55.02619],[-8.42914,55.02616],[-8.42942,55.02648],[-8.43006,55.02559],[-8.43182,55.02542],[-8.43347,55.02574],[-8.43362,55.02608],[-8.43492,55.02594],[-8.43515,55.02623],[-8.43533,55.02582],[-8.43596,55.02602],[-8.43629,55.02584],[-8.4369,55.02716],[-8.43842,55.0275],[-8.43749,55.02832],[-8.43621,55.02831],[-8.43695,55.02892],[-8.43661,55.02949],[-8.4372,55.03012],[-8.43646,55.03002],[-8.43683,55.03057],[-8.43639,55.0307],[-8.43593,55.02966],[-8.43475,55.03037],[-8.43396,55.03032],[-8.43361,55.02999],[-8.43305,55.03018],[-8.43306,55.02859],[-8.43196,55.02736],[-8.43081,55.02785],[-8.42998,55.02763],[-8.42966,55.02829],[-8.43021,55.02905],[-8.42982,55.02938],[-8.42936,55.02895],[-8.42945,55.02944],[-8.42873,55.02949],[-8.42947,55.02966],[-8.42888,55.03018],[-8.42896,55.0308],[-8.42819,55.031],[-8.4283,55.03125],[-8.42719,55.03137],[-8.42717,55.03181],[-8.4262,55.03176],[-8.42544,55.03229],[-8.42499,55.03215],[-8.42357,55.03255],[-8.42362,55.03325],[-8.42229,55.03332],[-8.42275,55.03375],[-8.42187,55.03412],[-8.42111,55.0355],[-8.42121,55.0369],[-8.42274,55.03742],[-8.4239,55.0385],[-8.4242,55.03808],[-8.42511,55.03873],[-8.42434,55.04003],[-8.42654,55.04025],[-8.42623,55.04049],[-8.4276,55.04116],[-8.42777,55.04178],[-8.42723,55.04189],[-8.42685,55.0428],[-8.42746,55.0437],[-8.42794,55.04368],[-8.42814,55.04414],[-8.42776,55.04434],[-8.42947,55.04491],[-8.42975,55.04562],[-8.43176,55.04643],[-8.43052,55.04962],[-8.43151,55.0499],[-8.43065,55.05103],[-8.42994,55.05106],[-8.42994,55.05129],[-8.43157,55.05168],[-8.43208,55.05247],[-8.42943,55.05285],[-8.42952,55.05253]],[[-8.43508,54.97269],[-8.43244,54.96927],[-8.43234,54.96875],[-8.43312,54.96841],[-8.43372,54.96896],[-8.4337,54.96808],[-8.43465,54.96876],[-8.43436,54.96905],[-8.43493,54.97058],[-8.43565,54.97083],[-8.43618,54.97018],[-8.4376,54.97006],[-8.43674,54.97105],[-8.43668,54.97299],[-8.43617,54.9732],[-8.43508,54.97269]],[[-8.43519,54.93902],[-8.43509,54.93857],[-8.4363,54.93881],[-8.43604,54.93915],[-8.43519,54.93902]],[[-8.43414,55.05168],[-8.43413,55.0511],[-8.43522,55.05153],[-8.43533,55.052],[-8.43414,55.05168]],[[-8.43079,54.95312],[-8.43247,54.95251],[-8.43326,54.95303],[-8.43356,54.95286],[-8.43368,54.95318],[-8.43274,54.95401],[-8.43313,54.95479],[-8.43381,54.95499],[-8.43353,54.95533],[-8.43146,54.9548],[-8.43164,54.95428],[-8.43079,54.95312]],[[-8.43083,54.95112],[-8.43124,54.95056],[-8.43163,54.95117],[-8.43083,54.95112]],[[-8.42858,54.95196],[-8.42863,54.95153],[-8.4273,54.95174],[-8.42555,54.95114],[-8.42494,54.95152],[-8.42453,54.9514],[-8.42464,54.95095],[-8.4235,54.95125],[-8.42257,54.9512],[-8.42325,54.95087],[-8.42169,54.95084],[-8.42117,54.94986],[-8.42138,54.94959],[-8.42192,54.94963],[-8.42189,54.94907],[-8.42094,54.94883],[-8.42111,54.94836],[-8.42063,54.94803],[-8.42136,54.94775],[-8.42333,54.94789],[-8.4239,54.94753],[-8.42353,54.9473],[-8.42286,54.94754],[-8.42275,54.94701],[-8.42375,54.94695],[-8.42497,54.94617],[-8.42664,54.94669],[-8.42809,54.94796],[-8.42843,54.9479],[-8.42805,54.94751],[-8.42892,54.94747],[-8.4291,54.94716],[-8.42856,54.94682],[-8.42937,54.9468],[-8.42807,54.94563],[-8.42835,54.94545],[-8.43101,54.94655],[-8.43082,54.94673],[-8.43028,54.94655],[-8.43019,54.94742],[-8.43112,54.94684],[-8.43145,54.94704],[-8.4308,54.94836],[-8.43142,54.94893],[-8.43148,54.95022],[-8.43086,54.95035],[-8.43061,54.95004],[-8.43015,54.95057],[-8.42914,54.94976],[-8.42986,54.9509],[-8.42858,54.95196]],[[-8.43179,55.05447],[-8.43124,55.05401],[-8.43029,55.05416],[-8.43053,55.05397],[-8.42971,55.05347],[-8.43194,55.0537],[-8.43216,55.05442],[-8.43179,55.05447]],[[-8.42537,54.61693],[-8.42501,54.61615],[-8.42526,54.61655],[-8.42617,54.61661],[-8.42558,54.61708],[-8.42537,54.61693]],[[-8.4287,54.94442],[-8.42901,54.94386],[-8.42939,54.94427],[-8.4287,54.94442]],[[-8.42403,55.02308],[-8.42575,55.02299],[-8.42447,55.02469],[-8.42292,55.02547],[-8.42306,55.02423],[-8.42403,55.02308]],[[-8.42459,54.96534],[-8.42398,54.96467],[-8.42456,54.96477],[-8.42499,54.96563],[-8.42459,54.96534]],[[-8.42394,54.96789],[-8.42246,54.96723],[-8.42167,54.96728],[-8.42114,54.96653],[-8.42178,54.96629],[-8.42223,54.96662],[-8.42224,54.96449],[-8.42459,54.96711],[-8.42394,54.96789]],[[-8.41014,55.04531],[-8.40929,55.04368],[-8.40987,55.04359],[-8.40974,55.04336],[-8.41069,55.04332],[-8.41089,55.04289],[-8.41236,55.04285],[-8.41474,55.04366],[-8.41457,55.04472],[-8.41393,55.0451],[-8.41238,55.04479],[-8.41231,55.04556],[-8.41146,55.04482],[-8.41082,55.04568],[-8.41014,55.04531]],[[-8.40933,54.93808],[-8.41013,54.93803],[-8.41019,54.93853],[-8.40933,54.93808]],[[-8.40601,55.02102],[-8.40605,55.02044],[-8.40647,55.02045],[-8.40601,55.02102]],[[-8.40435,55.02615],[-8.40451,55.02576],[-8.40523,55.02585],[-8.40575,55.02642],[-8.40591,55.02688],[-8.4051,55.02691],[-8.40435,55.02615]],[[-8.39833,54.62768],[-8.39881,54.62719],[-8.39965,54.62728],[-8.40008,54.62705],[-8.39973,54.62799],[-8.39875,54.6286],[-8.39806,54.62842],[-8.39833,54.62768]],[[-8.39806,54.94774],[-8.3975,54.94706],[-8.39659,54.9477],[-8.39517,54.94764],[-8.39432,54.9473],[-8.39535,54.94622],[-8.39394,54.9454],[-8.39414,54.94505],[-8.39499,54.94477],[-8.39781,54.94569],[-8.39846,54.94622],[-8.39911,54.94609],[-8.39923,54.94645],[-8.39998,54.94637],[-8.40033,54.94693],[-8.39987,54.94655],[-8.39964,54.94672],[-8.40035,54.947],[-8.40047,54.94749],[-8.39936,54.94785],[-8.39806,54.94774]],[[-8.38941,55.0417],[-8.38928,55.04052],[-8.38992,55.04087],[-8.39019,55.04169],[-8.38971,55.04206],[-8.38941,55.0417]],[[-8.38124,55.06599],[-8.38057,55.06459],[-8.37973,55.06554],[-8.37973,55.06483],[-8.37928,55.06512],[-8.37888,55.06439],[-8.37824,55.06419],[-8.37853,55.06387],[-8.37802,55.0634],[-8.37901,55.06309],[-8.37841,55.063],[-8.37853,55.06259],[-8.37777,55.0628],[-8.37725,55.06257],[-8.3776,55.06222],[-8.37705,55.06107],[-8.37762,55.06081],[-8.37924,55.06098],[-8.37948,55.06139],[-8.38008,55.0612],[-8.38015,55.06142],[-8.38058,55.06109],[-8.38088,55.06164],[-8.38148,55.06095],[-8.38187,55.06098],[-8.38156,55.06163],[-8.3822,55.06143],[-8.38265,55.06241],[-8.38186,55.06281],[-8.38276,55.06286],[-8.38295,55.06315],[-8.38307,55.06292],[-8.38407,55.06284],[-8.38541,55.06317],[-8.38461,55.06351],[-8.38596,55.06421],[-8.38619,55.06499],[-8.38522,55.06577],[-8.383,55.06573],[-8.38275,55.0652],[-8.38267,55.06561],[-8.38238,55.06547],[-8.38181,55.06596],[-8.38124,55.06599]],[[-8.38296,55.06248],[-8.3828,55.0621],[-8.38402,55.0622],[-8.38296,55.06248]],[[-8.3814,55.08617],[-8.3816,55.08596],[-8.38358,55.08652],[-8.3836,55.08725],[-8.38282,55.08731],[-8.38208,55.08663],[-8.3814,55.08617]],[[-8.36672,55.09598],[-8.36499,55.09569],[-8.36403,55.09521],[-8.36396,55.09466],[-8.36174,55.09546],[-8.35887,55.09493],[-8.35904,55.0945],[-8.35776,55.09387],[-8.35697,55.09216],[-8.35748,55.09111],[-8.35613,55.09103],[-8.35845,55.09102],[-8.35861,55.09059],[-8.35816,55.08854],[-8.35723,55.08762],[-8.35671,55.08762],[-8.35648,55.08707],[-8.35685,55.08603],[-8.35615,55.0858],[-8.35615,55.08547],[-8.35372,55.08494],[-8.35239,55.08493],[-8.35158,55.08537],[-8.35129,55.08516],[-8.35049,55.08536],[-8.34952,55.08517],[-8.34911,55.08424],[-8.3529,55.08429],[-8.35409,55.08367],[-8.35584,55.08193],[-8.35842,55.08221],[-8.36031,55.08106],[-8.36148,55.08211],[-8.36083,55.08244],[-8.36169,55.08266],[-8.36259,55.08373],[-8.36354,55.08352],[-8.36323,55.08315],[-8.36615,55.08334],[-8.36722,55.08522],[-8.36852,55.08516],[-8.36866,55.08552],[-8.36953,55.08519],[-8.37018,55.08469],[-8.37004,55.08384],[-8.37069,55.08368],[-8.37513,55.08405],[-8.37789,55.08494],[-8.37866,55.08493],[-8.37906,55.08543],[-8.37876,55.0856],[-8.38016,55.08713],[-8.37973,55.08764],[-8.37783,55.08794],[-8.37759,55.08751],[-8.37734,55.08779],[-8.37607,55.08787],[-8.37408,55.08763],[-8.37344,55.08793],[-8.37272,55.08739],[-8.37176,55.08721],[-8.37283,55.08847],[-8.37137,55.08901],[-8.37026,55.08872],[-8.36989,55.08997],[-8.37255,55.09],[-8.37291,55.09041],[-8.37283,55.08996],[-8.37486,55.09036],[-8.37578,55.09],[-8.37749,55.09006],[-8.37778,55.09051],[-8.37805,55.09015],[-8.37877,55.09094],[-8.37929,55.09065],[-8.38027,55.09113],[-8.38036,55.09201],[-8.37975,55.09196],[-8.37986,55.09243],[-8.37908,55.09297],[-8.37851,55.09228],[-8.37771,55.09242],[-8.37823,55.09308],[-8.37751,55.09305],[-8.37811,55.09342],[-8.37723,55.0944],[-8.37643,55.09441],[-8.37573,55.09349],[-8.37517,55.09341],[-8.37557,55.09443],[-8.37431,55.09444],[-8.37359,55.0941],[-8.37386,55.09476],[-8.37289,55.09592],[-8.3712,55.09576],[-8.37098,55.09519],[-8.37059,55.09536],[-8.3703,55.09512],[-8.37059,55.09441],[-8.37022,55.09435],[-8.36985,55.09451],[-8.36998,55.09546],[-8.36957,55.09584],[-8.36855,55.09591],[-8.36606,55.09575],[-8.36672,55.09598]],[[-8.3685,55.07903],[-8.3693,55.07872],[-8.37073,55.07911],[-8.37044,55.0802],[-8.36996,55.08016],[-8.36855,55.07991],[-8.3685,55.07903]],[[-8.36595,55.10434],[-8.36526,55.10207],[-8.36311,55.1016],[-8.36245,55.10092],[-8.36496,55.10105],[-8.36535,55.10084],[-8.36935,55.10146],[-8.36855,55.10189],[-8.36927,55.10224],[-8.36863,55.10251],[-8.37007,55.10311],[-8.37009,55.10347],[-8.3693,55.10349],[-8.36827,55.10297],[-8.36698,55.10405],[-8.36724,55.1045],[-8.36595,55.10434]],[[-8.36544,55.099],[-8.36507,55.09844],[-8.36628,55.09868],[-8.36589,55.0988],[-8.36676,55.09922],[-8.36641,55.09934],[-8.36544,55.099]],[[-8.36181,55.07808],[-8.36329,55.07752],[-8.365,55.07838],[-8.36496,55.07943],[-8.36392,55.07983],[-8.36239,55.07959],[-8.36181,55.07867],[-8.36181,55.07808]],[[-8.36307,55.10322],[-8.36283,55.10188],[-8.3647,55.10352],[-8.3645,55.10374],[-8.36393,55.1036],[-8.36307,55.10322]],[[-8.35177,55.0602],[-8.35225,55.05973],[-8.35246,55.06049],[-8.35177,55.0602]],[[-8.34993,55.05938],[-8.35016,55.05921],[-8.35152,55.05953],[-8.35155,55.06013],[-8.34993,55.05938]],[[-8.34825,55.12428],[-8.34821,55.12381],[-8.34933,55.124],[-8.34923,55.12423],[-8.34825,55.12428]],[[-8.34363,55.12362],[-8.34342,55.12281],[-8.34228,55.12316],[-8.34087,55.12263],[-8.34092,55.12318],[-8.34054,55.12315],[-8.34037,55.12214],[-8.33982,55.12297],[-8.33823,55.12237],[-8.3368,55.121],[-8.33596,55.12073],[-8.33648,55.12062],[-8.33592,55.11991],[-8.33505,55.11968],[-8.33317,55.11835],[-8.33284,55.11728],[-8.3296,55.11697],[-8.32795,55.11635],[-8.32748,55.11532],[-8.32832,55.11431],[-8.32953,55.11394],[-8.33199,55.11461],[-8.33492,55.11488],[-8.33586,55.11551],[-8.33621,55.11662],[-8.3372,55.11761],[-8.33931,55.11837],[-8.33819,55.1189],[-8.3384,55.11965],[-8.34038,55.12021],[-8.34166,55.12008],[-8.34169,55.12106],[-8.34289,55.12106],[-8.34359,55.12141],[-8.3445,55.1211],[-8.34572,55.1212],[-8.34748,55.12231],[-8.3474,55.12212],[-8.34796,55.12215],[-8.34877,55.1225],[-8.3491,55.12316],[-8.34829,55.12369],[-8.34772,55.12369],[-8.34766,55.1233],[-8.34748,55.12372],[-8.34559,55.12378],[-8.34363,55.12362]],[[-8.34432,55.12487],[-8.34395,55.12428],[-8.34439,55.12401],[-8.34765,55.12386],[-8.34746,55.12445],[-8.34614,55.12468],[-8.34584,55.12445],[-8.34512,55.12492],[-8.34432,55.12487]],[[-8.34529,55.05507],[-8.34499,55.05457],[-8.34638,55.05527],[-8.34529,55.05507]],[[-8.34185,55.0729],[-8.34267,55.07271],[-8.34394,55.07344],[-8.34437,55.07413],[-8.34366,55.07447],[-8.34268,55.07405],[-8.3418,55.07379],[-8.34185,55.0729]],[[-8.33991,55.10845],[-8.33988,55.10805],[-8.33877,55.10834],[-8.33829,55.10766],[-8.33696,55.10744],[-8.33585,55.10816],[-8.33554,55.10792],[-8.33494,55.10804],[-8.33474,55.10846],[-8.33355,55.10834],[-8.33325,55.1079],[-8.33248,55.1078],[-8.33245,55.10658],[-8.33172,55.10601],[-8.33145,55.10474],[-8.33079,55.1045],[-8.33138,55.10297],[-8.33476,55.10248],[-8.33541,55.10215],[-8.33595,55.10147],[-8.33564,55.10085],[-8.33625,55.10021],[-8.33849,55.10017],[-8.34063,55.10114],[-8.34176,55.10088],[-8.34316,55.10147],[-8.34252,55.10168],[-8.34234,55.10216],[-8.34392,55.10463],[-8.34316,55.10505],[-8.34284,55.10586],[-8.34057,55.10575],[-8.34134,55.10819],[-8.34036,55.10858],[-8.33991,55.10845]],[[-8.33838,55.07691],[-8.33807,55.07661],[-8.33737,55.0768],[-8.33578,55.07604],[-8.33405,55.07663],[-8.33322,55.07637],[-8.33348,55.07505],[-8.33219,55.07258],[-8.33294,55.07203],[-8.33603,55.07214],[-8.33682,55.07173],[-8.33793,55.07202],[-8.33867,55.07187],[-8.33757,55.0723],[-8.33859,55.07253],[-8.3396,55.07322],[-8.33954,55.07361],[-8.33904,55.07367],[-8.33942,55.07422],[-8.33897,55.07464],[-8.33925,55.07495],[-8.341,55.07532],[-8.34013,55.07577],[-8.34154,55.07645],[-8.34109,55.07689],[-8.33838,55.07691]],[[-8.33616,55.07907],[-8.33723,55.07897],[-8.33816,55.07937],[-8.3384,55.07989],[-8.33737,55.07998],[-8.33768,55.08046],[-8.33671,55.08048],[-8.33648,55.07997],[-8.33586,55.07939],[-8.33616,55.07907]],[[-8.33028,54.87728],[-8.33129,54.87667],[-8.33162,54.87681],[-8.3311,54.87741],[-8.33134,54.87774],[-8.3307,54.87784],[-8.33028,54.87728]],[[-8.24223,55.27449],[-8.2412,55.27419],[-8.24123,55.27351],[-8.23985,55.27457],[-8.23882,55.27474],[-8.23964,55.2738],[-8.24102,55.2731],[-8.24017,55.27346],[-8.24089,55.27292],[-8.24048,55.27277],[-8.2389,55.27388],[-8.2369,55.27434],[-8.235,55.27441],[-8.23654,55.2736],[-8.23526,55.27378],[-8.23621,55.27286],[-8.23586,55.27296],[-8.23588,55.27267],[-8.23679,55.27217],[-8.2365,55.27156],[-8.23796,55.27044],[-8.23646,55.27023],[-8.23399,55.27082],[-8.23339,55.27055],[-8.23411,55.27015],[-8.23256,55.27076],[-8.23076,55.2701],[-8.22986,55.27024],[-8.22993,55.26972],[-8.22807,55.26936],[-8.22914,55.2677],[-8.22858,55.26812],[-8.22816,55.2679],[-8.22782,55.26802],[-8.22827,55.26806],[-8.2284,55.2685],[-8.22774,55.26908],[-8.22698,55.26893],[-8.22641,55.26914],[-8.22578,55.26885],[-8.22609,55.26803],[-8.22564,55.26803],[-8.22517,55.26903],[-8.22455,55.26878],[-8.22494,55.26914],[-8.22436,55.27024],[-8.22332,55.27065],[-8.22185,55.26998],[-8.22321,55.26855],[-8.22138,55.26958],[-8.22024,55.26955],[-8.22043,55.26891],[-8.2229,55.26735],[-8.22099,55.26793],[-8.21802,55.26795],[-8.2176,55.26676],[-8.21804,55.2663],[-8.21756,55.26588],[-8.21776,55.2655],[-8.21707,55.26529],[-8.21757,55.26489],[-8.21679,55.26446],[-8.21619,55.26453],[-8.21432,55.26324],[-8.21292,55.26484],[-8.21139,55.26426],[-8.21051,55.2643],[-8.21034,55.26391],[-8.21121,55.26256],[-8.20959,55.26287],[-8.20998,55.2626],[-8.20854,55.26244],[-8.20765,55.26156],[-8.20714,55.26169],[-8.20678,55.26142],[-8.20715,55.26054],[-8.20683,55.25998],[-8.20735,55.25955],[-8.20501,55.25938],[-8.20501,55.26011],[-8.20312,55.25994],[-8.20124,55.26045],[-8.19966,55.26012],[-8.19848,55.25933],[-8.19755,55.25763],[-8.19618,55.25772],[-8.19531,55.25724],[-8.1955,55.25821],[-8.19491,55.25921],[-8.19608,55.26033],[-8.19426,55.26096],[-8.19483,55.2618],[-8.19367,55.26251],[-8.19275,55.26221],[-8.19222,55.26103],[-8.19157,55.26102],[-8.19058,55.26413],[-8.19162,55.26045],[-8.19312,55.26077],[-8.19248,55.25963],[-8.19405,55.25934],[-8.1928,55.25834],[-8.19244,55.25847],[-8.19198,55.25734],[-8.193,55.25709],[-8.19299,55.25626],[-8.19364,55.25631],[-8.19421,55.25679],[-8.19481,55.25668],[-8.19547,55.25571],[-8.19427,55.25551],[-8.19376,55.25471],[-8.19567,55.25397],[-8.19843,55.25365],[-8.19905,55.2542],[-8.20005,55.25417],[-8.20134,55.25348],[-8.20245,55.25333],[-8.20571,55.25376],[-8.20651,55.25338],[-8.20803,55.25328],[-8.21169,55.25354],[-8.21337,55.25398],[-8.21434,55.2544],[-8.21393,55.25479],[-8.21499,55.25514],[-8.21355,55.25644],[-8.21518,55.25578],[-8.21629,55.25575],[-8.21629,55.25627],[-8.21755,55.25693],[-8.21831,55.25845],[-8.21784,55.25953],[-8.21845,55.25941],[-8.21811,55.25975],[-8.21908,55.25958],[-8.21834,55.26011],[-8.21962,55.2602],[-8.22106,55.26152],[-8.22074,55.26206],[-8.22227,55.2626],[-8.22224,55.26311],[-8.22261,55.26294],[-8.22379,55.2632],[-8.22595,55.26489],[-8.22686,55.26458],[-8.2266,55.26311],[-8.22589,55.26307],[-8.22682,55.26305],[-8.22697,55.26452],[-8.22815,55.26422],[-8.22943,55.26309],[-8.22977,55.26193],[-8.23212,55.26127],[-8.23504,55.26156],[-8.23619,55.26308],[-8.23957,55.26305],[-8.24125,55.26353],[-8.24535,55.26354],[-8.24774,55.2639],[-8.25092,55.26598],[-8.25172,55.26779],[-8.25114,55.27072],[-8.25048,55.27113],[-8.2514,55.27304],[-8.24795,55.27503],[-8.24838,55.27427],[-8.24793,55.27468],[-8.24818,55.27427],[-8.24668,55.27454],[-8.24748,55.27401],[-8.2463,55.27436],[-8.24651,55.27393],[-8.24572,55.27447],[-8.2462,55.27345],[-8.24517,55.27435],[-8.24555,55.27364],[-8.24353,55.27486],[-8.24314,55.27446],[-8.24241,55.2752],[-8.24201,55.27503],[-8.24223,55.27449]],[[-8.19252,55.26301],[-8.19279,55.26248],[-8.19351,55.26267],[-8.19303,55.26362],[-8.19252,55.26301]],[[-8.17795,55.18335],[-8.17656,55.18175],[-8.17825,55.18026],[-8.17772,55.17901],[-8.17654,55.17823],[-8.17397,55.1774],[-8.17092,55.17726],[-8.17,55.17753],[-8.16725,55.17946],[-8.16762,55.17893],[-8.16729,55.17832],[-8.16683,55.17819],[-8.16624,55.17848],[-8.16619,55.17805],[-8.16558,55.17833],[-8.16526,55.17803],[-8.16558,55.1777],[-8.16464,55.17766],[-8.16419,55.17702],[-8.16383,55.17722],[-8.16345,55.17578],[-8.16296,55.17586],[-8.16231,55.17529],[-8.16298,55.17338],[-8.16499,55.17062],[-8.16469,55.1696],[-8.16643,55.17],[-8.16787,55.16923],[-8.17145,55.16828],[-8.17375,55.16837],[-8.17636,55.16976],[-8.17771,55.17003],[-8.17795,55.17088],[-8.1788,55.17082],[-8.17812,55.17196],[-8.17796,55.1736],[-8.17645,55.17453],[-8.1763,55.17487],[-8.17703,55.17468],[-8.17604,55.17541],[-8.17657,55.17648],[-8.17825,55.17699],[-8.18106,55.17696],[-8.18394,55.17766],[-8.186,55.17764],[-8.18623,55.17825],[-8.18572,55.17898],[-8.18417,55.17953],[-8.18166,55.17984],[-8.18224,55.18007],[-8.18215,55.18055],[-8.18356,55.18045],[-8.18272,55.18078],[-8.18337,55.18084],[-8.18356,55.18131],[-8.18246,55.18187],[-8.18368,55.18179],[-8.18335,55.18203],[-8.18525,55.18223],[-8.18453,55.18377],[-8.18283,55.18429],[-8.18032,55.1845],[-8.17917,55.18444],[-8.1779,55.1838],[-8.17795,55.18335]],[[-8.17036,55.19251],[-8.17041,55.19191],[-8.17185,55.19247],[-8.17104,55.19287],[-8.17036,55.19251]],[[-8.16309,55.19685],[-8.16263,55.19671],[-8.16228,55.19678],[-8.16199,55.19626],[-8.16368,55.19564],[-8.16144,55.19612],[-8.16153,55.19558],[-8.16107,55.19564],[-8.16172,55.19514],[-8.16109,55.19492],[-8.16118,55.19448],[-8.16233,55.19404],[-8.16161,55.19364],[-8.16076,55.19406],[-8.16,55.19336],[-8.16028,55.19096],[-8.16201,55.18859],[-8.16187,55.18829],[-8.16019,55.18847],[-8.16009,55.18775],[-8.16163,55.18659],[-8.16342,55.18693],[-8.16318,55.18723],[-8.16368,55.18773],[-8.16493,55.18831],[-8.16461,55.18926],[-8.16501,55.19023],[-8.16715,55.19077],[-8.16845,55.19243],[-8.16802,55.19557],[-8.16677,55.19618],[-8.16624,55.19606],[-8.16309,55.19685]],[[-8.16043,55.20571],[-8.1605,55.20515],[-8.15986,55.20533],[-8.15948,55.20513],[-8.16012,55.20286],[-8.16206,55.20197],[-8.16275,55.20212],[-8.16322,55.20192],[-8.16432,55.20236],[-8.16412,55.20309],[-8.16461,55.20406],[-8.16356,55.20512],[-8.16145,55.20576],[-8.16043,55.20571]],[[-8.15596,55.13708],[-8.15641,55.13679],[-8.15692,55.13715],[-8.15596,55.13708]],[[-8.14202,54.62256],[-8.1444,54.62204],[-8.14518,54.62222],[-8.14587,54.62303],[-8.14419,54.62345],[-8.14232,54.62448],[-8.14095,54.62583],[-8.14015,54.62591],[-8.13901,54.62553],[-8.13932,54.62489],[-8.13725,54.62444],[-8.13555,54.6237],[-8.13641,54.62311],[-8.13804,54.62264],[-8.14202,54.62256]],[[-8.13877,54.63746],[-8.13831,54.63699],[-8.13799,54.63728],[-8.1383,54.63653],[-8.14107,54.63558],[-8.14258,54.63635],[-8.14287,54.63736],[-8.14193,54.63805],[-8.14006,54.63868],[-8.13657,54.64018],[-8.13306,54.64033],[-8.13443,54.63917],[-8.13833,54.63796],[-8.13877,54.63746]],[[-8.14006,54.61884],[-8.13929,54.6185],[-8.13613,54.61873],[-8.13657,54.61834],[-8.1362,54.61782],[-8.1415,54.61614],[-8.14257,54.61792],[-8.14101,54.61873],[-8.14006,54.61884]],[[-8.13932,54.60851],[-8.13754,54.60658],[-8.13889,54.60732],[-8.14017,54.60789],[-8.13932,54.60851]],[[-8.13837,55.12058],[-8.13815,55.12028],[-8.13868,55.11981],[-8.13837,55.12058]],[[-8.13681,55.12936],[-8.13791,55.12925],[-8.13659,55.1299],[-8.13629,55.12967],[-8.13681,55.12936]],[[-8.12971,55.14277],[-8.13106,55.14223],[-8.13186,55.1424],[-8.13235,55.14218],[-8.13299,55.14244],[-8.13332,55.14247],[-8.13274,55.14311],[-8.13309,55.14505],[-8.1323,55.14552],[-8.13103,55.1448],[-8.12971,55.14277]],[[-7.90684,55.19186],[-7.90761,55.19091],[-7.90784,55.19156],[-7.90684,55.19186]],[[-7.89515,55.18198],[-7.89616,55.18144],[-7.89609,55.1821],[-7.89571,55.18213],[-7.89515,55.18198]],[[-7.88829,55.14123],[-7.88887,55.14096],[-7.89039,55.14115],[-7.88849,55.14147],[-7.88829,55.14123]],[[-7.88424,55.14166],[-7.88566,55.14026],[-7.88671,55.14081],[-7.88695,55.14187],[-7.88482,55.14264],[-7.88424,55.14166]],[[-7.8744,55.17634],[-7.87383,55.17525],[-7.87383,55.17625],[-7.87237,55.17584],[-7.87317,55.17548],[-7.87344,55.17461],[-7.87318,55.17373],[-7.8721,55.17332],[-7.87321,55.17283],[-7.87482,55.1728],[-7.87495,55.173],[-7.87598,55.17262],[-7.87573,55.17335],[-7.8781,55.17606],[-7.87691,55.17625],[-7.87613,55.17538],[-7.87574,55.17548],[-7.87596,55.1762],[-7.87512,55.17629],[-7.87512,55.17603],[-7.8744,55.17634]],[[-7.86963,55.1739],[-7.87108,55.17354],[-7.87135,55.174],[-7.87031,55.17415],[-7.86963,55.1739]],[[-7.87006,55.22134],[-7.87092,55.22104],[-7.87082,55.22148],[-7.87006,55.22134]],[[-7.86872,55.21509],[-7.86828,55.21418],[-7.86871,55.21432],[-7.86872,55.21509]],[[-7.85832,55.13422],[-7.85834,55.13353],[-7.85907,55.13377],[-7.85832,55.13422]],[[-7.84646,55.23235],[-7.84625,55.23211],[-7.84603,55.23228],[-7.84615,55.23181],[-7.84699,55.23121],[-7.84724,55.23158],[-7.84676,55.2316],[-7.84683,55.23191],[-7.84654,55.23175],[-7.8465,55.23213],[-7.8463,55.2319],[-7.84646,55.23235]],[[-7.83826,55.23711],[-7.8376,55.23686],[-7.83627,55.23705],[-7.83741,55.23642],[-7.83761,55.23677],[-7.8381,55.23623],[-7.83959,55.23631],[-7.83921,55.23688],[-7.83826,55.23711]],[[-7.838,55.23721],[-7.83939,55.23714],[-7.83777,55.2374],[-7.838,55.23721]],[[-7.83789,55.23578],[-7.83916,55.23559],[-7.83929,55.2358],[-7.83794,55.23608],[-7.83789,55.23578]],[[-7.83771,55.23629],[-7.83793,55.23627],[-7.83768,55.23635],[-7.83771,55.23629]],[[-7.81196,55.24726],[-7.81161,55.24682],[-7.81248,55.2472],[-7.81231,55.24747],[-7.81196,55.24726]],[[-7.81186,55.24759],[-7.8114,55.24698],[-7.81218,55.24751],[-7.81186,55.24759]],[[-7.81128,55.24745],[-7.81106,55.24684],[-7.81147,55.24756],[-7.81128,55.24745]],[[-7.80893,55.24649],[-7.8092,55.24602],[-7.80985,55.24611],[-7.81084,55.24686],[-7.81067,55.24718],[-7.80893,55.24649]],[[-7.80935,55.24542],[-7.81,55.2454],[-7.81072,55.24596],[-7.81021,55.24617],[-7.8092,55.24594],[-7.80935,55.24542]],[[-7.80739,55.24017],[-7.80836,55.2398],[-7.80889,55.24016],[-7.80842,55.24036],[-7.80739,55.24017]],[[-7.79943,55.18821],[-7.79922,55.18793],[-7.80135,55.18804],[-7.80029,55.18823],[-7.79943,55.18821]],[[-7.78664,55.19337],[-7.78522,55.19274],[-7.78379,55.19291],[-7.78331,55.19232],[-7.78354,55.19055],[-7.78603,55.18833],[-7.788,55.18787],[-7.79035,55.188],[-7.79255,55.18722],[-7.7943,55.18737],[-7.7952,55.18673],[-7.79631,55.18682],[-7.79641,55.18763],[-7.79823,55.18845],[-7.79849,55.18893],[-7.79899,55.18892],[-7.79939,55.18956],[-7.80003,55.18964],[-7.79706,55.1914],[-7.79605,55.1916],[-7.79373,55.19154],[-7.79264,55.18962],[-7.79083,55.19049],[-7.79012,55.19045],[-7.79032,55.19017],[-7.78895,55.19019],[-7.78663,55.19078],[-7.78701,55.19117],[-7.78662,55.19193],[-7.78783,55.19185],[-7.78908,55.19089],[-7.78969,55.19138],[-7.78958,55.19255],[-7.78915,55.19228],[-7.78786,55.19315],[-7.78884,55.19349],[-7.7897,55.1948],[-7.7893,55.19553],[-7.78823,55.19525],[-7.78703,55.19443],[-7.78664,55.19337]],[[-7.79679,55.19792],[-7.79496,55.19669],[-7.79604,55.19679],[-7.79583,55.19587],[-7.79696,55.19559],[-7.79928,55.19645],[-7.79956,55.19703],[-7.7992,55.19786],[-7.79797,55.19781],[-7.79717,55.19814],[-7.79679,55.19792]],[[-7.79006,55.19842],[-7.79046,55.19814],[-7.7915,55.19831],[-7.79283,55.19798],[-7.79282,55.19853],[-7.79122,55.19937],[-7.79006,55.19842]],[[-7.79183,55.19376],[-7.79138,55.1931],[-7.79204,55.19349],[-7.79186,55.19457],[-7.79104,55.19416],[-7.79183,55.19376]],[[-7.78213,55.25147],[-7.78306,55.25117],[-7.78317,55.25159],[-7.78166,55.25285],[-7.78127,55.25233],[-7.78213,55.25147]],[[-7.75863,55.24785],[-7.758,55.24717],[-7.75825,55.24579],[-7.75893,55.24574],[-7.75922,55.24494],[-7.75964,55.24486],[-7.761,55.24559],[-7.76113,55.24603],[-7.76205,55.2455],[-7.76272,55.24622],[-7.76257,55.24645],[-7.76167,55.24636],[-7.76199,55.24664],[-7.76104,55.24706],[-7.76144,55.24728],[-7.76102,55.24733],[-7.76094,55.24778],[-7.7601,55.24759],[-7.76084,55.24796],[-7.76028,55.24784],[-7.76065,55.24804],[-7.76009,55.24817],[-7.75863,55.24785]],[[-7.71927,55.22014],[-7.72012,55.21942],[-7.7199,55.21997],[-7.71927,55.22014]],[[-7.71986,55.19664],[-7.71964,55.19619],[-7.71996,55.19635],[-7.71986,55.19664]],[[-7.7185,55.19517],[-7.71895,55.19483],[-7.71955,55.1952],[-7.71891,55.19566],[-7.7185,55.19517]],[[-7.71455,55.21179],[-7.71504,55.21125],[-7.71559,55.21177],[-7.71501,55.21195],[-7.71455,55.21179]],[[-7.71073,55.20714],[-7.71112,55.20636],[-7.71182,55.20646],[-7.71073,55.20714]],[[-7.70511,55.21172],[-7.70604,55.21131],[-7.70755,55.21136],[-7.70857,55.21211],[-7.70917,55.21324],[-7.70988,55.21332],[-7.71012,55.2142],[-7.70974,55.21452],[-7.70875,55.2146],[-7.70462,55.2129],[-7.70511,55.21172]],[[-7.70871,55.17486],[-7.70951,55.17418],[-7.70994,55.17439],[-7.7098,55.17513],[-7.70871,55.17486]],[[-7.7062,55.22251],[-7.70547,55.22199],[-7.7087,55.22211],[-7.70785,55.22222],[-7.70773,55.2225],[-7.7062,55.22251]],[[-7.70495,55.21933],[-7.70531,55.21893],[-7.70534,55.21972],[-7.70495,55.21933]],[[-7.70413,55.22303],[-7.70385,55.2229],[-7.70337,55.22293],[-7.70368,55.22256],[-7.70425,55.22274],[-7.70413,55.22303]],[[-7.70238,55.11074],[-7.70442,55.10997],[-7.70369,55.1115],[-7.70296,55.11166],[-7.7021,55.11138],[-7.70238,55.11074]],[[-7.7019,55.22318],[-7.7021,55.22275],[-7.70268,55.22303],[-7.70232,55.22341],[-7.7019,55.22318]],[[-7.69982,55.11981],[-7.6998,55.11941],[-7.7007,55.11944],[-7.70204,55.11889],[-7.70167,55.1183],[-7.70271,55.11835],[-7.70178,55.11947],[-7.69982,55.11981]],[[-7.70004,55.12503],[-7.7007,55.12367],[-7.70044,55.12482],[-7.70004,55.12503]],[[-7.69895,55.12605],[-7.69917,55.12572],[-7.69914,55.12631],[-7.69895,55.12605]],[[-7.69865,55.1093],[-7.69776,55.10865],[-7.69853,55.10888],[-7.69865,55.1093]],[[-7.69814,55.12577],[-7.69777,55.12499],[-7.69821,55.12538],[-7.69814,55.12577]],[[-7.69652,55.11884],[-7.69724,55.1185],[-7.69763,55.11932],[-7.69693,55.11995],[-7.69619,55.11954],[-7.69652,55.11884]],[[-7.6934,55.13612],[-7.69489,55.13581],[-7.69334,55.1368],[-7.69293,55.13637],[-7.6934,55.13612]],[[-7.69326,55.13412],[-7.69387,55.13392],[-7.69424,55.13493],[-7.69281,55.13546],[-7.69365,55.13432],[-7.69326,55.13412]],[[-7.69352,55.12133],[-7.69398,55.12071],[-7.694,55.12101],[-7.69352,55.12133]],[[-7.68975,55.12201],[-7.69027,55.12182],[-7.69152,55.12201],[-7.69274,55.12169],[-7.6925,55.12237],[-7.69146,55.12241],[-7.69004,55.12242],[-7.69032,55.12215],[-7.68975,55.12201]],[[-7.69098,55.11943],[-7.69103,55.11894],[-7.69229,55.11947],[-7.69143,55.11946],[-7.69098,55.11943]],[[-7.68962,55.12322],[-7.69059,55.12284],[-7.68974,55.12386],[-7.68924,55.12386],[-7.68962,55.12322]],[[-7.68607,55.12196],[-7.6881,55.12081],[-7.68887,55.12108],[-7.6891,55.12172],[-7.68628,55.12337],[-7.68593,55.12315],[-7.68607,55.12196]],[[-7.68097,55.12895],[-7.68096,55.12873],[-7.68185,55.12887],[-7.68063,55.12978],[-7.68097,55.12895]],[[-7.62279,55.0497],[-7.62314,55.04948],[-7.62376,55.04972],[-7.62336,55.05005],[-7.62279,55.0497]],[[-7.61925,55.25786],[-7.61963,55.25699],[-7.62008,55.25784],[-7.61925,55.25786]],[[-7.62107,55.04841],[-7.62055,55.04819],[-7.62151,55.04839],[-7.62126,55.04914],[-7.62107,55.04841]],[[-7.61857,55.04846],[-7.61924,55.048],[-7.61954,55.04875],[-7.61873,55.04908],[-7.61857,55.04846]],[[-7.61462,55.24631],[-7.61472,55.24613],[-7.61438,55.24623],[-7.61503,55.2457],[-7.61568,55.24562],[-7.61586,55.24577],[-7.61462,55.24631]],[[-7.61485,55.24736],[-7.61482,55.24688],[-7.61517,55.24687],[-7.61524,55.24709],[-7.61543,55.24689],[-7.61519,55.24739],[-7.61474,55.24743],[-7.61485,55.24736]],[[-7.59909,55.04833],[-7.6007,55.04803],[-7.60187,55.04869],[-7.60067,55.05216],[-7.59957,55.0537],[-7.59615,55.05619],[-7.59462,55.05614],[-7.59328,55.05539],[-7.59373,55.05333],[-7.59544,55.05088],[-7.59909,55.04833]],[[-7.51252,55.29001],[-7.51173,55.28888],[-7.51313,55.28883],[-7.51325,55.28954],[-7.5138,55.2893],[-7.51405,55.28964],[-7.51252,55.29001]],[[-7.40002,55.37759],[-7.3997,55.37721],[-7.40065,55.37731],[-7.40002,55.37759]],[[-7.39766,55.3187],[-7.39841,55.31806],[-7.40051,55.31864],[-7.40075,55.31924],[-7.39981,55.32025],[-7.39838,55.3199],[-7.39766,55.3187]],[[-7.3955,55.37835],[-7.39454,55.37797],[-7.39944,55.37831],[-7.39814,55.37833],[-7.39675,55.37876],[-7.3955,55.37835]],[[-7.3926,55.37848],[-7.39374,55.37812],[-7.39497,55.37835],[-7.39546,55.3787],[-7.39449,55.37896],[-7.3926,55.37848]],[[-7.36814,55.38317],[-7.36821,55.38284],[-7.36881,55.38264],[-7.37534,55.38318],[-7.3732,55.38367],[-7.37198,55.38314],[-7.37268,55.3838],[-7.37174,55.38403],[-7.36814,55.38317]],[[-7.3525,55.33552],[-7.35259,55.33505],[-7.35334,55.33529],[-7.35421,55.33492],[-7.35463,55.33526],[-7.35364,55.33544],[-7.35426,55.33559],[-7.3536,55.33602],[-7.3525,55.33552]],[[-7.32581,55.37602],[-7.32646,55.3759],[-7.32732,55.37624],[-7.32767,55.37663],[-7.32726,55.37676],[-7.32607,55.37644],[-7.32581,55.37602]],[[-7.32078,55.37294],[-7.32095,55.3724],[-7.32151,55.3728],[-7.32124,55.37308],[-7.32078,55.37294]],[[-7.31374,55.38665],[-7.3127,55.38644],[-7.31209,55.38664],[-7.31155,55.38623],[-7.31303,55.38598],[-7.31357,55.38613],[-7.31347,55.38645],[-7.31448,55.38636],[-7.31508,55.38666],[-7.31418,55.38698],[-7.31374,55.38665]],[[-7.31233,55.38443],[-7.31405,55.38277],[-7.315,55.38311],[-7.31473,55.38405],[-7.31233,55.38443]],[[-7.3123,55.39131],[-7.31323,55.39125],[-7.31277,55.39158],[-7.31207,55.39154],[-7.3123,55.39131]],[[-7.30981,55.38806],[-7.31109,55.38763],[-7.31187,55.38796],[-7.30958,55.3886],[-7.30981,55.38806]],[[-7.28158,55.36839],[-7.28267,55.36821],[-7.28303,55.36908],[-7.28225,55.37005],[-7.28122,55.36921],[-7.28075,55.36905],[-7.28122,55.36904],[-7.28158,55.36839]],[[-7.27674,55.3665],[-7.27686,55.36614],[-7.27791,55.36624],[-7.27719,55.3669],[-7.27662,55.36695],[-7.27674,55.3665]],[[-7.25237,55.44658],[-7.25363,55.4458],[-7.25398,55.44582],[-7.25358,55.44636],[-7.25237,55.44658]],[[-7.23569,55.4351],[-7.23622,55.43431],[-7.23474,55.43466],[-7.23538,55.43378],[-7.23398,55.43398],[-7.23341,55.43377],[-7.23664,55.43223],[-7.23605,55.43179],[-7.2346,55.43254],[-7.23475,55.43218],[-7.23014,55.43286],[-7.22787,55.43287],[-7.22812,55.433],[-7.22645,55.4334],[-7.22472,55.43329],[-7.22258,55.4336],[-7.22188,55.43301],[-7.22492,55.43261],[-7.22482,55.43213],[-7.22682,55.43108],[-7.22833,55.43125],[-7.23035,55.43089],[-7.23453,55.43161],[-7.23762,55.43057],[-7.23989,55.42935],[-7.24121,55.42921],[-7.24019,55.4296],[-7.23908,55.43101],[-7.24002,55.43056],[-7.24284,55.43009],[-7.24295,55.42979],[-7.24396,55.42977],[-7.24347,55.43009],[-7.24501,55.43073],[-7.24402,55.43111],[-7.24479,55.43107],[-7.24286,55.43201],[-7.24097,55.43216],[-7.2425,55.43242],[-7.24052,55.43325],[-7.2408,55.4334],[-7.24041,55.4336],[-7.23866,55.43384],[-7.24232,55.43375],[-7.24041,55.43403],[-7.23806,55.43494],[-7.23569,55.4351]],[[-7.22088,55.43378],[-7.22174,55.43365],[-7.22332,55.434],[-7.22157,55.43403],[-7.22088,55.43378]],[[-7.16705,55.31674],[-7.16753,55.31656],[-7.16788,55.31676],[-7.16753,55.31697],[-7.16705,55.31674]],[[-7.00882,55.26618],[-7.01038,55.26557],[-7.01045,55.26596],[-7.00882,55.26618]]]]}},{"type":"Feature","properties":{"county_id":"34","county":"Monaghan County","nuts3":"Border"},"geometry":{"type":"MultiPolygon","coordinates":[[[[-7.02564,54.41893],[-7.00168,54.41354],[-6.98811,54.40794],[-6.97113,54.40106],[-6.94372,54.3892],[-6.92634,54.38144],[-6.92299,54.37802],[-6.9081,54.36657],[-6.90474,54.35661],[-6.88398,54.34651],[-6.87028,54.33349],[-6.86333,54.31532],[-6.8579,54.3045],[-6.85753,54.29],[-6.8718,54.28744],[-6.87128,54.27566],[-6.85844,54.26838],[-6.82894,54.25852],[-6.81826,54.23043],[-6.79674,54.21271],[-6.75589,54.19902],[-6.72093,54.18203],[-6.69538,54.19895],[-6.65862,54.18476],[-6.63589,54.16664],[-6.63107,54.15196],[-6.64105,54.14001],[-6.64609,54.13045],[-6.64886,54.12139],[-6.65525,54.10967],[-6.65655,54.09478],[-6.65898,54.07746],[-6.6555,54.06219],[-6.63454,54.0438],[-6.61419,54.04168],[-6.58379,54.03962],[-6.56756,54.01836],[-6.55096,54.00288],[-6.55479,53.9857],[-6.58708,53.97023],[-6.6186,53.98395],[-6.64303,53.97138],[-6.65681,53.96014],[-6.65734,53.95237],[-6.63539,53.9335],[-6.66539,53.91339],[-6.69523,53.90175],[-6.74035,53.91252],[-6.7802,53.92713],[-6.8096,53.9308],[-6.8351,53.94274],[-6.85436,53.96363],[-6.86672,53.98439],[-6.88004,53.99927],[-6.90306,54.00942],[-6.93431,54.02192],[-6.9472,54.03606],[-6.97792,54.04844],[-7.01201,54.07611],[-7.01432,54.09301],[-7.05083,54.09947],[-7.08704,54.0818],[-7.11363,54.09451],[-7.16659,54.08928],[-7.20246,54.09305],[-7.22605,54.10023],[-7.2392,54.09423],[-7.27794,54.10229],[-7.31742,54.10666],[-7.30614,54.11903],[-7.33644,54.14424],[-7.31307,54.16445],[-7.28407,54.15999],[-7.29858,54.1338],[-7.28593,54.12152],[-7.26235,54.14229],[-7.25854,54.15281],[-7.25852,54.16087],[-7.25048,54.16741],[-7.24767,54.17252],[-7.25652,54.18859],[-7.24008,54.19902],[-7.23508,54.20602],[-7.23023,54.2119],[-7.19492,54.21894],[-7.17663,54.21824],[-7.14741,54.2258],[-7.14926,54.25001],[-7.15247,54.26673],[-7.16858,54.27338],[-7.17389,54.28024],[-7.18762,54.2889],[-7.20179,54.30633],[-7.19483,54.31086],[-7.17843,54.31805],[-7.17566,54.33859],[-7.13641,54.34462],[-7.10353,54.35593],[-7.07603,54.38559],[-7.05731,54.40636],[-7.02799,54.42034],[-7.02564,54.41893]]]]}},{"type":"Feature","properties":{"county_id":"01","county":"Carlow County","nuts3":"South-East (IE)"},"geometry":{"type":"MultiPolygon","coordinates":[[[[-6.70989,52.91709],[-6.68526,52.90393],[-6.67342,52.90923],[-6.65637,52.90726],[-6.64289,52.90192],[-6.60889,52.90047],[-6.59638,52.8975],[-6.58682,52.8796],[-6.56288,52.88064],[-6.54018,52.88334],[-6.53144,52.88889],[-6.52755,52.89003],[-6.51269,52.88141],[-6.50808,52.86779],[-6.52301,52.86647],[-6.52543,52.84974],[-6.52781,52.83013],[-6.52028,52.82136],[-6.53289,52.82092],[-6.56497,52.81497],[-6.59131,52.80412],[-6.61443,52.8077],[-6.63846,52.82964],[-6.64913,52.83137],[-6.66369,52.83589],[-6.67237,52.83208],[-6.66818,52.82357],[-6.67913,52.81474],[-6.69874,52.8091],[-6.69704,52.79978],[-6.70442,52.78998],[-6.71091,52.77991],[-6.69967,52.77607],[-6.68022,52.77997],[-6.65445,52.76633],[-6.64731,52.74982],[-6.62904,52.72593],[-6.62011,52.7142],[-6.6331,52.70463],[-6.6432,52.69383],[-6.66345,52.68673],[-6.67867,52.67051],[-6.65396,52.66492],[-6.65514,52.65575],[-6.66487,52.64746],[-6.67177,52.64344],[-6.68528,52.63599],[-6.70935,52.64056],[-6.72988,52.64278],[-6.74485,52.63958],[-6.75787,52.63225],[-6.77836,52.60956],[-6.77855,52.5814],[-6.80633,52.56143],[-6.8346,52.52301],[-6.85871,52.4886],[-6.88324,52.46713],[-6.89798,52.46559],[-6.92856,52.46696],[-6.92067,52.47167],[-6.92478,52.48498],[-6.9401,52.50197],[-6.93638,52.52823],[-6.95439,52.53956],[-6.93479,52.54927],[-6.91494,52.5615],[-6.92562,52.58646],[-6.95489,52.60131],[-6.98396,52.61702],[-6.99107,52.63263],[-6.98754,52.65337],[-6.98747,52.67087],[-6.99738,52.68155],[-7.0103,52.69654],[-7.02859,52.7083],[-7.04869,52.71124],[-7.0576,52.71055],[-7.07482,52.72018],[-7.10624,52.72948],[-7.09159,52.73618],[-7.10234,52.74643],[-7.08505,52.75648],[-7.08159,52.76787],[-7.09068,52.77616],[-7.07201,52.78458],[-7.05435,52.79411],[-7.04308,52.80162],[-7.03832,52.80844],[-6.99393,52.80847],[-6.96537,52.80945],[-6.95059,52.81603],[-6.94165,52.83488],[-6.93194,52.84639],[-6.93644,52.8622],[-6.93492,52.87989],[-6.9224,52.88447],[-6.90355,52.86609],[-6.86971,52.86158],[-6.87651,52.87328],[-6.86154,52.86639],[-6.84824,52.86007],[-6.83385,52.86346],[-6.80958,52.87167],[-6.78498,52.87198],[-6.76572,52.88806],[-6.74672,52.89702],[-6.74215,52.91142],[-6.70989,52.91709]]]]}},{"type":"Feature","properties":{"county_id":"35","county":"Dublin County","nuts3":"Dublin"},"geometry":{"type":"MultiPolygon","coordinates":[[[[-6.08674,53.27378],[-6.08598,53.27337],[-6.08451,53.27347],[-6.08404,53.27379],[-6.08326,53.27275],[-6.08186,53.2725],[-6.0818,53.27156],[-6.08309,53.27007],[-6.08429,53.27029],[-6.08635,53.2715],[-6.08724,53.274],[-6.08674,53.27378]],[[-6.08823,53.27507],[-6.08796,53.27441],[-6.08846,53.27482],[-6.08823,53.27507]],[[-6.09533,53.27701],[-6.09521,53.27679],[-6.0955,53.27702],[-6.09533,53.27701]],[[-6.09111,53.2778],[-6.09117,53.27741],[-6.0919,53.27806],[-6.0916,53.27802],[-6.09111,53.2778]],[[-6.12869,53.29203],[-6.12838,53.29232],[-6.12828,53.29207],[-6.12869,53.29203]],[[-6.13111,53.29458],[-6.13128,53.29455],[-6.1312,53.29463],[-6.13111,53.29458]],[[-6.1313,53.29465],[-6.13145,53.29461],[-6.13151,53.29463],[-6.13138,53.29468],[-6.1313,53.29465]],[[-6.13097,53.29472],[-6.13113,53.2947],[-6.13107,53.29476],[-6.13097,53.29472]],[[-6.13122,53.29482],[-6.13122,53.29475],[-6.13128,53.29475],[-6.13122,53.29482]],[[-6.13085,53.29485],[-6.1309,53.29479],[-6.13101,53.29483],[-6.13085,53.29485]],[[-6.13108,53.2949],[-6.13116,53.29488],[-6.1311,53.29494],[-6.13108,53.2949]],[[-6.13222,53.29585],[-6.13224,53.29583],[-6.13233,53.29588],[-6.13222,53.29585]],[[-6.13247,53.29594],[-6.1324,53.2959],[-6.13249,53.29592],[-6.13247,53.29594]],[[-6.13214,53.29599],[-6.13224,53.29589],[-6.13242,53.29595],[-6.13214,53.29599]],[[-6.12945,53.29597],[-6.13105,53.29415],[-6.13131,53.29424],[-6.12945,53.29597]],[[-6.05909,53.39985],[-6.06082,53.39964],[-6.06297,53.40005],[-6.06456,53.40214],[-6.06758,53.40327],[-6.06602,53.40406],[-6.06832,53.40579],[-6.07032,53.40876],[-6.06016,53.40802],[-6.05948,53.40736],[-6.06039,53.40462],[-6.05998,53.40358],[-6.05923,53.40314],[-6.0594,53.40241],[-6.05842,53.40069],[-6.05909,53.39985]],[[-6.19867,53.46505],[-6.19985,53.46448],[-6.20056,53.46557],[-6.19867,53.46505]],[[-6.20347,53.46549],[-6.20326,53.4649],[-6.20419,53.46518],[-6.20414,53.46657],[-6.20229,53.46575],[-6.20347,53.46549]],[[-6.00754,53.49885],[-6.0065,53.4978],[-6.00789,53.49629],[-6.00661,53.49678],[-6.00554,53.49633],[-6.00542,53.49584],[-6.00479,53.49612],[-6.00278,53.49541],[-6.00007,53.49578],[-5.9995,53.49497],[-5.99799,53.4945],[-5.99649,53.49448],[-5.99628,53.49421],[-5.99829,53.49311],[-6.00061,53.4937],[-6.00049,53.49293],[-6.00368,53.493],[-6.00605,53.49245],[-6.00747,53.49045],[-6.01086,53.48824],[-6.0091,53.48804],[-6.00803,53.48693],[-6.00805,53.48616],[-6.00767,53.48616],[-6.00806,53.48578],[-6.00738,53.48583],[-6.01113,53.48396],[-6.01196,53.48258],[-6.01256,53.48317],[-6.01359,53.48321],[-6.01467,53.48275],[-6.01435,53.48259],[-6.01479,53.48214],[-6.01593,53.4825],[-6.01547,53.48268],[-6.01691,53.48254],[-6.01868,53.48279],[-6.01858,53.48335],[-6.01948,53.48353],[-6.01965,53.48414],[-6.0216,53.48367],[-6.02293,53.48398],[-6.02301,53.48337],[-6.02393,53.48386],[-6.02416,53.48325],[-6.02422,53.48376],[-6.02492,53.48398],[-6.02523,53.48458],[-6.02486,53.48567],[-6.02541,53.48674],[-6.02791,53.48685],[-6.02812,53.48658],[-6.02971,53.48816],[-6.03057,53.48831],[-6.03131,53.48931],[-6.03223,53.48917],[-6.03239,53.48878],[-6.03443,53.48892],[-6.03545,53.48929],[-6.03236,53.49115],[-6.0313,53.49136],[-6.03064,53.49306],[-6.03269,53.49344],[-6.03075,53.49322],[-6.03096,53.49416],[-6.03255,53.4938],[-6.03199,53.49419],[-6.03044,53.49446],[-6.02842,53.4964],[-6.02836,53.49809],[-6.02708,53.49886],[-6.02661,53.49843],[-6.02562,53.49823],[-6.02735,53.4967],[-6.02441,53.49692],[-6.02454,53.49659],[-6.02323,53.49696],[-6.02379,53.49593],[-6.0224,53.49596],[-6.02292,53.4953],[-6.02196,53.49494],[-6.01816,53.49529],[-6.01661,53.49694],[-6.01606,53.49677],[-6.01562,53.49724],[-6.01412,53.4973],[-6.01259,53.4986],[-6.01075,53.49885],[-6.0091,53.49826],[-6.00754,53.49885]],[[-6.17124,53.50275],[-6.17255,53.50076],[-6.17768,53.50034],[-6.12789,53.49842],[-6.11072,53.49739],[-6.10171,53.48649],[-6.12888,53.45947],[-6.14174,53.45633],[-6.14259,53.45646],[-6.13484,53.4701],[-6.14848,53.47138],[-6.18671,53.46657],[-6.20612,53.46777],[-6.19497,53.46231],[-6.17233,53.45545],[-6.15152,53.4523],[-6.12276,53.44092],[-6.11816,53.40008],[-6.12239,53.40261],[-6.13616,53.41938],[-6.13901,53.41735],[-6.12667,53.39886],[-6.08502,53.39225],[-6.06955,53.39066],[-6.06675,53.39417],[-6.0473,53.38588],[-6.04488,53.37727],[-6.05483,53.36676],[-6.05354,53.36158],[-6.07497,53.36102],[-6.09109,53.36777],[-6.11978,53.38863],[-6.15251,53.37241],[-6.11459,53.38318],[-6.17256,53.36184],[-6.16641,53.36578],[-6.1617,53.37278],[-6.20467,53.35979],[-6.21042,53.35669],[-6.19794,53.34755],[-6.22724,53.3465],[-6.19527,53.34191],[-6.17786,53.34045],[-6.20607,53.32337],[-6.16954,53.30055],[-6.13158,53.30383],[-6.14118,53.29788],[-6.13157,53.29465],[-6.12671,53.29107],[-6.10887,53.28554],[-6.09528,53.27654],[-6.10456,53.26679],[-6.10759,53.21021],[-6.12624,53.20592],[-6.14498,53.20229],[-6.18976,53.21803],[-6.22113,53.21159],[-6.31082,53.22222],[-6.39791,53.21185],[-6.41821,53.22848],[-6.45879,53.22614],[-6.50505,53.24486],[-6.53252,53.25242],[-6.51017,53.26521],[-6.54688,53.27942],[-6.52777,53.31898],[-6.49938,53.32486],[-6.49616,53.34216],[-6.47317,53.36773],[-6.44701,53.39405],[-6.43604,53.41005],[-6.42146,53.42015],[-6.4129,53.4384],[-6.37509,53.44477],[-6.35306,53.46553],[-6.3381,53.47763],[-6.33142,53.49131],[-6.36747,53.51653],[-6.4108,53.52864],[-6.43415,53.54606],[-6.4172,53.57107],[-6.38782,53.58229],[-6.36625,53.58686],[-6.33658,53.57619],[-6.30137,53.58781],[-6.28241,53.592],[-6.27257,53.6076],[-6.27304,53.61493],[-6.26622,53.62487],[-6.25553,53.63282],[-6.23795,53.63156],[-6.22079,53.63078],[-6.20183,53.63143],[-6.18883,53.62127],[-6.17759,53.61227],[-6.15766,53.59517],[-6.11972,53.58247],[-6.10485,53.58082],[-6.07926,53.55321],[-6.08456,53.5423],[-6.08686,53.53233],[-6.08393,53.51685],[-6.12682,53.51343],[-6.16765,53.50141],[-6.17124,53.50275]],[[-6.12201,53.40269],[-6.12175,53.40259],[-6.1216,53.40253],[-6.1212,53.40216],[-6.12112,53.40215],[-6.12009,53.40195],[-6.1208,53.4022],[-6.12112,53.40215],[-6.12152,53.40257],[-6.12175,53.40259],[-6.1219,53.40268],[-6.12201,53.40269],[-6.12217,53.40269],[-6.12209,53.4026],[-6.12209,53.40266],[-6.12201,53.40269]]]]}},{"type":"Feature","properties":{"county_id":"06","county":"Kildare County","nuts3":"Mid-East"},"geometry":{"type":"MultiPolygon","coordinates":[[[[-6.95136,53.44412],[-6.91472,53.44058],[-6.88967,53.42402],[-6.88502,53.41674],[-6.86137,53.40922],[-6.83798,53.40281],[-6.82434,53.40144],[-6.80405,53.406],[-6.78223,53.42184],[-6.72573,53.42339],[-6.70702,53.41917],[-6.6948,53.41446],[-6.67901,53.40886],[-6.6678,53.40597],[-6.65034,53.39488],[-6.60592,53.39746],[-6.57128,53.38821],[-6.54546,53.40343],[-6.51839,53.38967],[-6.49553,53.38448],[-6.47141,53.38756],[-6.46661,53.385],[-6.48446,53.36297],[-6.49508,53.34864],[-6.48915,53.33763],[-6.50112,53.32096],[-6.51776,53.32509],[-6.5424,53.30698],[-6.54688,53.27942],[-6.52541,53.26801],[-6.51081,53.2611],[-6.53349,53.25355],[-6.51684,53.24883],[-6.47849,53.23842],[-6.50072,53.2175],[-6.51127,53.1942],[-6.55462,53.1852],[-6.54366,53.16608],[-6.55658,53.15659],[-6.57886,53.14618],[-6.56698,53.12992],[-6.58214,53.12054],[-6.59779,53.11289],[-6.60796,53.1056],[-6.62563,53.10293],[-6.66651,53.08201],[-6.72126,53.06997],[-6.73112,53.04789],[-6.7516,53.03083],[-6.76561,53.02512],[-6.76611,53.00874],[-6.78929,52.9877],[-6.77051,52.96632],[-6.74591,52.95028],[-6.73365,52.93273],[-6.74883,52.90714],[-6.75798,52.88996],[-6.78498,52.87198],[-6.81795,52.87117],[-6.84511,52.86402],[-6.86154,52.86639],[-6.87068,52.86901],[-6.87969,52.85758],[-6.9224,52.88447],[-6.94015,52.8832],[-6.93475,52.91374],[-6.94889,52.93257],[-6.96377,52.95326],[-6.97647,52.97353],[-7.00778,52.97045],[-7.01993,52.96612],[-7.03512,52.97872],[-7.05363,52.97826],[-7.08839,52.99922],[-7.07336,53.01872],[-7.05919,53.03769],[-7.05881,53.049],[-7.05152,53.06397],[-7.048,53.07779],[-7.05546,53.10067],[-7.07024,53.10661],[-7.07878,53.11821],[-7.09032,53.13198],[-7.09632,53.15416],[-7.08162,53.15431],[-7.07107,53.1517],[-7.064,53.16403],[-7.07869,53.17262],[-7.10602,53.16803],[-7.15817,53.19092],[-7.14113,53.19046],[-7.12147,53.18916],[-7.09464,53.18757],[-7.03533,53.19304],[-7.03668,53.20871],[-7.02271,53.21227],[-7.02213,53.22327],[-7.06266,53.22954],[-7.04964,53.23759],[-7.03288,53.27899],[-7.00646,53.28305],[-6.9806,53.31425],[-7.03098,53.34752],[-7.07141,53.35837],[-7.07809,53.38464],[-7.03231,53.41103],[-7.00945,53.43515],[-6.97454,53.44919],[-6.95136,53.44412]]]]}},{"type":"Feature","properties":{"county_id":"07","county":"Kilkenny County","nuts3":"South-East (IE)"},"geometry":{"type":"MultiPolygon","coordinates":[[[[-7.1891,52.89395],[-7.16307,52.88103],[-7.15796,52.87175],[-7.14048,52.86164],[-7.14133,52.84785],[-7.12739,52.83651],[-7.12045,52.82503],[-7.09203,52.81946],[-7.07027,52.81276],[-7.06616,52.78834],[-7.08885,52.77557],[-7.08362,52.76034],[-7.10234,52.74643],[-7.09452,52.73153],[-7.07792,52.72278],[-7.05576,52.70785],[-7.0322,52.70873],[-7.00527,52.69386],[-6.99059,52.67279],[-6.98759,52.65034],[-6.98008,52.62497],[-6.95489,52.60131],[-6.92196,52.57115],[-6.93269,52.55219],[-6.9593,52.53677],[-6.93707,52.50541],[-6.92792,52.48146],[-6.93439,52.46688],[-6.92339,52.4512],[-6.9254,52.42478],[-6.96128,52.42171],[-6.9413,52.40249],[-6.96752,52.36761],[-6.99401,52.33398],[-7.00903,52.30313],[-7.03437,52.2623],[-7.08954,52.25184],[-7.10259,52.26961],[-7.13698,52.2715],[-7.19859,52.2499],[-7.24893,52.26356],[-7.28392,52.29619],[-7.3107,52.32135],[-7.35688,52.34028],[-7.37416,52.34682],[-7.37772,52.35076],[-7.38876,52.35653],[-7.39536,52.36865],[-7.39155,52.38007],[-7.39307,52.39854],[-7.38548,52.4104],[-7.39032,52.42656],[-7.40837,52.4354],[-7.42252,52.45101],[-7.45416,52.46623],[-7.45851,52.48027],[-7.43027,52.49761],[-7.4466,52.50953],[-7.456,52.52183],[-7.45631,52.5434],[-7.4515,52.55419],[-7.45671,52.56217],[-7.4576,52.56727],[-7.45363,52.58262],[-7.47315,52.59029],[-7.48064,52.60034],[-7.47461,52.61466],[-7.48065,52.62081],[-7.49087,52.62773],[-7.50088,52.63512],[-7.51071,52.64243],[-7.51981,52.66178],[-7.53562,52.6875],[-7.5656,52.70763],[-7.59421,52.71762],[-7.62617,52.73369],[-7.66983,52.78242],[-7.62561,52.78992],[-7.61646,52.80377],[-7.60366,52.81202],[-7.57997,52.82678],[-7.56627,52.8219],[-7.55247,52.80691],[-7.53396,52.81144],[-7.5077,52.80014],[-7.48632,52.79201],[-7.45357,52.78722],[-7.43431,52.79922],[-7.40859,52.79891],[-7.39182,52.80664],[-7.38591,52.81999],[-7.36898,52.83089],[-7.34963,52.81299],[-7.34799,52.82201],[-7.34439,52.83358],[-7.34288,52.84148],[-7.33591,52.84621],[-7.32432,52.86227],[-7.30127,52.86153],[-7.24839,52.85987],[-7.21802,52.87844],[-7.19365,52.8939],[-7.1891,52.89395]]]]}},{"type":"Feature","properties":{"county_id":"08","county":"Laois County","nuts3":"Midland"},"geometry":{"type":"MultiPolygon","coordinates":[[[[-7.37495,53.21011],[-7.31942,53.17191],[-7.31216,53.13934],[-7.27063,53.14017],[-7.24636,53.14275],[-7.2258,53.15016],[-7.19291,53.16194],[-7.17158,53.15751],[-7.1208,53.15832],[-7.09281,53.1725],[-7.06341,53.16471],[-7.073,53.1493],[-7.09623,53.15913],[-7.09144,53.13239],[-7.07716,53.11498],[-7.05898,53.10511],[-7.04799,53.07853],[-7.04747,53.05907],[-7.05083,53.04174],[-7.07214,53.01985],[-7.08418,52.99811],[-7.04392,52.97716],[-7.02199,52.96838],[-7.00427,52.97139],[-6.96921,52.96211],[-6.95162,52.93713],[-6.93697,52.90548],[-6.93423,52.86543],[-6.94548,52.83977],[-6.95635,52.81282],[-7.00229,52.80904],[-7.04308,52.80162],[-7.06285,52.79966],[-7.09019,52.81874],[-7.1211,52.82663],[-7.12892,52.83896],[-7.13968,52.85505],[-7.15614,52.87375],[-7.16316,52.88223],[-7.20053,52.89171],[-7.24282,52.87847],[-7.29301,52.86063],[-7.32118,52.86172],[-7.33672,52.84521],[-7.34463,52.83835],[-7.34618,52.82617],[-7.34827,52.81281],[-7.36898,52.83089],[-7.38863,52.82008],[-7.39574,52.79889],[-7.42444,52.80302],[-7.45191,52.78771],[-7.48952,52.79757],[-7.51934,52.80198],[-7.53594,52.80334],[-7.56163,52.81884],[-7.58186,52.82647],[-7.60895,52.80714],[-7.61319,52.79672],[-7.66421,52.78418],[-7.69432,52.82932],[-7.7257,52.88731],[-7.70578,52.90187],[-7.67148,52.91897],[-7.67298,52.9347],[-7.72578,52.94592],[-7.71528,52.9738],[-7.70807,52.99471],[-7.64221,53.0596],[-7.58926,53.10456],[-7.61972,53.12556],[-7.63563,53.13558],[-7.64434,53.15269],[-7.62933,53.16232],[-7.58601,53.17415],[-7.49379,53.19027],[-7.48497,53.1955],[-7.47764,53.19296],[-7.46513,53.18943],[-7.46072,53.18844],[-7.45832,53.18806],[-7.45277,53.18642],[-7.44989,53.18633],[-7.44717,53.18589],[-7.44521,53.18565],[-7.44333,53.18522],[-7.44181,53.18584],[-7.44074,53.18622],[-7.43927,53.18682],[-7.43766,53.1872],[-7.43542,53.18733],[-7.43398,53.18717],[-7.43153,53.18715],[-7.43048,53.18886],[-7.42705,53.19466],[-7.42861,53.19997],[-7.4294,53.20267],[-7.43097,53.20506],[-7.42607,53.20768],[-7.4227,53.20913],[-7.40277,53.20978],[-7.37495,53.21011]]]]}},{"type":"Feature","properties":{"county_id":"09","county":"Longford County","nuts3":"Midland"},"geometry":{"type":"MultiPolygon","coordinates":[[[[-7.64413,53.93792],[-7.62158,53.93624],[-7.6077,53.93857],[-7.58745,53.91831],[-7.5802,53.90314],[-7.5698,53.90642],[-7.55645,53.89814],[-7.55728,53.88298],[-7.58058,53.86283],[-7.57082,53.85452],[-7.52629,53.86352],[-7.51414,53.85876],[-7.50264,53.85785],[-7.48538,53.85249],[-7.47345,53.84796],[-7.46879,53.82699],[-7.4755,53.81223],[-7.46884,53.80736],[-7.44419,53.79936],[-7.42615,53.79382],[-7.41455,53.79103],[-7.40267,53.77164],[-7.38936,53.77229],[-7.38322,53.76422],[-7.37947,53.75806],[-7.38035,53.75275],[-7.38641,53.74166],[-7.38879,53.73496],[-7.39544,53.73374],[-7.40437,53.73361],[-7.42294,53.73087],[-7.4487,53.7294],[-7.45874,53.72041],[-7.47431,53.71277],[-7.48448,53.70476],[-7.50408,53.70493],[-7.50949,53.69888],[-7.5306,53.68119],[-7.54338,53.67563],[-7.56832,53.6713],[-7.57215,53.65514],[-7.56547,53.65118],[-7.58742,53.65431],[-7.60655,53.65883],[-7.5871,53.64257],[-7.56973,53.6237],[-7.55989,53.61355],[-7.58273,53.61406],[-7.59864,53.61275],[-7.60316,53.60245],[-7.61919,53.58927],[-7.63046,53.57912],[-7.6566,53.55158],[-7.66751,53.53151],[-7.6905,53.53453],[-7.7214,53.53294],[-7.73561,53.52948],[-7.74588,53.52691],[-7.75059,53.53123],[-7.76589,53.53582],[-7.78515,53.53862],[-7.80222,53.53763],[-7.82283,53.54242],[-7.8363,53.53893],[-7.84443,53.54324],[-7.92173,53.54253],[-7.97891,53.54687],[-8.03588,53.63139],[-8.00759,53.66228],[-7.99376,53.67307],[-7.98247,53.69032],[-7.98309,53.701],[-7.96521,53.71125],[-7.94974,53.71328],[-7.94747,53.73705],[-7.92331,53.73329],[-7.91755,53.74698],[-7.89407,53.75684],[-7.88197,53.76725],[-7.90528,53.79117],[-7.91767,53.81859],[-7.88859,53.82376],[-7.88276,53.8291],[-7.88405,53.81602],[-7.87555,53.81533],[-7.87296,53.81231],[-7.86439,53.80777],[-7.86269,53.81752],[-7.86391,53.82567],[-7.84639,53.81849],[-7.82835,53.81156],[-7.817,53.81971],[-7.78485,53.82516],[-7.78071,53.83752],[-7.7733,53.85437],[-7.76214,53.8641],[-7.74998,53.87611],[-7.73225,53.87807],[-7.72503,53.88876],[-7.71067,53.89347],[-7.70284,53.90038],[-7.69211,53.9109],[-7.68302,53.91804],[-7.66898,53.92505],[-7.65317,53.93831],[-7.64413,53.93792]]]]}},{"type":"Feature","properties":{"county_id":"10","county":"Louth County","nuts3":"Border"},"geometry":{"type":"MultiPolygon","coordinates":[[[[-6.37466,54.02372],[-6.37133,54.02078],[-6.35963,54.01489],[-6.37922,54.01312],[-6.346,54.00522],[-6.33961,53.99823],[-6.36011,53.98483],[-6.3627,53.97598],[-6.36078,53.96883],[-6.36902,53.95755],[-6.37866,53.95423],[-6.373,53.9438],[-6.37577,53.9234],[-6.34999,53.88628],[-6.3059,53.87875],[-6.27685,53.86974],[-6.24661,53.8645],[-6.25807,53.833],[-6.25261,53.80387],[-6.24084,53.80007],[-6.23136,53.80023],[-6.22562,53.79759],[-6.21936,53.79759],[-6.22243,53.79006],[-6.23542,53.78748],[-6.25152,53.73086],[-6.28908,53.72319],[-6.31228,53.7079],[-6.32899,53.7035],[-6.34936,53.70531],[-6.37806,53.70545],[-6.39132,53.71829],[-6.4277,53.72369],[-6.44042,53.71518],[-6.45733,53.7127],[-6.47943,53.72251],[-6.48051,53.73116],[-6.46971,53.73879],[-6.45959,53.74854],[-6.45109,53.75404],[-6.45013,53.76222],[-6.46522,53.76903],[-6.49199,53.76862],[-6.52941,53.77165],[-6.55079,53.78705],[-6.56339,53.79748],[-6.57942,53.80252],[-6.58016,53.81506],[-6.57928,53.82002],[-6.59024,53.82949],[-6.59381,53.84488],[-6.62078,53.87496],[-6.65885,53.88584],[-6.6826,53.89837],[-6.6947,53.90792],[-6.66539,53.91339],[-6.63058,53.9266],[-6.6506,53.94359],[-6.66094,53.95848],[-6.6613,53.9625],[-6.63555,53.96862],[-6.62483,53.98106],[-6.60151,53.9783],[-6.57618,53.9705],[-6.55855,53.98775],[-6.55707,53.99553],[-6.55821,54.00971],[-6.56687,54.02044],[-6.57945,54.03625],[-6.59093,54.05612],[-6.56945,54.05091],[-6.54708,54.05203],[-6.51257,54.05276],[-6.49307,54.06116],[-6.4786,54.06938],[-6.47136,54.07369],[-6.45138,54.06853],[-6.44942,54.06398],[-6.43237,54.05951],[-6.40296,54.06218],[-6.38275,54.06848],[-6.36365,54.09014],[-6.36763,54.10697],[-6.35482,54.11049],[-6.33603,54.10828],[-6.31732,54.09162],[-6.29223,54.11207],[-6.26605,54.09775],[-6.24087,54.07489],[-6.21336,54.06605],[-6.18467,54.04337],[-6.1758,54.04051],[-6.14756,54.02721],[-6.12822,54.0197],[-6.11441,53.99463],[-6.14802,53.9817],[-6.19171,53.97988],[-6.22505,53.98588],[-6.26126,53.99297],[-6.29493,54.00826],[-6.31225,54.0126],[-6.35276,54.01212],[-6.3632,54.02587],[-6.36949,54.02824],[-6.37052,54.02152],[-6.37466,54.02372]],[[-6.3724,54.02472],[-6.37235,54.02477],[-6.37386,54.02614],[-6.37857,54.02767],[-6.37397,54.02611],[-6.3724,54.02472]],[[-6.37466,54.02372],[-6.37429,54.02395],[-6.37286,54.02419],[-6.3724,54.02472],[-6.3729,54.02425],[-6.37315,54.02417],[-6.37371,54.0241],[-6.37422,54.024],[-6.37443,54.02391],[-6.37466,54.02372]]]]}},{"type":"Feature","properties":{"county_id":"11","county":"Meath County","nuts3":"Mid-East"},"geometry":{"type":"MultiPolygon","coordinates":[[[[-6.72938,53.91687],[-6.68428,53.89989],[-6.64399,53.88112],[-6.59381,53.84488],[-6.58055,53.82364],[-6.57878,53.81402],[-6.56869,53.79762],[-6.54909,53.78069],[-6.51072,53.7668],[-6.46079,53.76737],[-6.44763,53.75699],[-6.46399,53.7445],[-6.47772,53.73347],[-6.46994,53.72135],[-6.44172,53.7155],[-6.41194,53.72298],[-6.37806,53.70545],[-6.33546,53.70676],[-6.31233,53.70806],[-6.24758,53.7217],[-6.23147,53.66413],[-6.21989,53.63046],[-6.23795,53.63156],[-6.2563,53.63236],[-6.26699,53.62102],[-6.27292,53.61332],[-6.27093,53.60522],[-6.28451,53.59091],[-6.30754,53.5853],[-6.34619,53.57962],[-6.38913,53.59101],[-6.40198,53.57344],[-6.42856,53.55832],[-6.42231,53.53873],[-6.38866,53.52345],[-6.33968,53.49145],[-6.3368,53.48225],[-6.35052,53.46775],[-6.36105,53.44571],[-6.41039,53.44081],[-6.42231,53.4215],[-6.43604,53.41005],[-6.44813,53.39361],[-6.47959,53.38972],[-6.51839,53.38967],[-6.56466,53.39395],[-6.62121,53.39812],[-6.6678,53.40597],[-6.68825,53.41288],[-6.71173,53.41997],[-6.78223,53.42184],[-6.81904,53.40065],[-6.84445,53.40452],[-6.88502,53.41674],[-6.90753,53.43218],[-6.96532,53.45097],[-7.0225,53.42219],[-7.07994,53.38206],[-7.14573,53.40445],[-7.19224,53.42329],[-7.12788,53.44654],[-7.08728,53.45931],[-7.06627,53.49164],[-7.03675,53.50752],[-6.98965,53.578],[-6.98749,53.61672],[-6.9623,53.64406],[-6.97492,53.6609],[-7.00069,53.67724],[-7.02888,53.66059],[-7.0507,53.65831],[-7.06951,53.64714],[-7.08857,53.65797],[-7.12461,53.67781],[-7.18996,53.69142],[-7.21939,53.70317],[-7.23154,53.73189],[-7.26957,53.75275],[-7.31618,53.78693],[-7.27871,53.78754],[-7.25736,53.77452],[-7.23339,53.77469],[-7.21345,53.78256],[-7.17411,53.79246],[-7.14132,53.7993],[-7.10498,53.77657],[-7.05446,53.77232],[-7.0244,53.7707],[-6.99292,53.7801],[-6.93911,53.78218],[-6.93129,53.80375],[-6.92041,53.81724],[-6.94696,53.8341],[-6.95967,53.84335],[-6.97184,53.85758],[-6.97355,53.86788],[-6.93027,53.87268],[-6.91758,53.89129],[-6.86991,53.87788],[-6.8373,53.89189],[-6.8079,53.89145],[-6.7848,53.8968],[-6.76921,53.91068],[-6.72938,53.91687]]]]}},{"type":"Feature","properties":{"county_id":"12","county":"Offaly County","nuts3":"Midland"},"geometry":{"type":"MultiPolygon","coordinates":[[[[-7.14989,53.40654],[-7.08526,53.37695],[-7.02438,53.33307],[-7.02883,53.27966],[-7.07196,53.23026],[-7.02314,53.21149],[-7.06212,53.19118],[-7.1289,53.19023],[-7.15902,53.18135],[-7.16239,53.15765],[-7.19777,53.15659],[-7.24636,53.14275],[-7.29407,53.1365],[-7.34037,53.19146],[-7.4075,53.21253],[-7.42498,53.208],[-7.43082,53.20395],[-7.42853,53.1997],[-7.42808,53.19201],[-7.43207,53.18699],[-7.43536,53.1873],[-7.4388,53.18703],[-7.44096,53.18612],[-7.44307,53.18525],[-7.44646,53.18581],[-7.45006,53.18637],[-7.45721,53.18768],[-7.46129,53.18843],[-7.47662,53.19268],[-7.48655,53.19655],[-7.59328,53.17179],[-7.64009,53.15466],[-7.62628,53.13031],[-7.58652,53.10368],[-7.69687,53.02711],[-7.72218,52.96777],[-7.76759,52.96978],[-7.80312,52.98076],[-7.83866,52.96495],[-7.84991,52.93901],[-7.8807,52.90985],[-7.90642,52.89399],[-7.93466,52.8837],[-7.95654,52.88756],[-7.95259,52.88458],[-7.94686,52.88114],[-7.94437,52.8785],[-7.9458,52.87582],[-7.94471,52.87107],[-7.94787,52.86666],[-7.95961,52.8602],[-7.98525,52.85398],[-7.99346,52.8708],[-8.04296,52.90291],[-7.98835,52.93644],[-8.00613,52.98876],[-7.96013,53.00642],[-7.96199,53.04008],[-7.93707,53.04485],[-7.93657,53.04809],[-7.93913,53.05117],[-7.93761,53.05271],[-7.93496,53.05495],[-7.9345,53.05723],[-7.935,53.05903],[-7.93356,53.0611],[-7.93019,53.06367],[-7.927,53.06604],[-7.92193,53.08276],[-7.93312,53.10936],[-7.97506,53.13131],[-8.0114,53.14398],[-8.04239,53.15111],[-8.08145,53.1669],[-8.00959,53.19445],[-7.99779,53.24401],[-8.04954,53.28219],[-7.99125,53.32753],[-7.94349,53.3495],[-7.90282,53.35998],[-7.79435,53.35317],[-7.72231,53.3589],[-7.71594,53.3609],[-7.71403,53.36244],[-7.71064,53.3636],[-7.70869,53.36478],[-7.70693,53.3651],[-7.70452,53.36593],[-7.70225,53.38295],[-7.66577,53.40385],[-7.63181,53.41396],[-7.5968,53.39937],[-7.56816,53.36611],[-7.53163,53.32427],[-7.49631,53.3343],[-7.45582,53.31796],[-7.44036,53.32941],[-7.36701,53.34489],[-7.25725,53.39859],[-7.21109,53.4122],[-7.15075,53.40712],[-7.14989,53.40654]]]]}},{"type":"Feature","properties":{"county_id":"13","county":"Westmeath County","nuts3":"Midland"},"geometry":{"type":"MultiPolygon","coordinates":[[[[-7.34187,53.7925],[-7.28225,53.77049],[-7.26509,53.74928],[-7.23613,53.73518],[-7.23805,53.71905],[-7.21628,53.7048],[-7.19375,53.69369],[-7.15602,53.68548],[-7.12461,53.67781],[-7.10429,53.66636],[-7.08473,53.65505],[-7.0712,53.64706],[-7.05851,53.65082],[-7.04628,53.65963],[-7.03159,53.66065],[-7.00436,53.67148],[-6.98894,53.67542],[-6.97647,53.66548],[-6.95576,53.65616],[-6.96273,53.63974],[-6.98248,53.62472],[-6.9856,53.59136],[-7.01402,53.57822],[-7.0234,53.52668],[-7.04284,53.50032],[-7.06185,53.48641],[-7.07118,53.46722],[-7.09363,53.45431],[-7.12788,53.44654],[-7.15777,53.44056],[-7.21242,53.4186],[-7.21975,53.40661],[-7.24273,53.40204],[-7.27834,53.39873],[-7.34295,53.36337],[-7.41936,53.33422],[-7.43469,53.32975],[-7.4451,53.32744],[-7.44695,53.32001],[-7.47226,53.33271],[-7.49252,53.3302],[-7.51496,53.34371],[-7.53284,53.32767],[-7.54807,53.34107],[-7.56592,53.35187],[-7.56715,53.37826],[-7.58371,53.39512],[-7.60768,53.40514],[-7.62469,53.41808],[-7.64139,53.41165],[-7.65776,53.40688],[-7.67961,53.40244],[-7.6928,53.39319],[-7.70972,53.37613],[-7.70395,53.3663],[-7.70505,53.36562],[-7.70618,53.3651],[-7.70727,53.36469],[-7.70807,53.36462],[-7.70925,53.36431],[-7.71018,53.36386],[-7.71139,53.36352],[-7.71316,53.36278],[-7.71497,53.36221],[-7.71566,53.36114],[-7.71689,53.36068],[-7.72052,53.35932],[-7.75217,53.35156],[-7.78785,53.35114],[-7.81835,53.35634],[-7.86092,53.34711],[-7.91258,53.36106],[-7.9193,53.36621],[-7.92913,53.39763],[-7.97295,53.42228],[-7.96076,53.44387],[-7.96979,53.52173],[-7.84298,53.54294],[-7.82283,53.54242],[-7.79073,53.5373],[-7.75199,53.53194],[-7.73897,53.52817],[-7.71183,53.53717],[-7.66102,53.53389],[-7.63108,53.58709],[-7.60316,53.60245],[-7.58629,53.61345],[-7.5678,53.61997],[-7.61474,53.65378],[-7.58387,53.65254],[-7.5738,53.65625],[-7.53846,53.67673],[-7.50949,53.69888],[-7.48591,53.7027],[-7.46496,53.71375],[-7.43866,53.73107],[-7.3991,53.73421],[-7.38575,53.73514],[-7.3796,53.75465],[-7.38322,53.76422],[-7.40053,53.77046],[-7.38106,53.78543],[-7.34187,53.7925]]]]}},{"type":"Feature","properties":{"county_id":"14","county":"Wexford County","nuts3":"South-East (IE)"},"geometry":{"type":"MultiPolygon","coordinates":[[[[-6.83109,52.19193],[-6.8366,52.19072],[-6.83685,52.1898],[-6.82295,52.19264],[-6.82918,52.18583],[-6.82791,52.17548],[-6.83693,52.1753],[-6.85326,52.168],[-6.87238,52.16375],[-6.88595,52.15704],[-6.90183,52.14359],[-6.9101,52.13404],[-6.91315,52.12939],[-6.92702,52.12363],[-6.92955,52.12803],[-6.9347,52.1304],[-6.91419,52.1458],[-6.89903,52.16156],[-6.90354,52.18039],[-6.91215,52.18975],[-6.90745,52.20224],[-6.92149,52.21845],[-6.93631,52.22696],[-6.95246,52.24226],[-6.98867,52.27468],[-6.99292,52.32981],[-6.96523,52.37816],[-6.96057,52.41815],[-6.91836,52.4262],[-6.91716,52.4636],[-6.88237,52.46747],[-6.82168,52.53908],[-6.78152,52.5971],[-6.75135,52.63717],[-6.71537,52.63975],[-6.67359,52.6413],[-6.65716,52.65539],[-6.67867,52.67051],[-6.64074,52.69674],[-6.60623,52.71022],[-6.56878,52.69037],[-6.50567,52.68951],[-6.47015,52.71539],[-6.43939,52.73441],[-6.41464,52.77601],[-6.36391,52.79517],[-6.28372,52.78694],[-6.22941,52.77947],[-6.18401,52.76926],[-6.17215,52.7523],[-6.18375,52.74926],[-6.14811,52.73838],[-6.1551,52.72597],[-6.18348,52.70201],[-6.20405,52.67706],[-6.22955,52.62574],[-6.21207,52.59742],[-6.19957,52.56787],[-6.25255,52.4971],[-6.35557,52.40415],[-6.37442,52.34788],[-6.4434,52.35355],[-6.46049,52.34919],[-6.46315,52.37209],[-6.45864,52.37588],[-6.46022,52.3849],[-6.45948,52.37561],[-6.47442,52.37641],[-6.48925,52.36339],[-6.51048,52.35023],[-6.46922,52.34493],[-6.45091,52.33187],[-6.44843,52.31331],[-6.41241,52.29825],[-6.41438,52.29243],[-6.39194,52.30529],[-6.38894,52.29924],[-6.35244,52.25231],[-6.33471,52.25487],[-6.31583,52.23871],[-6.32696,52.22438],[-6.34632,52.19117],[-6.36463,52.17299],[-6.50515,52.18852],[-6.58773,52.17299],[-6.59468,52.17318],[-6.69852,52.21616],[-6.64955,52.20722],[-6.64965,52.21821],[-6.65367,52.22537],[-6.66332,52.21629],[-6.7078,52.21857],[-6.75646,52.21348],[-6.78718,52.2056],[-6.79819,52.22421],[-6.78113,52.2312],[-6.75985,52.26277],[-6.75568,52.26618],[-6.76346,52.26443],[-6.78017,52.24485],[-6.79636,52.24182],[-6.81761,52.22871],[-6.84263,52.21095],[-6.83464,52.21222],[-6.81328,52.21393],[-6.83109,52.19193]],[[-6.83109,52.19193],[-6.83039,52.19146],[-6.83099,52.19193],[-6.83109,52.19193]],[[-6.73989,52.19584],[-6.74083,52.19583],[-6.74094,52.19622],[-6.73974,52.19714],[-6.73989,52.19584]],[[-6.73501,52.19879],[-6.73476,52.1976],[-6.73625,52.19795],[-6.73576,52.19896],[-6.73501,52.19879]],[[-6.63949,52.20612],[-6.63961,52.20557],[-6.64179,52.20608],[-6.64225,52.20698],[-6.64098,52.20714],[-6.64002,52.2069],[-6.63926,52.2065],[-6.63949,52.20612]],[[-6.60499,52.12039],[-6.6049,52.11936],[-6.60556,52.11931],[-6.60609,52.11878],[-6.60508,52.11756],[-6.60819,52.11648],[-6.60936,52.11669],[-6.61059,52.11629],[-6.61171,52.11692],[-6.61231,52.1164],[-6.61326,52.11635],[-6.61387,52.11532],[-6.61569,52.11514],[-6.61519,52.1146],[-6.61524,52.11375],[-6.61684,52.11426],[-6.61827,52.11361],[-6.61798,52.11133],[-6.61896,52.11128],[-6.61907,52.11046],[-6.61988,52.10984],[-6.62186,52.1098],[-6.62184,52.10928],[-6.62253,52.10921],[-6.62344,52.10946],[-6.62319,52.10982],[-6.62355,52.10986],[-6.62377,52.11058],[-6.62516,52.11054],[-6.62441,52.11126],[-6.62522,52.11189],[-6.62533,52.11276],[-6.62388,52.1158],[-6.62385,52.11727],[-6.62152,52.11831],[-6.61651,52.11945],[-6.6144,52.12034],[-6.61307,52.1206],[-6.61146,52.12043],[-6.6088,52.12146],[-6.60429,52.12234],[-6.60355,52.12182],[-6.60412,52.1216],[-6.60389,52.12096],[-6.60499,52.12039]],[[-6.58412,52.13476],[-6.58493,52.13395],[-6.58506,52.13255],[-6.58722,52.13247],[-6.58857,52.13382],[-6.59014,52.13352],[-6.59007,52.13435],[-6.59116,52.13379],[-6.59121,52.13537],[-6.58991,52.13679],[-6.58868,52.13944],[-6.58607,52.14104],[-6.58328,52.14189],[-6.5816,52.14205],[-6.58175,52.1411],[-6.5831,52.13916],[-6.58263,52.13791],[-6.58313,52.13774],[-6.58372,52.13645],[-6.5843,52.13595],[-6.58412,52.13476]],[[-6.45431,52.3387],[-6.45112,52.33748],[-6.44697,52.33654],[-6.45145,52.33748],[-6.45431,52.3387]],[[-6.40673,52.29618],[-6.40323,52.29609],[-6.40688,52.29614],[-6.40673,52.29618]]]]}},{"type":"Feature","properties":{"county_id":"15","county":"Wicklow County","nuts3":"Mid-East"},"geometry":{"type":"MultiPolygon","coordinates":[[[[-6.46158,53.2255],[-6.44248,53.23137],[-6.41444,53.22257],[-6.40055,53.20989],[-6.34063,53.17975],[-6.27599,53.21112],[-6.21768,53.21224],[-6.19491,53.21653],[-6.16215,53.20281],[-6.1324,53.1994],[-6.12623,53.2075],[-6.10974,53.21011],[-6.10236,53.20861],[-6.09034,53.19671],[-6.08772,53.19584],[-6.07685,53.18692],[-6.07491,53.17842],[-6.0763,53.1643],[-6.0627,53.14976],[-6.05143,53.13452],[-6.03512,53.06693],[-6.03856,52.9819],[-6.03274,52.98182],[-6.0237,52.97792],[-6.01715,52.97274],[-6.00708,52.97113],[-5.99852,52.96529],[-6.00493,52.95919],[-6.01238,52.95403],[-6.01411,52.9476],[-6.0161,52.94091],[-6.02146,52.92885],[-6.03792,52.91283],[-6.03927,52.89973],[-6.04838,52.89588],[-6.05837,52.88156],[-6.06071,52.85604],[-6.09978,52.84106],[-6.11614,52.82606],[-6.14246,52.79833],[-6.14593,52.78348],[-6.14124,52.77621],[-6.14317,52.75923],[-6.14524,52.74037],[-6.16347,52.74059],[-6.18012,52.74942],[-6.16983,52.75244],[-6.17044,52.76698],[-6.20434,52.7737],[-6.23471,52.7776],[-6.27439,52.79156],[-6.33431,52.7962],[-6.38723,52.78571],[-6.41585,52.77616],[-6.43269,52.73511],[-6.46031,52.7223],[-6.47172,52.70997],[-6.50567,52.68951],[-6.56564,52.68196],[-6.5743,52.70473],[-6.61456,52.71393],[-6.62225,52.71611],[-6.64731,52.74982],[-6.67156,52.7751],[-6.69986,52.77665],[-6.70293,52.78615],[-6.69724,52.8027],[-6.68206,52.8154],[-6.67054,52.82631],[-6.66468,52.83625],[-6.64656,52.82922],[-6.61443,52.8077],[-6.57011,52.80377],[-6.53184,52.82089],[-6.52859,52.82655],[-6.52376,52.85669],[-6.51099,52.86766],[-6.52449,52.88652],[-6.52984,52.88947],[-6.54314,52.87825],[-6.58682,52.8796],[-6.60259,52.89917],[-6.64553,52.89908],[-6.67169,52.90957],[-6.69324,52.90545],[-6.73724,52.91578],[-6.73912,52.94347],[-6.76505,52.9624],[-6.79198,52.98642],[-6.77263,53.01227],[-6.75675,53.02522],[-6.73643,53.04279],[-6.72802,53.06625],[-6.68101,53.08152],[-6.62648,53.10088],[-6.60631,53.10526],[-6.59206,53.11476],[-6.57188,53.12308],[-6.57637,53.1363],[-6.56289,53.15619],[-6.54443,53.16575],[-6.54936,53.18764],[-6.50007,53.20243],[-6.47835,53.23183],[-6.46158,53.2255]]]]}},{"type":"Feature","properties":{"county_id":"16","county":"Clare County","nuts3":"Mid-West"},"geometry":{"type":"MultiPolygon","coordinates":[[[[-9.09123,53.15849],[-9.04796,53.15424],[-9.02707,53.14435],[-9.0247,53.13586],[-8.99332,53.09471],[-8.92892,53.07412],[-8.90181,53.04631],[-8.89918,53.00964],[-8.87843,52.97863],[-8.85133,52.97331],[-8.82722,52.98182],[-8.78626,52.9719],[-8.75896,52.99393],[-8.68556,53.03108],[-8.63026,53.0399],[-8.52632,53.01801],[-8.45619,52.97646],[-8.3959,52.98415],[-8.35008,52.97952],[-8.45522,52.84696],[-8.44085,52.79025],[-8.4896,52.75306],[-8.50615,52.71251],[-8.55997,52.67862],[-8.61399,52.68671],[-8.67158,52.68677],[-8.70576,52.67137],[-8.8625,52.67841],[-9.22895,52.60793],[-9.65721,52.5927],[-9.7259,52.58498],[-9.78433,52.57088],[-9.82513,52.56922],[-9.86175,52.56825],[-9.87774,52.55913],[-9.89178,52.55713],[-9.9126,52.55769],[-9.9386,52.55967],[-9.91243,52.57479],[-9.87995,52.58044],[-9.87419,52.59227],[-9.86302,52.59279],[-9.85342,52.5959],[-9.83163,52.59969],[-9.80987,52.60388],[-9.80618,52.61027],[-9.79611,52.61893],[-9.79317,52.62516],[-9.77049,52.63409],[-9.74303,52.64165],[-9.72408,52.65178],[-9.70735,52.65947],[-9.693,52.66835],[-9.67616,52.67837],[-9.64823,52.68344],[-9.65947,52.69166],[-9.64614,52.70465],[-9.62171,52.72145],[-9.63232,52.72846],[-9.6211,52.73214],[-9.60693,52.73942],[-9.59069,52.74772],[-9.54914,52.75152],[-9.53826,52.73851],[-9.52205,52.74542],[-9.4981,52.76659],[-9.48994,52.773],[-9.48601,52.79527],[-9.45261,52.82752],[-9.43419,52.84419],[-9.44544,52.85125],[-9.42857,52.86845],[-9.43765,52.87126],[-9.42969,52.88348],[-9.41742,52.89021],[-9.39726,52.89432],[-9.36843,52.91439],[-9.35814,52.94122],[-9.4239,52.93192],[-9.45472,52.93395],[-9.47058,52.93877],[-9.45003,52.95719],[-9.42849,52.98144],[-9.41657,52.9921],[-9.40409,53.0018],[-9.40881,53.0189],[-9.37991,53.04388],[-9.36311,53.06189],[-9.32347,53.08689],[-9.29816,53.10779],[-9.27649,53.14619],[-9.20958,53.13878],[-9.17731,53.13542],[-9.17927,53.12948],[-9.15153,53.11726],[-9.13426,53.12605],[-9.12761,53.13076],[-9.0881,53.13811],[-9.07564,53.12789],[-9.08357,53.14222],[-9.1071,53.14695],[-9.12217,53.1445],[-9.09123,53.15849]],[[-9.93563,52.5612],[-9.93783,52.56019],[-9.93804,52.56044],[-9.93752,52.56083],[-9.93563,52.5612]],[[-9.91646,52.56964],[-9.91732,52.56928],[-9.9177,52.56936],[-9.9174,52.57003],[-9.91639,52.57014],[-9.91646,52.56964]],[[-9.73019,52.65285],[-9.73151,52.65176],[-9.73448,52.65094],[-9.73506,52.65101],[-9.73556,52.65167],[-9.73694,52.65196],[-9.73593,52.65198],[-9.73522,52.65267],[-9.73457,52.65261],[-9.73401,52.65297],[-9.73329,52.65304],[-9.73313,52.65261],[-9.73247,52.65252],[-9.73022,52.65322],[-9.73019,52.65285]],[[-9.69109,52.67412],[-9.69237,52.67396],[-9.69321,52.6741],[-9.69422,52.67512],[-9.6935,52.67524],[-9.69162,52.67482],[-9.69109,52.67412]],[[-9.68747,52.67428],[-9.68773,52.67397],[-9.68834,52.67397],[-9.6884,52.67439],[-9.68747,52.67428]],[[-9.6812,52.67637],[-9.68152,52.67617],[-9.6825,52.67648],[-9.68253,52.67686],[-9.68168,52.6769],[-9.6812,52.67637]],[[-9.6086,52.74349],[-9.60858,52.74276],[-9.60878,52.74322],[-9.60875,52.7428],[-9.60974,52.74274],[-9.60996,52.74214],[-9.61064,52.74217],[-9.61281,52.74246],[-9.6086,52.74349]],[[-9.50906,52.81673],[-9.50845,52.81567],[-9.50652,52.81571],[-9.50581,52.81538],[-9.50754,52.81551],[-9.50854,52.81522],[-9.50877,52.81465],[-9.51037,52.81411],[-9.51273,52.81232],[-9.51368,52.81047],[-9.51903,52.81127],[-9.52179,52.81024],[-9.52308,52.80891],[-9.52422,52.80838],[-9.52946,52.80743],[-9.53044,52.80758],[-9.53155,52.80733],[-9.53247,52.80754],[-9.53122,52.80809],[-9.53044,52.80797],[-9.53151,52.80869],[-9.53181,52.80997],[-9.53327,52.81152],[-9.53332,52.8119],[-9.53271,52.81205],[-9.53503,52.81354],[-9.53566,52.81361],[-9.53536,52.81403],[-9.53661,52.81441],[-9.53613,52.81474],[-9.53502,52.81495],[-9.53408,52.81441],[-9.53211,52.81447],[-9.53156,52.81408],[-9.53038,52.8145],[-9.52885,52.81426],[-9.52831,52.81445],[-9.52798,52.81389],[-9.52747,52.81422],[-9.52649,52.81424],[-9.52104,52.81332],[-9.51918,52.81332],[-9.51711,52.81276],[-9.5174,52.8126],[-9.5159,52.81246],[-9.5124,52.81423],[-9.51085,52.8146],[-9.51096,52.81481],[-9.51171,52.81454],[-9.51273,52.81465],[-9.51365,52.8156],[-9.51321,52.81549],[-9.51283,52.81596],[-9.51125,52.8162],[-9.51186,52.81637],[-9.51066,52.81654],[-9.51074,52.81702],[-9.5101,52.81673],[-9.50906,52.81673]],[[-9.52391,52.79107],[-9.52399,52.79062],[-9.52341,52.791],[-9.52316,52.79054],[-9.52462,52.78967],[-9.52609,52.78963],[-9.52639,52.78993],[-9.52679,52.7897],[-9.52715,52.78998],[-9.52667,52.79078],[-9.52391,52.79107]],[[-9.52136,52.8226],[-9.52168,52.82225],[-9.52321,52.82237],[-9.52075,52.823],[-9.52136,52.8226]],[[-9.50557,52.82407],[-9.50902,52.82384],[-9.51172,52.82411],[-9.51053,52.82459],[-9.5089,52.8247],[-9.50557,52.82407]],[[-9.43759,52.87602],[-9.43862,52.87558],[-9.43911,52.87568],[-9.43907,52.87611],[-9.43805,52.87648],[-9.43759,52.87602]],[[-9.41616,52.8915],[-9.41661,52.89138],[-9.41687,52.89189],[-9.41619,52.89177],[-9.41616,52.8915]],[[-9.41177,53.01572],[-9.41256,53.01557],[-9.41362,53.01615],[-9.41174,53.017],[-9.41137,53.01642],[-9.41177,53.01572]],[[-9.17611,53.13412],[-9.17595,53.13388],[-9.17763,53.13343],[-9.17766,53.13299],[-9.17969,53.13322],[-9.18007,53.13403],[-9.17882,53.13388],[-9.17902,53.1343],[-9.17793,53.13437],[-9.17611,53.13412]],[[-9.17699,53.13163],[-9.17784,53.13107],[-9.17883,53.1314],[-9.17891,53.13165],[-9.17843,53.13164],[-9.17699,53.13163]],[[-9.17559,53.13292],[-9.17694,53.1329],[-9.17667,53.13334],[-9.17599,53.13338],[-9.17559,53.13292]],[[-9.175,53.1319],[-9.17471,53.13171],[-9.17597,53.13193],[-9.17571,53.13215],[-9.175,53.1319]],[[-9.16149,53.13204],[-9.16134,53.13159],[-9.16311,53.13246],[-9.16444,53.13271],[-9.16367,53.13285],[-9.16149,53.13204]],[[-9.16357,53.14975],[-9.16263,53.14933],[-9.16358,53.14963],[-9.16332,53.14922],[-9.1639,53.14926],[-9.16401,53.14977],[-9.16357,53.14975]],[[-9.11083,53.14693],[-9.11183,53.14584],[-9.11035,53.14599],[-9.10953,53.14569],[-9.10986,53.14468],[-9.10874,53.14467],[-9.10905,53.14412],[-9.11062,53.14307],[-9.11727,53.13994],[-9.11749,53.14048],[-9.11629,53.14364],[-9.11658,53.14473],[-9.11836,53.14614],[-9.11799,53.14678],[-9.11666,53.14679],[-9.11499,53.14742],[-9.11011,53.14837],[-9.10968,53.14807],[-9.11083,53.14693]],[[-9.0895,53.14143],[-9.08919,53.14082],[-9.08952,53.14059],[-9.09201,53.1412],[-9.09144,53.14153],[-9.09084,53.14136],[-9.09027,53.14184],[-9.0895,53.14143]],[[-9.06475,53.16813],[-9.0628,53.1673],[-9.06263,53.16624],[-9.06167,53.1657],[-9.05713,53.16601],[-9.05426,53.1651],[-9.05427,53.16476],[-9.05567,53.16422],[-9.05561,53.16485],[-9.05662,53.16555],[-9.057,53.1652],[-9.05741,53.1656],[-9.05864,53.16521],[-9.05902,53.16409],[-9.06102,53.16326],[-9.06047,53.16291],[-9.0556,53.16317],[-9.05516,53.16276],[-9.05564,53.1623],[-9.06258,53.16058],[-9.06615,53.15995],[-9.06715,53.16012],[-9.06823,53.15906],[-9.07077,53.15863],[-9.07137,53.15836],[-9.07124,53.15798],[-9.07189,53.15778],[-9.07754,53.15817],[-9.07842,53.15963],[-9.08429,53.16163],[-9.08546,53.16305],[-9.08684,53.16398],[-9.08472,53.16584],[-9.08286,53.1665],[-9.08121,53.16764],[-9.07548,53.16775],[-9.07463,53.16751],[-9.07307,53.16801],[-9.07,53.16819],[-9.06763,53.16877],[-9.06475,53.16813]],[[-9.06273,53.15723],[-9.06428,53.157],[-9.06544,53.15729],[-9.06499,53.1576],[-9.06418,53.15757],[-9.06284,53.15755],[-9.06273,53.15723]],[[-9.02795,53.14571],[-9.0287,53.14557],[-9.02818,53.14604],[-9.02687,53.14618],[-9.02795,53.14571]]]]}},{"type":"Feature","properties":{"county_id":"36","county":"Cork County","nuts3":"South-West (IE)"},"geometry":{"type":"MultiPolygon","coordinates":[[[[-9.46674,51.4534],[-9.46554,51.45312],[-9.46479,51.45267],[-9.46497,51.45254],[-9.46424,51.45213],[-9.46415,51.45187],[-9.46469,51.45078],[-9.46504,51.45056],[-9.46401,51.45011],[-9.46202,51.44984],[-9.46152,51.44951],[-9.4618,51.44907],[-9.46047,51.44871],[-9.46414,51.44536],[-9.4665,51.44614],[-9.46975,51.44358],[-9.47132,51.44263],[-9.47254,51.44141],[-9.4766,51.43884],[-9.47887,51.43813],[-9.48084,51.43603],[-9.47994,51.43446],[-9.47938,51.43416],[-9.47995,51.4342],[-9.48039,51.43394],[-9.48175,51.43311],[-9.48447,51.43204],[-9.48697,51.43028],[-9.48829,51.42973],[-9.49043,51.42967],[-9.49124,51.42896],[-9.4928,51.42783],[-9.49456,51.42839],[-9.49756,51.42655],[-9.49828,51.42567],[-9.49864,51.42612],[-9.49955,51.42796],[-9.5,51.42907],[-9.50121,51.43022],[-9.50014,51.43167],[-9.50035,51.43255],[-9.49953,51.43353],[-9.50017,51.43504],[-9.50301,51.4359],[-9.50493,51.43372],[-9.50452,51.4319],[-9.50431,51.43097],[-9.50407,51.43048],[-9.50575,51.42803],[-9.50972,51.42661],[-9.51214,51.42098],[-9.51391,51.42065],[-9.51338,51.42166],[-9.51578,51.42212],[-9.52043,51.42203],[-9.51875,51.42398],[-9.52091,51.42335],[-9.52041,51.42426],[-9.52035,51.42475],[-9.51919,51.42573],[-9.51989,51.42617],[-9.51937,51.427],[-9.52085,51.42746],[-9.52181,51.42796],[-9.52214,51.42836],[-9.52551,51.42759],[-9.52645,51.4278],[-9.52492,51.42906],[-9.52159,51.43092],[-9.52207,51.43124],[-9.52068,51.43207],[-9.52084,51.43227],[-9.52157,51.43251],[-9.51746,51.43391],[-9.51763,51.43486],[-9.51764,51.43507],[-9.51662,51.43589],[-9.51627,51.4363],[-9.51596,51.43658],[-9.51574,51.43701],[-9.51339,51.43846],[-9.51426,51.43842],[-9.51577,51.43812],[-9.51597,51.43817],[-9.51243,51.43878],[-9.51088,51.43962],[-9.50973,51.44011],[-9.50948,51.44168],[-9.50518,51.44274],[-9.50417,51.44213],[-9.50411,51.44175],[-9.50415,51.44148],[-9.50397,51.44094],[-9.50501,51.44054],[-9.50592,51.44102],[-9.50429,51.44085],[-9.50449,51.43945],[-9.50296,51.44132],[-9.50197,51.44203],[-9.5015,51.44265],[-9.50057,51.44321],[-9.49987,51.4429],[-9.49745,51.44383],[-9.49824,51.4447],[-9.49683,51.44471],[-9.49504,51.44545],[-9.4947,51.44655],[-9.49301,51.44676],[-9.48941,51.44777],[-9.48775,51.4487],[-9.48649,51.44983],[-9.48671,51.45032],[-9.48154,51.45157],[-9.47727,51.4529],[-9.47723,51.45249],[-9.472,51.45331],[-9.4694,51.45298],[-9.46922,51.45283],[-9.46809,51.45263],[-9.46674,51.4534]],[[-9.44046,51.45385],[-9.44072,51.45338],[-9.44097,51.45355],[-9.44308,51.45203],[-9.44417,51.45194],[-9.44237,51.45287],[-9.44356,51.45279],[-9.44317,51.45313],[-9.44119,51.45385],[-9.44046,51.45385]],[[-9.44119,51.45403],[-9.44201,51.45373],[-9.44096,51.45415],[-9.44119,51.45403]],[[-9.45321,51.45409],[-9.45501,51.45382],[-9.45423,51.45409],[-9.45321,51.45409]],[[-9.44146,51.45406],[-9.44285,51.45365],[-9.4421,51.45422],[-9.44191,51.45398],[-9.44083,51.45434],[-9.44146,51.45406]],[[-9.45466,51.45435],[-9.45586,51.45415],[-9.45495,51.45436],[-9.45466,51.45435]],[[-9.44124,51.45451],[-9.44183,51.4543],[-9.4411,51.4546],[-9.44124,51.45451]],[[-9.44163,51.45456],[-9.44173,51.45454],[-9.44132,51.45469],[-9.44163,51.45456]],[[-9.45498,51.45452],[-9.45512,51.45452],[-9.45487,51.4546],[-9.45498,51.45452]],[[-9.4415,51.45483],[-9.44337,51.45417],[-9.44251,51.45466],[-9.4415,51.45483]],[[-9.42298,51.45526],[-9.42447,51.45466],[-9.4229,51.45547],[-9.42298,51.45526]],[[-9.45507,51.45521],[-9.45555,51.45483],[-9.45484,51.45484],[-9.45553,51.45451],[-9.45662,51.45471],[-9.45507,51.45521]],[[-9.45563,51.45529],[-9.45618,51.45505],[-9.45613,51.45519],[-9.45563,51.45529]],[[-9.48111,51.45544],[-9.48239,51.45487],[-9.4825,51.4551],[-9.48392,51.455],[-9.48242,51.45539],[-9.48221,51.45519],[-9.4823,51.4555],[-9.48167,51.45551],[-9.48111,51.45544]],[[-9.42208,51.45809],[-9.42239,51.45747],[-9.42248,51.45768],[-9.42208,51.45809]],[[-9.34114,51.4646],[-9.34161,51.46408],[-9.33994,51.46446],[-9.34047,51.46371],[-9.34234,51.46305],[-9.34209,51.46282],[-9.34274,51.4623],[-9.344,51.46171],[-9.34469,51.46175],[-9.34508,51.46202],[-9.34452,51.46224],[-9.34501,51.46232],[-9.34496,51.46265],[-9.34527,51.46227],[-9.34746,51.46177],[-9.34612,51.46277],[-9.34456,51.46307],[-9.34291,51.46387],[-9.34376,51.46387],[-9.34114,51.4646]],[[-9.2243,51.4665],[-9.22483,51.46635],[-9.22496,51.46641],[-9.2243,51.4665]],[[-9.73897,51.46042],[-9.73963,51.46007],[-9.73993,51.46008],[-9.73968,51.46035],[-9.74016,51.46032],[-9.73854,51.46075],[-9.73897,51.46042]],[[-9.225,51.46716],[-9.22538,51.46712],[-9.22349,51.46759],[-9.225,51.46716]],[[-9.22326,51.46795],[-9.22478,51.4675],[-9.22487,51.46751],[-9.22326,51.46795]],[[-9.72907,51.4617],[-9.72987,51.46113],[-9.73025,51.46124],[-9.72907,51.4617]],[[-9.22267,51.46865],[-9.22524,51.46808],[-9.22304,51.46883],[-9.22267,51.46865]],[[-9.22377,51.46907],[-9.22429,51.46897],[-9.22403,51.46906],[-9.22377,51.46907]],[[-9.22327,51.46896],[-9.22468,51.46867],[-9.2228,51.46918],[-9.22327,51.46896]],[[-9.81998,51.46002],[-9.82104,51.45967],[-9.82122,51.46002],[-9.82017,51.46079],[-9.82118,51.46109],[-9.82107,51.46143],[-9.81892,51.46253],[-9.81926,51.46119],[-9.81998,51.46002]],[[-9.70358,51.46925],[-9.70467,51.46894],[-9.70343,51.46964],[-9.70358,51.46925]],[[-9.73174,51.4704],[-9.73347,51.46996],[-9.73135,51.47064],[-9.73174,51.4704]],[[-9.51458,51.47713],[-9.51342,51.47491],[-9.51568,51.47244],[-9.51807,51.47184],[-9.52098,51.4715],[-9.52203,51.4717],[-9.52215,51.47192],[-9.52119,51.47234],[-9.52194,51.4722],[-9.52181,51.47277],[-9.51987,51.4735],[-9.5221,51.47294],[-9.52218,51.47317],[-9.52282,51.47306],[-9.52122,51.47363],[-9.52201,51.47359],[-9.521,51.47446],[-9.52161,51.47459],[-9.52037,51.47543],[-9.51752,51.47645],[-9.51921,51.47612],[-9.51897,51.47632],[-9.51632,51.47706],[-9.51458,51.47713]],[[-9.41493,51.48002],[-9.41623,51.47974],[-9.41613,51.47991],[-9.41673,51.47989],[-9.41653,51.4803],[-9.41541,51.48038],[-9.41492,51.48033],[-9.41493,51.48002]],[[-9.48637,51.47975],[-9.48679,51.4794],[-9.48701,51.47951],[-9.48637,51.47975]],[[-9.50145,51.48132],[-9.50084,51.47989],[-9.50159,51.4792],[-9.50137,51.47825],[-9.50255,51.47694],[-9.50299,51.47669],[-9.50352,51.47681],[-9.50321,51.47637],[-9.50385,51.47562],[-9.50472,51.47531],[-9.50567,51.47543],[-9.50473,51.47598],[-9.50673,51.47559],[-9.50529,51.47643],[-9.5066,51.4763],[-9.50553,51.47668],[-9.50639,51.47658],[-9.50596,51.47707],[-9.50685,51.47705],[-9.50631,51.47752],[-9.50717,51.47799],[-9.50738,51.47854],[-9.51019,51.47845],[-9.51054,51.47884],[-9.50936,51.47917],[-9.50952,51.47948],[-9.51098,51.47897],[-9.51139,51.47908],[-9.50839,51.4804],[-9.50823,51.47989],[-9.50785,51.4806],[-9.5054,51.48157],[-9.50175,51.48203],[-9.50106,51.48187],[-9.50145,51.48132]],[[-9.82333,51.47749],[-9.82435,51.47687],[-9.82447,51.47714],[-9.82476,51.47702],[-9.8237,51.47782],[-9.82333,51.47749]],[[-9.49124,51.48461],[-9.49362,51.48395],[-9.49209,51.485],[-9.49123,51.48515],[-9.49124,51.48461]],[[-9.6153,51.4835],[-9.61596,51.48291],[-9.61704,51.48317],[-9.61683,51.48345],[-9.61726,51.48349],[-9.61662,51.48406],[-9.61514,51.48414],[-9.61459,51.48407],[-9.61448,51.48361],[-9.6153,51.4835]],[[-9.83753,51.48113],[-9.83848,51.48078],[-9.83973,51.48094],[-9.83798,51.4812],[-9.83753,51.48113]],[[-9.48498,51.48645],[-9.48484,51.48572],[-9.48407,51.48576],[-9.48482,51.48414],[-9.484,51.48366],[-9.48321,51.48375],[-9.48332,51.4824],[-9.48229,51.48166],[-9.48133,51.48164],[-9.48229,51.48102],[-9.48514,51.48034],[-9.48485,51.48046],[-9.48613,51.48081],[-9.48606,51.48134],[-9.48658,51.48123],[-9.48682,51.48177],[-9.48724,51.48171],[-9.48722,51.48104],[-9.48676,51.4809],[-9.48743,51.48047],[-9.48637,51.48066],[-9.48618,51.48029],[-9.48946,51.47971],[-9.48943,51.48045],[-9.49025,51.48038],[-9.49084,51.48058],[-9.49037,51.48083],[-9.49115,51.48072],[-9.49122,51.48099],[-9.49188,51.48102],[-9.49121,51.48136],[-9.49238,51.48137],[-9.49135,51.48207],[-9.49215,51.48196],[-9.49189,51.48248],[-9.49234,51.48246],[-9.49249,51.4828],[-9.49109,51.48316],[-9.49064,51.48357],[-9.4927,51.48298],[-9.49135,51.48364],[-9.493,51.4832],[-9.49224,51.4837],[-9.4928,51.4836],[-9.49073,51.48471],[-9.48976,51.48447],[-9.48939,51.48548],[-9.4886,51.48571],[-9.4896,51.48561],[-9.48893,51.48596],[-9.48959,51.48587],[-9.48932,51.486],[-9.48815,51.48633],[-9.48777,51.48618],[-9.48814,51.48589],[-9.48739,51.48603],[-9.48732,51.48579],[-9.48613,51.4864],[-9.48508,51.48664],[-9.48498,51.48645]],[[-9.60133,51.48366],[-9.60296,51.48319],[-9.60406,51.48361],[-9.60428,51.48395],[-9.60346,51.48431],[-9.60406,51.48436],[-9.60379,51.48446],[-9.60425,51.48473],[-9.60181,51.48563],[-9.60162,51.4854],[-9.60132,51.48458],[-9.60182,51.48404],[-9.60133,51.48366]],[[-9.63955,51.48647],[-9.64048,51.48624],[-9.64006,51.48673],[-9.63966,51.48682],[-9.63955,51.48647]],[[-9.41101,51.48983],[-9.4123,51.48961],[-9.41078,51.49009],[-9.41101,51.48983]],[[-9.40961,51.49024],[-9.40956,51.49001],[-9.40996,51.49015],[-9.40961,51.49024]],[[-9.41751,51.4901],[-9.41798,51.48988],[-9.41759,51.49027],[-9.41751,51.4901]],[[-9.58058,51.48786],[-9.58129,51.48735],[-9.58169,51.4875],[-9.57883,51.48853],[-9.57902,51.48801],[-9.58058,51.48786]],[[-9.40785,51.49102],[-9.40773,51.49005],[-9.4026,51.49104],[-9.40182,51.49023],[-9.39948,51.48993],[-9.39919,51.48913],[-9.39866,51.48753],[-9.39893,51.48626],[-9.39869,51.48574],[-9.39929,51.48534],[-9.39961,51.48487],[-9.40008,51.48453],[-9.40111,51.484],[-9.40179,51.48269],[-9.40149,51.48171],[-9.40022,51.48055],[-9.40109,51.47943],[-9.40037,51.47907],[-9.40099,51.47824],[-9.39862,51.47714],[-9.39949,51.47647],[-9.39643,51.47644],[-9.39634,51.4757],[-9.39614,51.47456],[-9.39541,51.47404],[-9.39379,51.47345],[-9.39377,51.47255],[-9.39683,51.47115],[-9.39795,51.47124],[-9.39796,51.4723],[-9.40057,51.47352],[-9.40164,51.47212],[-9.40068,51.4714],[-9.40025,51.47079],[-9.39869,51.47038],[-9.39919,51.46789],[-9.40051,51.46771],[-9.40179,51.4677],[-9.40327,51.46667],[-9.40558,51.46523],[-9.40685,51.46595],[-9.409,51.46415],[-9.41028,51.46302],[-9.41442,51.46178],[-9.41897,51.46001],[-9.41938,51.46059],[-9.42236,51.459],[-9.42351,51.45576],[-9.42724,51.45497],[-9.4325,51.45279],[-9.4351,51.4531],[-9.43574,51.45388],[-9.43698,51.454],[-9.43687,51.45567],[-9.43629,51.45659],[-9.43715,51.45681],[-9.43543,51.45872],[-9.43804,51.45767],[-9.4371,51.45909],[-9.43413,51.46109],[-9.43645,51.46054],[-9.43685,51.46102],[-9.4377,51.46122],[-9.43876,51.46137],[-9.43857,51.46183],[-9.43837,51.46265],[-9.43585,51.46362],[-9.43466,51.46305],[-9.42764,51.46522],[-9.42405,51.46567],[-9.4226,51.46765],[-9.42467,51.46792],[-9.42549,51.46803],[-9.42257,51.47005],[-9.42108,51.47228],[-9.42392,51.47155],[-9.42205,51.4729],[-9.42365,51.47267],[-9.42702,51.47381],[-9.42767,51.47383],[-9.42838,51.47376],[-9.43012,51.47403],[-9.43177,51.47395],[-9.43217,51.47384],[-9.43187,51.47485],[-9.43175,51.47517],[-9.43232,51.47529],[-9.43092,51.47597],[-9.43382,51.47608],[-9.43507,51.47648],[-9.43165,51.47778],[-9.43059,51.47739],[-9.42927,51.47756],[-9.42656,51.47814],[-9.42338,51.47851],[-9.42011,51.47938],[-9.41862,51.47833],[-9.41639,51.47765],[-9.41902,51.47542],[-9.41768,51.47247],[-9.41211,51.47222],[-9.41202,51.47143],[-9.4099,51.47139],[-9.40843,51.47279],[-9.40671,51.47469],[-9.40761,51.47555],[-9.40971,51.47691],[-9.41069,51.47748],[-9.41309,51.47772],[-9.41436,51.47758],[-9.41604,51.47855],[-9.41476,51.48019],[-9.41443,51.48111],[-9.41483,51.48169],[-9.41489,51.48216],[-9.41295,51.48213],[-9.41197,51.48407],[-9.4133,51.4847],[-9.41387,51.48425],[-9.41513,51.48496],[-9.41654,51.48463],[-9.41626,51.48566],[-9.41604,51.48593],[-9.41483,51.48668],[-9.41637,51.4867],[-9.41468,51.48741],[-9.41205,51.48848],[-9.41273,51.48893],[-9.40912,51.49082],[-9.40785,51.49102]],[[-9.41591,51.49076],[-9.41694,51.49033],[-9.41699,51.49066],[-9.41632,51.49101],[-9.41591,51.49076]],[[-9.40768,51.49143],[-9.40935,51.49113],[-9.40942,51.49138],[-9.40847,51.49149],[-9.40768,51.49143]],[[-9.59707,51.4899],[-9.59734,51.48968],[-9.59693,51.48975],[-9.5974,51.48943],[-9.59633,51.48978],[-9.59697,51.48926],[-9.5962,51.48929],[-9.59675,51.48897],[-9.59612,51.48908],[-9.59675,51.48884],[-9.59631,51.4887],[-9.59722,51.48821],[-9.5969,51.48815],[-9.59722,51.48777],[-9.59821,51.48759],[-9.59787,51.48791],[-9.59827,51.48817],[-9.59868,51.48782],[-9.59961,51.48763],[-9.59975,51.48784],[-9.60134,51.48728],[-9.60128,51.48834],[-9.60217,51.4874],[-9.60171,51.48596],[-9.60409,51.48512],[-9.60448,51.48522],[-9.60432,51.4858],[-9.60467,51.48548],[-9.60494,51.48575],[-9.60446,51.4861],[-9.6051,51.48622],[-9.60436,51.48679],[-9.6045,51.48738],[-9.60402,51.48756],[-9.60452,51.4876],[-9.60397,51.48819],[-9.60446,51.48834],[-9.60349,51.48842],[-9.60298,51.48884],[-9.60127,51.48886],[-9.60128,51.48854],[-9.60076,51.48882],[-9.6001,51.48866],[-9.59707,51.4899]],[[-9.41032,51.49259],[-9.41058,51.49241],[-9.41025,51.49252],[-9.41009,51.49228],[-9.41099,51.49178],[-9.41094,51.49225],[-9.41182,51.49202],[-9.41198,51.49229],[-9.41073,51.49291],[-9.41032,51.49259]],[[-9.41496,51.493],[-9.41574,51.49258],[-9.41525,51.49303],[-9.41496,51.493]],[[-9.41454,51.49115],[-9.41566,51.4909],[-9.41593,51.49114],[-9.41512,51.49229],[-9.41405,51.49311],[-9.41391,51.49281],[-9.41346,51.49267],[-9.41393,51.49226],[-9.41348,51.49197],[-9.41454,51.49115]],[[-9.2677,51.49464],[-9.26829,51.49447],[-9.26822,51.49484],[-9.26731,51.49521],[-9.2677,51.49464]],[[-9.4147,51.49373],[-9.41599,51.49286],[-9.4157,51.49334],[-9.4147,51.49373]],[[-9.28911,51.49375],[-9.28996,51.49323],[-9.29018,51.49337],[-9.29062,51.49225],[-9.29256,51.49291],[-9.29308,51.49415],[-9.29237,51.49479],[-9.29021,51.49537],[-9.28905,51.49445],[-9.28911,51.49375]],[[-9.63084,51.49071],[-9.63248,51.49048],[-9.632,51.49093],[-9.62954,51.49133],[-9.63084,51.49071]],[[-9.58438,51.4918],[-9.58542,51.49163],[-9.584,51.49226],[-9.58386,51.49202],[-9.58438,51.4918]],[[-9.58505,51.49201],[-9.58766,51.49165],[-9.586,51.49237],[-9.58605,51.49199],[-9.58559,51.49199],[-9.58451,51.49247],[-9.58505,51.49201]],[[-9.40735,51.495],[-9.40757,51.49482],[-9.40707,51.49487],[-9.40672,51.49451],[-9.40716,51.49362],[-9.40785,51.49326],[-9.40774,51.49295],[-9.40962,51.49216],[-9.40994,51.49356],[-9.40941,51.49439],[-9.40825,51.49497],[-9.40719,51.49518],[-9.40735,51.495]],[[-9.40328,51.49491],[-9.40391,51.49434],[-9.40448,51.49448],[-9.40479,51.49504],[-9.40401,51.49525],[-9.40328,51.49491]],[[-9.39659,51.49567],[-9.39811,51.49509],[-9.39703,51.49601],[-9.39659,51.49567]],[[-9.50225,51.49501],[-9.50512,51.49439],[-9.50435,51.49488],[-9.50225,51.49501]],[[-9.49949,51.49549],[-9.50211,51.49499],[-9.49952,51.49574],[-9.49949,51.49549]],[[-9.50509,51.49624],[-9.50536,51.49579],[-9.5049,51.49585],[-9.50603,51.49494],[-9.50559,51.4949],[-9.50671,51.49427],[-9.50885,51.49432],[-9.50792,51.49454],[-9.50897,51.49504],[-9.50811,51.49533],[-9.50866,51.4954],[-9.50509,51.49624]],[[-9.50091,51.49686],[-9.50106,51.49681],[-9.50118,51.49685],[-9.50091,51.49686]],[[-9.50103,51.49726],[-9.50218,51.49661],[-9.50223,51.49689],[-9.50103,51.49726]],[[-9.49852,51.49771],[-9.50041,51.49706],[-9.50015,51.49747],[-9.49852,51.49771]],[[-9.44829,51.49824],[-9.44925,51.49773],[-9.44964,51.49816],[-9.45021,51.49777],[-9.45102,51.49786],[-9.45106,51.49824],[-9.4495,51.49869],[-9.44955,51.49839],[-9.44829,51.49824]],[[-9.63602,51.49594],[-9.63716,51.49539],[-9.63824,51.49539],[-9.63773,51.49624],[-9.63645,51.49647],[-9.63602,51.49594]],[[-9.30049,51.50102],[-9.30206,51.50088],[-9.30218,51.50114],[-9.3008,51.50177],[-9.3004,51.50148],[-9.30008,51.50126],[-9.30049,51.50102]],[[-9.29892,51.502],[-9.30065,51.50181],[-9.3008,51.50224],[-9.29898,51.50238],[-9.29892,51.502]],[[-9.42466,51.50077],[-9.42482,51.50007],[-9.42405,51.50001],[-9.42341,51.50034],[-9.42326,51.50015],[-9.42414,51.49951],[-9.4233,51.4994],[-9.42358,51.49834],[-9.42484,51.49765],[-9.42537,51.49791],[-9.42591,51.49665],[-9.42869,51.49553],[-9.43072,51.49533],[-9.43215,51.49418],[-9.43228,51.49363],[-9.43183,51.4931],[-9.43142,51.49298],[-9.43084,51.49335],[-9.43092,51.49257],[-9.43049,51.49222],[-9.42973,51.4924],[-9.43056,51.49171],[-9.43043,51.49129],[-9.42902,51.4914],[-9.42868,51.49102],[-9.42911,51.49047],[-9.42852,51.49017],[-9.42918,51.48961],[-9.42859,51.48951],[-9.42939,51.48908],[-9.42937,51.48823],[-9.4301,51.48772],[-9.43045,51.48798],[-9.43097,51.48733],[-9.43128,51.48802],[-9.43202,51.48738],[-9.4323,51.48755],[-9.43243,51.48719],[-9.43321,51.48703],[-9.43303,51.4874],[-9.43393,51.48686],[-9.43441,51.48719],[-9.43499,51.48705],[-9.4351,51.4876],[-9.43648,51.48743],[-9.43575,51.48815],[-9.43653,51.48794],[-9.43585,51.48848],[-9.43676,51.48829],[-9.43571,51.48861],[-9.43536,51.48907],[-9.43676,51.48916],[-9.435,51.49007],[-9.43548,51.49049],[-9.4365,51.49017],[-9.43599,51.49042],[-9.43608,51.49102],[-9.43546,51.49107],[-9.43474,51.49196],[-9.43495,51.49217],[-9.43712,51.49181],[-9.439,51.492],[-9.43876,51.49276],[-9.43979,51.49285],[-9.44008,51.49332],[-9.44394,51.49277],[-9.44361,51.49207],[-9.4439,51.49178],[-9.44452,51.49158],[-9.44511,51.492],[-9.4455,51.49189],[-9.44537,51.49142],[-9.44781,51.48998],[-9.45182,51.48926],[-9.45374,51.49082],[-9.45338,51.48923],[-9.45542,51.48877],[-9.45613,51.489],[-9.45512,51.48975],[-9.4557,51.49001],[-9.45492,51.4905],[-9.45556,51.49068],[-9.45403,51.49124],[-9.45461,51.49188],[-9.45584,51.49136],[-9.45546,51.49208],[-9.45629,51.49192],[-9.45484,51.49246],[-9.45469,51.49317],[-9.45518,51.49324],[-9.45412,51.4938],[-9.45472,51.49385],[-9.45205,51.49487],[-9.45046,51.49494],[-9.45011,51.49513],[-9.45053,51.49554],[-9.44956,51.49601],[-9.44988,51.49607],[-9.44884,51.49627],[-9.4492,51.49645],[-9.44604,51.4969],[-9.44582,51.49743],[-9.44522,51.49757],[-9.44559,51.49698],[-9.4444,51.49394],[-9.44339,51.4934],[-9.44332,51.49368],[-9.44391,51.49378],[-9.44377,51.49414],[-9.44415,51.49414],[-9.44354,51.49485],[-9.44449,51.49589],[-9.44059,51.49777],[-9.43962,51.49795],[-9.43954,51.49772],[-9.43895,51.49777],[-9.43902,51.49853],[-9.43789,51.49902],[-9.43835,51.49938],[-9.43793,51.49962],[-9.43671,51.49996],[-9.43553,51.49977],[-9.43172,51.50039],[-9.42795,51.5002],[-9.42727,51.50075],[-9.42572,51.50114],[-9.42466,51.50077]],[[-9.43855,51.50042],[-9.44023,51.49957],[-9.4404,51.49979],[-9.44176,51.49958],[-9.44104,51.49995],[-9.44109,51.50064],[-9.43746,51.50139],[-9.43645,51.50118],[-9.43708,51.50065],[-9.43855,51.50042]],[[-9.1783,51.50543],[-9.17944,51.50506],[-9.18,51.50507],[-9.1783,51.50543]],[[-9.5861,51.50148],[-9.58761,51.50094],[-9.58819,51.50104],[-9.58818,51.50152],[-9.5861,51.50148]],[[-9.57163,51.50085],[-9.57228,51.50048],[-9.57356,51.50038],[-9.57298,51.50069],[-9.57391,51.50062],[-9.57345,51.50083],[-9.57459,51.50114],[-9.57433,51.5016],[-9.57299,51.50226],[-9.57185,51.5024],[-9.57205,51.50209],[-9.57101,51.50131],[-9.57196,51.50122],[-9.57163,51.50085]],[[-9.68171,51.50086],[-9.68272,51.50034],[-9.68325,51.50044],[-9.68402,51.50012],[-9.68384,51.50041],[-9.68439,51.50035],[-9.68285,51.50102],[-9.68192,51.50105],[-9.68171,51.50086]],[[-9.45612,51.50418],[-9.45578,51.50377],[-9.45507,51.50392],[-9.45669,51.50317],[-9.45588,51.50279],[-9.45812,51.50179],[-9.45863,51.50189],[-9.46543,51.5004],[-9.46602,51.50072],[-9.46498,51.50117],[-9.46629,51.50097],[-9.46428,51.50157],[-9.46344,51.50145],[-9.46356,51.50165],[-9.46115,51.50228],[-9.46131,51.50297],[-9.46333,51.5028],[-9.46133,51.5036],[-9.45614,51.50517],[-9.45459,51.50508],[-9.45612,51.50418]],[[-9.53569,51.50431],[-9.53501,51.50399],[-9.53398,51.50419],[-9.53727,51.503],[-9.53589,51.50327],[-9.53795,51.50276],[-9.53754,51.5027],[-9.53885,51.50211],[-9.54027,51.50183],[-9.53994,51.50164],[-9.54031,51.50145],[-9.53966,51.50158],[-9.5403,51.50133],[-9.539,51.50146],[-9.54294,51.50044],[-9.54199,51.50054],[-9.54418,51.49975],[-9.54484,51.49909],[-9.5458,51.49876],[-9.54507,51.49875],[-9.54677,51.49802],[-9.54757,51.49793],[-9.54729,51.49833],[-9.54802,51.49795],[-9.5474,51.49844],[-9.54778,51.49875],[-9.54887,51.49819],[-9.54865,51.49871],[-9.55075,51.49777],[-9.55025,51.49818],[-9.55069,51.4981],[-9.55189,51.49726],[-9.55234,51.49723],[-9.55268,51.49788],[-9.55256,51.49633],[-9.5549,51.49535],[-9.5536,51.49543],[-9.55507,51.49382],[-9.556,51.49372],[-9.55537,51.49395],[-9.55616,51.49392],[-9.55634,51.4942],[-9.55774,51.49374],[-9.55726,51.49408],[-9.55944,51.49309],[-9.55983,51.49311],[-9.55962,51.49339],[-9.56051,51.49303],[-9.56074,51.49319],[-9.55935,51.49386],[-9.56001,51.49381],[-9.55963,51.49416],[-9.56008,51.49412],[-9.56011,51.4944],[-9.56415,51.49355],[-9.56376,51.49378],[-9.56474,51.49352],[-9.56449,51.49374],[-9.56514,51.49407],[-9.5656,51.49288],[-9.56516,51.49263],[-9.5663,51.49208],[-9.5654,51.49139],[-9.56685,51.49058],[-9.56972,51.4903],[-9.57013,51.49071],[-9.57053,51.49042],[-9.5704,51.49074],[-9.57096,51.49015],[-9.57309,51.48996],[-9.57122,51.49075],[-9.57247,51.49066],[-9.57204,51.49131],[-9.57309,51.49056],[-9.57409,51.49056],[-9.57337,51.49162],[-9.57445,51.492],[-9.57533,51.4916],[-9.5769,51.48933],[-9.57799,51.48902],[-9.57904,51.48917],[-9.57893,51.48871],[-9.57938,51.48847],[-9.58162,51.48807],[-9.5829,51.48841],[-9.58252,51.48876],[-9.58295,51.48878],[-9.58167,51.48948],[-9.58248,51.48966],[-9.58238,51.49002],[-9.58314,51.4899],[-9.58142,51.49052],[-9.58145,51.49077],[-9.58298,51.4905],[-9.58229,51.49125],[-9.58337,51.49086],[-9.58341,51.49107],[-9.58558,51.49073],[-9.58477,51.4911],[-9.58591,51.49085],[-9.58356,51.49192],[-9.58297,51.49179],[-9.58278,51.49215],[-9.57958,51.49335],[-9.57917,51.49308],[-9.57828,51.49323],[-9.57662,51.4928],[-9.57554,51.49318],[-9.57497,51.49308],[-9.57406,51.4937],[-9.57433,51.49349],[-9.57399,51.49336],[-9.57316,51.49372],[-9.57284,51.49438],[-9.56981,51.49506],[-9.56852,51.49597],[-9.56835,51.49575],[-9.56788,51.49636],[-9.56372,51.49783],[-9.56378,51.49804],[-9.56133,51.49913],[-9.55884,51.49894],[-9.5566,51.49931],[-9.55714,51.49907],[-9.55608,51.49896],[-9.55308,51.50083],[-9.55237,51.50072],[-9.55004,51.50155],[-9.5468,51.50202],[-9.54167,51.50354],[-9.53524,51.50464],[-9.53569,51.50431]],[[-9.43375,51.50665],[-9.4347,51.50604],[-9.4352,51.50622],[-9.43375,51.50665]],[[-9.18337,51.50951],[-9.1834,51.5093],[-9.1818,51.50939],[-9.18077,51.50942],[-9.18166,51.50896],[-9.18128,51.50874],[-9.17965,51.50904],[-9.18061,51.50866],[-9.17989,51.50831],[-9.18085,51.50787],[-9.1805,51.50779],[-9.18294,51.50652],[-9.18211,51.5066],[-9.18439,51.50588],[-9.18379,51.50622],[-9.18797,51.50565],[-9.18657,51.50711],[-9.188,51.50682],[-9.18649,51.50759],[-9.18495,51.50774],[-9.18449,51.50922],[-9.18337,51.50951]],[[-9.42901,51.50738],[-9.43148,51.50642],[-9.43145,51.50709],[-9.42901,51.50738]],[[-9.44449,51.50622],[-9.4437,51.50573],[-9.44144,51.50646],[-9.43993,51.50622],[-9.44019,51.50534],[-9.43948,51.50527],[-9.44108,51.50447],[-9.44097,51.50415],[-9.44146,51.50428],[-9.44263,51.50378],[-9.44464,51.50348],[-9.44435,51.50386],[-9.44482,51.50375],[-9.44485,51.50399],[-9.44599,51.50326],[-9.44715,51.5035],[-9.446,51.50389],[-9.44693,51.50377],[-9.44635,51.50398],[-9.44734,51.50378],[-9.44666,51.50398],[-9.44964,51.50396],[-9.44556,51.50547],[-9.44578,51.50587],[-9.4466,51.50572],[-9.44651,51.50619],[-9.44765,51.50543],[-9.44889,51.50508],[-9.45115,51.50472],[-9.45097,51.50491],[-9.45179,51.50501],[-9.451,51.50546],[-9.45186,51.50561],[-9.45079,51.50593],[-9.45105,51.50611],[-9.45062,51.50633],[-9.44464,51.50749],[-9.44426,51.50751],[-9.44384,51.507],[-9.44449,51.50622]],[[-9.18557,51.51106],[-9.18701,51.51063],[-9.18683,51.51088],[-9.18557,51.51106]],[[-9.67002,51.50534],[-9.67061,51.50499],[-9.67048,51.50584],[-9.67081,51.50602],[-9.67029,51.506],[-9.67002,51.50534]],[[-9.12364,51.51522],[-9.12416,51.51477],[-9.12264,51.51483],[-9.12349,51.51355],[-9.12534,51.51318],[-9.12488,51.51358],[-9.12628,51.51379],[-9.12463,51.51438],[-9.12495,51.51452],[-9.12466,51.51501],[-9.12364,51.51522]],[[-9.1699,51.51423],[-9.17067,51.51358],[-9.17071,51.514],[-9.17168,51.5139],[-9.17179,51.51429],[-9.17065,51.51498],[-9.16984,51.51481],[-9.1699,51.51423]],[[-9.63992,51.51031],[-9.63836,51.51019],[-9.64036,51.51018],[-9.64159,51.51048],[-9.63992,51.51031]],[[-9.77693,51.50859],[-9.77784,51.50845],[-9.77761,51.50878],[-9.77688,51.50882],[-9.77693,51.50859]],[[-9.49237,51.51162],[-9.49314,51.51073],[-9.49432,51.5103],[-9.49452,51.50979],[-9.49715,51.50899],[-9.49649,51.50933],[-9.49659,51.50959],[-9.49781,51.51034],[-9.50042,51.51031],[-9.50077,51.50981],[-9.50241,51.50903],[-9.50317,51.50788],[-9.50315,51.5064],[-9.5026,51.50585],[-9.50367,51.50531],[-9.50261,51.50525],[-9.50371,51.50442],[-9.50294,51.50438],[-9.50357,51.5039],[-9.50293,51.50403],[-9.50405,51.50322],[-9.50495,51.50291],[-9.50497,51.50335],[-9.50613,51.50277],[-9.50584,51.50294],[-9.50659,51.50283],[-9.50632,51.50301],[-9.50684,51.50316],[-9.50793,51.50262],[-9.50886,51.50267],[-9.50713,51.50333],[-9.50818,51.50332],[-9.50694,51.504],[-9.50802,51.5037],[-9.50774,51.50414],[-9.50859,51.50389],[-9.50809,51.50424],[-9.50854,51.50417],[-9.50844,51.50455],[-9.50906,51.50441],[-9.50858,51.50466],[-9.51257,51.50421],[-9.51212,51.50471],[-9.5108,51.50503],[-9.51176,51.50499],[-9.51083,51.5055],[-9.51141,51.50561],[-9.51092,51.50581],[-9.511,51.50624],[-9.51187,51.50612],[-9.51123,51.50642],[-9.5114,51.50677],[-9.51189,51.50669],[-9.51142,51.50687],[-9.51201,51.50722],[-9.50964,51.5086],[-9.5087,51.50865],[-9.50653,51.50961],[-9.50595,51.50948],[-9.50466,51.51031],[-9.50064,51.51139],[-9.50029,51.51125],[-9.49978,51.5117],[-9.49669,51.51209],[-9.49377,51.5131],[-9.49221,51.51318],[-9.49177,51.51269],[-9.49237,51.51162]],[[-9.12952,51.51527],[-9.13036,51.51492],[-9.1296,51.51501],[-9.13127,51.51437],[-9.13053,51.51487],[-9.13127,51.515],[-9.12997,51.51536],[-9.13016,51.51558],[-9.12968,51.51582],[-9.13042,51.51673],[-9.1287,51.51752],[-9.12929,51.51612],[-9.12881,51.51611],[-9.12964,51.51566],[-9.12952,51.51527]],[[-9.64698,51.51264],[-9.64804,51.51252],[-9.64722,51.51281],[-9.64664,51.51298],[-9.64698,51.51264]],[[-9.4243,51.51604],[-9.42613,51.51544],[-9.42649,51.51547],[-9.42576,51.51586],[-9.4243,51.51604]],[[-9.15761,51.51897],[-9.1582,51.51871],[-9.15912,51.51903],[-9.15828,51.51931],[-9.15761,51.51897]],[[-9.76976,51.51431],[-9.77399,51.51291],[-9.77373,51.51336],[-9.77444,51.51319],[-9.77303,51.51445],[-9.77224,51.51447],[-9.77161,51.51464],[-9.76976,51.51431]],[[-9.45928,51.52068],[-9.45806,51.5201],[-9.45736,51.52018],[-9.45743,51.5191],[-9.45922,51.51751],[-9.45972,51.51746],[-9.45953,51.51704],[-9.46227,51.51598],[-9.46207,51.51551],[-9.46379,51.51524],[-9.46581,51.51354],[-9.46593,51.51386],[-9.46636,51.51347],[-9.46753,51.5133],[-9.46785,51.51348],[-9.47008,51.51272],[-9.47038,51.51327],[-9.47319,51.5139],[-9.47736,51.51143],[-9.47933,51.51157],[-9.47905,51.51207],[-9.4801,51.51191],[-9.47985,51.51217],[-9.48036,51.51277],[-9.47981,51.51306],[-9.48077,51.51386],[-9.48027,51.51428],[-9.48039,51.51511],[-9.47885,51.51564],[-9.47557,51.51593],[-9.47538,51.51634],[-9.47549,51.51578],[-9.47401,51.51548],[-9.47144,51.51717],[-9.46949,51.51784],[-9.46465,51.51845],[-9.45928,51.52068]],[[-9.12962,51.527],[-9.13037,51.52679],[-9.13044,51.52723],[-9.1302,51.5275],[-9.12962,51.527]],[[-9.12938,51.52749],[-9.1298,51.52739],[-9.12993,51.52751],[-9.12938,51.52749]],[[-8.95126,51.52941],[-8.95237,51.52875],[-8.95169,51.52929],[-8.95126,51.52941]],[[-9.11433,51.53125],[-9.11399,51.53102],[-9.11325,51.53104],[-9.11313,51.53081],[-9.11407,51.53069],[-9.11491,51.53099],[-9.11543,51.53065],[-9.11508,51.531],[-9.11594,51.53125],[-9.11478,51.53128],[-9.11405,51.5314],[-9.11433,51.53125]],[[-9.12215,51.53131],[-9.12152,51.53096],[-9.11991,51.53139],[-9.11935,51.53079],[-9.11826,51.5311],[-9.11716,51.53052],[-9.11834,51.53016],[-9.11971,51.53058],[-9.1202,51.53022],[-9.12072,51.53037],[-9.12155,51.52994],[-9.12134,51.52965],[-9.12191,51.5295],[-9.12189,51.52921],[-9.123,51.52934],[-9.1231,51.52903],[-9.12369,51.52901],[-9.12527,51.52973],[-9.12498,51.52994],[-9.12549,51.53027],[-9.12485,51.53052],[-9.12537,51.53048],[-9.12535,51.53072],[-9.12365,51.53135],[-9.12215,51.53131]],[[-9.69994,51.52899],[-9.70224,51.52828],[-9.70192,51.52878],[-9.70083,51.52892],[-9.69994,51.52899]],[[-9.69691,51.52982],[-9.69759,51.52958],[-9.69671,51.53023],[-9.69691,51.52982]],[[-9.42253,51.53483],[-9.4237,51.53432],[-9.42403,51.53437],[-9.42297,51.53494],[-9.42253,51.53483]],[[-9.42167,51.53646],[-9.42208,51.53591],[-9.42266,51.53601],[-9.42262,51.5366],[-9.42197,51.53696],[-9.42167,51.53646]],[[-9.10032,51.54121],[-9.1,51.54095],[-9.09884,51.54116],[-9.09954,51.5409],[-9.09961,51.54062],[-9.09888,51.54068],[-9.09955,51.54026],[-9.10133,51.54015],[-9.10091,51.54036],[-9.10194,51.54032],[-9.10228,51.54074],[-9.10296,51.5406],[-9.10211,51.54107],[-9.10032,51.54121]],[[-9.4172,51.53877],[-9.41645,51.53843],[-9.41637,51.53767],[-9.41741,51.53723],[-9.41754,51.53672],[-9.41993,51.53578],[-9.42012,51.53629],[-9.42081,51.53599],[-9.421,51.53681],[-9.42057,51.5376],[-9.41887,51.53821],[-9.41883,51.53849],[-9.41773,51.53848],[-9.4172,51.53877]],[[-9.41387,51.53929],[-9.41427,51.5389],[-9.41496,51.53915],[-9.41438,51.53995],[-9.41499,51.54018],[-9.41429,51.54042],[-9.41418,51.54023],[-9.41387,51.53929]],[[-9.66078,51.54125],[-9.66164,51.54105],[-9.66201,51.54106],[-9.66071,51.54161],[-9.66078,51.54125]],[[-9.06414,51.54962],[-9.06491,51.5492],[-9.06511,51.54956],[-9.06414,51.54962]],[[-9.04929,51.55044],[-9.04997,51.55041],[-9.04652,51.55098],[-9.04929,51.55044]],[[-9.42205,51.54805],[-9.42309,51.54747],[-9.42401,51.5477],[-9.4241,51.54818],[-9.42389,51.54893],[-9.42309,51.54904],[-9.42205,51.54805]],[[-9.42014,51.55095],[-9.42037,51.55029],[-9.41845,51.55068],[-9.41863,51.55015],[-9.41792,51.54956],[-9.41732,51.54811],[-9.41967,51.5481],[-9.42049,51.54868],[-9.42028,51.54946],[-9.42126,51.54907],[-9.42204,51.54961],[-9.42056,51.54995],[-9.42128,51.55038],[-9.4208,51.55078],[-9.42147,51.55116],[-9.42119,51.55149],[-9.4205,51.55145],[-9.42102,51.5514],[-9.42016,51.55113],[-9.42055,51.55094],[-9.42014,51.55095]],[[-9.45481,51.55205],[-9.45406,51.55226],[-9.45455,51.55187],[-9.45481,51.55205]],[[-9.44999,51.55481],[-9.45211,51.55447],[-9.45245,51.55488],[-9.45206,51.55564],[-9.44992,51.55618],[-9.4496,51.55605],[-9.44999,51.55481]],[[-9.6501,51.55788],[-9.65169,51.55784],[-9.65161,51.5582],[-9.64981,51.55844],[-9.64962,51.55811],[-9.6501,51.55788]],[[-9.65646,51.56016],[-9.65663,51.55998],[-9.65481,51.56005],[-9.65446,51.55976],[-9.6549,51.55954],[-9.65448,51.55948],[-9.65495,51.55869],[-9.65587,51.55819],[-9.65723,51.55827],[-9.65723,51.55855],[-9.65792,51.55828],[-9.66056,51.55855],[-9.66026,51.55895],[-9.66095,51.55908],[-9.66077,51.5593],[-9.6613,51.55924],[-9.65646,51.56016]],[[-9.67021,51.56049],[-9.67099,51.56027],[-9.67107,51.56065],[-9.67041,51.56092],[-9.66957,51.56075],[-9.67021,51.56049]],[[-8.75683,51.57174],[-8.75876,51.57153],[-8.75757,51.57207],[-8.75608,51.57195],[-8.75683,51.57174]],[[-9.66673,51.56304],[-9.66642,51.5626],[-9.66675,51.56236],[-9.66541,51.56201],[-9.66584,51.56185],[-9.66535,51.5617],[-9.66744,51.56095],[-9.6688,51.56081],[-9.6694,51.56116],[-9.67163,51.56111],[-9.67266,51.56156],[-9.67447,51.56141],[-9.67242,51.56253],[-9.67257,51.56269],[-9.67353,51.56227],[-9.67284,51.56276],[-9.672,51.56293],[-9.67221,51.56261],[-9.6704,51.56306],[-9.66929,51.56286],[-9.66841,51.56333],[-9.66558,51.56372],[-9.66452,51.56365],[-9.66673,51.56304]],[[-9.65648,51.5647],[-9.65717,51.56451],[-9.6564,51.56494],[-9.65648,51.5647]],[[-9.64416,51.56652],[-9.64506,51.56596],[-9.64536,51.5661],[-9.64491,51.56649],[-9.64416,51.56652]],[[-8.69891,51.57774],[-8.6994,51.57767],[-8.69951,51.57816],[-8.69873,51.57857],[-8.69877,51.57813],[-8.69891,51.57774]],[[-10.24764,51.57059],[-10.24827,51.57015],[-10.24802,51.57085],[-10.24764,51.57059]],[[-9.6612,51.5803],[-9.66314,51.57974],[-9.66168,51.58055],[-9.66,51.58126],[-9.66022,51.58078],[-9.6612,51.5803]],[[-10.16215,51.58153],[-10.16265,51.58082],[-10.16409,51.58105],[-10.16457,51.58047],[-10.16606,51.58038],[-10.16519,51.58111],[-10.16569,51.58135],[-10.16462,51.58304],[-10.16368,51.58319],[-10.16175,51.58234],[-10.1616,51.58155],[-10.16215,51.58153]],[[-9.63006,51.59426],[-9.63073,51.59354],[-9.63167,51.59354],[-9.63147,51.59406],[-9.63006,51.59426]],[[-9.55737,51.60813],[-9.55772,51.60808],[-9.55666,51.60905],[-9.55448,51.60952],[-9.55476,51.60895],[-9.55737,51.60813]],[[-10.15859,51.60279],[-10.15922,51.60143],[-10.15998,51.601],[-10.16104,51.60131],[-10.1602,51.60237],[-10.16153,51.60113],[-10.16245,51.60092],[-10.16168,51.60223],[-10.15994,51.60265],[-10.16093,51.60266],[-10.15904,51.60359],[-10.15872,51.60342],[-10.15894,51.60299],[-10.15959,51.6028],[-10.15859,51.60279]],[[-9.88709,51.61083],[-9.88782,51.61001],[-9.88901,51.61008],[-9.88813,51.61068],[-9.88709,51.61083]],[[-10.1627,51.61139],[-10.16013,51.60903],[-10.16084,51.60812],[-10.15802,51.60841],[-10.15687,51.60765],[-10.15707,51.60654],[-10.15771,51.60586],[-10.15736,51.60544],[-10.15764,51.60494],[-10.15913,51.6038],[-10.16173,51.60257],[-10.16285,51.60252],[-10.16284,51.60322],[-10.1642,51.60253],[-10.16504,51.60264],[-10.16472,51.60294],[-10.16515,51.60269],[-10.16555,51.60299],[-10.16735,51.60231],[-10.16849,51.60243],[-10.16836,51.60217],[-10.16985,51.60124],[-10.1735,51.60049],[-10.17342,51.60019],[-10.17455,51.59955],[-10.17424,51.59939],[-10.17578,51.59868],[-10.1785,51.5961],[-10.17963,51.59583],[-10.17933,51.59646],[-10.18085,51.59591],[-10.18297,51.59594],[-10.18305,51.59532],[-10.18382,51.59517],[-10.18411,51.59465],[-10.18516,51.59496],[-10.1849,51.59571],[-10.18656,51.59506],[-10.1882,51.59504],[-10.18842,51.59534],[-10.19067,51.59551],[-10.19118,51.59445],[-10.19412,51.59218],[-10.19482,51.59202],[-10.1945,51.59271],[-10.19479,51.59298],[-10.1972,51.59225],[-10.19882,51.5925],[-10.19865,51.59142],[-10.19897,51.5908],[-10.19993,51.59026],[-10.20305,51.58975],[-10.20317,51.59],[-10.20425,51.58946],[-10.20433,51.58992],[-10.20592,51.58911],[-10.20627,51.58939],[-10.20766,51.58918],[-10.20784,51.58946],[-10.20858,51.58922],[-10.20822,51.58967],[-10.20884,51.58994],[-10.21135,51.58994],[-10.21107,51.58942],[-10.21376,51.5878],[-10.21416,51.58806],[-10.21602,51.58711],[-10.21631,51.58747],[-10.21794,51.58649],[-10.21786,51.58623],[-10.22069,51.58477],[-10.22147,51.58458],[-10.22167,51.58499],[-10.22218,51.5841],[-10.22541,51.58352],[-10.22674,51.58283],[-10.22756,51.58286],[-10.22856,51.58211],[-10.22888,51.58236],[-10.23036,51.58221],[-10.23084,51.58083],[-10.23219,51.58009],[-10.2348,51.57964],[-10.23489,51.57986],[-10.23402,51.5802],[-10.23538,51.57995],[-10.23443,51.58229],[-10.23346,51.58284],[-10.23535,51.58252],[-10.23551,51.58294],[-10.23718,51.58232],[-10.23788,51.58336],[-10.23544,51.58522],[-10.23439,51.58535],[-10.23415,51.58468],[-10.23278,51.58528],[-10.2317,51.58525],[-10.23028,51.58679],[-10.23087,51.58684],[-10.23047,51.58772],[-10.22601,51.58974],[-10.22729,51.58972],[-10.2277,51.59036],[-10.22736,51.59062],[-10.22771,51.59141],[-10.22706,51.59243],[-10.2256,51.59318],[-10.22194,51.59408],[-10.22255,51.59336],[-10.22114,51.59407],[-10.21916,51.59393],[-10.21863,51.59417],[-10.21773,51.59347],[-10.21676,51.59423],[-10.21542,51.59465],[-10.21577,51.59477],[-10.21522,51.59514],[-10.21519,51.59582],[-10.21289,51.59691],[-10.21366,51.59705],[-10.21189,51.59803],[-10.21186,51.59846],[-10.21222,51.59851],[-10.20739,51.60281],[-10.20662,51.60233],[-10.20682,51.60147],[-10.20529,51.60202],[-10.2035,51.60134],[-10.20332,51.60213],[-10.20192,51.60332],[-10.20187,51.60377],[-10.20259,51.6039],[-10.2015,51.60512],[-10.2007,51.60524],[-10.19993,51.60481],[-10.19656,51.60549],[-10.19511,51.60628],[-10.1933,51.60645],[-10.19083,51.60615],[-10.18838,51.60521],[-10.18901,51.60626],[-10.18632,51.60833],[-10.18651,51.60865],[-10.18587,51.60915],[-10.18219,51.6095],[-10.18086,51.60916],[-10.17634,51.60894],[-10.17428,51.60903],[-10.17363,51.60938],[-10.17283,51.60899],[-10.17094,51.6093],[-10.16744,51.611],[-10.16661,51.61099],[-10.16601,51.61135],[-10.16625,51.61165],[-10.16534,51.61213],[-10.16374,51.61191],[-10.1627,51.61139]],[[-9.85138,51.61788],[-9.85124,51.61772],[-9.85283,51.61782],[-9.85178,51.61841],[-9.85091,51.61833],[-9.85037,51.61824],[-9.85138,51.61788]],[[-10.13059,51.62065],[-10.13041,51.62032],[-10.13008,51.62053],[-10.12978,51.62015],[-10.13068,51.61937],[-10.13247,51.61895],[-10.13299,51.61922],[-10.13237,51.61947],[-10.13323,51.62006],[-10.13323,51.6206],[-10.13257,51.62058],[-10.13175,51.62112],[-10.13132,51.621],[-10.13139,51.62068],[-10.13059,51.62065]],[[-10.13477,51.62111],[-10.13475,51.62088],[-10.13432,51.62097],[-10.13416,51.62038],[-10.13531,51.62009],[-10.13559,51.6212],[-10.13477,51.62111]],[[-10.13224,51.62132],[-10.13411,51.62055],[-10.13406,51.62203],[-10.13449,51.62229],[-10.13286,51.62278],[-10.13262,51.6223],[-10.13205,51.62161],[-10.13224,51.62132]],[[-9.90008,51.63957],[-9.90024,51.63916],[-9.90138,51.63919],[-9.90069,51.63959],[-9.90008,51.63957]],[[-9.89859,51.63964],[-9.89982,51.63934],[-9.89958,51.63959],[-9.89859,51.63964]],[[-9.89815,51.63982],[-9.8986,51.6398],[-9.89833,51.63984],[-9.89815,51.63982]],[[-9.89921,51.63997],[-9.89873,51.63979],[-9.89937,51.63986],[-9.89921,51.63997]],[[-9.88714,51.64138],[-9.88679,51.64097],[-9.88614,51.64125],[-9.8861,51.64098],[-9.88549,51.64098],[-9.88614,51.64033],[-9.8894,51.6405],[-9.88806,51.64129],[-9.88714,51.64138]],[[-9.78276,51.64724],[-9.78484,51.64538],[-9.78329,51.64411],[-9.78612,51.642],[-9.79146,51.63993],[-9.79286,51.63823],[-9.79547,51.63708],[-9.7966,51.63854],[-9.8003,51.63526],[-9.79902,51.63483],[-9.79575,51.63436],[-9.79853,51.63283],[-9.79743,51.63164],[-9.8033,51.63233],[-9.80252,51.63343],[-9.80699,51.63268],[-9.80725,51.63318],[-9.80838,51.63285],[-9.8157,51.63059],[-9.82045,51.62903],[-9.82047,51.628],[-9.81844,51.62652],[-9.82939,51.62174],[-9.83692,51.62041],[-9.83691,51.62156],[-9.83786,51.62329],[-9.84251,51.62172],[-9.8414,51.62315],[-9.845,51.62259],[-9.84847,51.62267],[-9.84866,51.62143],[-9.85221,51.62016],[-9.85206,51.621],[-9.85427,51.6205],[-9.8558,51.62095],[-9.85763,51.62029],[-9.86248,51.61973],[-9.86578,51.61737],[-9.86941,51.61786],[-9.874,51.61622],[-9.8782,51.61572],[-9.88144,51.61314],[-9.88228,51.61106],[-9.88587,51.61071],[-9.88905,51.61152],[-9.88853,51.61358],[-9.88438,51.61613],[-9.88612,51.61759],[-9.89378,51.6169],[-9.89765,51.61602],[-9.89923,51.6158],[-9.90268,51.61638],[-9.90804,51.61451],[-9.90937,51.61482],[-9.91002,51.61534],[-9.91239,51.61555],[-9.91197,51.61748],[-9.91407,51.61791],[-9.9149,51.61852],[-9.91834,51.61779],[-9.91797,51.61918],[-9.91787,51.62089],[-9.9186,51.6212],[-9.91853,51.62199],[-9.91927,51.62295],[-9.91813,51.62444],[-9.91608,51.62574],[-9.91272,51.62871],[-9.91109,51.62985],[-9.90955,51.63146],[-9.90985,51.63345],[-9.90933,51.63467],[-9.90634,51.63494],[-9.90455,51.63567],[-9.90172,51.63675],[-9.90164,51.63878],[-9.89903,51.63823],[-9.8924,51.63943],[-9.88962,51.64009],[-9.88831,51.63993],[-9.88654,51.63929],[-9.88338,51.6403],[-9.88102,51.6411],[-9.88024,51.64169],[-9.87828,51.64112],[-9.87332,51.64079],[-9.86378,51.64192],[-9.86215,51.64176],[-9.85825,51.64261],[-9.85159,51.64176],[-9.84774,51.64229],[-9.84372,51.64326],[-9.83957,51.64405],[-9.83095,51.6431],[-9.82892,51.6425],[-9.8272,51.64038],[-9.82661,51.63883],[-9.82357,51.63822],[-9.82649,51.63557],[-9.82821,51.63383],[-9.82286,51.63406],[-9.82414,51.63297],[-9.82094,51.63372],[-9.82129,51.63451],[-9.81948,51.63458],[-9.8199,51.63754],[-9.8119,51.64137],[-9.80718,51.6426],[-9.79222,51.64574],[-9.78459,51.64662],[-9.78276,51.64724]],[[-9.88602,51.64814],[-9.8875,51.64803],[-9.88724,51.64855],[-9.8876,51.64906],[-9.88717,51.64926],[-9.88585,51.64895],[-9.88602,51.64814]],[[-9.89814,51.64968],[-9.89632,51.6494],[-9.89774,51.64768],[-9.89975,51.64725],[-9.9024,51.64614],[-9.90501,51.64623],[-9.90614,51.64658],[-9.9059,51.6469],[-9.90661,51.64734],[-9.9061,51.64784],[-9.90649,51.64843],[-9.90346,51.64937],[-9.90349,51.64976],[-9.90314,51.64945],[-9.90175,51.64934],[-9.89859,51.65079],[-9.89814,51.64968]],[[-9.74604,51.65337],[-9.74742,51.65268],[-9.74924,51.65273],[-9.7489,51.65304],[-9.7476,51.65325],[-9.74768,51.65346],[-9.74699,51.65339],[-9.74604,51.65337]],[[-9.75145,51.65755],[-9.75223,51.65736],[-9.75185,51.65756],[-9.75145,51.65755]],[[-9.75098,51.65772],[-9.75279,51.65758],[-9.75038,51.65792],[-9.75098,51.65772]],[[-9.75088,51.65828],[-9.75137,51.65793],[-9.7527,51.65804],[-9.75088,51.65828]],[[-10.08758,51.65824],[-10.08774,51.65731],[-10.08807,51.65751],[-10.08758,51.65824]],[[-8.51461,51.67686],[-8.51575,51.67627],[-8.51605,51.67625],[-8.51586,51.67654],[-8.5164,51.67644],[-8.51815,51.67566],[-8.52157,51.67486],[-8.52186,51.67536],[-8.52122,51.67637],[-8.51733,51.67773],[-8.51654,51.67768],[-8.5158,51.6773],[-8.51604,51.6771],[-8.51461,51.67686]],[[-9.7512,51.666],[-9.75259,51.66587],[-9.75111,51.66705],[-9.7502,51.66743],[-9.75003,51.66721],[-9.74955,51.66684],[-9.74992,51.66671],[-9.74947,51.66672],[-9.75151,51.66613],[-9.7512,51.666]],[[-9.72103,51.68156],[-9.72185,51.68114],[-9.72254,51.68136],[-9.72164,51.68194],[-9.72151,51.68161],[-9.72103,51.68156]],[[-9.59053,51.6901],[-9.59168,51.68955],[-9.59204,51.69008],[-9.59071,51.6905],[-9.59053,51.6901]],[[-9.47615,51.68948],[-9.47761,51.68931],[-9.47786,51.69001],[-9.47678,51.69077],[-9.47413,51.6911],[-9.47119,51.69372],[-9.46963,51.69395],[-9.46885,51.69333],[-9.47076,51.69199],[-9.47412,51.6909],[-9.47615,51.68948]],[[-9.59097,51.6952],[-9.59133,51.69477],[-9.59253,51.69487],[-9.59311,51.6945],[-9.59456,51.6947],[-9.59442,51.69495],[-9.59484,51.69508],[-9.59416,51.69532],[-9.59413,51.6957],[-9.5926,51.6961],[-9.59122,51.69553],[-9.59097,51.6952]],[[-9.58242,51.70268],[-9.58309,51.70254],[-9.5823,51.7033],[-9.58242,51.70268]],[[-8.38328,51.71371],[-8.38281,51.71363],[-8.38336,51.71339],[-8.38328,51.71371]],[[-9.48052,51.69955],[-9.48034,51.69812],[-9.48218,51.6971],[-9.48347,51.69496],[-9.48577,51.69374],[-9.48886,51.68966],[-9.49097,51.68885],[-9.49125,51.68845],[-9.49017,51.68833],[-9.49102,51.68838],[-9.49126,51.68796],[-9.49214,51.68772],[-9.49255,51.68669],[-9.49482,51.68519],[-9.49578,51.68311],[-9.49365,51.68226],[-9.4935,51.68176],[-9.49374,51.68115],[-9.49558,51.68064],[-9.49656,51.68002],[-9.49454,51.67954],[-9.49478,51.6792],[-9.49702,51.6795],[-9.49854,51.67915],[-9.5021,51.6791],[-9.50502,51.68156],[-9.51143,51.68269],[-9.51591,51.68252],[-9.51703,51.6822],[-9.51823,51.6813],[-9.5222,51.68018],[-9.52338,51.68015],[-9.52541,51.68043],[-9.52512,51.68079],[-9.52578,51.68059],[-9.52653,51.68103],[-9.5263,51.68137],[-9.52679,51.6814],[-9.52672,51.68182],[-9.52596,51.68256],[-9.52681,51.68305],[-9.52945,51.68199],[-9.52838,51.68176],[-9.52948,51.68118],[-9.52913,51.68161],[-9.52964,51.68194],[-9.53321,51.67957],[-9.53522,51.67881],[-9.53441,51.67925],[-9.53542,51.67931],[-9.53394,51.68017],[-9.53449,51.68084],[-9.53118,51.68209],[-9.53168,51.68345],[-9.53098,51.68399],[-9.52952,51.68469],[-9.52859,51.68459],[-9.52746,51.68549],[-9.52544,51.68625],[-9.52499,51.68576],[-9.52336,51.68622],[-9.51876,51.68902],[-9.51875,51.68951],[-9.51791,51.68942],[-9.51658,51.68999],[-9.51605,51.68992],[-9.51282,51.69134],[-9.51201,51.69118],[-9.51045,51.69183],[-9.50822,51.69215],[-9.50865,51.69256],[-9.50797,51.69277],[-9.50856,51.6931],[-9.50517,51.69471],[-9.50326,51.69632],[-9.502,51.69688],[-9.50238,51.69725],[-9.50404,51.697],[-9.50371,51.6973],[-9.49738,51.69926],[-9.49783,51.69892],[-9.49437,51.7002],[-9.49379,51.7002],[-9.49435,51.69958],[-9.49356,51.69886],[-9.49189,51.69881],[-9.49061,51.69916],[-9.48948,51.70018],[-9.48739,51.70078],[-9.48743,51.70134],[-9.48646,51.70181],[-9.48691,51.70223],[-9.48424,51.70389],[-9.48483,51.7041],[-9.48425,51.70481],[-9.48042,51.7067],[-9.47994,51.70666],[-9.47908,51.7066],[-9.47883,51.70503],[-9.47983,51.70223],[-9.47956,51.70105],[-9.48052,51.69955]],[[-9.97498,51.70377],[-9.97482,51.70312],[-9.97627,51.70295],[-9.97591,51.70327],[-9.9765,51.70323],[-9.97737,51.70372],[-9.97653,51.70406],[-9.97564,51.70409],[-9.97498,51.70377]],[[-10.03116,51.70733],[-10.03195,51.70696],[-10.03296,51.70728],[-10.03512,51.70685],[-10.03305,51.70818],[-10.03066,51.70809],[-10.03116,51.70733]],[[-10.02924,51.70778],[-10.03035,51.70739],[-10.03054,51.70805],[-10.02917,51.70855],[-10.02924,51.70778]],[[-9.95982,51.71171],[-9.95967,51.71153],[-9.96067,51.71152],[-9.96116,51.71213],[-9.96005,51.71239],[-9.9604,51.71269],[-9.95975,51.71291],[-9.95903,51.71267],[-9.9593,51.71234],[-9.95881,51.71221],[-9.95982,51.71171]],[[-10.01233,51.71416],[-10.01224,51.71381],[-10.01159,51.71396],[-10.0112,51.7131],[-10.01264,51.71281],[-10.01234,51.71236],[-10.01341,51.71172],[-10.01351,51.71104],[-10.0151,51.71013],[-10.01691,51.70964],[-10.01835,51.70962],[-10.01843,51.70989],[-10.01944,51.70957],[-10.01994,51.70977],[-10.02155,51.70926],[-10.0251,51.70899],[-10.02534,51.70861],[-10.02879,51.7078],[-10.02839,51.70876],[-10.02646,51.70909],[-10.02693,51.70942],[-10.02494,51.71057],[-10.02819,51.70984],[-10.026,51.71133],[-10.02462,51.71159],[-10.02503,51.71117],[-10.02093,51.71239],[-10.02122,51.71194],[-10.01821,51.71292],[-10.01552,51.71288],[-10.01754,51.71325],[-10.01627,51.71405],[-10.01476,51.71397],[-10.01515,51.71326],[-10.01395,51.71403],[-10.01233,51.71416]],[[-9.52556,51.72764],[-9.52669,51.7275],[-9.5267,51.72791],[-9.52769,51.72794],[-9.52643,51.72863],[-9.52573,51.72855],[-9.52478,51.72845],[-9.52495,51.72792],[-9.52556,51.72764]],[[-9.99562,51.72377],[-9.99708,51.72331],[-9.99654,51.72382],[-9.99562,51.72377]],[[-9.55027,51.73396],[-9.54996,51.73389],[-9.55114,51.73399],[-9.55024,51.73474],[-9.54968,51.73477],[-9.54903,51.73527],[-9.54857,51.73521],[-9.54893,51.73513],[-9.54831,51.73496],[-9.54976,51.73435],[-9.54928,51.73418],[-9.55027,51.73396]],[[-9.53548,51.7379],[-9.53643,51.73786],[-9.53606,51.73846],[-9.53554,51.73834],[-9.53582,51.73819],[-9.53516,51.73817],[-9.53548,51.7379]],[[-9.54185,51.73753],[-9.53979,51.73728],[-9.54004,51.73663],[-9.5392,51.73647],[-9.53914,51.73607],[-9.54318,51.73486],[-9.5445,51.73504],[-9.54531,51.73397],[-9.54621,51.734],[-9.54596,51.73431],[-9.54711,51.73475],[-9.54679,51.73581],[-9.54735,51.736],[-9.547,51.73648],[-9.54602,51.73696],[-9.54542,51.73683],[-9.54563,51.73709],[-9.54509,51.73758],[-9.54478,51.73734],[-9.54002,51.73861],[-9.53962,51.7383],[-9.54153,51.73784],[-9.54185,51.73753]],[[-9.53658,51.73921],[-9.53789,51.7385],[-9.53773,51.73909],[-9.53682,51.73949],[-9.53658,51.73921]],[[-9.53092,51.74463],[-9.53139,51.74438],[-9.53238,51.74443],[-9.53206,51.74505],[-9.53119,51.74542],[-9.53092,51.74463]],[[-9.53896,51.74665],[-9.54072,51.74636],[-9.54024,51.74705],[-9.53939,51.74712],[-9.53995,51.74678],[-9.53896,51.74665]],[[-9.93518,51.74177],[-9.93681,51.74126],[-9.9363,51.74157],[-9.93518,51.74177]],[[-9.54177,51.74808],[-9.54165,51.74765],[-9.54226,51.74766],[-9.54177,51.74808]],[[-9.88637,51.74272],[-9.88753,51.74255],[-9.88521,51.74319],[-9.88637,51.74272]],[[-9.5346,51.74842],[-9.53613,51.74819],[-9.53608,51.74862],[-9.5349,51.74878],[-9.5346,51.74842]],[[-9.93266,51.74312],[-9.93521,51.74246],[-9.93269,51.74341],[-9.93266,51.74312]],[[-9.93256,51.74429],[-9.93562,51.74331],[-9.93679,51.74332],[-9.93545,51.74402],[-9.93256,51.74429]],[[-9.92169,51.74767],[-9.92295,51.74759],[-9.92039,51.74823],[-9.92169,51.74767]],[[-8.36697,51.76358],[-8.36636,51.7637],[-8.36638,51.76366],[-8.36697,51.76358]],[[-8.36697,51.76358],[-8.36708,51.76357],[-8.36732,51.76369],[-8.36744,51.76385],[-8.36775,51.76372],[-8.36745,51.76389],[-8.36738,51.76389],[-8.36727,51.7637],[-8.36697,51.76358]],[[-8.36515,51.76399],[-8.36649,51.76443],[-8.36655,51.76424],[-8.36618,51.76391],[-8.36636,51.7637],[-8.36622,51.7639],[-8.36662,51.76426],[-8.36654,51.76446],[-8.36581,51.76444],[-8.36515,51.76399]],[[-8.28999,51.83609],[-8.28892,51.83599],[-8.28433,51.83705],[-8.28274,51.83659],[-8.28166,51.8368],[-8.27933,51.83516],[-8.28071,51.83293],[-8.28377,51.83137],[-8.28726,51.83073],[-8.28915,51.83086],[-8.29054,51.8313],[-8.29032,51.83309],[-8.29219,51.83478],[-8.29024,51.83603],[-8.29074,51.83729],[-8.28999,51.83609]],[[-8.30135,51.83706],[-8.30239,51.83692],[-8.30293,51.83715],[-8.30252,51.83763],[-8.30077,51.83782],[-8.30061,51.83748],[-8.30135,51.83706]],[[-8.29956,51.8436],[-8.29755,51.843],[-8.29716,51.84257],[-8.29402,51.84178],[-8.29388,51.84136],[-8.29349,51.84138],[-8.29338,51.84009],[-8.29388,51.83957],[-8.29442,51.83965],[-8.29529,51.8392],[-8.2975,51.83936],[-8.29891,51.83912],[-8.29947,51.83868],[-8.30145,51.8387],[-8.30208,51.83898],[-8.30417,51.839],[-8.30429,51.83993],[-8.30468,51.83999],[-8.30556,51.84005],[-8.30605,51.83974],[-8.30681,51.83993],[-8.30852,51.83972],[-8.30834,51.84009],[-8.30903,51.83987],[-8.30929,51.84049],[-8.30875,51.84125],[-8.30639,51.84262],[-8.30552,51.84286],[-8.30295,51.84244],[-8.30171,51.84287],[-8.30223,51.84319],[-8.30172,51.84292],[-8.302,51.84357],[-8.30032,51.84262],[-8.30046,51.84079],[-8.30001,51.84073],[-8.30007,51.83907],[-8.29964,51.83896],[-8.29957,51.84072],[-8.29876,51.84073],[-8.2984,51.83996],[-8.29845,51.84057],[-8.29787,51.84102],[-8.29836,51.84267],[-8.30003,51.84283],[-8.30052,51.84354],[-8.30006,51.84333],[-8.29956,51.8436]],[[-7.85086,51.88381],[-7.85068,51.88283],[-7.85212,51.88225],[-7.85339,51.88116],[-7.85384,51.8814],[-7.85424,51.88089],[-7.85549,51.88099],[-7.85526,51.88208],[-7.8546,51.88246],[-7.8551,51.88264],[-7.85463,51.88299],[-7.85507,51.88362],[-7.85431,51.88369],[-7.85376,51.88322],[-7.85086,51.88381]],[[-8.36457,51.76471],[-8.30416,51.74796],[-8.34688,51.7163],[-8.40752,51.70499],[-8.45992,51.70776],[-8.49423,51.68964],[-8.51348,51.67894],[-8.5457,51.63882],[-8.54622,51.61885],[-8.618,51.63724],[-8.67755,51.64961],[-8.68062,51.609],[-8.70695,51.57453],[-8.7504,51.57142],[-8.78942,51.58869],[-8.86736,51.58678],[-8.88962,51.55261],[-8.92512,51.54479],[-8.95354,51.53962],[-9.02871,51.57932],[-9.04594,51.55316],[-9.09834,51.55079],[-9.12343,51.55836],[-9.13595,51.5302],[-9.16891,51.51755],[-9.20492,51.50778],[-9.23318,51.49072],[-9.27638,51.49463],[-9.32568,51.47815],[-9.38558,51.47577],[-9.41692,51.50381],[-9.39755,51.54934],[-9.45237,51.56026],[-9.44987,51.52845],[-9.52809,51.52369],[-9.58537,51.51509],[-9.61972,51.49214],[-9.63555,51.51226],[-9.65793,51.51077],[-9.68527,51.50215],[-9.70302,51.47791],[-9.71526,51.46768],[-9.77488,51.45205],[-9.80979,51.45061],[-9.82643,51.47772],[-9.77594,51.50947],[-9.68671,51.53207],[-9.64717,51.56029],[-9.53708,51.6103],[-9.61516,51.60093],[-9.68647,51.57873],[-9.75549,51.55919],[-9.84879,51.54361],[-9.74313,51.59363],[-9.56954,51.64986],[-9.46978,51.67764],[-9.45549,51.71776],[-9.5098,51.72594],[-9.55435,51.74685],[-9.54932,51.71387],[-9.63897,51.67641],[-9.70371,51.67777],[-9.73484,51.66735],[-9.7934,51.66041],[-9.88986,51.65142],[-9.9238,51.63083],[-9.97087,51.61647],[-10.03459,51.59731],[-10.0761,51.60274],[-10.13781,51.59379],[-10.15815,51.61212],[-10.08523,51.62401],[-10.05695,51.64935],[-10.10081,51.66188],[-10.02733,51.67577],[-9.97397,51.68904],[-9.95788,51.71601],[-9.99622,51.72336],[-9.91567,51.74877],[-9.85698,51.75113],[-9.55499,51.78773],[-9.16885,51.98275],[-9.19123,52.07692],[-9.23896,52.14549],[-9.26576,52.22056],[-9.07504,52.33108],[-8.89395,52.33119],[-8.76142,52.38022],[-8.59151,52.31455],[-8.28733,52.28887],[-8.11986,52.19542],[-8.02158,52.08245],[-7.84739,51.97246],[-7.90736,51.87506],[-8.04222,51.81532],[-8.2001,51.79398],[-8.24038,51.83695],[-8.26809,51.85538],[-8.33064,51.83557],[-8.37413,51.81141],[-8.33193,51.76556],[-8.36457,51.76471]]]]}},{"type":"Feature","properties":{"county_id":"19","county":"Kerry County","nuts3":"South-West (IE)"},"geometry":{"type":"MultiPolygon","coordinates":[[[[-10.65343,52.07854],[-10.65333,52.07783],[-10.65251,52.07795],[-10.65238,52.07754],[-10.65117,52.07754],[-10.65045,52.07704],[-10.65085,52.07657],[-10.65021,52.07654],[-10.65063,52.07593],[-10.65156,52.07579],[-10.6523,52.075],[-10.65248,52.0757],[-10.65368,52.0749],[-10.65402,52.07549],[-10.65511,52.07425],[-10.65505,52.07471],[-10.65563,52.07418],[-10.65555,52.07447],[-10.65745,52.07384],[-10.65783,52.07391],[-10.6571,52.07438],[-10.65843,52.07411],[-10.65806,52.07459],[-10.65868,52.07483],[-10.65936,52.07471],[-10.65955,52.07585],[-10.6614,52.07473],[-10.66261,52.07507],[-10.66205,52.07598],[-10.66274,52.0758],[-10.66285,52.07628],[-10.65972,52.07773],[-10.65871,52.07641],[-10.65543,52.07818],[-10.65343,52.07854]],[[-10.61415,52.04975],[-10.61367,52.04927],[-10.61322,52.04936],[-10.61342,52.04895],[-10.61294,52.0488],[-10.61369,52.04801],[-10.61126,52.04727],[-10.61102,52.04758],[-10.61026,52.04758],[-10.60902,52.04743],[-10.60865,52.04705],[-10.60797,52.04756],[-10.60747,52.04726],[-10.60712,52.04752],[-10.60626,52.04698],[-10.60628,52.0475],[-10.60589,52.04635],[-10.60548,52.04669],[-10.60441,52.04626],[-10.60389,52.04696],[-10.60357,52.04659],[-10.60343,52.04716],[-10.60291,52.04701],[-10.60208,52.04728],[-10.60253,52.04657],[-10.60122,52.04726],[-10.60116,52.04669],[-10.60236,52.04632],[-10.60156,52.04608],[-10.60263,52.04597],[-10.60036,52.04544],[-10.60022,52.04477],[-10.59961,52.04522],[-10.59911,52.04517],[-10.59953,52.04484],[-10.5987,52.04438],[-10.59869,52.0439],[-10.59777,52.04397],[-10.59757,52.04363],[-10.59855,52.04295],[-10.59808,52.0426],[-10.5989,52.04207],[-10.59892,52.04179],[-10.59851,52.04178],[-10.59897,52.04107],[-10.60085,52.04079],[-10.60124,52.04134],[-10.60195,52.04105],[-10.60256,52.04158],[-10.60224,52.04056],[-10.60289,52.04031],[-10.60255,52.04005],[-10.60414,52.03953],[-10.60411,52.04078],[-10.6046,52.04093],[-10.60509,52.0419],[-10.60507,52.04111],[-10.60596,52.04095],[-10.60929,52.04149],[-10.60946,52.04233],[-10.61029,52.04163],[-10.61027,52.04223],[-10.61105,52.04189],[-10.61119,52.04259],[-10.61143,52.04146],[-10.61227,52.04204],[-10.61221,52.04251],[-10.61328,52.04167],[-10.61335,52.04234],[-10.61392,52.04157],[-10.61488,52.04195],[-10.61566,52.04292],[-10.61331,52.04446],[-10.61512,52.04398],[-10.61333,52.04506],[-10.61513,52.04488],[-10.61438,52.04537],[-10.61542,52.04531],[-10.61503,52.04554],[-10.615,52.04654],[-10.61593,52.04649],[-10.61658,52.04553],[-10.61682,52.04672],[-10.6184,52.04573],[-10.61866,52.0461],[-10.61833,52.04727],[-10.61797,52.04732],[-10.61827,52.04763],[-10.61767,52.04855],[-10.61785,52.04905],[-10.617,52.04975],[-10.61631,52.04957],[-10.61492,52.04993],[-10.61369,52.04989],[-10.61415,52.04975]],[[-10.60427,52.06293],[-10.60359,52.06224],[-10.60309,52.06236],[-10.60296,52.06151],[-10.60363,52.06113],[-10.60386,52.06008],[-10.60316,52.06002],[-10.60273,52.0596],[-10.60324,52.05894],[-10.6031,52.05808],[-10.60391,52.05787],[-10.60421,52.05729],[-10.60468,52.05744],[-10.60605,52.057],[-10.60785,52.05586],[-10.60809,52.05622],[-10.60832,52.05576],[-10.6106,52.05565],[-10.6114,52.05512],[-10.61104,52.05498],[-10.61149,52.05438],[-10.61268,52.0539],[-10.61319,52.05307],[-10.61392,52.05288],[-10.61386,52.05329],[-10.61466,52.05252],[-10.61654,52.05236],[-10.61683,52.05288],[-10.61644,52.05386],[-10.61682,52.05354],[-10.61709,52.05385],[-10.61685,52.05472],[-10.61541,52.05569],[-10.61431,52.05729],[-10.61195,52.05736],[-10.61217,52.05793],[-10.61092,52.06007],[-10.60841,52.05978],[-10.60897,52.0608],[-10.60802,52.06303],[-10.60586,52.0626],[-10.60547,52.06341],[-10.60491,52.06357],[-10.60416,52.0634],[-10.60427,52.06293]],[[-10.60521,52.03735],[-10.60577,52.03691],[-10.60666,52.03692],[-10.60724,52.03727],[-10.6068,52.03775],[-10.60763,52.03776],[-10.60752,52.03795],[-10.60538,52.03854],[-10.60512,52.03829],[-10.60595,52.03778],[-10.60521,52.03735]],[[-10.5734,52.13741],[-10.57368,52.13612],[-10.57261,52.13634],[-10.57286,52.13559],[-10.57206,52.13537],[-10.57243,52.13501],[-10.57205,52.13462],[-10.57307,52.13354],[-10.57286,52.13309],[-10.57214,52.13291],[-10.57294,52.13173],[-10.5722,52.13164],[-10.57259,52.1312],[-10.57237,52.13036],[-10.5732,52.13009],[-10.57255,52.12979],[-10.57329,52.12947],[-10.57277,52.12923],[-10.57327,52.12894],[-10.57259,52.12736],[-10.57535,52.12683],[-10.57723,52.12752],[-10.57681,52.12718],[-10.57728,52.1267],[-10.57684,52.12614],[-10.57781,52.12638],[-10.57766,52.12555],[-10.57816,52.12574],[-10.57913,52.12417],[-10.58071,52.12443],[-10.58172,52.12409],[-10.58253,52.12444],[-10.58332,52.1241],[-10.58482,52.12402],[-10.5851,52.12492],[-10.58571,52.124],[-10.586,52.12496],[-10.5863,52.12462],[-10.58652,52.12494],[-10.58519,52.12581],[-10.58758,52.1256],[-10.58851,52.12588],[-10.58854,52.12532],[-10.58905,52.1252],[-10.59222,52.12559],[-10.59041,52.12643],[-10.59026,52.12715],[-10.58928,52.12711],[-10.5887,52.12789],[-10.58901,52.12807],[-10.5884,52.12856],[-10.58779,52.1285],[-10.58621,52.13048],[-10.58526,52.13067],[-10.5823,52.13039],[-10.58187,52.1315],[-10.58206,52.1322],[-10.58327,52.13221],[-10.58281,52.1327],[-10.5809,52.13337],[-10.58041,52.1332],[-10.58097,52.13271],[-10.57865,52.13327],[-10.57597,52.13484],[-10.57634,52.13496],[-10.57617,52.13521],[-10.57796,52.13498],[-10.57784,52.1359],[-10.57822,52.13568],[-10.5783,52.13589],[-10.57775,52.13649],[-10.57689,52.1368],[-10.57639,52.13626],[-10.57643,52.13701],[-10.57449,52.13792],[-10.57337,52.13775],[-10.5734,52.13741]],[[-10.51651,52.11055],[-10.51692,52.11011],[-10.51594,52.11029],[-10.51504,52.11003],[-10.51537,52.1087],[-10.51296,52.10604],[-10.51145,52.10584],[-10.51128,52.10542],[-10.51077,52.10537],[-10.51099,52.10508],[-10.51053,52.10534],[-10.51038,52.105],[-10.50986,52.10529],[-10.50991,52.1051],[-10.50864,52.10488],[-10.50828,52.10444],[-10.50717,52.10451],[-10.50795,52.10346],[-10.51348,52.10032],[-10.51353,52.09994],[-10.51415,52.09985],[-10.51388,52.09918],[-10.51467,52.0987],[-10.51424,52.09854],[-10.51498,52.0976],[-10.51481,52.09745],[-10.51421,52.09789],[-10.5142,52.09715],[-10.5161,52.09529],[-10.51652,52.09519],[-10.51744,52.0958],[-10.51851,52.0952],[-10.51987,52.09534],[-10.52096,52.09499],[-10.52154,52.09535],[-10.52256,52.0946],[-10.52333,52.09482],[-10.52513,52.0939],[-10.52499,52.09341],[-10.52742,52.09153],[-10.52983,52.0907],[-10.53051,52.09065],[-10.53072,52.09106],[-10.53146,52.09061],[-10.53247,52.09109],[-10.53324,52.09051],[-10.53378,52.09057],[-10.53396,52.08973],[-10.53565,52.0892],[-10.53663,52.08763],[-10.53804,52.08691],[-10.53965,52.08705],[-10.54045,52.08851],[-10.54207,52.08914],[-10.54321,52.08791],[-10.54563,52.08649],[-10.54572,52.08607],[-10.54621,52.08621],[-10.54857,52.08559],[-10.54853,52.08632],[-10.55085,52.08549],[-10.55143,52.08592],[-10.55264,52.08487],[-10.5531,52.08495],[-10.55526,52.08391],[-10.55581,52.08417],[-10.55756,52.08259],[-10.55828,52.08236],[-10.55836,52.08269],[-10.5589,52.08276],[-10.56457,52.07874],[-10.56444,52.07829],[-10.56376,52.0781],[-10.5637,52.07655],[-10.56436,52.07639],[-10.56465,52.07663],[-10.56581,52.07623],[-10.56646,52.07692],[-10.56748,52.07678],[-10.56838,52.0764],[-10.56862,52.0759],[-10.57026,52.07585],[-10.57074,52.07511],[-10.57156,52.07494],[-10.57195,52.07438],[-10.57294,52.07474],[-10.57453,52.0742],[-10.57463,52.07452],[-10.57499,52.07448],[-10.5754,52.07371],[-10.57625,52.0738],[-10.57661,52.07294],[-10.57777,52.07237],[-10.57814,52.0725],[-10.57883,52.07207],[-10.57885,52.07238],[-10.57929,52.07222],[-10.57983,52.07252],[-10.58012,52.07284],[-10.57966,52.07338],[-10.57781,52.07446],[-10.57742,52.07531],[-10.57778,52.0752],[-10.57779,52.07543],[-10.57609,52.07877],[-10.57568,52.07899],[-10.57369,52.07866],[-10.5724,52.0792],[-10.57254,52.07959],[-10.57143,52.08027],[-10.57179,52.08063],[-10.57048,52.08154],[-10.57151,52.0811],[-10.57122,52.08182],[-10.57169,52.08175],[-10.57098,52.08247],[-10.57029,52.08279],[-10.56999,52.0825],[-10.56989,52.08293],[-10.56911,52.08282],[-10.56822,52.0832],[-10.56869,52.08364],[-10.56808,52.08468],[-10.56869,52.08472],[-10.56749,52.08604],[-10.56432,52.08737],[-10.56356,52.0884],[-10.56141,52.08934],[-10.56063,52.09009],[-10.5604,52.0884],[-10.55977,52.0902],[-10.55812,52.09023],[-10.55677,52.09132],[-10.55653,52.09096],[-10.55551,52.09109],[-10.5532,52.0925],[-10.55098,52.09328],[-10.54782,52.09542],[-10.54722,52.09546],[-10.54709,52.09516],[-10.54624,52.09528],[-10.54591,52.09567],[-10.54423,52.09569],[-10.54374,52.09635],[-10.54083,52.09754],[-10.53972,52.09735],[-10.53795,52.09758],[-10.5377,52.09726],[-10.53626,52.09794],[-10.53454,52.09761],[-10.53345,52.09838],[-10.5319,52.09875],[-10.53172,52.09939],[-10.53019,52.10035],[-10.52914,52.10049],[-10.52905,52.0996],[-10.52869,52.10037],[-10.52838,52.10029],[-10.52713,52.10155],[-10.5247,52.10259],[-10.52458,52.10376],[-10.52302,52.10422],[-10.52258,52.10407],[-10.52252,52.10337],[-10.5224,52.10419],[-10.52114,52.10568],[-10.52088,52.10677],[-10.52129,52.10761],[-10.52054,52.10844],[-10.52086,52.10855],[-10.52159,52.1077],[-10.5223,52.10747],[-10.52145,52.10878],[-10.52183,52.10892],[-10.51989,52.10966],[-10.52165,52.10939],[-10.51964,52.11008],[-10.51954,52.1108],[-10.51863,52.11094],[-10.51862,52.11024],[-10.51855,52.11069],[-10.51765,52.11097],[-10.51672,52.111],[-10.5171,52.11068],[-10.51651,52.11055]],[[-10.53632,51.77449],[-10.53636,51.77159],[-10.53833,51.77051],[-10.53702,51.77043],[-10.53873,51.76964],[-10.53956,51.76966],[-10.5407,51.76858],[-10.54229,51.76796],[-10.54235,51.76845],[-10.54124,51.76949],[-10.54203,51.76924],[-10.54198,51.76985],[-10.54364,51.76923],[-10.54464,51.76944],[-10.54351,51.7708],[-10.54342,51.77203],[-10.54188,51.77262],[-10.54202,51.77212],[-10.5405,51.77158],[-10.54013,51.77309],[-10.54048,51.77301],[-10.54005,51.77357],[-10.53962,51.77343],[-10.5387,51.77387],[-10.53782,51.77357],[-10.53632,51.77449]],[[-10.50778,51.78263],[-10.50687,51.78222],[-10.50646,51.78269],[-10.5051,51.78312],[-10.50409,51.78305],[-10.50455,51.78243],[-10.50337,51.7826],[-10.50467,51.7818],[-10.50517,51.78207],[-10.50571,51.78178],[-10.506,51.78195],[-10.50651,51.78135],[-10.50691,51.78153],[-10.50759,51.7811],[-10.50768,51.78132],[-10.50841,51.78053],[-10.5093,51.78031],[-10.50901,51.78069],[-10.50985,51.78051],[-10.50955,51.78092],[-10.51034,51.78078],[-10.5096,51.78152],[-10.51114,51.7829],[-10.5094,51.78308],[-10.5092,51.78263],[-10.50778,51.78263]],[[-10.52491,52.11351],[-10.52589,52.11348],[-10.52453,52.11511],[-10.52383,52.11513],[-10.52357,52.11557],[-10.52332,52.1152],[-10.52446,52.11452],[-10.5241,52.11423],[-10.52491,52.11351]],[[-10.52292,52.11267],[-10.5231,52.11132],[-10.52364,52.11126],[-10.52407,52.11171],[-10.52386,52.11097],[-10.52543,52.11128],[-10.52404,52.11261],[-10.52292,52.11267]],[[-10.50584,52.11735],[-10.50457,52.11631],[-10.50381,52.1169],[-10.50282,52.11689],[-10.50354,52.11637],[-10.50254,52.11526],[-10.50433,52.1145],[-10.50451,52.11475],[-10.50454,52.11452],[-10.50475,52.11592],[-10.50559,52.1144],[-10.50708,52.11346],[-10.50781,52.11339],[-10.50958,52.11378],[-10.50945,52.11463],[-10.51036,52.11513],[-10.50933,52.11547],[-10.50845,52.11782],[-10.50765,52.11742],[-10.50584,52.11735]],[[-10.50499,52.12052],[-10.50459,52.11986],[-10.50411,52.12016],[-10.50406,52.11939],[-10.50342,52.11909],[-10.50362,52.11875],[-10.50408,52.11872],[-10.50422,52.11932],[-10.50547,52.11946],[-10.50548,52.12018],[-10.50499,52.12052]],[[-10.48283,52.10696],[-10.48346,52.10572],[-10.48463,52.1059],[-10.48466,52.1066],[-10.48205,52.10736],[-10.48156,52.10726],[-10.48283,52.10696]],[[-10.22252,52.13377],[-10.2497,52.11807],[-10.3098,52.12805],[-10.30401,52.11466],[-10.34336,52.12711],[-10.36624,52.10557],[-10.41417,52.10116],[-10.45893,52.10674],[-10.46031,52.12498],[-10.46938,52.15272],[-10.45263,52.17441],[-10.43746,52.19292],[-10.41425,52.19142],[-10.37847,52.19521],[-10.37235,52.22382],[-10.32775,52.2368],[-10.27485,52.2583],[-10.20887,52.28133],[-10.16312,52.24593],[-10.04855,52.26862],[-10.01024,52.30815],[-9.8341,52.25896],[-9.77984,52.25196],[-9.74221,52.2591],[-9.88554,52.29993],[-9.84058,52.30013],[-9.83455,52.3413],[-9.92043,52.3998],[-9.92934,52.42522],[-9.8814,52.43039],[-9.83338,52.43365],[-9.80208,52.44115],[-9.75187,52.45686],[-9.6818,52.50919],[-9.67634,52.54293],[-9.35414,52.5665],[-9.32633,52.47153],[-9.33503,52.40233],[-9.28197,52.33106],[-9.26343,52.21691],[-9.23357,52.16192],[-9.21232,52.11071],[-9.21688,52.0611],[-9.16512,51.98306],[-9.40783,51.82519],[-9.77737,51.70227],[-9.85236,51.76226],[-9.83192,51.76648],[-9.80307,51.76273],[-9.77906,51.76399],[-9.80571,51.78041],[-9.7748,51.80756],[-9.73341,51.83488],[-9.64273,51.84609],[-9.60562,51.8707],[-9.64325,51.87],[-9.74398,51.85526],[-9.81671,51.83009],[-9.83087,51.81607],[-9.87176,51.79931],[-9.88248,51.81684],[-9.89762,51.8226],[-9.90896,51.83043],[-9.91877,51.80383],[-9.97819,51.78956],[-10.02786,51.77349],[-10.06371,51.76637],[-10.10312,51.75287],[-10.11241,51.76076],[-10.16359,51.76283],[-10.21618,51.78303],[-10.1848,51.85371],[-10.20603,51.84735],[-10.27835,51.80604],[-10.32723,51.78893],[-10.33423,51.80654],[-10.33605,51.82838],[-10.35643,51.84444],[-10.3847,51.86206],[-10.37869,51.88503],[-10.25129,51.89935],[-10.20716,51.9529],[-10.20509,51.96089],[-10.30858,51.95095],[-10.27104,51.9656],[-10.22949,51.99494],[-10.15474,52.02173],[-10.08436,52.03432],[-9.96755,52.07493],[-9.92961,52.06704],[-9.92345,52.07493],[-9.90021,52.13524],[-9.88152,52.11139],[-9.8484,52.11895],[-9.81197,52.13191],[-9.80233,52.16008],[-9.84234,52.15745],[-9.95177,52.12978],[-10.10164,52.12472],[-10.14954,52.12038],[-10.21135,52.13191],[-10.22252,52.13377]],[[-10.18456,51.96435],[-10.18501,51.96395],[-10.18449,51.96432],[-10.18456,51.96435]],[[-10.18211,51.96466],[-10.18221,51.96445],[-10.18206,51.96417],[-10.18125,51.9641],[-10.18197,51.9642],[-10.18211,51.96466]],[[-9.85102,52.11588],[-9.851,52.11586],[-9.85033,52.11571],[-9.85102,52.11588]],[[-10.4731,52.17711],[-10.47555,52.17649],[-10.47475,52.17718],[-10.47371,52.1775],[-10.47288,52.17743],[-10.4731,52.17711]],[[-10.46804,52.14252],[-10.46852,52.14234],[-10.46833,52.1426],[-10.46804,52.14252]],[[-10.34963,51.93569],[-10.34993,51.93498],[-10.34918,51.93447],[-10.34738,51.93316],[-10.34624,51.93225],[-10.34405,51.93173],[-10.34332,51.93099],[-10.34109,51.93141],[-10.33575,51.93052],[-10.3347,51.92914],[-10.33161,51.92777],[-10.32766,51.93107],[-10.32624,51.93112],[-10.32511,51.93071],[-10.32337,51.93235],[-10.32315,51.9332],[-10.32151,51.93384],[-10.32197,51.93288],[-10.32045,51.93196],[-10.32058,51.93082],[-10.31952,51.92962],[-10.31836,51.92539],[-10.31359,51.92509],[-10.30337,51.92614],[-10.29617,51.92838],[-10.28622,51.92725],[-10.2878,51.9269],[-10.28766,51.9265],[-10.28719,51.9259],[-10.28874,51.91845],[-10.29202,51.91424],[-10.3007,51.91008],[-10.30744,51.90593],[-10.32422,51.90271],[-10.33417,51.89985],[-10.33961,51.89806],[-10.34509,51.89681],[-10.34528,51.89699],[-10.349,51.89381],[-10.35606,51.89048],[-10.35786,51.89253],[-10.36083,51.89224],[-10.36996,51.8886],[-10.374,51.88958],[-10.38159,51.88706],[-10.38274,51.88732],[-10.38391,51.88812],[-10.38662,51.88863],[-10.38757,51.88886],[-10.38799,51.88928],[-10.39004,51.88957],[-10.39135,51.88978],[-10.39017,51.89148],[-10.3911,51.89259],[-10.39508,51.89149],[-10.40152,51.8892],[-10.40599,51.887],[-10.40973,51.88594],[-10.41486,51.88318],[-10.4182,51.88316],[-10.42135,51.88231],[-10.42375,51.88219],[-10.42492,51.88313],[-10.42613,51.88224],[-10.42599,51.88184],[-10.42665,51.88104],[-10.42717,51.88067],[-10.4293,51.88029],[-10.42888,51.8819],[-10.4309,51.88258],[-10.43117,51.88306],[-10.42827,51.88526],[-10.42538,51.88945],[-10.42409,51.89322],[-10.42473,51.89433],[-10.42468,51.89583],[-10.42415,51.89706],[-10.42311,51.89856],[-10.41896,51.8999],[-10.41614,51.89866],[-10.41643,51.90054],[-10.41305,51.90441],[-10.40999,51.90537],[-10.40876,51.90585],[-10.40964,51.90617],[-10.40874,51.90774],[-10.40872,51.90859],[-10.40878,51.90877],[-10.40931,51.9092],[-10.41032,51.91073],[-10.40751,51.91248],[-10.40566,51.91263],[-10.40432,51.9126],[-10.40317,51.91204],[-10.3986,51.91333],[-10.39629,51.91438],[-10.39184,51.91388],[-10.39099,51.91474],[-10.39025,51.91425],[-10.3858,51.91481],[-10.3862,51.91383],[-10.38564,51.91303],[-10.38445,51.91317],[-10.38265,51.91353],[-10.38187,51.91411],[-10.38075,51.91417],[-10.37954,51.91375],[-10.37782,51.91432],[-10.37611,51.91559],[-10.37454,51.91591],[-10.37359,51.91654],[-10.37244,51.9166],[-10.36721,51.91833],[-10.36233,51.92084],[-10.36146,51.9207],[-10.35703,51.92248],[-10.35183,51.92429],[-10.35051,51.92653],[-10.35127,51.93014],[-10.35103,51.93184],[-10.35344,51.93336],[-10.35366,51.93438],[-10.35228,51.93542],[-10.34963,51.93569]],[[-10.40275,51.84289],[-10.40294,51.84221],[-10.40243,51.84287],[-10.40095,51.84266],[-10.40204,51.84109],[-10.40055,51.8415],[-10.40133,51.8412],[-10.40103,51.84105],[-10.40174,51.84073],[-10.40155,51.84036],[-10.40254,51.84009],[-10.40278,51.83952],[-10.40216,51.83937],[-10.40167,51.83869],[-10.402,51.83854],[-10.40162,51.8378],[-10.40188,51.83736],[-10.40111,51.83693],[-10.40321,51.83617],[-10.405,51.83497],[-10.40609,51.83622],[-10.40578,51.8371],[-10.40633,51.83717],[-10.40767,51.83503],[-10.40905,51.83385],[-10.40893,51.83338],[-10.41167,51.83235],[-10.41188,51.8325],[-10.41446,51.83077],[-10.4151,51.83098],[-10.41532,51.83165],[-10.4142,51.83251],[-10.41253,51.83313],[-10.41319,51.8339],[-10.41173,51.83597],[-10.40833,51.83662],[-10.41004,51.83668],[-10.41022,51.83726],[-10.41159,51.83696],[-10.41067,51.83835],[-10.41097,51.8386],[-10.41171,51.83853],[-10.41083,51.83962],[-10.40903,51.84045],[-10.40772,51.84004],[-10.4066,51.83906],[-10.40711,51.83988],[-10.40607,51.84043],[-10.40634,51.841],[-10.40532,51.84156],[-10.40541,51.84188],[-10.40603,51.84148],[-10.40536,51.84239],[-10.40589,51.84245],[-10.40505,51.84307],[-10.40364,51.84342],[-10.40275,51.84289]],[[-10.40229,51.87939],[-10.40417,51.87904],[-10.405,51.87929],[-10.40574,51.87875],[-10.40826,51.87794],[-10.4079,51.87867],[-10.40481,51.87981],[-10.40064,51.88089],[-10.39985,51.8807],[-10.40229,51.87939]],[[-10.40047,51.87908],[-10.40214,51.879],[-10.39923,51.88038],[-10.39926,51.87955],[-10.40047,51.87908]],[[-10.4004,51.87817],[-10.40187,51.87784],[-10.40001,51.87884],[-10.3996,51.87851],[-10.4004,51.87817]],[[-10.39806,51.88337],[-10.39993,51.88219],[-10.40038,51.88236],[-10.40069,51.8826],[-10.39985,51.88313],[-10.40006,51.88335],[-10.39831,51.88407],[-10.398,51.88405],[-10.39806,51.88337]],[[-10.41009,52.20962],[-10.41095,52.20902],[-10.41117,52.20906],[-10.41009,52.20962]],[[-10.39115,51.87018],[-10.39155,51.87],[-10.39007,51.871],[-10.38861,51.87103],[-10.3891,51.87057],[-10.39115,51.87018]],[[-10.38175,52.21972],[-10.38247,52.21944],[-10.38346,52.21951],[-10.38178,52.22015],[-10.38175,52.21972]],[[-10.37932,52.19712],[-10.37954,52.19676],[-10.37972,52.19698],[-10.37932,52.19712]],[[-10.37848,52.21881],[-10.37881,52.21876],[-10.37856,52.21892],[-10.37848,52.21881]],[[-10.37119,52.22596],[-10.37126,52.22568],[-10.37343,52.22508],[-10.37247,52.22593],[-10.37289,52.22586],[-10.37257,52.22616],[-10.37301,52.22621],[-10.37196,52.22647],[-10.37207,52.22606],[-10.37119,52.22596]],[[-10.30567,51.94183],[-10.30563,51.94135],[-10.30458,51.94124],[-10.30372,51.94061],[-10.30371,51.93924],[-10.3019,51.93918],[-10.30127,51.9399],[-10.30096,51.93902],[-10.29957,51.93881],[-10.29909,51.93774],[-10.29661,51.93796],[-10.29406,51.93909],[-10.29203,51.9393],[-10.28919,51.94007],[-10.28791,51.93859],[-10.288,51.93687],[-10.28889,51.93649],[-10.29061,51.93726],[-10.29267,51.93766],[-10.29512,51.93722],[-10.29706,51.93615],[-10.29743,51.93507],[-10.29932,51.93486],[-10.30058,51.93427],[-10.30264,51.93161],[-10.30397,51.93145],[-10.30458,51.93191],[-10.30639,51.93218],[-10.30563,51.93286],[-10.3054,51.93381],[-10.30623,51.93428],[-10.30677,51.93422],[-10.30701,51.93488],[-10.30786,51.93549],[-10.30882,51.93561],[-10.31274,51.93437],[-10.31338,51.93435],[-10.31384,51.93472],[-10.31413,51.93441],[-10.31527,51.93469],[-10.31556,51.9352],[-10.31642,51.93536],[-10.31581,51.93575],[-10.31589,51.93644],[-10.31644,51.93678],[-10.31479,51.9379],[-10.31566,51.93801],[-10.3132,51.93907],[-10.31222,51.9404],[-10.31271,51.94068],[-10.31238,51.94126],[-10.311,51.94111],[-10.30913,51.94188],[-10.30832,51.94146],[-10.30783,51.9419],[-10.3067,51.94206],[-10.30567,51.94183]],[[-10.32932,52.23691],[-10.32932,52.23669],[-10.32963,52.23683],[-10.32932,52.23691]],[[-10.29824,51.94195],[-10.30102,51.94181],[-10.30117,51.94261],[-10.29996,51.94278],[-10.29903,51.94333],[-10.29729,51.94341],[-10.29763,51.94231],[-10.29824,51.94195]],[[-10.25976,51.81177],[-10.26025,51.81111],[-10.26204,51.81074],[-10.26068,51.81043],[-10.26096,51.81008],[-10.26034,51.81025],[-10.26054,51.8098],[-10.25965,51.80997],[-10.25994,51.8091],[-10.26237,51.80814],[-10.26431,51.808],[-10.26493,51.80739],[-10.2656,51.80723],[-10.26563,51.80757],[-10.26665,51.80726],[-10.26688,51.80789],[-10.26758,51.80766],[-10.26713,51.80789],[-10.2683,51.80814],[-10.26736,51.80941],[-10.26803,51.80903],[-10.26855,51.80913],[-10.26734,51.80968],[-10.26598,51.8109],[-10.26361,51.81084],[-10.26206,51.81141],[-10.26185,51.81117],[-10.26101,51.81171],[-10.25976,51.81177]],[[-10.24619,51.73696],[-10.24379,51.73577],[-10.24144,51.73558],[-10.24072,51.73614],[-10.23952,51.73613],[-10.23877,51.73578],[-10.23892,51.73513],[-10.23738,51.7351],[-10.23681,51.73448],[-10.23643,51.73465],[-10.23632,51.73428],[-10.23685,51.73398],[-10.23646,51.73365],[-10.23726,51.73252],[-10.23864,51.7323],[-10.23897,51.73162],[-10.24129,51.73144],[-10.24215,51.73046],[-10.24197,51.73024],[-10.24342,51.72984],[-10.24299,51.72966],[-10.24308,51.72929],[-10.24562,51.72747],[-10.24437,51.72743],[-10.24524,51.72686],[-10.24545,51.72606],[-10.24616,51.72612],[-10.24648,51.72678],[-10.24656,51.7255],[-10.25113,51.7245],[-10.25142,51.72454],[-10.25032,51.72601],[-10.25236,51.72548],[-10.25254,51.72596],[-10.25392,51.72567],[-10.25499,51.72597],[-10.25544,51.72525],[-10.2562,51.72529],[-10.25592,51.72514],[-10.25715,51.7249],[-10.2578,51.72508],[-10.25773,51.7259],[-10.25931,51.72557],[-10.2606,51.72565],[-10.26082,51.7259],[-10.26209,51.72528],[-10.26093,51.72632],[-10.262,51.72603],[-10.26238,51.72638],[-10.26321,51.72563],[-10.26399,51.72562],[-10.26174,51.72774],[-10.2626,51.72792],[-10.26114,51.72893],[-10.26108,51.73005],[-10.26165,51.72973],[-10.26238,51.72988],[-10.26263,51.72949],[-10.26286,51.72999],[-10.2612,51.73098],[-10.26059,51.73082],[-10.25966,51.73124],[-10.25935,51.73199],[-10.26014,51.73196],[-10.2597,51.73251],[-10.26004,51.73244],[-10.25771,51.73425],[-10.25591,51.7348],[-10.25563,51.73552],[-10.25498,51.73581],[-10.25467,51.73574],[-10.25514,51.73521],[-10.24932,51.7366],[-10.24711,51.73643],[-10.24619,51.73696]],[[-10.2471,51.94587],[-10.24716,51.94532],[-10.24908,51.94414],[-10.25002,51.94381],[-10.25261,51.94379],[-10.25256,51.94531],[-10.25106,51.94601],[-10.25059,51.94556],[-10.248,51.94619],[-10.24693,51.94605],[-10.2471,51.94587]],[[-10.21955,51.74255],[-10.21882,51.74246],[-10.2178,51.74249],[-10.21633,51.74169],[-10.21619,51.74053],[-10.218,51.73955],[-10.21842,51.7397],[-10.21912,51.73822],[-10.21806,51.73732],[-10.21779,51.73658],[-10.21626,51.7364],[-10.21584,51.73689],[-10.21528,51.73567],[-10.21432,51.73599],[-10.21411,51.73576],[-10.21443,51.73521],[-10.21452,51.73543],[-10.21499,51.73509],[-10.21462,51.73474],[-10.21556,51.73411],[-10.21509,51.73409],[-10.21543,51.73384],[-10.21521,51.73322],[-10.21594,51.7327],[-10.21699,51.73277],[-10.21826,51.73224],[-10.21807,51.73279],[-10.22043,51.73181],[-10.22087,51.7323],[-10.22159,51.7315],[-10.22194,51.73154],[-10.22147,51.73245],[-10.22452,51.73181],[-10.22466,51.7323],[-10.22606,51.73174],[-10.22599,51.7323],[-10.22665,51.73246],[-10.22649,51.73286],[-10.22511,51.73349],[-10.22469,51.73516],[-10.2222,51.73695],[-10.22335,51.73718],[-10.22261,51.73739],[-10.2221,51.73787],[-10.22239,51.73804],[-10.22189,51.7378],[-10.22137,51.73802],[-10.22186,51.73921],[-10.2223,51.73858],[-10.22277,51.73937],[-10.22211,51.73975],[-10.22188,51.73939],[-10.22171,51.74022],[-10.22077,51.74044],[-10.22145,51.74059],[-10.22091,51.74088],[-10.22121,51.74099],[-10.22085,51.74173],[-10.2203,51.74177],[-10.21955,51.74255]],[[-10.22501,51.78368],[-10.22499,51.78326],[-10.22442,51.783],[-10.22469,51.78254],[-10.22578,51.78171],[-10.22618,51.78188],[-10.22654,51.78168],[-10.2271,51.78101],[-10.22698,51.7826],[-10.2274,51.78245],[-10.22737,51.78284],[-10.22762,51.78246],[-10.22738,51.78339],[-10.22705,51.78373],[-10.22632,51.78374],[-10.226,51.78344],[-10.22552,51.78383],[-10.22501,51.78368]],[[-10.22217,52.1338],[-10.22249,52.13369],[-10.22252,52.13377],[-10.22217,52.1338]],[[-10.16983,51.7407],[-10.17001,51.74002],[-10.17057,51.73971],[-10.1702,51.7393],[-10.17091,51.7385],[-10.17294,51.73766],[-10.17357,51.73826],[-10.17384,51.73757],[-10.17534,51.73724],[-10.17484,51.73749],[-10.17524,51.73775],[-10.17384,51.73854],[-10.1713,51.73926],[-10.17306,51.74022],[-10.17194,51.74022],[-10.1701,51.74089],[-10.16983,51.7407]],[[-10.14739,51.74018],[-10.14776,51.73929],[-10.14961,51.73781],[-10.15133,51.73777],[-10.15171,51.73674],[-10.15227,51.7365],[-10.15223,51.73702],[-10.15256,51.73615],[-10.15309,51.73616],[-10.15381,51.73534],[-10.15554,51.73491],[-10.15606,51.73511],[-10.15631,51.73564],[-10.15573,51.73622],[-10.15259,51.73832],[-10.15186,51.73857],[-10.15194,51.7382],[-10.15148,51.73802],[-10.15101,51.73888],[-10.14935,51.73989],[-10.14903,51.73994],[-10.14921,51.7397],[-10.14739,51.74018]],[[-10.15166,51.76205],[-10.14876,51.76064],[-10.14851,51.75948],[-10.14934,51.75921],[-10.15059,51.75939],[-10.15135,51.75921],[-10.15146,51.75974],[-10.14999,51.76019],[-10.15087,51.76032],[-10.15084,51.76079],[-10.15161,51.76044],[-10.15232,51.7605],[-10.15139,51.76131],[-10.15178,51.76161],[-10.15374,51.76108],[-10.15269,51.76214],[-10.15166,51.76205]],[[-10.1478,51.75846],[-10.14754,51.75771],[-10.14542,51.75803],[-10.14502,51.75838],[-10.14324,51.7582],[-10.14249,51.75793],[-10.14241,51.7572],[-10.14193,51.75692],[-10.14223,51.75615],[-10.14281,51.75592],[-10.14286,51.75515],[-10.1434,51.75521],[-10.14384,51.75465],[-10.14428,51.75271],[-10.1455,51.75215],[-10.14596,51.75232],[-10.14634,51.75163],[-10.14639,51.75236],[-10.14671,51.75191],[-10.14784,51.75173],[-10.14723,51.75228],[-10.14801,51.75207],[-10.14811,51.75259],[-10.14855,51.75197],[-10.14895,51.75252],[-10.14888,51.75192],[-10.14941,51.75186],[-10.1497,51.75275],[-10.15053,51.7524],[-10.15033,51.7532],[-10.15213,51.75287],[-10.14954,51.75546],[-10.15062,51.75495],[-10.15091,51.75524],[-10.15152,51.75514],[-10.15177,51.75555],[-10.15076,51.75593],[-10.15068,51.75626],[-10.15235,51.75604],[-10.15241,51.75678],[-10.1506,51.75704],[-10.15161,51.75721],[-10.15088,51.75758],[-10.15087,51.75829],[-10.14978,51.7582],[-10.14987,51.75842],[-10.14857,51.75863],[-10.1478,51.75846]],[[-10.15848,52.24934],[-10.15952,52.24888],[-10.15931,52.24927],[-10.15848,52.24934]],[[-10.15486,52.24804],[-10.15538,52.24777],[-10.15568,52.24796],[-10.15486,52.24804]],[[-10.09966,51.74783],[-10.10043,51.74692],[-10.10219,51.74713],[-10.10204,51.74691],[-10.10278,51.74666],[-10.10388,51.74672],[-10.10403,51.74727],[-10.10362,51.74754],[-10.10274,51.74742],[-10.10164,51.74791],[-10.10063,51.74785],[-10.09966,51.74783]],[[-10.07,52.32569],[-10.07165,52.32508],[-10.0724,52.32533],[-10.07291,52.32601],[-10.0721,52.32694],[-10.07022,52.32751],[-10.06957,52.32666],[-10.07,52.32569]],[[-10.05236,52.33808],[-10.05237,52.33737],[-10.05172,52.33748],[-10.05159,52.33706],[-10.05195,52.33645],[-10.05302,52.33637],[-10.05295,52.33659],[-10.0541,52.3363],[-10.05664,52.33472],[-10.05677,52.33556],[-10.05498,52.33749],[-10.05423,52.33778],[-10.05413,52.33743],[-10.05355,52.33797],[-10.05253,52.33826],[-10.05236,52.33808]],[[-10.05234,52.33371],[-10.05345,52.33264],[-10.05376,52.33268],[-10.0532,52.33346],[-10.05234,52.33371]],[[-10.04555,52.33467],[-10.04559,52.33442],[-10.04529,52.33457],[-10.04567,52.3342],[-10.04542,52.33302],[-10.04587,52.33234],[-10.04702,52.3317],[-10.04935,52.33205],[-10.0497,52.33252],[-10.05051,52.33198],[-10.05185,52.33245],[-10.05274,52.33219],[-10.0525,52.33277],[-10.05157,52.33305],[-10.05004,52.33461],[-10.04916,52.33479],[-10.04954,52.33431],[-10.04862,52.3345],[-10.04785,52.3351],[-10.04539,52.3353],[-10.04604,52.3347],[-10.04555,52.33467]],[[-10.01666,51.76813],[-10.01719,51.768],[-10.01761,51.76832],[-10.01724,51.76936],[-10.01758,51.76937],[-10.01657,51.77023],[-10.01539,51.77037],[-10.01546,51.76944],[-10.01666,51.76813]],[[-10.01208,51.76837],[-10.01295,51.76781],[-10.01332,51.76787],[-10.01418,51.76728],[-10.01436,51.76763],[-10.01472,51.76741],[-10.01373,51.76863],[-10.0124,51.76868],[-10.01208,51.76837]],[[-10.0013,51.77546],[-10.00075,51.7749],[-10.00027,51.77505],[-10.00033,51.77428],[-10.00104,51.77361],[-10.00219,51.77323],[-10.00286,51.77333],[-10.00287,51.77411],[-10.0034,51.77412],[-10.00269,51.7751],[-10.00326,51.77483],[-10.00197,51.77561],[-10.00158,51.77565],[-10.00175,51.77545],[-10.0013,51.77546]],[[-10.02587,52.32992],[-10.02647,52.32976],[-10.02739,52.32998],[-10.02683,52.33146],[-10.02621,52.33189],[-10.02497,52.33064],[-10.02587,52.32992]],[[-10.02268,52.32485],[-10.02348,52.32443],[-10.02389,52.32462],[-10.02428,52.32432],[-10.02502,52.32451],[-10.02492,52.32432],[-10.02566,52.32425],[-10.02568,52.32518],[-10.02441,52.32556],[-10.0239,52.32631],[-10.02431,52.3279],[-10.02383,52.32912],[-10.02289,52.32937],[-10.02163,52.32919],[-10.02008,52.32816],[-10.01967,52.3259],[-10.02062,52.32515],[-10.02268,52.32485]],[[-10.01673,52.32918],[-10.0189,52.32912],[-10.01972,52.32936],[-10.01999,52.32986],[-10.01921,52.33035],[-10.01639,52.33051],[-10.01673,52.32918]],[[-9.98293,51.78468],[-9.98316,51.78422],[-9.98264,51.78435],[-9.98275,51.78401],[-9.98232,51.78404],[-9.98373,51.78245],[-9.98868,51.77971],[-9.99049,51.77962],[-9.99073,51.78037],[-9.99017,51.78089],[-9.98861,51.78138],[-9.98685,51.78272],[-9.98514,51.78355],[-9.98481,51.78345],[-9.98479,51.78388],[-9.98325,51.78463],[-9.98293,51.78468]],[[-9.93943,51.79716],[-9.94037,51.79616],[-9.93962,51.79642],[-9.94124,51.79492],[-9.94221,51.79468],[-9.94146,51.79525],[-9.94296,51.79447],[-9.94205,51.79527],[-9.94321,51.79469],[-9.94405,51.79471],[-9.94282,51.79603],[-9.94159,51.79662],[-9.94079,51.7967],[-9.94074,51.7965],[-9.93943,51.79716]],[[-9.89551,51.79222],[-9.89594,51.79174],[-9.89632,51.79198],[-9.89709,51.79157],[-9.89665,51.79108],[-9.89724,51.79045],[-9.89643,51.78993],[-9.89775,51.78968],[-9.89717,51.79001],[-9.89767,51.79024],[-9.89882,51.78952],[-9.8997,51.7899],[-9.89943,51.78961],[-9.8998,51.78947],[-9.89911,51.78941],[-9.89916,51.78903],[-9.89873,51.78911],[-9.89943,51.7886],[-9.90078,51.78817],[-9.90025,51.78869],[-9.90059,51.78862],[-9.90186,51.78769],[-9.90456,51.78696],[-9.90785,51.78559],[-9.90984,51.78529],[-9.91018,51.78551],[-9.9097,51.786],[-9.91074,51.78577],[-9.91167,51.78605],[-9.90872,51.78758],[-9.91084,51.78697],[-9.9102,51.78768],[-9.90777,51.78901],[-9.91003,51.78829],[-9.90668,51.7898],[-9.90589,51.78975],[-9.90161,51.79199],[-9.90094,51.79213],[-9.90095,51.79187],[-9.89961,51.79227],[-9.9001,51.79187],[-9.89971,51.7916],[-9.89799,51.79229],[-9.89796,51.79192],[-9.89647,51.79224],[-9.89637,51.79262],[-9.89609,51.79225],[-9.89551,51.79222]],[[-9.90254,51.79882],[-9.90302,51.79856],[-9.90311,51.79878],[-9.9044,51.79849],[-9.90656,51.79742],[-9.90714,51.79736],[-9.90685,51.79767],[-9.90725,51.79769],[-9.90982,51.79718],[-9.90892,51.79765],[-9.90266,51.79917],[-9.90254,51.79882]],[[-9.89908,51.8094],[-9.89959,51.80891],[-9.89863,51.80907],[-9.90062,51.80724],[-9.89978,51.80761],[-9.90002,51.80738],[-9.89954,51.80724],[-9.89899,51.80759],[-9.89973,51.80685],[-9.89815,51.80783],[-9.89829,51.80741],[-9.89761,51.80754],[-9.89577,51.80917],[-9.89591,51.80898],[-9.89534,51.80925],[-9.89571,51.80887],[-9.89424,51.80946],[-9.8947,51.80868],[-9.897,51.80723],[-9.8968,51.80696],[-9.8983,51.80585],[-9.89764,51.80602],[-9.8975,51.80553],[-9.89876,51.80406],[-9.90257,51.8029],[-9.90259,51.80318],[-9.90343,51.8032],[-9.90337,51.80344],[-9.90477,51.8032],[-9.90595,51.80348],[-9.90607,51.80378],[-9.90638,51.80357],[-9.90723,51.80378],[-9.9067,51.80432],[-9.90327,51.80598],[-9.90124,51.80741],[-9.90251,51.80697],[-9.9003,51.8088],[-9.89908,51.8094]],[[-9.90098,51.8085],[-9.90162,51.8084],[-9.90156,51.80923],[-9.9004,51.81029],[-9.90036,51.81098],[-9.89955,51.81123],[-9.89904,51.8113],[-9.89903,51.81038],[-9.89827,51.81031],[-9.90098,51.8085]],[[-9.89441,51.7953],[-9.8944,51.79496],[-9.89287,51.79502],[-9.89189,51.7937],[-9.89132,51.79374],[-9.89164,51.79343],[-9.8904,51.79371],[-9.89125,51.79275],[-9.89303,51.79198],[-9.8938,51.79227],[-9.89374,51.79256],[-9.89466,51.79246],[-9.89563,51.79294],[-9.89494,51.79518],[-9.89441,51.7953]],[[-9.89102,51.79932],[-9.89121,51.79908],[-9.89004,51.79918],[-9.89008,51.79816],[-9.88926,51.79789],[-9.89053,51.79785],[-9.89173,51.79673],[-9.89327,51.79625],[-9.8928,51.79753],[-9.89357,51.79756],[-9.89256,51.79819],[-9.89368,51.79774],[-9.8942,51.79787],[-9.89378,51.79803],[-9.89431,51.79806],[-9.89321,51.79851],[-9.89309,51.79876],[-9.89359,51.7987],[-9.89187,51.79963],[-9.89199,51.79937],[-9.89102,51.79932]],[[-9.88527,51.8132],[-9.88589,51.81288],[-9.88523,51.81304],[-9.88624,51.81144],[-9.88476,51.81282],[-9.88441,51.81285],[-9.8847,51.8123],[-9.88331,51.81322],[-9.88614,51.81023],[-9.88722,51.81003],[-9.88699,51.8106],[-9.8883,51.81022],[-9.88929,51.81084],[-9.88975,51.81076],[-9.88782,51.81291],[-9.88729,51.81314],[-9.88805,51.81223],[-9.88527,51.8132]],[[-9.89361,52.13379],[-9.89633,52.13313],[-9.89506,52.13382],[-9.89658,52.13404],[-9.89659,52.1343],[-9.89361,52.13379]],[[-9.87776,51.81653],[-9.88082,51.81275],[-9.88094,51.81328],[-9.88028,51.81387],[-9.88097,51.81377],[-9.8805,51.8148],[-9.88075,51.81454],[-9.88109,51.8147],[-9.88011,51.81563],[-9.87985,51.81549],[-9.87833,51.81649],[-9.87776,51.81653]],[[-9.87923,52.30413],[-9.87933,52.30396],[-9.87952,52.30419],[-9.87923,52.30413]],[[-9.85114,51.75779],[-9.85174,51.75738],[-9.85127,51.7575],[-9.8518,51.7566],[-9.85228,51.75659],[-9.85232,51.75648],[-9.85407,51.75532],[-9.85372,51.75597],[-9.85428,51.75581],[-9.85441,51.75632],[-9.85382,51.75653],[-9.85443,51.75647],[-9.85218,51.75716],[-9.85327,51.75719],[-9.85114,51.75779]],[[-9.87213,52.30526],[-9.87209,52.30489],[-9.87235,52.30501],[-9.87213,52.30526]],[[-9.83974,52.36056],[-9.84074,52.35869],[-9.8411,52.35896],[-9.8409,52.35974],[-9.84021,52.36051],[-9.83974,52.36056]],[[-9.83774,52.35591],[-9.83782,52.35537],[-9.83802,52.35545],[-9.83774,52.35591]],[[-9.78762,51.83144],[-9.78723,51.83114],[-9.7867,51.83126],[-9.78722,51.83054],[-9.79123,51.82838],[-9.79298,51.82784],[-9.7927,51.8275],[-9.79193,51.82755],[-9.79108,51.8267],[-9.79146,51.82599],[-9.79095,51.8259],[-9.79114,51.82558],[-9.79352,51.82415],[-9.79541,51.82362],[-9.79587,51.82306],[-9.79645,51.82321],[-9.79727,51.82283],[-9.79798,51.8232],[-9.79827,51.82273],[-9.79908,51.82241],[-9.79932,51.82265],[-9.79992,51.8214],[-9.80296,51.82018],[-9.80347,51.8195],[-9.80604,51.81825],[-9.80978,51.81688],[-9.81005,51.8171],[-9.81204,51.81669],[-9.81198,51.81717],[-9.81034,51.81809],[-9.80913,51.81926],[-9.80563,51.82107],[-9.80556,51.82148],[-9.80633,51.82141],[-9.80732,51.82058],[-9.80822,51.82059],[-9.81062,51.81984],[-9.81101,51.82039],[-9.80989,51.82105],[-9.81084,51.82142],[-9.81224,51.82114],[-9.81303,51.82127],[-9.81282,51.82151],[-9.81334,51.82139],[-9.81126,51.82309],[-9.81077,51.8246],[-9.81137,51.82504],[-9.81029,51.82532],[-9.80977,51.82713],[-9.80884,51.82731],[-9.80833,51.82775],[-9.80881,51.82797],[-9.8076,51.82835],[-9.80783,51.82794],[-9.80705,51.828],[-9.80683,51.82827],[-9.80545,51.82844],[-9.80533,51.82814],[-9.80656,51.82767],[-9.80587,51.8278],[-9.80565,51.82756],[-9.80713,51.82677],[-9.80636,51.82686],[-9.80657,51.82657],[-9.80459,51.82718],[-9.80224,51.82853],[-9.80005,51.82902],[-9.79969,51.82922],[-9.80009,51.82934],[-9.79871,51.82994],[-9.80031,51.82995],[-9.80045,51.83023],[-9.80187,51.82929],[-9.80477,51.82889],[-9.80478,51.82922],[-9.804,51.82928],[-9.80473,51.8294],[-9.80372,51.82998],[-9.80153,51.8307],[-9.79985,51.83079],[-9.80074,51.83096],[-9.79696,51.83129],[-9.79647,51.83159],[-9.79407,51.83166],[-9.79296,51.83121],[-9.79195,51.83151],[-9.79234,51.8316],[-9.79205,51.83183],[-9.78774,51.83277],[-9.78762,51.83144]],[[-9.82175,52.43692],[-9.82254,52.43676],[-9.82198,52.4371],[-9.82175,52.43692]],[[-9.81999,52.43741],[-9.82003,52.43706],[-9.81974,52.43713],[-9.82042,52.43659],[-9.81999,52.43741]],[[-9.81952,52.43693],[-9.81976,52.4369],[-9.81966,52.43706],[-9.81952,52.43693]],[[-9.81059,52.44289],[-9.81026,52.44235],[-9.81139,52.44241],[-9.81059,52.44289]],[[-9.74981,51.82686],[-9.74817,51.82666],[-9.7457,51.82689],[-9.74407,51.8262],[-9.74617,51.82575],[-9.74743,51.8262],[-9.74994,51.82626],[-9.75063,51.82604],[-9.75034,51.82568],[-9.7511,51.82488],[-9.75185,51.82471],[-9.75156,51.8251],[-9.75263,51.82472],[-9.75339,51.82489],[-9.75441,51.82441],[-9.75447,51.82467],[-9.75632,51.82434],[-9.75644,51.82485],[-9.75465,51.82555],[-9.75319,51.82639],[-9.75215,51.82663],[-9.75071,51.82634],[-9.74981,51.82686]],[[-9.75933,52.25734],[-9.75743,52.25704],[-9.75728,52.25636],[-9.75647,52.2565],[-9.75591,52.25582],[-9.75625,52.25447],[-9.75482,52.25387],[-9.7547,52.25304],[-9.75544,52.25273],[-9.75567,52.25295],[-9.75698,52.25267],[-9.75842,52.25299],[-9.75924,52.25454],[-9.76155,52.25526],[-9.76119,52.25609],[-9.76185,52.2566],[-9.76117,52.25708],[-9.7597,52.25709],[-9.75933,52.25734]],[[-9.75683,52.45661],[-9.75789,52.45638],[-9.75786,52.45676],[-9.75756,52.45682],[-9.75766,52.45706],[-9.75728,52.45715],[-9.75758,52.45693],[-9.75713,52.45693],[-9.75683,52.45661]],[[-9.66422,51.86267],[-9.66392,51.86251],[-9.66292,51.86277],[-9.66273,51.86222],[-9.66193,51.86221],[-9.66338,51.86099],[-9.66333,51.86044],[-9.66418,51.8603],[-9.66451,51.86095],[-9.6649,51.86015],[-9.66689,51.85951],[-9.66734,51.85991],[-9.66707,51.86013],[-9.66783,51.86057],[-9.66886,51.86054],[-9.66813,51.86089],[-9.66856,51.86092],[-9.66833,51.86113],[-9.66703,51.86099],[-9.66601,51.86124],[-9.66581,51.86141],[-9.66652,51.86144],[-9.6658,51.86176],[-9.666,51.86212],[-9.66546,51.86242],[-9.6662,51.86238],[-9.66613,51.86257],[-9.66266,51.86342],[-9.6632,51.86277],[-9.66422,51.86267]],[[-9.65294,51.84795],[-9.65325,51.84709],[-9.65357,51.84717],[-9.65486,51.84594],[-9.6561,51.84593],[-9.65738,51.84687],[-9.65851,51.84717],[-9.659,51.8468],[-9.65965,51.84692],[-9.65873,51.84737],[-9.65828,51.84817],[-9.65702,51.84867],[-9.65209,51.84955],[-9.65135,51.84855],[-9.65294,51.84795]],[[-9.63694,51.86369],[-9.6363,51.86303],[-9.63688,51.86322],[-9.63843,51.86243],[-9.63945,51.86249],[-9.64015,51.86165],[-9.64139,51.8619],[-9.64252,51.86113],[-9.64309,51.86128],[-9.64469,51.86072],[-9.64569,51.85987],[-9.64688,51.86006],[-9.647,51.86061],[-9.64933,51.86104],[-9.64832,51.86176],[-9.64818,51.86278],[-9.64783,51.86192],[-9.647,51.8623],[-9.64696,51.86245],[-9.64759,51.86281],[-9.64755,51.86321],[-9.6473,51.86274],[-9.64676,51.86293],[-9.64659,51.86322],[-9.64584,51.86321],[-9.64577,51.86264],[-9.64668,51.86241],[-9.64662,51.8621],[-9.64435,51.86249],[-9.64387,51.86235],[-9.64245,51.86291],[-9.64006,51.86314],[-9.63928,51.86305],[-9.63891,51.86266],[-9.63694,51.86369]],[[-9.62925,51.86485],[-9.62973,51.8638],[-9.63016,51.86387],[-9.6305,51.8635],[-9.63128,51.86371],[-9.63146,51.863],[-9.63277,51.86248],[-9.6349,51.86222],[-9.63446,51.86261],[-9.6351,51.86263],[-9.63556,51.86327],[-9.63608,51.86323],[-9.6367,51.86375],[-9.63433,51.86464],[-9.63069,51.86518],[-9.62925,51.86485]]]]}},{"type":"Feature","properties":{"county_id":"37","county":"Limerick County","nuts3":"Mid-West"},"geometry":{"type":"MultiPolygon","coordinates":[[[[-8.47603,52.7535],[-8.46692,52.71772],[-8.45726,52.6967],[-8.43284,52.68114],[-8.3981,52.68943],[-8.37133,52.68293],[-8.33746,52.6872],[-8.30844,52.69196],[-8.28104,52.69167],[-8.25434,52.67009],[-8.22465,52.66665],[-8.18942,52.6711],[-8.19755,52.64291],[-8.21304,52.62295],[-8.21334,52.5972],[-8.23517,52.58337],[-8.22691,52.56949],[-8.23553,52.56238],[-8.22826,52.54818],[-8.247,52.51229],[-8.26895,52.52067],[-8.32617,52.5053],[-8.33357,52.48201],[-8.33647,52.50656],[-8.35974,52.50514],[-8.38346,52.49167],[-8.38939,52.47246],[-8.39337,52.44105],[-8.35489,52.4362],[-8.31469,52.43649],[-8.28641,52.41558],[-8.25805,52.40826],[-8.22707,52.40381],[-8.22856,52.38916],[-8.21209,52.36583],[-8.16782,52.35244],[-8.1752,52.32111],[-8.15972,52.30302],[-8.18053,52.28942],[-8.20638,52.29331],[-8.23489,52.29556],[-8.26111,52.29275],[-8.28788,52.29029],[-8.31237,52.32192],[-8.35035,52.32445],[-8.36358,52.30889],[-8.38509,52.29655],[-8.47743,52.28597],[-8.54255,52.28913],[-8.60649,52.32414],[-8.61934,52.33912],[-8.6422,52.34562],[-8.66319,52.35449],[-8.67155,52.38147],[-8.71585,52.37385],[-8.75544,52.37802],[-8.76657,52.38304],[-8.79985,52.38755],[-8.81922,52.38373],[-8.82654,52.37489],[-8.85164,52.36798],[-8.87462,52.35335],[-8.88472,52.33325],[-8.95182,52.32073],[-8.97848,52.29645],[-8.98392,52.29256],[-8.99504,52.29963],[-9.01205,52.31084],[-9.03686,52.32206],[-9.07232,52.33187],[-9.13447,52.34384],[-9.15532,52.32899],[-9.17468,52.31192],[-9.21459,52.30133],[-9.2472,52.32364],[-9.26637,52.32738],[-9.31065,52.34299],[-9.34097,52.35743],[-9.32197,52.37402],[-9.30337,52.38614],[-9.32165,52.39884],[-9.33904,52.4107],[-9.31625,52.42653],[-9.33189,52.45362],[-9.33921,52.46944],[-9.33316,52.47267],[-9.31952,52.47593],[-9.31241,52.49565],[-9.32577,52.52773],[-9.34411,52.54825],[-9.34668,52.56106],[-9.36642,52.57518],[-9.26965,52.5888],[-9.02285,52.64936],[-8.80991,52.6772],[-8.70665,52.67099],[-8.68401,52.68073],[-8.63608,52.6877],[-8.61118,52.68263],[-8.57645,52.67803],[-8.53285,52.70385],[-8.50553,52.72167],[-8.4896,52.75306],[-8.47603,52.7535]]]]}},{"type":"Feature","properties":{"county_id":"38","county":"Tipperary County","nuts3":"Mid-West"},"geometry":{"type":"MultiPolygon","coordinates":[[[[-8.07169,53.16205],[-8.03335,53.14947],[-8.00497,53.13967],[-7.96635,53.12762],[-7.92012,53.10103],[-7.92685,53.06909],[-7.9283,53.0655],[-7.93151,53.06176],[-7.93453,53.05991],[-7.93497,53.05806],[-7.93491,53.05567],[-7.93612,53.05336],[-7.93889,53.05196],[-7.93651,53.04864],[-7.93633,53.04483],[-7.9601,53.04379],[-7.96281,53.01618],[-8.00275,52.99331],[-7.98561,52.93866],[-8.03792,52.91179],[-7.99346,52.8708],[-7.98189,52.85313],[-7.95173,52.86391],[-7.94623,52.86659],[-7.9449,52.87135],[-7.94557,52.8764],[-7.94479,52.87906],[-7.94842,52.88199],[-7.95332,52.88527],[-7.95927,52.88953],[-7.91414,52.88212],[-7.88508,52.89868],[-7.86695,52.92109],[-7.86539,52.9555],[-7.82415,52.97133],[-7.78618,52.97093],[-7.73753,52.95999],[-7.66699,52.93496],[-7.70344,52.90263],[-7.72526,52.86215],[-7.6552,52.74762],[-7.57332,52.71065],[-7.52417,52.66655],[-7.50181,52.63571],[-7.48217,52.62081],[-7.48064,52.60034],[-7.45136,52.58187],[-7.45731,52.56135],[-7.45823,52.5371],[-7.44,52.51388],[-7.46787,52.47231],[-7.41937,52.44337],[-7.38242,52.41996],[-7.38824,52.38396],[-7.39182,52.36013],[-7.37353,52.34759],[-7.40576,52.33768],[-7.46428,52.35008],[-7.60847,52.36211],[-7.69213,52.3491],[-7.75998,52.34234],[-7.79437,52.29396],[-7.76899,52.27192],[-7.75162,52.23632],[-7.75834,52.21522],[-7.8033,52.21787],[-7.93065,52.23583],[-7.99662,52.22458],[-8.02721,52.20811],[-8.07437,52.20696],[-8.10653,52.21312],[-8.16559,52.25996],[-8.16898,52.29163],[-8.17421,52.32197],[-8.17833,52.36588],[-8.22791,52.38803],[-8.23194,52.41078],[-8.28399,52.41437],[-8.32831,52.43663],[-8.39207,52.43977],[-8.39604,52.48425],[-8.3603,52.50529],[-8.33066,52.4983],[-8.32578,52.5031],[-8.25617,52.51701],[-8.23135,52.54504],[-8.22967,52.5653],[-8.23475,52.58285],[-8.21274,52.60857],[-8.2,52.64256],[-8.20965,52.67133],[-8.24128,52.66889],[-8.29507,52.69544],[-8.33816,52.68851],[-8.38521,52.68192],[-8.42774,52.6779],[-8.46493,52.70291],[-8.47521,52.74691],[-8.43685,52.7999],[-8.40752,52.91258],[-8.19702,53.08713],[-8.14649,53.14251],[-8.07452,53.16325],[-8.07169,53.16205]]]]}},{"type":"Feature","properties":{"county_id":"39","county":"Waterford County","nuts3":"South-East (IE)"},"geometry":{"type":"MultiPolygon","coordinates":[[[[-7.76145,51.9453],[-7.76104,51.94492],[-7.76153,51.94495],[-7.76145,51.9453]],[[-7.60739,51.98111],[-7.60737,51.98097],[-7.6075,51.98103],[-7.60739,51.98111]],[[-7.57745,51.99497],[-7.57735,51.99485],[-7.57772,51.99496],[-7.57745,51.99497]],[[-7.57816,52.00243],[-7.57815,52.00207],[-7.57886,52.00228],[-7.57852,52.00275],[-7.57816,52.00243]],[[-7.53475,52.05441],[-7.53475,52.05426],[-7.53506,52.05442],[-7.53475,52.05441]],[[-7.53517,52.0545],[-7.53525,52.0542],[-7.53704,52.05442],[-7.53687,52.05472],[-7.53625,52.05473],[-7.53534,52.05466],[-7.53588,52.05454],[-7.53517,52.0545]],[[-7.53933,52.07947],[-7.53896,52.07906],[-7.53978,52.0791],[-7.53943,52.07927],[-7.53933,52.07947]],[[-7.3872,52.12893],[-7.3865,52.12841],[-7.38733,52.12871],[-7.3872,52.12893]],[[-7.23407,52.12878],[-7.2344,52.12862],[-7.235,52.12915],[-7.23418,52.12933],[-7.23387,52.12911],[-7.23439,52.12904],[-7.23407,52.12878]],[[-7.22088,52.13089],[-7.22082,52.13063],[-7.2211,52.13072],[-7.22088,52.13089]],[[-7.2168,52.13104],[-7.21835,52.13023],[-7.21794,52.13098],[-7.2184,52.13117],[-7.21822,52.13142],[-7.2168,52.13104]],[[-7.38052,52.13248],[-7.3803,52.1318],[-7.3807,52.13217],[-7.38052,52.13248]],[[-7.37959,52.13278],[-7.3796,52.13204],[-7.37991,52.13253],[-7.37959,52.13278]],[[-7.21623,52.13186],[-7.21608,52.13137],[-7.21658,52.13168],[-7.21623,52.13186]],[[-7.20015,52.13223],[-7.20057,52.13222],[-7.20039,52.13253],[-7.20015,52.13223]],[[-7.2402,52.13302],[-7.24055,52.13283],[-7.24024,52.13324],[-7.2402,52.13302]],[[-7.0333,52.13207],[-7.03358,52.13185],[-7.03353,52.13206],[-7.0333,52.13207]],[[-7.30905,52.13421],[-7.30909,52.13388],[-7.30938,52.13418],[-7.30905,52.13421]],[[-7.18818,52.13351],[-7.1884,52.13297],[-7.18886,52.13352],[-7.18854,52.13376],[-7.18818,52.13351]],[[-7.18404,52.13283],[-7.18496,52.13282],[-7.18393,52.13399],[-7.18379,52.13339],[-7.18411,52.13335],[-7.18404,52.13283]],[[-7.18903,52.13424],[-7.18931,52.13353],[-7.18948,52.13409],[-7.18903,52.13424]],[[-7.18303,52.13416],[-7.18341,52.13415],[-7.18324,52.13462],[-7.18303,52.13416]],[[-7.30362,52.1354],[-7.30412,52.13496],[-7.30398,52.13552],[-7.30362,52.1354]],[[-7.33292,52.13602],[-7.33295,52.13594],[-7.33312,52.13603],[-7.33292,52.13602]],[[-7.02735,52.13378],[-7.02796,52.13372],[-7.02741,52.13393],[-7.02735,52.13378]],[[-7.33151,52.13612],[-7.33161,52.13588],[-7.33185,52.13606],[-7.33151,52.13612]],[[-7.27207,52.13545],[-7.27291,52.13528],[-7.27239,52.13579],[-7.27207,52.13545]],[[-7.33287,52.13619],[-7.33278,52.13613],[-7.33298,52.13619],[-7.33287,52.13619]],[[-7.33257,52.1362],[-7.33248,52.13604],[-7.33282,52.13609],[-7.33257,52.1362]],[[-7.33126,52.1365],[-7.33113,52.13637],[-7.33148,52.13653],[-7.33126,52.1365]],[[-7.3269,52.13637],[-7.32707,52.13622],[-7.32705,52.13654],[-7.3269,52.13637]],[[-7.27122,52.13623],[-7.27266,52.13617],[-7.27195,52.13657],[-7.27094,52.13658],[-7.27122,52.13623]],[[-7.32279,52.13692],[-7.32283,52.13687],[-7.32285,52.13699],[-7.32279,52.13692]],[[-7.35463,52.1372],[-7.35532,52.13695],[-7.35504,52.13723],[-7.35463,52.1372]],[[-7.33866,52.13698],[-7.33874,52.13697],[-7.33887,52.13727],[-7.33866,52.13698]],[[-7.3226,52.13718],[-7.32271,52.13704],[-7.32288,52.13704],[-7.3226,52.13718]],[[-7.35424,52.13735],[-7.35442,52.13719],[-7.35471,52.13741],[-7.35424,52.13735]],[[-7.32226,52.13723],[-7.32238,52.13713],[-7.32245,52.13712],[-7.32226,52.13723]],[[-7.27175,52.13692],[-7.27225,52.13666],[-7.27181,52.13712],[-7.27175,52.13692]],[[-7.34673,52.13787],[-7.34671,52.13773],[-7.34685,52.13773],[-7.34673,52.13787]],[[-7.27086,52.13701],[-7.27129,52.13668],[-7.2718,52.13676],[-7.27113,52.13756],[-7.27086,52.13701]],[[-7.3406,52.13817],[-7.34051,52.13788],[-7.34067,52.13802],[-7.3406,52.13817]],[[-7.2829,52.13844],[-7.28289,52.13821],[-7.28308,52.13825],[-7.2829,52.13844]],[[-7.27666,52.13862],[-7.27705,52.13827],[-7.27662,52.13885],[-7.27666,52.13862]],[[-7.28244,52.13915],[-7.28233,52.13893],[-7.28253,52.13895],[-7.28244,52.13915]],[[-7.29181,52.14073],[-7.29205,52.14056],[-7.29183,52.14097],[-7.29181,52.14073]],[[-7.16653,52.14232],[-7.16638,52.14219],[-7.16652,52.14223],[-7.16653,52.14232]],[[-7.13555,52.17235],[-7.13478,52.17228],[-7.13508,52.1721],[-7.13555,52.17235]],[[-7.13555,52.17235],[-7.12138,52.15816],[-7.09079,52.15338],[-7.15789,52.15323],[-7.16601,52.14342],[-7.17269,52.13697],[-7.18588,52.13378],[-7.19922,52.13418],[-7.23902,52.13458],[-7.28235,52.13937],[-7.304,52.13597],[-7.31432,52.13644],[-7.32214,52.13763],[-7.33656,52.13716],[-7.3743,52.13465],[-7.38975,52.13008],[-7.4048,52.13181],[-7.42255,52.12873],[-7.44015,52.12754],[-7.45384,52.12189],[-7.46689,52.11903],[-7.48337,52.11017],[-7.49592,52.10454],[-7.51914,52.106],[-7.56168,52.08063],[-7.5848,52.10236],[-7.59294,52.1059],[-7.5869,52.10061],[-7.62665,52.08331],[-7.63233,52.06946],[-7.65079,52.06887],[-7.6497,52.06537],[-7.6434,52.06277],[-7.61817,52.06158],[-7.6091,52.06465],[-7.60908,52.07385],[-7.57184,52.05147],[-7.53703,52.05332],[-7.54671,52.04635],[-7.56902,52.03836],[-7.58399,52.02182],[-7.58332,51.99858],[-7.5995,51.98848],[-7.61785,51.98124],[-7.64477,51.97738],[-7.66753,51.97493],[-7.70185,51.97222],[-7.71625,51.94922],[-7.70909,51.94304],[-7.72224,51.93924],[-7.73587,51.9387],[-7.75114,51.94048],[-7.76872,51.95079],[-7.81716,51.93892],[-7.84739,51.97246],[-7.88921,51.9768],[-7.92555,51.9915],[-7.98245,52.03544],[-8.02146,52.06638],[-8.02168,52.08939],[-8.05283,52.11512],[-8.06241,52.13677],[-8.13175,52.14303],[-8.13796,52.1638],[-8.09781,52.20578],[-8.06136,52.20893],[-8.00839,52.20365],[-7.99064,52.23651],[-7.89652,52.22564],[-7.78487,52.22084],[-7.74684,52.21778],[-7.74586,52.24395],[-7.77205,52.27214],[-7.79662,52.29852],[-7.75582,52.3419],[-7.69213,52.3491],[-7.61249,52.36243],[-7.47356,52.35034],[-7.41335,52.34058],[-7.35669,52.33646],[-7.28427,52.29147],[-7.18712,52.26062],[-7.09926,52.26918],[-7.02621,52.26915],[-6.96979,52.22346],[-6.98134,52.18583],[-6.95949,52.17623],[-6.98472,52.15746],[-6.99295,52.14982],[-6.99574,52.14311],[-7.00815,52.13887],[-7.02127,52.13432],[-7.04073,52.13611],[-7.05486,52.13854],[-7.07018,52.1353],[-7.08794,52.13109],[-7.10491,52.128],[-7.1026,52.13756],[-7.07098,52.16003],[-7.08841,52.16329],[-7.13164,52.17028],[-7.13555,52.17235]],[[-7.60976,52.06402],[-7.60985,52.06412],[-7.60979,52.06396],[-7.60976,52.06402]]]]}},{"type":"Feature","properties":{"county_id":"40","county":"Galway County","nuts3":"West"},"geometry":{"type":"MultiPolygon","coordinates":[[[[-9.52331,53.06792],[-9.52096,53.0659],[-9.51803,53.06568],[-9.51652,53.06619],[-9.51632,53.06591],[-9.51536,53.06643],[-9.51351,53.06644],[-9.5127,53.06596],[-9.50885,53.06518],[-9.50708,53.06451],[-9.50633,53.06404],[-9.50612,53.06341],[-9.50517,53.06338],[-9.50375,53.06282],[-9.50419,53.06132],[-9.50174,53.05947],[-9.50218,53.05821],[-9.50135,53.05641],[-9.50198,53.05524],[-9.50586,53.05572],[-9.50659,53.05522],[-9.50761,53.05505],[-9.5132,53.05121],[-9.51429,53.05109],[-9.51675,53.04942],[-9.51846,53.04957],[-9.52221,53.049],[-9.52343,53.04801],[-9.52344,53.04761],[-9.52361,53.04781],[-9.524,53.04758],[-9.52489,53.04609],[-9.52579,53.04543],[-9.52737,53.04514],[-9.52945,53.04565],[-9.53009,53.04526],[-9.53051,53.04558],[-9.53133,53.04534],[-9.5345,53.04713],[-9.53536,53.04651],[-9.53631,53.04686],[-9.53817,53.04651],[-9.53983,53.04743],[-9.54043,53.04877],[-9.54181,53.04919],[-9.54548,53.04888],[-9.54709,53.04913],[-9.54875,53.04895],[-9.54941,53.04939],[-9.55116,53.04927],[-9.55158,53.0496],[-9.55448,53.0482],[-9.55557,53.04884],[-9.55616,53.0497],[-9.55547,53.05143],[-9.55479,53.05187],[-9.55487,53.0528],[-9.55274,53.0537],[-9.55265,53.05404],[-9.55102,53.05444],[-9.55105,53.05531],[-9.55035,53.05549],[-9.54955,53.05605],[-9.54938,53.05666],[-9.5487,53.05694],[-9.54731,53.05958],[-9.54758,53.06019],[-9.54649,53.06254],[-9.54322,53.06427],[-9.54235,53.06541],[-9.53808,53.06592],[-9.53578,53.06753],[-9.53493,53.0674],[-9.53397,53.06826],[-9.52936,53.06891],[-9.52697,53.06889],[-9.52516,53.06861],[-9.52331,53.06792]],[[-9.57901,53.10232],[-9.57854,53.1018],[-9.57592,53.10197],[-9.57372,53.10158],[-9.57275,53.102],[-9.57141,53.10176],[-9.57035,53.10122],[-9.56873,53.09944],[-9.56621,53.09892],[-9.56547,53.0984],[-9.56432,53.09586],[-9.5654,53.09306],[-9.56439,53.09196],[-9.56421,53.09059],[-9.56314,53.08956],[-9.5623,53.08756],[-9.56266,53.08549],[-9.5635,53.08524],[-9.5647,53.08391],[-9.56735,53.08388],[-9.56997,53.08324],[-9.57083,53.08227],[-9.57247,53.08136],[-9.57315,53.08138],[-9.57418,53.08004],[-9.57508,53.0796],[-9.57611,53.07744],[-9.5757,53.07421],[-9.57602,53.07309],[-9.57966,53.07126],[-9.58537,53.06995],[-9.58879,53.06972],[-9.5913,53.0686],[-9.59396,53.06807],[-9.60001,53.06723],[-9.60243,53.06623],[-9.60439,53.06603],[-9.60724,53.06498],[-9.6096,53.06543],[-9.61208,53.06525],[-9.61248,53.06548],[-9.61299,53.06512],[-9.61313,53.0658],[-9.61362,53.0658],[-9.61397,53.06526],[-9.6144,53.06539],[-9.61462,53.06507],[-9.61711,53.06537],[-9.61765,53.06559],[-9.61783,53.06624],[-9.61705,53.06667],[-9.61863,53.06688],[-9.61889,53.06739],[-9.62046,53.06803],[-9.61941,53.07045],[-9.61849,53.07135],[-9.61879,53.07168],[-9.61807,53.07312],[-9.6174,53.07393],[-9.61599,53.07442],[-9.61534,53.0753],[-9.61572,53.07585],[-9.61545,53.07641],[-9.61608,53.07649],[-9.61618,53.07784],[-9.61686,53.07824],[-9.61717,53.07917],[-9.61608,53.08047],[-9.61536,53.08054],[-9.61405,53.08174],[-9.61382,53.08227],[-9.61424,53.08272],[-9.61363,53.08388],[-9.61132,53.08547],[-9.60872,53.08628],[-9.60372,53.08867],[-9.6032,53.08957],[-9.60157,53.09039],[-9.60104,53.09132],[-9.59783,53.0929],[-9.59825,53.09392],[-9.59878,53.09424],[-9.6,53.09423],[-9.60047,53.09507],[-9.59928,53.09595],[-9.59948,53.09643],[-9.5988,53.09717],[-9.5964,53.09859],[-9.59137,53.10031],[-9.58954,53.10006],[-9.58767,53.10045],[-9.58635,53.10017],[-9.58484,53.09842],[-9.58136,53.09853],[-9.57862,53.09926],[-9.57772,53.09987],[-9.57748,53.10027],[-9.57883,53.10048],[-9.57754,53.10038],[-9.57751,53.10058],[-9.57762,53.10112],[-9.57872,53.10168],[-9.57901,53.10232]],[[-9.62825,53.11589],[-9.62873,53.11561],[-9.63093,53.11574],[-9.63134,53.11647],[-9.63095,53.1181],[-9.62811,53.11703],[-9.62825,53.11589]],[[-9.01139,53.14709],[-9.01159,53.14695],[-9.01176,53.1473],[-9.01139,53.14709]],[[-8.94359,53.14748],[-8.94402,53.14738],[-8.94398,53.14784],[-8.94478,53.1479],[-8.94484,53.14829],[-8.94383,53.14793],[-8.94359,53.14748]],[[-9.83237,53.13732],[-9.83222,53.13706],[-9.83366,53.1375],[-9.83176,53.13875],[-9.83169,53.13855],[-9.83157,53.13774],[-9.83237,53.13732]],[[-8.94507,53.1499],[-8.94605,53.14979],[-8.94682,53.15028],[-8.94586,53.15046],[-8.94521,53.1503],[-8.94507,53.1499]],[[-9.00045,53.15078],[-9.00046,53.15062],[-9.00081,53.1507],[-9.00045,53.15078]],[[-9.00201,53.15083],[-9.00336,53.1508],[-9.00248,53.15095],[-9.00201,53.15083]],[[-9.0071,53.15106],[-9.00721,53.15068],[-9.00796,53.15103],[-9.00748,53.15107],[-9.0071,53.15106]],[[-8.99569,53.15094],[-8.99755,53.15079],[-8.99786,53.15123],[-8.99674,53.1514],[-8.99569,53.15094]],[[-9.84212,53.14074],[-9.84354,53.1393],[-9.84395,53.13957],[-9.84357,53.14054],[-9.84438,53.14062],[-9.84445,53.14143],[-9.84416,53.14188],[-9.84341,53.14202],[-9.84212,53.14074]],[[-9.01062,53.15236],[-9.01162,53.15218],[-9.01117,53.1526],[-9.01062,53.15236]],[[-9.84861,53.1409],[-9.85007,53.1407],[-9.84897,53.14227],[-9.84798,53.1426],[-9.84635,53.14233],[-9.84861,53.1409]],[[-8.94523,53.15251],[-8.94549,53.15182],[-8.94716,53.15202],[-8.94779,53.15251],[-8.94744,53.15285],[-8.94833,53.15288],[-8.94771,53.15372],[-8.94835,53.15471],[-8.94758,53.1548],[-8.94661,53.15305],[-8.94523,53.15251]],[[-8.95806,53.15396],[-8.95838,53.15491],[-8.95753,53.1552],[-8.95867,53.15565],[-8.95513,53.15651],[-8.95275,53.15621],[-8.95265,53.15558],[-8.95513,53.15576],[-8.9558,53.15555],[-8.95639,53.15581],[-8.95692,53.15527],[-8.95523,53.15465],[-8.95606,53.15416],[-8.957,53.15417],[-8.95725,53.15451],[-8.95806,53.15396]],[[-9.83629,53.14901],[-9.83581,53.1485],[-9.8357,53.14869],[-9.83544,53.14747],[-9.83584,53.14546],[-9.83663,53.1452],[-9.8367,53.14482],[-9.83584,53.14403],[-9.83618,53.14332],[-9.83714,53.14345],[-9.83811,53.14287],[-9.84003,53.14348],[-9.84043,53.14259],[-9.84092,53.14248],[-9.84188,53.14315],[-9.84106,53.14375],[-9.84125,53.14404],[-9.84223,53.14435],[-9.84378,53.14405],[-9.8442,53.1436],[-9.8433,53.14348],[-9.84455,53.14279],[-9.84433,53.14261],[-9.84651,53.14255],[-9.84543,53.14322],[-9.84537,53.14389],[-9.84425,53.14454],[-9.84434,53.14541],[-9.84494,53.14588],[-9.84463,53.146],[-9.84516,53.14639],[-9.84461,53.14704],[-9.84326,53.14654],[-9.84255,53.14706],[-9.84174,53.14705],[-9.8417,53.14745],[-9.84046,53.14749],[-9.84047,53.1478],[-9.83955,53.14791],[-9.83869,53.14861],[-9.83706,53.14911],[-9.83629,53.14901]],[[-8.9643,53.15961],[-8.96488,53.15879],[-8.96592,53.1592],[-8.96497,53.15935],[-8.96479,53.1603],[-8.96408,53.16014],[-8.9643,53.15961]],[[-8.95883,53.16037],[-8.95823,53.15959],[-8.96106,53.15961],[-8.96014,53.1603],[-8.95931,53.1604],[-8.95883,53.16037]],[[-8.97156,53.15952],[-8.97268,53.15923],[-8.97366,53.15944],[-8.97182,53.16057],[-8.97103,53.16044],[-8.97061,53.16019],[-8.97156,53.15952]],[[-9.85419,53.1456],[-9.85591,53.14549],[-9.85878,53.14601],[-9.86009,53.14686],[-9.85981,53.14779],[-9.86014,53.14878],[-9.86079,53.14898],[-9.86063,53.14927],[-9.86243,53.14964],[-9.86204,53.14974],[-9.8622,53.15019],[-9.85968,53.15082],[-9.85842,53.15067],[-9.85823,53.14996],[-9.85605,53.14999],[-9.85629,53.14982],[-9.8555,53.14952],[-9.8547,53.14831],[-9.85499,53.14743],[-9.85394,53.14584],[-9.85419,53.1456]],[[-9.80734,53.15184],[-9.79716,53.15189],[-9.79691,53.1515],[-9.79153,53.15198],[-9.78596,53.15132],[-9.78187,53.15162],[-9.77629,53.14825],[-9.77179,53.14977],[-9.77036,53.15098],[-9.76414,53.14889],[-9.75824,53.14585],[-9.75686,53.14364],[-9.75617,53.13928],[-9.75238,53.13621],[-9.75212,53.13198],[-9.74863,53.13092],[-9.74557,53.13342],[-9.73563,53.13754],[-9.72513,53.1385],[-9.71176,53.13779],[-9.71042,53.14085],[-9.70786,53.14159],[-9.69918,53.13855],[-9.69607,53.13872],[-9.68784,53.13844],[-9.68627,53.13468],[-9.68315,53.13271],[-9.67553,53.13411],[-9.67105,53.13135],[-9.6637,53.13245],[-9.65376,53.13067],[-9.65961,53.12615],[-9.6645,53.1211],[-9.66469,53.11958],[-9.66735,53.11982],[-9.67304,53.11789],[-9.6762,53.11384],[-9.67332,53.11261],[-9.6683,53.1121],[-9.66674,53.10913],[-9.66626,53.10731],[-9.66077,53.10476],[-9.65971,53.10424],[-9.65653,53.10546],[-9.65825,53.10738],[-9.65504,53.10948],[-9.64998,53.1068],[-9.65125,53.10424],[-9.65403,53.10402],[-9.65201,53.10151],[-9.64618,53.09996],[-9.64257,53.10019],[-9.64006,53.10029],[-9.6406,53.10453],[-9.64879,53.10576],[-9.64172,53.10526],[-9.63483,53.10725],[-9.63436,53.10909],[-9.62999,53.109],[-9.6312,53.1018],[-9.63576,53.10095],[-9.63682,53.09755],[-9.63698,53.09237],[-9.64198,53.08946],[-9.64462,53.08878],[-9.64977,53.08931],[-9.6554,53.09009],[-9.65743,53.09065],[-9.65859,53.09116],[-9.66303,53.09212],[-9.66693,53.09587],[-9.66931,53.09625],[-9.6725,53.09789],[-9.67512,53.09877],[-9.6769,53.09988],[-9.68129,53.10128],[-9.68354,53.10217],[-9.68631,53.10464],[-9.68865,53.10423],[-9.69041,53.10482],[-9.69134,53.1081],[-9.69631,53.10842],[-9.70292,53.10698],[-9.70698,53.10728],[-9.71296,53.1101],[-9.7155,53.11159],[-9.71614,53.11214],[-9.72173,53.11343],[-9.72876,53.11432],[-9.73068,53.11562],[-9.74699,53.12051],[-9.74904,53.12146],[-9.75169,53.12092],[-9.75511,53.12112],[-9.75658,53.12259],[-9.76023,53.12533],[-9.7658,53.12506],[-9.77571,53.1285],[-9.78032,53.12897],[-9.78376,53.13002],[-9.79116,53.13044],[-9.79551,53.13311],[-9.80083,53.1333],[-9.80298,53.1342],[-9.8079,53.13536],[-9.8133,53.13547],[-9.82104,53.13674],[-9.82206,53.13625],[-9.82241,53.13703],[-9.82575,53.13674],[-9.82759,53.13641],[-9.83009,53.13887],[-9.82833,53.13973],[-9.82871,53.14295],[-9.82368,53.14591],[-9.81964,53.14655],[-9.81559,53.14928],[-9.81003,53.15108],[-9.80734,53.15184]],[[-8.98044,53.1623],[-8.98105,53.16171],[-8.98175,53.16207],[-8.98093,53.1623],[-8.98134,53.16261],[-8.98044,53.1623]],[[-8.96508,53.16283],[-8.96531,53.16257],[-8.96547,53.16261],[-8.96508,53.16283]],[[-8.98348,53.16441],[-8.98363,53.16406],[-8.98397,53.16453],[-8.98348,53.16441]],[[-8.97998,53.1646],[-8.98052,53.16456],[-8.98064,53.16469],[-8.97998,53.1646]],[[-8.97441,53.16532],[-8.97436,53.16474],[-8.97508,53.16497],[-8.97503,53.1653],[-8.97441,53.16551],[-8.97441,53.16532]],[[-8.96785,53.16577],[-8.96788,53.16544],[-8.9682,53.16555],[-8.96785,53.16577]],[[-8.96505,53.18901],[-8.96712,53.18896],[-8.96754,53.18923],[-8.96516,53.19061],[-8.96161,53.19105],[-8.96381,53.19038],[-8.96505,53.18901]],[[-9.00159,53.19089],[-9.00297,53.19114],[-9.00484,53.19091],[-9.00515,53.1906],[-9.00418,53.19042],[-9.00282,53.19071],[-9.00245,53.19045],[-9.00261,53.19074],[-9.00159,53.19089],[-9.00115,53.19094],[-9.00138,53.19136],[-9.00101,53.19158],[-8.99947,53.19091],[-8.99422,53.19014],[-8.99245,53.19185],[-8.99235,53.19298],[-8.99213,53.1918],[-8.99303,53.19016],[-8.99396,53.18982],[-8.9993,53.19069],[-9.001,53.19066],[-9.00336,53.18983],[-9.00835,53.19073],[-9.00826,53.19147],[-9.00726,53.19199],[-9.00599,53.19245],[-9.00191,53.19302],[-9.00015,53.19496],[-8.99899,53.19507],[-8.99544,53.19668],[-8.99295,53.19727],[-8.99191,53.19909],[-8.99072,53.19937],[-8.98898,53.19928],[-8.98705,53.19851],[-8.98665,53.19794],[-8.98724,53.19789],[-8.98841,53.19899],[-8.99041,53.19911],[-8.99184,53.19871],[-8.9923,53.19725],[-8.99078,53.19693],[-8.99043,53.19734],[-8.98925,53.19743],[-8.98796,53.1969],[-8.98212,53.19633],[-8.98223,53.19522],[-8.98295,53.19485],[-8.98233,53.19436],[-8.98197,53.19444],[-8.9823,53.19457],[-8.97994,53.19478],[-8.97735,53.19442],[-8.97616,53.19462],[-8.97716,53.19577],[-8.97933,53.19598],[-8.98046,53.19677],[-8.98212,53.19704],[-8.98313,53.19754],[-8.98609,53.19735],[-8.98259,53.19845],[-8.98095,53.19812],[-8.98032,53.19716],[-8.9786,53.197],[-8.97589,53.19519],[-8.97487,53.19502],[-8.97335,53.19548],[-8.97177,53.1946],[-8.96934,53.19452],[-8.96648,53.19512],[-8.96697,53.19416],[-8.96819,53.19337],[-8.97189,53.19258],[-8.97281,53.19299],[-8.97649,53.19325],[-8.9799,53.19459],[-8.98211,53.1942],[-8.98421,53.19451],[-8.98988,53.19377],[-8.99098,53.1941],[-8.99225,53.1938],[-8.99264,53.19447],[-8.994,53.19484],[-8.9968,53.19412],[-9.00062,53.19419],[-9.0014,53.19292],[-9.003,53.19243],[-9.00181,53.19171],[-9.00215,53.19161],[-9.00168,53.19148],[-9.00159,53.19089]],[[-8.98836,53.20857],[-8.98658,53.20853],[-8.98421,53.20932],[-8.98195,53.20959],[-8.98188,53.20891],[-8.98061,53.20808],[-8.97838,53.20799],[-8.97818,53.20854],[-8.97851,53.20638],[-8.97793,53.20546],[-8.97661,53.20495],[-8.97436,53.20485],[-8.97286,53.20511],[-8.97244,53.20571],[-8.97162,53.20499],[-8.9695,53.20458],[-8.96823,53.20384],[-8.97228,53.20296],[-8.97485,53.20326],[-8.97796,53.20512],[-8.98238,53.20602],[-8.98659,53.20806],[-8.9889,53.2084],[-8.99065,53.20984],[-8.99008,53.21033],[-8.98952,53.21023],[-8.98763,53.20951],[-8.98836,53.20857]],[[-9.01145,53.21527],[-9.01148,53.21455],[-9.01074,53.2148],[-9.01052,53.21452],[-9.00967,53.21498],[-9.0083,53.2141],[-9.00775,53.21431],[-9.00713,53.21397],[-9.00667,53.21405],[-9.00705,53.21428],[-9.00667,53.21444],[-9.00537,53.21433],[-9.0049,53.21454],[-9.00308,53.21424],[-9.00264,53.21369],[-9.00155,53.21413],[-9.00074,53.21401],[-9.00046,53.2135],[-8.99939,53.21317],[-8.99696,53.21402],[-8.99767,53.21309],[-8.99747,53.21279],[-8.99552,53.21358],[-8.9939,53.21322],[-8.99279,53.2135],[-8.99163,53.21308],[-8.98992,53.21311],[-8.98941,53.21336],[-8.98193,53.21421],[-8.97989,53.21331],[-8.97764,53.21349],[-8.97684,53.2127],[-8.98104,53.21228],[-8.98472,53.21147],[-8.98913,53.21145],[-8.99202,53.21073],[-8.99459,53.21109],[-8.99718,53.21191],[-8.99901,53.21188],[-9.00208,53.21302],[-9.00513,53.21324],[-9.00755,53.2128],[-9.01211,53.21397],[-9.01451,53.21356],[-9.01525,53.21367],[-9.01568,53.21413],[-9.01295,53.21457],[-9.01282,53.21517],[-9.01212,53.21562],[-9.01145,53.21527]],[[-8.99658,53.21916],[-8.99763,53.21855],[-8.99821,53.21888],[-8.99822,53.21978],[-8.99706,53.21989],[-8.99653,53.2197],[-8.99658,53.21916]],[[-9.00404,53.22024],[-9.00238,53.21941],[-9.0023,53.21967],[-9.00077,53.21926],[-8.99916,53.21954],[-8.99927,53.21835],[-9.00441,53.21615],[-9.0081,53.21631],[-9.00823,53.21722],[-9.00742,53.21807],[-9.00805,53.21872],[-9.00785,53.21934],[-9.00676,53.21907],[-9.00495,53.22013],[-9.00404,53.22024]],[[-9.00823,53.22388],[-9.00843,53.22348],[-9.00744,53.2232],[-9.00805,53.22306],[-9.00583,53.2227],[-9.00589,53.22242],[-9.00499,53.22269],[-9.00583,53.22231],[-9.00638,53.22227],[-9.00662,53.22247],[-9.00681,53.22227],[-9.00534,53.22218],[-9.00515,53.222],[-9.00567,53.22186],[-9.00502,53.22196],[-9.00462,53.22169],[-9.00654,53.22133],[-9.00691,53.22074],[-9.00555,53.22098],[-9.0062,53.22058],[-9.00739,53.22031],[-9.00932,53.22041],[-9.00941,53.22006],[-9.01171,53.21982],[-9.01124,53.21959],[-9.01172,53.21936],[-9.01108,53.21932],[-9.01066,53.21968],[-9.01017,53.2194],[-9.01229,53.21871],[-9.01457,53.21862],[-9.01653,53.21799],[-9.01719,53.21801],[-9.01774,53.21848],[-9.01839,53.21792],[-9.02017,53.21785],[-9.02031,53.21739],[-9.02116,53.21727],[-9.02151,53.2176],[-9.02324,53.21719],[-9.0241,53.21655],[-9.02576,53.21667],[-9.02599,53.21709],[-9.02491,53.21744],[-9.02476,53.21807],[-9.0234,53.2179],[-9.02315,53.2185],[-9.02143,53.21893],[-9.02133,53.21943],[-9.0205,53.21968],[-9.02063,53.21999],[-9.01864,53.22041],[-9.01663,53.22043],[-9.01674,53.22125],[-9.01602,53.22145],[-9.01555,53.22132],[-9.01487,53.22138],[-9.01453,53.22114],[-9.01395,53.22145],[-9.01344,53.22199],[-9.01441,53.22128],[-9.01497,53.22149],[-9.01605,53.22152],[-9.01674,53.22132],[-9.01701,53.2214],[-9.01682,53.22199],[-9.01626,53.2218],[-9.01627,53.22229],[-9.01595,53.22226],[-9.01639,53.2229],[-9.0135,53.22315],[-9.01317,53.22345],[-9.0125,53.22299],[-9.0115,53.22302],[-9.01246,53.22341],[-9.01181,53.22362],[-9.01116,53.2233],[-9.00928,53.22328],[-9.00984,53.22356],[-9.00884,53.22352],[-9.00935,53.2238],[-9.00868,53.22376],[-9.00823,53.22388]],[[-8.99754,53.22422],[-8.99717,53.22343],[-8.99673,53.22349],[-8.99641,53.22181],[-8.9969,53.22135],[-8.9981,53.22139],[-8.99777,53.22218],[-8.99828,53.22264],[-8.99853,53.22224],[-8.9989,53.22233],[-8.99856,53.22177],[-8.99997,53.22175],[-9.00063,53.22186],[-9.00054,53.22209],[-9.00172,53.22167],[-9.00369,53.22183],[-9.00291,53.22245],[-9.00248,53.22232],[-9.00057,53.22289],[-8.99981,53.22277],[-9.00025,53.2229],[-9.00002,53.2231],[-9.00166,53.22321],[-8.99963,53.22347],[-8.99885,53.22385],[-9.0013,53.22356],[-9.00223,53.2238],[-8.99975,53.22444],[-8.99846,53.22424],[-8.99754,53.22422]],[[-9.03433,53.21564],[-9.0349,53.21627],[-9.03561,53.21616],[-9.03433,53.21564],[-9.03307,53.21599],[-9.03165,53.21492],[-9.03076,53.21581],[-9.03103,53.21477],[-9.03026,53.21479],[-9.03034,53.21498],[-9.02972,53.21471],[-9.03025,53.21517],[-9.02922,53.21521],[-9.02828,53.21565],[-9.02743,53.21532],[-9.02703,53.21552],[-9.02569,53.21499],[-9.02646,53.21446],[-9.0254,53.21457],[-9.02446,53.21422],[-9.02398,53.21444],[-9.0236,53.21359],[-9.02229,53.21317],[-9.02072,53.21375],[-9.01929,53.21369],[-9.01843,53.21451],[-9.01697,53.21335],[-9.01822,53.21296],[-9.02268,53.21273],[-9.02726,53.21332],[-9.03187,53.21436],[-9.03535,53.21563],[-9.04161,53.21723],[-9.04532,53.21707],[-9.04618,53.21734],[-9.04943,53.21986],[-9.04904,53.22016],[-9.04338,53.22123],[-9.04171,53.22062],[-9.03928,53.22071],[-9.03517,53.22265],[-9.03408,53.22269],[-9.03274,53.22331],[-9.02547,53.22485],[-9.02535,53.22515],[-9.0254,53.22484],[-9.02445,53.22474],[-9.02285,53.22525],[-9.01997,53.22527],[-9.01751,53.22448],[-9.01579,53.22429],[-9.01456,53.22374],[-9.01992,53.22463],[-9.01984,53.22489],[-9.02075,53.22485],[-9.02103,53.22509],[-9.02484,53.22436],[-9.02371,53.22434],[-9.02357,53.22399],[-9.02238,53.2237],[-9.02225,53.22341],[-9.02322,53.22338],[-9.02392,53.22285],[-9.02285,53.22275],[-9.02286,53.22254],[-9.02201,53.22283],[-9.02116,53.22163],[-9.0216,53.22158],[-9.0208,53.22134],[-9.02101,53.22038],[-9.02022,53.22019],[-9.02145,53.21976],[-9.02183,53.21905],[-9.0233,53.21857],[-9.02354,53.21814],[-9.02382,53.21841],[-9.02523,53.2182],[-9.02551,53.21766],[-9.02613,53.21766],[-9.02612,53.21726],[-9.0268,53.21711],[-9.02649,53.21646],[-9.02732,53.21592],[-9.03084,53.21629],[-9.03152,53.21578],[-9.03169,53.21608],[-9.03273,53.21595],[-9.03272,53.2164],[-9.03433,53.21564]],[[-9.69392,53.22118],[-9.69482,53.22058],[-9.69468,53.2211],[-9.69512,53.22127],[-9.69468,53.22153],[-9.69392,53.22118]],[[-9.69111,53.22434],[-9.6918,53.22376],[-9.68881,53.22405],[-9.68929,53.22379],[-9.68887,53.22361],[-9.6895,53.22322],[-9.68971,53.22266],[-9.6893,53.22279],[-9.68939,53.2226],[-9.69143,53.22169],[-9.69204,53.22186],[-9.69228,53.22133],[-9.69316,53.22141],[-9.69237,53.22147],[-9.69286,53.22174],[-9.69357,53.22144],[-9.69468,53.22171],[-9.69484,53.22208],[-9.69538,53.22211],[-9.69506,53.22246],[-9.6961,53.22252],[-9.69538,53.22394],[-9.694,53.22405],[-9.69413,53.22429],[-9.69328,53.22465],[-9.69366,53.22399],[-9.69149,53.22478],[-9.69114,53.22479],[-9.69111,53.22434]],[[-9.72895,53.22814],[-9.72858,53.22742],[-9.73133,53.22805],[-9.73028,53.22815],[-9.72895,53.22814]],[[-9.76518,53.23229],[-9.76551,53.23174],[-9.76498,53.23176],[-9.76487,53.23146],[-9.76398,53.23177],[-9.76412,53.2315],[-9.76319,53.2311],[-9.7637,53.23103],[-9.76321,53.23077],[-9.76385,53.23048],[-9.76335,53.22998],[-9.76242,53.22979],[-9.76268,53.22944],[-9.76443,53.22914],[-9.76381,53.2299],[-9.76456,53.22959],[-9.76494,53.22887],[-9.76561,53.22875],[-9.76779,53.22906],[-9.76761,53.22943],[-9.76923,53.22905],[-9.77059,53.22922],[-9.77065,53.22965],[-9.77101,53.22966],[-9.77075,53.22991],[-9.77164,53.22972],[-9.77161,53.23078],[-9.76875,53.23178],[-9.76845,53.23247],[-9.7657,53.23284],[-9.76518,53.23229]],[[-9.79521,53.23413],[-9.79464,53.23353],[-9.79373,53.2337],[-9.79381,53.23303],[-9.79433,53.23284],[-9.7956,53.23306],[-9.79651,53.23214],[-9.79752,53.23217],[-9.79689,53.23353],[-9.79521,53.23413]],[[-9.79597,53.23823],[-9.79645,53.23774],[-9.79642,53.23815],[-9.79688,53.2379],[-9.79618,53.23853],[-9.79597,53.23823]],[[-9.76488,53.23959],[-9.76376,53.23847],[-9.76447,53.23757],[-9.76535,53.23737],[-9.76513,53.23687],[-9.76591,53.23645],[-9.76591,53.23571],[-9.76639,53.23584],[-9.76872,53.23492],[-9.77006,53.23528],[-9.77064,53.23615],[-9.76969,53.23699],[-9.76909,53.23695],[-9.76798,53.23748],[-9.76827,53.23769],[-9.76724,53.23825],[-9.76705,53.23879],[-9.76579,53.23879],[-9.76488,53.23959]],[[-9.76085,53.24294],[-9.76033,53.24198],[-9.76081,53.24084],[-9.76139,53.24052],[-9.76234,53.24092],[-9.76275,53.24061],[-9.76324,53.24104],[-9.76455,53.2404],[-9.76703,53.24075],[-9.7663,53.24285],[-9.76434,53.24279],[-9.76422,53.24315],[-9.76134,53.24376],[-9.76053,53.24359],[-9.76085,53.24294]],[[-9.74897,53.2444],[-9.74923,53.24338],[-9.74774,53.24257],[-9.74704,53.24267],[-9.74759,53.2425],[-9.74735,53.24236],[-9.74599,53.24264],[-9.74419,53.24139],[-9.74365,53.24231],[-9.74302,53.24172],[-9.74329,53.24136],[-9.74205,53.24199],[-9.74205,53.2415],[-9.74292,53.24132],[-9.74284,53.24095],[-9.74327,53.24126],[-9.74391,53.24083],[-9.74437,53.24098],[-9.74475,53.24047],[-9.74662,53.23988],[-9.74619,53.23976],[-9.74643,53.23956],[-9.74744,53.23959],[-9.74882,53.23859],[-9.74903,53.23911],[-9.75044,53.23864],[-9.75134,53.23881],[-9.75141,53.23911],[-9.75314,53.23875],[-9.75312,53.23939],[-9.75342,53.23964],[-9.75395,53.23938],[-9.75414,53.23973],[-9.75453,53.23939],[-9.75476,53.23972],[-9.75533,53.23944],[-9.7554,53.23981],[-9.75566,53.23936],[-9.75611,53.23952],[-9.75709,53.23917],[-9.75685,53.23977],[-9.75749,53.23943],[-9.75916,53.23962],[-9.75977,53.24055],[-9.75951,53.24162],[-9.75803,53.24291],[-9.75851,53.24313],[-9.75803,53.24306],[-9.75821,53.24345],[-9.75711,53.24398],[-9.7575,53.24351],[-9.75681,53.24372],[-9.75665,53.24413],[-9.75577,53.24425],[-9.75377,53.24556],[-9.75057,53.24523],[-9.7501,53.24474],[-9.74897,53.2444]],[[-9.05184,53.25405],[-9.0509,53.2536],[-9.05209,53.25309],[-9.05267,53.25348],[-9.05484,53.25389],[-9.05619,53.25342],[-9.05664,53.25353],[-9.05545,53.25434],[-9.05532,53.25544],[-9.05446,53.2555],[-9.05391,53.25521],[-9.0547,53.25507],[-9.05448,53.25411],[-9.05411,53.25413],[-9.05392,53.25497],[-9.05333,53.25505],[-9.05329,53.25453],[-9.05223,53.25388],[-9.05216,53.25476],[-9.05136,53.25562],[-9.05169,53.25599],[-9.05086,53.25602],[-9.05095,53.25556],[-9.05184,53.25405]],[[-9.73117,53.24979],[-9.72857,53.24918],[-9.72813,53.24929],[-9.72666,53.24791],[-9.72522,53.24853],[-9.72238,53.24819],[-9.72137,53.24688],[-9.71863,53.24559],[-9.71863,53.24457],[-9.71966,53.24364],[-9.71963,53.24329],[-9.72245,53.24161],[-9.72173,53.24121],[-9.72224,53.24062],[-9.72296,53.23968],[-9.72303,53.23893],[-9.72374,53.23857],[-9.72415,53.23764],[-9.72129,53.23356],[-9.72052,53.23363],[-9.72037,53.23342],[-9.72032,53.23247],[-9.71937,53.2314],[-9.71816,53.23109],[-9.71829,53.23041],[-9.71838,53.22906],[-9.71922,53.22826],[-9.72105,53.22718],[-9.7227,53.22755],[-9.72122,53.22787],[-9.72071,53.22849],[-9.72281,53.22819],[-9.72298,53.22877],[-9.7233,53.22944],[-9.72713,53.23047],[-9.72802,53.23073],[-9.72837,53.23095],[-9.72927,53.23143],[-9.73012,53.23153],[-9.73126,53.23111],[-9.73099,53.23198],[-9.73327,53.23272],[-9.73505,53.23168],[-9.73574,53.23194],[-9.73591,53.23092],[-9.73578,53.22934],[-9.73799,53.2294],[-9.73714,53.2293],[-9.73578,53.22878],[-9.74316,53.23001],[-9.74293,53.23038],[-9.74383,53.23046],[-9.74534,53.23057],[-9.74762,53.22992],[-9.749,53.23014],[-9.74963,53.2303],[-9.7517,53.2299],[-9.75251,53.2295],[-9.75394,53.22775],[-9.75472,53.22806],[-9.75558,53.22763],[-9.75584,53.22734],[-9.7564,53.22728],[-9.75725,53.22774],[-9.75625,53.22745],[-9.75732,53.22789],[-9.75773,53.2281],[-9.75865,53.22816],[-9.75948,53.22905],[-9.75929,53.22969],[-9.75989,53.23044],[-9.76015,53.23075],[-9.75805,53.23143],[-9.75913,53.23138],[-9.75779,53.23189],[-9.75744,53.23247],[-9.75662,53.23312],[-9.75638,53.23359],[-9.75519,53.23406],[-9.75204,53.23481],[-9.75331,53.23369],[-9.75339,53.23218],[-9.75313,53.2321],[-9.75226,53.2324],[-9.74838,53.23291],[-9.74635,53.23245],[-9.74656,53.23297],[-9.74577,53.23378],[-9.74584,53.23484],[-9.74268,53.23527],[-9.74106,53.23562],[-9.7387,53.23524],[-9.73814,53.23497],[-9.73865,53.23563],[-9.73984,53.23598],[-9.74331,53.23649],[-9.74435,53.23767],[-9.74199,53.23789],[-9.74095,53.23773],[-9.74227,53.23856],[-9.74294,53.24025],[-9.74192,53.24153],[-9.74026,53.24067],[-9.74073,53.2416],[-9.74133,53.24307],[-9.74198,53.24323],[-9.74163,53.24373],[-9.74228,53.24382],[-9.74242,53.24487],[-9.74255,53.24508],[-9.74259,53.24611],[-9.74198,53.24748],[-9.74128,53.24766],[-9.73992,53.24783],[-9.73932,53.24737],[-9.73926,53.24807],[-9.73713,53.24783],[-9.73681,53.24704],[-9.73611,53.24716],[-9.73487,53.24725],[-9.7331,53.24715],[-9.73254,53.24942],[-9.73117,53.24979]],[[-9.02481,53.25825],[-9.02357,53.25798],[-9.02286,53.25821],[-9.02353,53.25921],[-9.0231,53.25921],[-9.02259,53.25788],[-9.02377,53.25772],[-9.02727,53.25823],[-9.02757,53.25889],[-9.02705,53.25939],[-9.02387,53.25955],[-9.023,53.25975],[-9.0237,53.25933],[-9.02589,53.25931],[-9.02481,53.25825]],[[-9.73394,53.25219],[-9.7346,53.25197],[-9.73478,53.25223],[-9.73394,53.25219]],[[-9.75513,53.25259],[-9.75556,53.25202],[-9.75505,53.25206],[-9.75504,53.25132],[-9.75329,53.25176],[-9.75235,53.25153],[-9.75216,53.25181],[-9.75224,53.2515],[-9.75173,53.25144],[-9.75115,53.25079],[-9.75057,53.25095],[-9.74993,53.25027],[-9.75042,53.25029],[-9.75047,53.25005],[-9.74978,53.24848],[-9.75017,53.24814],[-9.75069,53.24827],[-9.75067,53.24792],[-9.75035,53.24806],[-9.75019,53.2478],[-9.75199,53.24701],[-9.75246,53.24622],[-9.75352,53.24595],[-9.75457,53.24621],[-9.75449,53.24725],[-9.75684,53.24683],[-9.75672,53.2481],[-9.7573,53.2472],[-9.75812,53.2482],[-9.75849,53.24781],[-9.75856,53.24821],[-9.75904,53.24765],[-9.75916,53.24789],[-9.75946,53.24775],[-9.75927,53.24698],[-9.75994,53.24748],[-9.76019,53.24689],[-9.76056,53.24695],[-9.76048,53.24766],[-9.7609,53.24759],[-9.76062,53.24803],[-9.76012,53.24806],[-9.75999,53.24881],[-9.75957,53.24876],[-9.75975,53.24957],[-9.75918,53.25004],[-9.75919,53.24967],[-9.75865,53.24969],[-9.7589,53.2494],[-9.75853,53.24933],[-9.75804,53.25043],[-9.75733,53.25046],[-9.7565,53.251],[-9.75724,53.25098],[-9.75699,53.25125],[-9.7574,53.25133],[-9.75759,53.2511],[-9.75827,53.25117],[-9.75772,53.2517],[-9.75809,53.25201],[-9.75751,53.25245],[-9.75629,53.25224],[-9.75513,53.25259]],[[-9.0094,53.26169],[-9.00999,53.26163],[-9.01029,53.26231],[-9.00747,53.26365],[-9.00818,53.26268],[-9.0094,53.26169]],[[-9.73622,53.25781],[-9.73661,53.25707],[-9.7353,53.25672],[-9.73547,53.25647],[-9.7349,53.25622],[-9.73535,53.25535],[-9.73577,53.25579],[-9.73608,53.25543],[-9.73542,53.25511],[-9.73609,53.25477],[-9.73679,53.25524],[-9.737,53.25497],[-9.73789,53.25516],[-9.73829,53.25628],[-9.73787,53.25639],[-9.73852,53.25642],[-9.73965,53.2575],[-9.73975,53.25791],[-9.73847,53.25776],[-9.73697,53.2583],[-9.73637,53.25823],[-9.73622,53.25781]],[[-9.74824,53.26265],[-9.74884,53.26208],[-9.74786,53.26207],[-9.74799,53.26157],[-9.74709,53.26211],[-9.74693,53.26194],[-9.74657,53.26265],[-9.74584,53.26218],[-9.74605,53.262],[-9.74572,53.26205],[-9.74642,53.26162],[-9.74624,53.2611],[-9.74675,53.26095],[-9.74691,53.26047],[-9.74544,53.26161],[-9.74457,53.26175],[-9.7445,53.26133],[-9.74321,53.26052],[-9.74168,53.26017],[-9.74125,53.25969],[-9.73969,53.25667],[-9.73982,53.25568],[-9.73907,53.2548],[-9.73937,53.2544],[-9.73884,53.25425],[-9.73852,53.25291],[-9.738,53.25265],[-9.73971,53.25199],[-9.73893,53.25121],[-9.73863,53.25147],[-9.73887,53.25093],[-9.73812,53.25095],[-9.7375,53.25052],[-9.73774,53.2501],[-9.73815,53.25012],[-9.73754,53.24977],[-9.73792,53.24919],[-9.73755,53.24918],[-9.73822,53.2485],[-9.73874,53.24868],[-9.73879,53.24841],[-9.73957,53.24825],[-9.74082,53.24902],[-9.74233,53.24791],[-9.74431,53.24791],[-9.74617,53.2487],[-9.74631,53.24846],[-9.74685,53.24933],[-9.74716,53.24932],[-9.74783,53.25],[-9.74807,53.25124],[-9.74846,53.25147],[-9.74861,53.2513],[-9.74873,53.25182],[-9.74857,53.25241],[-9.74793,53.25263],[-9.74898,53.25277],[-9.74942,53.25447],[-9.75003,53.25441],[-9.7503,53.25394],[-9.75064,53.25479],[-9.75003,53.25503],[-9.74946,53.25472],[-9.74955,53.25545],[-9.75054,53.25536],[-9.75034,53.25568],[-9.7508,53.25574],[-9.74956,53.25582],[-9.74891,53.25668],[-9.74937,53.25663],[-9.74918,53.25775],[-9.74962,53.25767],[-9.7499,53.25882],[-9.75029,53.25895],[-9.75043,53.26044],[-9.75029,53.26105],[-9.7496,53.26095],[-9.7499,53.26123],[-9.74957,53.26146],[-9.75011,53.26144],[-9.75025,53.26202],[-9.74993,53.26239],[-9.74947,53.26224],[-9.74959,53.26269],[-9.74849,53.26286],[-9.74824,53.26265]],[[-9.7516,53.25886],[-9.75168,53.25897],[-9.75202,53.25884],[-9.7516,53.25886],[-9.75137,53.25834],[-9.75157,53.25804],[-9.75243,53.25762],[-9.75369,53.25781],[-9.75366,53.25749],[-9.75414,53.25874],[-9.75476,53.25784],[-9.75535,53.25797],[-9.75552,53.25922],[-9.75632,53.25864],[-9.75574,53.25852],[-9.75629,53.25834],[-9.75654,53.25889],[-9.75653,53.25868],[-9.75682,53.25893],[-9.75681,53.25869],[-9.75701,53.25885],[-9.75747,53.25856],[-9.75805,53.25933],[-9.75855,53.25941],[-9.75863,53.26018],[-9.7588,53.26035],[-9.75913,53.26012],[-9.75952,53.26096],[-9.76008,53.26102],[-9.75998,53.26137],[-9.76036,53.26145],[-9.76001,53.26161],[-9.76029,53.26241],[-9.7597,53.26285],[-9.76001,53.26346],[-9.76057,53.26336],[-9.76083,53.26374],[-9.76033,53.26496],[-9.75909,53.26594],[-9.75883,53.2654],[-9.75823,53.26651],[-9.75765,53.26665],[-9.75711,53.26641],[-9.75701,53.26675],[-9.75689,53.26652],[-9.75554,53.26674],[-9.75481,53.26748],[-9.75387,53.26775],[-9.75292,53.26754],[-9.75374,53.26718],[-9.7533,53.26706],[-9.75381,53.2668],[-9.75353,53.26648],[-9.75418,53.26634],[-9.75413,53.26575],[-9.75183,53.26402],[-9.75236,53.2633],[-9.75318,53.26295],[-9.7528,53.26282],[-9.75286,53.26225],[-9.75202,53.2619],[-9.75264,53.2603],[-9.75169,53.26078],[-9.75129,53.26046],[-9.75171,53.25976],[-9.75133,53.25884],[-9.75146,53.25871],[-9.7516,53.25886]],[[-9.55742,53.27112],[-9.55922,53.27035],[-9.55958,53.26977],[-9.56075,53.27029],[-9.55985,53.27035],[-9.56027,53.2705],[-9.55901,53.27121],[-9.55879,53.27102],[-9.55771,53.27129],[-9.55742,53.27112]],[[-9.6982,53.27131],[-9.69812,53.27099],[-9.69908,53.27064],[-9.6992,53.27119],[-9.6984,53.27117],[-9.69859,53.2716],[-9.69791,53.2719],[-9.69759,53.27163],[-9.6982,53.27131]],[[-9.70234,53.27324],[-9.70168,53.27224],[-9.70107,53.27264],[-9.7005,53.27239],[-9.70052,53.27176],[-9.70186,53.27114],[-9.70275,53.27249],[-9.70234,53.27324]],[[-9.62448,53.27466],[-9.6241,53.27431],[-9.62507,53.27431],[-9.62525,53.27511],[-9.62452,53.27522],[-9.62395,53.27495],[-9.62448,53.27466]],[[-9.695,53.27509],[-9.69443,53.27441],[-9.69394,53.27323],[-9.69442,53.27276],[-9.695,53.27301],[-9.69443,53.27337],[-9.69619,53.27317],[-9.69663,53.27357],[-9.69607,53.27408],[-9.69661,53.27392],[-9.6969,53.27427],[-9.69643,53.27456],[-9.6959,53.27447],[-9.69706,53.27614],[-9.69624,53.2764],[-9.69575,53.27643],[-9.69521,53.27592],[-9.69561,53.27519],[-9.695,53.27509]],[[-9.62828,53.27666],[-9.62884,53.2743],[-9.62915,53.27468],[-9.63032,53.27457],[-9.63016,53.27588],[-9.63068,53.2753],[-9.63104,53.27595],[-9.63077,53.2767],[-9.6296,53.27722],[-9.62962,53.27784],[-9.62882,53.27836],[-9.62813,53.2784],[-9.62767,53.27736],[-9.62828,53.27666]],[[-9.79712,53.27547],[-9.79782,53.27528],[-9.79796,53.27565],[-9.79746,53.27603],[-9.79699,53.27601],[-9.79712,53.27547]],[[-9.79053,53.27179],[-9.79352,53.27087],[-9.79421,53.27108],[-9.79438,53.27152],[-9.79556,53.27179],[-9.79536,53.2721],[-9.79598,53.27219],[-9.79579,53.27247],[-9.79647,53.27289],[-9.79669,53.27371],[-9.79507,53.27424],[-9.79391,53.27515],[-9.7936,53.2759],[-9.79188,53.27669],[-9.79105,53.27609],[-9.79188,53.27546],[-9.79021,53.27419],[-9.79066,53.27357],[-9.79053,53.27179]],[[-9.82266,53.27417],[-9.82288,53.27368],[-9.82341,53.27378],[-9.82444,53.27306],[-9.82459,53.27335],[-9.82547,53.27323],[-9.82669,53.27258],[-9.82802,53.27338],[-9.82858,53.2731],[-9.82878,53.27377],[-9.8283,53.27467],[-9.82734,53.27535],[-9.82557,53.27551],[-9.82507,53.27653],[-9.82445,53.27652],[-9.82298,53.2755],[-9.82346,53.27481],[-9.82266,53.27417]],[[-9.70141,53.27938],[-9.7008,53.27895],[-9.70041,53.27916],[-9.69942,53.27831],[-9.69885,53.27818],[-9.69901,53.27856],[-9.69858,53.27855],[-9.69831,53.27731],[-9.69871,53.27771],[-9.69875,53.27718],[-9.69929,53.27761],[-9.69924,53.27718],[-9.69999,53.27751],[-9.70013,53.27716],[-9.70098,53.27766],[-9.70083,53.2779],[-9.70153,53.27799],[-9.70118,53.27817],[-9.70175,53.27884],[-9.70141,53.27938]],[[-9.78916,53.28135],[-9.78882,53.28106],[-9.78916,53.28064],[-9.79038,53.28037],[-9.79086,53.28077],[-9.79131,53.28002],[-9.79202,53.28052],[-9.79237,53.28028],[-9.79206,53.28086],[-9.79137,53.2807],[-9.79089,53.28134],[-9.79045,53.28116],[-9.79003,53.28137],[-9.7899,53.28199],[-9.78961,53.28177],[-9.78846,53.28155],[-9.78916,53.28135]],[[-9.61804,53.28484],[-9.61747,53.28441],[-9.6171,53.28473],[-9.61503,53.28397],[-9.6147,53.28329],[-9.6152,53.28241],[-9.61473,53.28199],[-9.6154,53.281],[-9.61507,53.28099],[-9.61538,53.28013],[-9.61598,53.28002],[-9.61634,53.27851],[-9.61714,53.27766],[-9.61834,53.27724],[-9.61774,53.27677],[-9.61903,53.27671],[-9.61887,53.27601],[-9.62095,53.27529],[-9.62197,53.27672],[-9.62021,53.27766],[-9.62099,53.27786],[-9.6212,53.27862],[-9.62155,53.27831],[-9.62176,53.27866],[-9.62251,53.27837],[-9.62264,53.27791],[-9.6229,53.27825],[-9.62364,53.27817],[-9.62364,53.27903],[-9.62239,53.27938],[-9.62409,53.27977],[-9.62411,53.28026],[-9.62512,53.27953],[-9.62491,53.27986],[-9.62571,53.28136],[-9.62462,53.28193],[-9.62504,53.28249],[-9.62362,53.28283],[-9.62389,53.28327],[-9.62459,53.28311],[-9.62435,53.28424],[-9.62364,53.28402],[-9.62282,53.28416],[-9.62297,53.28392],[-9.62228,53.28352],[-9.62119,53.28356],[-9.62123,53.28303],[-9.61948,53.28433],[-9.6184,53.28427],[-9.61864,53.28476],[-9.61804,53.28484]],[[-9.65917,53.28422],[-9.6524,53.28197],[-9.65223,53.28089],[-9.65261,53.27962],[-9.64864,53.27773],[-9.64712,53.27496],[-9.64673,53.27401],[-9.64805,53.27326],[-9.65167,53.27339],[-9.65408,53.27192],[-9.6567,53.27238],[-9.65819,53.27464],[-9.66047,53.27735],[-9.66097,53.27558],[-9.65913,53.27371],[-9.65682,53.27149],[-9.65615,53.26871],[-9.65425,53.26699],[-9.65403,53.26591],[-9.65095,53.26535],[-9.6482,53.26529],[-9.64561,53.26452],[-9.64438,53.2629],[-9.64273,53.25963],[-9.64246,53.25813],[-9.64262,53.24906],[-9.64274,53.24399],[-9.64495,53.2374],[-9.64714,53.23567],[-9.64817,53.23477],[-9.65106,53.23367],[-9.64832,53.23299],[-9.64639,53.2304],[-9.65042,53.22926],[-9.65446,53.22823],[-9.65635,53.2275],[-9.65765,53.2258],[-9.66572,53.22485],[-9.66929,53.22439],[-9.67341,53.22413],[-9.67924,53.22562],[-9.68178,53.22731],[-9.67983,53.22896],[-9.68364,53.22923],[-9.68694,53.22915],[-9.68869,53.22729],[-9.69143,53.22817],[-9.69265,53.22868],[-9.69356,53.22914],[-9.69406,53.22773],[-9.69685,53.22693],[-9.69838,53.22544],[-9.70185,53.22578],[-9.70179,53.22718],[-9.70433,53.22995],[-9.70416,53.23141],[-9.70408,53.23357],[-9.70695,53.23326],[-9.71139,53.23419],[-9.71427,53.23555],[-9.71186,53.23668],[-9.71459,53.23935],[-9.71601,53.2413],[-9.71826,53.24283],[-9.71652,53.24511],[-9.71405,53.24584],[-9.71378,53.24495],[-9.70863,53.24823],[-9.70299,53.25035],[-9.70659,53.25254],[-9.70874,53.25376],[-9.71233,53.25318],[-9.71436,53.25576],[-9.71547,53.25433],[-9.71907,53.25448],[-9.71695,53.25605],[-9.71716,53.25658],[-9.71966,53.25726],[-9.72401,53.26341],[-9.71881,53.26506],[-9.71386,53.26682],[-9.70727,53.26522],[-9.705,53.26689],[-9.70263,53.26756],[-9.69987,53.26697],[-9.69873,53.26686],[-9.70092,53.26888],[-9.69241,53.26945],[-9.68513,53.27093],[-9.68145,53.27077],[-9.68288,53.27377],[-9.68294,53.2752],[-9.681,53.27517],[-9.68184,53.27773],[-9.68258,53.27989],[-9.68317,53.28043],[-9.6797,53.28134],[-9.67917,53.28104],[-9.67269,53.27988],[-9.66757,53.28121],[-9.66256,53.28105],[-9.6611,53.28148],[-9.66262,53.28242],[-9.66036,53.28499],[-9.65917,53.28422]],[[-9.71656,53.28453],[-9.71528,53.28375],[-9.71586,53.28307],[-9.71474,53.28259],[-9.71421,53.28163],[-9.71185,53.28067],[-9.71055,53.27969],[-9.71073,53.28032],[-9.71013,53.27936],[-9.70995,53.28039],[-9.70887,53.28133],[-9.70816,53.28062],[-9.70779,53.28129],[-9.70592,53.28072],[-9.70571,53.28035],[-9.70362,53.27945],[-9.70276,53.27792],[-9.70203,53.27765],[-9.70119,53.27659],[-9.70135,53.27617],[-9.70091,53.276],[-9.70094,53.27537],[-9.70145,53.2753],[-9.70113,53.27518],[-9.70203,53.27407],[-9.70222,53.27456],[-9.70277,53.27434],[-9.70318,53.27453],[-9.70348,53.27364],[-9.70405,53.27455],[-9.70441,53.27427],[-9.70466,53.27473],[-9.70574,53.27491],[-9.70696,53.27578],[-9.70752,53.27572],[-9.7078,53.27615],[-9.70868,53.27629],[-9.70906,53.27583],[-9.7095,53.2759],[-9.70949,53.27497],[-9.71018,53.27549],[-9.71026,53.27486],[-9.71143,53.27482],[-9.71194,53.27434],[-9.71157,53.274],[-9.71198,53.27349],[-9.71261,53.27355],[-9.71252,53.27322],[-9.71339,53.27308],[-9.71326,53.27275],[-9.71372,53.27285],[-9.71359,53.27267],[-9.71448,53.27248],[-9.71507,53.27266],[-9.71548,53.27219],[-9.71641,53.27203],[-9.71746,53.27225],[-9.71877,53.27307],[-9.71897,53.27334],[-9.71838,53.27328],[-9.71908,53.2743],[-9.72029,53.27493],[-9.72113,53.2768],[-9.72151,53.27686],[-9.72139,53.27923],[-9.72192,53.28104],[-9.72096,53.28069],[-9.72224,53.28242],[-9.72159,53.28274],[-9.72096,53.28253],[-9.71981,53.28402],[-9.71911,53.28411],[-9.71882,53.28366],[-9.71813,53.28381],[-9.71788,53.28358],[-9.71742,53.28425],[-9.71699,53.28413],[-9.71696,53.28451],[-9.71656,53.28453]],[[-9.74179,53.28424],[-9.73972,53.28198],[-9.73923,53.28261],[-9.73821,53.28274],[-9.73775,53.28237],[-9.73686,53.28257],[-9.73672,53.2823],[-9.73522,53.28204],[-9.73489,53.28221],[-9.73448,53.28186],[-9.73392,53.28214],[-9.73315,53.28015],[-9.73346,53.28036],[-9.73353,53.28002],[-9.73391,53.28033],[-9.73349,53.2798],[-9.73383,53.27998],[-9.73383,53.27908],[-9.7329,53.27757],[-9.73248,53.27752],[-9.73395,53.27762],[-9.73457,53.27684],[-9.73479,53.277],[-9.73451,53.27654],[-9.73529,53.27654],[-9.73569,53.27718],[-9.73658,53.2776],[-9.73636,53.27692],[-9.73694,53.27773],[-9.73754,53.27772],[-9.7373,53.27739],[-9.73793,53.27722],[-9.73927,53.27812],[-9.73987,53.27796],[-9.74061,53.27878],[-9.74185,53.27911],[-9.74228,53.27968],[-9.74263,53.27905],[-9.7425,53.28014],[-9.74303,53.2801],[-9.74358,53.2806],[-9.74349,53.28097],[-9.7428,53.28077],[-9.74337,53.28219],[-9.7429,53.28352],[-9.74247,53.28383],[-9.74191,53.28336],[-9.74179,53.28424]],[[-9.67616,53.28704],[-9.6758,53.28674],[-9.67563,53.28722],[-9.67507,53.28717],[-9.67471,53.28641],[-9.67508,53.28586],[-9.6758,53.28602],[-9.67568,53.28574],[-9.6761,53.28582],[-9.67634,53.28536],[-9.67694,53.28557],[-9.67729,53.28626],[-9.67607,53.28652],[-9.67671,53.28738],[-9.67574,53.2874],[-9.67616,53.28704]],[[-9.75753,53.28573],[-9.75779,53.28528],[-9.75897,53.28589],[-9.75841,53.28656],[-9.75742,53.28651],[-9.75688,53.28579],[-9.75753,53.28573]],[[-9.60586,53.28967],[-9.60546,53.28945],[-9.60518,53.2896],[-9.60487,53.28854],[-9.60331,53.2867],[-9.60301,53.28504],[-9.60399,53.28462],[-9.60401,53.28429],[-9.60557,53.28419],[-9.60584,53.28379],[-9.60806,53.28442],[-9.60849,53.28433],[-9.60873,53.28348],[-9.60943,53.28338],[-9.61012,53.2838],[-9.61009,53.28458],[-9.61126,53.28371],[-9.61171,53.28378],[-9.61227,53.28411],[-9.61201,53.28502],[-9.6103,53.28606],[-9.60931,53.28833],[-9.60735,53.28892],[-9.60741,53.28918],[-9.60604,53.28931],[-9.60586,53.28967]],[[-9.7115,53.28879],[-9.71035,53.2878],[-9.71073,53.28716],[-9.71003,53.28706],[-9.70927,53.28643],[-9.70989,53.28538],[-9.7114,53.2859],[-9.71234,53.28722],[-9.71235,53.28788],[-9.71198,53.28776],[-9.71225,53.28812],[-9.71156,53.28806],[-9.71202,53.2884],[-9.71133,53.28833],[-9.71208,53.28886],[-9.7115,53.28879]],[[-9.63888,53.28977],[-9.63855,53.28937],[-9.6383,53.2896],[-9.63793,53.28897],[-9.63832,53.28941],[-9.63838,53.28777],[-9.63928,53.28724],[-9.63902,53.28744],[-9.63967,53.28797],[-9.63972,53.28654],[-9.64092,53.28598],[-9.64259,53.28724],[-9.64203,53.28749],[-9.64307,53.28734],[-9.64314,53.28705],[-9.64359,53.28757],[-9.64358,53.28827],[-9.64204,53.28844],[-9.64213,53.28902],[-9.64171,53.28963],[-9.64097,53.2895],[-9.6409,53.28992],[-9.64008,53.29012],[-9.63931,53.28975],[-9.63889,53.29054],[-9.63852,53.29038],[-9.63834,53.2898],[-9.63888,53.28977]],[[-9.62928,53.29305],[-9.62976,53.2921],[-9.63083,53.29175],[-9.63099,53.29224],[-9.63027,53.29224],[-9.63032,53.29262],[-9.62989,53.29262],[-9.63019,53.29308],[-9.62939,53.29326],[-9.62928,53.29305]],[[-9.61253,53.29122],[-9.61442,53.29101],[-9.61442,53.29281],[-9.61383,53.29303],[-9.61363,53.29369],[-9.61321,53.29381],[-9.61293,53.2934],[-9.61123,53.2929],[-9.61106,53.29239],[-9.61253,53.29122]],[[-9.6159,53.29698],[-9.61598,53.29665],[-9.61646,53.29674],[-9.6164,53.29641],[-9.61571,53.29592],[-9.61523,53.29617],[-9.6155,53.29647],[-9.61495,53.29639],[-9.61495,53.29587],[-9.6157,53.2954],[-9.61571,53.2952],[-9.61516,53.29527],[-9.61515,53.29476],[-9.6158,53.29493],[-9.61691,53.2946],[-9.61758,53.29476],[-9.61781,53.29549],[-9.61743,53.29629],[-9.61678,53.29655],[-9.61694,53.2973],[-9.61634,53.29744],[-9.6159,53.29698]],[[-9.71496,53.29816],[-9.71502,53.29773],[-9.7143,53.29787],[-9.71478,53.29728],[-9.71658,53.29675],[-9.71639,53.29588],[-9.71591,53.29577],[-9.71664,53.29556],[-9.71625,53.2951],[-9.71663,53.29527],[-9.71661,53.29489],[-9.71717,53.29504],[-9.7173,53.29478],[-9.71811,53.29491],[-9.71863,53.29451],[-9.71804,53.29383],[-9.7186,53.29346],[-9.71849,53.29262],[-9.71913,53.29265],[-9.72069,53.29329],[-9.7212,53.29495],[-9.72047,53.29494],[-9.72058,53.29614],[-9.71962,53.29697],[-9.71697,53.29603],[-9.71688,53.29682],[-9.71823,53.29732],[-9.71685,53.29834],[-9.71646,53.29828],[-9.71496,53.29816]],[[-9.88002,53.29776],[-9.88104,53.29746],[-9.88171,53.29759],[-9.88149,53.29816],[-9.88053,53.29858],[-9.87972,53.29841],[-9.88002,53.29776]],[[-9.80827,53.30153],[-9.80844,53.30063],[-9.80803,53.30091],[-9.80795,53.30051],[-9.80758,53.30065],[-9.80736,53.30044],[-9.80691,53.30074],[-9.80614,53.30068],[-9.80557,53.30111],[-9.80478,53.30076],[-9.80479,53.30119],[-9.80381,53.30107],[-9.80372,53.30076],[-9.8034,53.30097],[-9.80356,53.30055],[-9.80304,53.30047],[-9.80142,53.30088],[-9.80098,53.29903],[-9.80329,53.29867],[-9.80436,53.29798],[-9.80381,53.297],[-9.80422,53.29655],[-9.80582,53.29615],[-9.80685,53.29654],[-9.80833,53.29647],[-9.81122,53.2958],[-9.81356,53.29412],[-9.81329,53.29369],[-9.81383,53.29365],[-9.8149,53.2925],[-9.81468,53.29161],[-9.81547,53.29074],[-9.8174,53.28987],[-9.81734,53.28899],[-9.8188,53.28883],[-9.81974,53.28771],[-9.82041,53.28773],[-9.82063,53.28822],[-9.82082,53.28772],[-9.82089,53.28804],[-9.82115,53.28787],[-9.82157,53.28874],[-9.82267,53.28838],[-9.82213,53.28988],[-9.82128,53.29022],[-9.82091,53.29079],[-9.82016,53.29085],[-9.81998,53.29123],[-9.82054,53.29225],[-9.82093,53.29219],[-9.82106,53.29299],[-9.81984,53.2931],[-9.81854,53.2951],[-9.81775,53.29526],[-9.8171,53.29605],[-9.81583,53.29666],[-9.81487,53.29855],[-9.81453,53.29841],[-9.81395,53.29875],[-9.81344,53.29841],[-9.81303,53.29905],[-9.812,53.29808],[-9.81233,53.29845],[-9.81179,53.29915],[-9.81257,53.29895],[-9.81216,53.29958],[-9.81113,53.29977],[-9.81083,53.30059],[-9.80944,53.30039],[-9.80883,53.30105],[-9.8092,53.30121],[-9.80827,53.30153]],[[-9.6395,53.30367],[-9.64008,53.30306],[-9.64142,53.30353],[-9.64141,53.30407],[-9.63936,53.30507],[-9.63976,53.30446],[-9.6395,53.30367]],[[-9.63605,53.30333],[-9.6367,53.30265],[-9.63811,53.3029],[-9.63786,53.30367],[-9.6389,53.30379],[-9.6376,53.30509],[-9.63667,53.30411],[-9.63583,53.30403],[-9.63667,53.30379],[-9.63605,53.30333]],[[-9.88468,53.30321],[-9.88414,53.30285],[-9.88083,53.30303],[-9.88178,53.30103],[-9.88158,53.29955],[-9.88229,53.299],[-9.88645,53.29885],[-9.88684,53.29851],[-9.88657,53.29776],[-9.88835,53.29693],[-9.89222,53.29697],[-9.8941,53.29765],[-9.89485,53.29831],[-9.89409,53.30012],[-9.89332,53.30056],[-9.89264,53.30041],[-9.89196,53.30075],[-9.89079,53.30077],[-9.89171,53.30085],[-9.89095,53.3019],[-9.8891,53.30228],[-9.88847,53.30295],[-9.88793,53.30274],[-9.88758,53.30301],[-9.88637,53.30291],[-9.88568,53.30261],[-9.88468,53.30321]],[[-9.89257,53.30366],[-9.89268,53.30321],[-9.89412,53.30339],[-9.89483,53.30317],[-9.89451,53.30365],[-9.89526,53.30401],[-9.89508,53.30434],[-9.89461,53.30432],[-9.89257,53.30366]],[[-9.67983,53.3086],[-9.67747,53.30851],[-9.67389,53.30782],[-9.67254,53.3065],[-9.67136,53.30546],[-9.66606,53.30519],[-9.66177,53.30406],[-9.65893,53.3019],[-9.65482,53.30129],[-9.65348,53.29997],[-9.65155,53.302],[-9.64955,53.30262],[-9.64195,53.30159],[-9.63786,53.30186],[-9.63725,53.30163],[-9.63456,53.30097],[-9.63382,53.29908],[-9.63145,53.29903],[-9.6317,53.29769],[-9.63046,53.29683],[-9.63375,53.29439],[-9.63478,53.29417],[-9.63673,53.29516],[-9.63797,53.29522],[-9.64124,53.29382],[-9.64235,53.29369],[-9.64418,53.29255],[-9.64672,53.29316],[-9.64886,53.29275],[-9.6491,53.29112],[-9.65031,53.29044],[-9.65032,53.28893],[-9.65062,53.28837],[-9.65237,53.2884],[-9.65384,53.28776],[-9.65838,53.28891],[-9.66092,53.2894],[-9.66293,53.28888],[-9.66538,53.28763],[-9.66669,53.28837],[-9.66836,53.28766],[-9.6714,53.28805],[-9.67281,53.28721],[-9.67318,53.28667],[-9.674,53.28637],[-9.67454,53.28697],[-9.67534,53.28726],[-9.67925,53.28742],[-9.68138,53.28758],[-9.68242,53.28726],[-9.68364,53.28747],[-9.68502,53.28749],[-9.68628,53.28563],[-9.68762,53.2844],[-9.68546,53.28447],[-9.68708,53.28385],[-9.68399,53.28316],[-9.68479,53.28201],[-9.6865,53.28155],[-9.68806,53.28014],[-9.68925,53.27965],[-9.69042,53.28128],[-9.69273,53.28168],[-9.69743,53.28413],[-9.69867,53.28342],[-9.69994,53.28448],[-9.70007,53.28432],[-9.70116,53.2838],[-9.70204,53.28414],[-9.70342,53.2845],[-9.70422,53.28417],[-9.70347,53.28478],[-9.70294,53.28628],[-9.70397,53.28617],[-9.70446,53.28589],[-9.70545,53.28542],[-9.70679,53.28549],[-9.70827,53.28734],[-9.71055,53.28896],[-9.70973,53.28963],[-9.70798,53.28951],[-9.70642,53.2896],[-9.70504,53.28932],[-9.70418,53.28799],[-9.7033,53.28759],[-9.69988,53.28699],[-9.69612,53.288],[-9.69408,53.28679],[-9.6925,53.28711],[-9.69256,53.28816],[-9.69225,53.28867],[-9.69198,53.28983],[-9.69003,53.28988],[-9.69238,53.2916],[-9.69249,53.29125],[-9.69342,53.29127],[-9.69575,53.29263],[-9.69785,53.29226],[-9.7,53.29234],[-9.70736,53.29497],[-9.70882,53.29528],[-9.71192,53.29731],[-9.70847,53.30191],[-9.70299,53.30489],[-9.70025,53.3049],[-9.6948,53.30778],[-9.68879,53.30805],[-9.67983,53.3086]],[[-9.92468,53.30743],[-9.92097,53.30707],[-9.9193,53.30741],[-9.91811,53.30693],[-9.91628,53.30519],[-9.91697,53.3035],[-9.91867,53.3031],[-9.9192,53.30266],[-9.92003,53.30309],[-9.92318,53.30356],[-9.92614,53.30654],[-9.92612,53.3071],[-9.92468,53.30743]],[[-9.65294,53.31278],[-9.65223,53.3116],[-9.65293,53.31129],[-9.65308,53.31076],[-9.6547,53.31046],[-9.65433,53.3094],[-9.65483,53.30921],[-9.65582,53.30972],[-9.65566,53.31029],[-9.65602,53.31008],[-9.65616,53.31052],[-9.65612,53.31075],[-9.65531,53.31064],[-9.65521,53.311],[-9.65482,53.31091],[-9.65567,53.31118],[-9.65508,53.3121],[-9.65541,53.31218],[-9.65458,53.31248],[-9.65467,53.31302],[-9.65376,53.31276],[-9.65337,53.31314],[-9.65294,53.31278]],[[-9.84463,53.30989],[-9.84565,53.30882],[-9.84653,53.30927],[-9.84631,53.31035],[-9.846,53.31048],[-9.84591,53.31022],[-9.84463,53.30989]],[[-9.84756,53.31054],[-9.84781,53.31024],[-9.84792,53.31087],[-9.84756,53.31054]],[[-9.65968,53.31371],[-9.6608,53.31357],[-9.66071,53.31407],[-9.6614,53.31438],[-9.66136,53.31477],[-9.66008,53.31499],[-9.65974,53.3148],[-9.65968,53.31371]],[[-9.85558,53.3141],[-9.85497,53.31401],[-9.8546,53.31425],[-9.85396,53.31288],[-9.85367,53.31326],[-9.85298,53.31298],[-9.85325,53.31262],[-9.85399,53.31254],[-9.8534,53.31227],[-9.85336,53.31112],[-9.85304,53.31098],[-9.85284,53.31134],[-9.85186,53.31132],[-9.84999,53.31083],[-9.85011,53.31052],[-9.84819,53.31069],[-9.848,53.30974],[-9.84887,53.30942],[-9.84865,53.30887],[-9.85014,53.30809],[-9.85054,53.30846],[-9.85099,53.30802],[-9.85088,53.30736],[-9.85146,53.30615],[-9.85194,53.30599],[-9.85092,53.30575],[-9.85153,53.30542],[-9.85058,53.30517],[-9.85056,53.30548],[-9.85,53.30524],[-9.84891,53.30536],[-9.84869,53.3057],[-9.84753,53.30554],[-9.84698,53.30613],[-9.8458,53.30628],[-9.84485,53.30515],[-9.8443,53.30307],[-9.84397,53.3032],[-9.84402,53.30256],[-9.84327,53.30182],[-9.84353,53.30153],[-9.84308,53.30143],[-9.84282,53.30078],[-9.84239,53.29816],[-9.84026,53.29492],[-9.84016,53.29513],[-9.83998,53.29302],[-9.83916,53.29215],[-9.83796,53.29176],[-9.83784,53.29212],[-9.83715,53.29145],[-9.83776,53.29075],[-9.83889,53.29041],[-9.839,53.28949],[-9.83807,53.28889],[-9.83873,53.28864],[-9.83905,53.28913],[-9.83995,53.28854],[-9.83937,53.28973],[-9.83987,53.28984],[-9.84074,53.28796],[-9.84145,53.28819],[-9.84188,53.28795],[-9.84205,53.28855],[-9.84259,53.28844],[-9.84336,53.28894],[-9.84331,53.28937],[-9.84412,53.28972],[-9.84376,53.29015],[-9.84424,53.29033],[-9.8446,53.28999],[-9.84423,53.29058],[-9.84541,53.29006],[-9.84542,53.29098],[-9.8459,53.29059],[-9.84645,53.29139],[-9.84758,53.2901],[-9.8479,53.29047],[-9.84895,53.29049],[-9.84921,53.29108],[-9.84932,53.29076],[-9.84975,53.29062],[-9.8498,53.29091],[-9.85034,53.29041],[-9.85005,53.29167],[-9.85068,53.29105],[-9.85115,53.29104],[-9.85072,53.29133],[-9.85136,53.29154],[-9.85103,53.29266],[-9.8502,53.29298],[-9.85019,53.29363],[-9.8506,53.29372],[-9.85023,53.29392],[-9.85052,53.29422],[-9.8501,53.2952],[-9.8506,53.29563],[-9.84995,53.29627],[-9.85063,53.29619],[-9.85003,53.29791],[-9.85084,53.29886],[-9.85047,53.29983],[-9.8508,53.30006],[-9.85221,53.30003],[-9.85242,53.30039],[-9.85341,53.30056],[-9.85559,53.30052],[-9.85551,53.3003],[-9.85664,53.30048],[-9.8579,53.29982],[-9.85758,53.29935],[-9.85786,53.29889],[-9.85879,53.29905],[-9.85901,53.29965],[-9.85953,53.29941],[-9.86033,53.29967],[-9.86006,53.3003],[-9.86061,53.30054],[-9.86143,53.30044],[-9.86143,53.29947],[-9.86253,53.29953],[-9.8629,53.29998],[-9.86349,53.29965],[-9.86382,53.29998],[-9.86437,53.29988],[-9.86515,53.30058],[-9.86606,53.30062],[-9.86635,53.30102],[-9.86514,53.30107],[-9.86549,53.30231],[-9.86444,53.30268],[-9.86461,53.30297],[-9.8621,53.30356],[-9.86237,53.30401],[-9.86335,53.30418],[-9.86467,53.30338],[-9.86576,53.30361],[-9.86641,53.30445],[-9.86694,53.30449],[-9.86717,53.30419],[-9.86728,53.30436],[-9.86741,53.30406],[-9.86761,53.30431],[-9.868,53.30401],[-9.86817,53.30428],[-9.86926,53.30313],[-9.8694,53.30343],[-9.86967,53.30316],[-9.87077,53.30335],[-9.87131,53.30308],[-9.87154,53.30348],[-9.87248,53.30373],[-9.87413,53.30375],[-9.87522,53.30291],[-9.87487,53.30434],[-9.87355,53.30546],[-9.87122,53.30477],[-9.8705,53.30529],[-9.86982,53.30526],[-9.86882,53.30616],[-9.86731,53.30675],[-9.86736,53.30702],[-9.86698,53.30688],[-9.86692,53.30772],[-9.86622,53.30711],[-9.86634,53.3081],[-9.866,53.30812],[-9.8655,53.30923],[-9.86324,53.31024],[-9.86295,53.31077],[-9.86279,53.31052],[-9.8622,53.31066],[-9.86188,53.31108],[-9.86098,53.31128],[-9.86005,53.31099],[-9.85933,53.31146],[-9.8592,53.311],[-9.85888,53.31117],[-9.85899,53.31055],[-9.85817,53.31008],[-9.85811,53.31188],[-9.85776,53.31184],[-9.85791,53.31212],[-9.85742,53.31198],[-9.85748,53.3128],[-9.85695,53.31258],[-9.85686,53.31286],[-9.85652,53.31258],[-9.85618,53.3129],[-9.85685,53.31313],[-9.85671,53.31359],[-9.85726,53.31363],[-9.85581,53.31393],[-9.85582,53.31429],[-9.85558,53.3141]],[[-9.84004,53.3139],[-9.83927,53.31381],[-9.83951,53.31325],[-9.83867,53.31304],[-9.83895,53.31239],[-9.83822,53.31243],[-9.83783,53.31197],[-9.83651,53.31167],[-9.83671,53.31103],[-9.83534,53.31147],[-9.83461,53.31086],[-9.83366,53.31091],[-9.83444,53.3113],[-9.83319,53.31147],[-9.83223,53.31091],[-9.83294,53.31059],[-9.83358,53.31075],[-9.83309,53.31053],[-9.83342,53.31037],[-9.83117,53.31036],[-9.83155,53.30868],[-9.83203,53.30872],[-9.83194,53.30946],[-9.83346,53.3091],[-9.83357,53.30856],[-9.83523,53.30895],[-9.83531,53.30949],[-9.8345,53.30985],[-9.83448,53.31063],[-9.83556,53.30961],[-9.83702,53.30965],[-9.83748,53.30898],[-9.83692,53.30806],[-9.83639,53.30836],[-9.83611,53.30784],[-9.83539,53.30838],[-9.83466,53.30819],[-9.8345,53.3084],[-9.83351,53.30822],[-9.83347,53.30792],[-9.83398,53.30694],[-9.83425,53.30711],[-9.83556,53.30664],[-9.83664,53.30671],[-9.83696,53.30617],[-9.83815,53.30671],[-9.83866,53.30642],[-9.83915,53.30662],[-9.83889,53.30677],[-9.84045,53.30711],[-9.84034,53.30737],[-9.84241,53.30754],[-9.84349,53.30794],[-9.84277,53.30811],[-9.84259,53.3087],[-9.84135,53.30919],[-9.84226,53.30946],[-9.84118,53.31095],[-9.84058,53.31061],[-9.83945,53.31066],[-9.84022,53.3123],[-9.8413,53.31221],[-9.8423,53.31279],[-9.84118,53.31352],[-9.84271,53.31367],[-9.84252,53.3141],[-9.84181,53.31421],[-9.84087,53.31388],[-9.84077,53.31452],[-9.83999,53.3148],[-9.84004,53.3139]],[[-9.69526,53.3172],[-9.69495,53.31692],[-9.6948,53.31714],[-9.69452,53.31692],[-9.6937,53.31698],[-9.69357,53.31725],[-9.6924,53.31719],[-9.69226,53.31684],[-9.69442,53.31609],[-9.6948,53.31653],[-9.696,53.31583],[-9.697,53.316],[-9.69759,53.31676],[-9.69654,53.31712],[-9.69696,53.31727],[-9.69693,53.31786],[-9.69619,53.31804],[-9.69511,53.31798],[-9.69504,53.31757],[-9.69624,53.31724],[-9.69526,53.3172]],[[-9.84676,53.31701],[-9.84667,53.31652],[-9.84598,53.3169],[-9.84555,53.31658],[-9.8465,53.31609],[-9.84691,53.31627],[-9.84715,53.31591],[-9.84663,53.31561],[-9.84701,53.31492],[-9.84757,53.31463],[-9.84872,53.31478],[-9.85003,53.31342],[-9.85054,53.31374],[-9.85037,53.31446],[-9.85096,53.31472],[-9.85056,53.31493],[-9.85079,53.31521],[-9.85129,53.31511],[-9.85092,53.31568],[-9.84966,53.31603],[-9.84924,53.31575],[-9.84876,53.3161],[-9.84873,53.31564],[-9.84839,53.31574],[-9.84809,53.31534],[-9.84676,53.31701]],[[-9.63517,53.32034],[-9.63336,53.31997],[-9.63321,53.3197],[-9.63192,53.32017],[-9.6316,53.31945],[-9.63099,53.31998],[-9.63081,53.3194],[-9.63137,53.31909],[-9.63073,53.31908],[-9.62958,53.31962],[-9.62991,53.31868],[-9.62926,53.3188],[-9.62913,53.31856],[-9.62971,53.31756],[-9.6301,53.3181],[-9.63063,53.31755],[-9.63125,53.31767],[-9.63115,53.31804],[-9.63172,53.31789],[-9.63168,53.31814],[-9.63224,53.31734],[-9.63317,53.31754],[-9.63267,53.31725],[-9.6325,53.31575],[-9.6328,53.31534],[-9.63342,53.31534],[-9.63365,53.31469],[-9.63806,53.3142],[-9.63842,53.31372],[-9.63674,53.31331],[-9.63631,53.31366],[-9.63559,53.3136],[-9.63555,53.31321],[-9.63513,53.31355],[-9.63479,53.31316],[-9.63458,53.31332],[-9.63445,53.31309],[-9.6324,53.31294],[-9.63235,53.31245],[-9.63174,53.31249],[-9.63204,53.31151],[-9.63147,53.31108],[-9.63125,53.31163],[-9.63038,53.31187],[-9.63107,53.31124],[-9.63091,53.31075],[-9.63001,53.3109],[-9.62975,53.31124],[-9.6296,53.31107],[-9.62899,53.31191],[-9.62778,53.31186],[-9.62703,53.31264],[-9.6253,53.31276],[-9.62483,53.3118],[-9.6259,53.31154],[-9.62511,53.31097],[-9.6255,53.31059],[-9.62513,53.31026],[-9.62559,53.30859],[-9.6271,53.30766],[-9.6274,53.30809],[-9.62842,53.30789],[-9.62856,53.30846],[-9.63031,53.30794],[-9.62989,53.30851],[-9.63006,53.30878],[-9.63058,53.30824],[-9.63036,53.3095],[-9.63098,53.30856],[-9.63177,53.30838],[-9.63178,53.3078],[-9.63241,53.30812],[-9.63262,53.30758],[-9.63303,53.30763],[-9.63308,53.30687],[-9.63438,53.30612],[-9.63507,53.30424],[-9.63451,53.30604],[-9.63513,53.30665],[-9.63486,53.30706],[-9.63408,53.30698],[-9.63421,53.30782],[-9.63498,53.30737],[-9.63532,53.30785],[-9.63544,53.30955],[-9.63472,53.31053],[-9.6351,53.31198],[-9.63609,53.31138],[-9.63636,53.31181],[-9.63678,53.31118],[-9.6365,53.31097],[-9.63716,53.31075],[-9.63732,53.31118],[-9.63795,53.31138],[-9.63835,53.31112],[-9.63834,53.31186],[-9.63945,53.31124],[-9.63958,53.31161],[-9.6399,53.31138],[-9.64015,53.31165],[-9.6404,53.31138],[-9.64202,53.31202],[-9.64321,53.31167],[-9.64356,53.31197],[-9.64456,53.31087],[-9.64537,53.31131],[-9.64657,53.31096],[-9.64739,53.31126],[-9.64842,53.31104],[-9.649,53.31141],[-9.65043,53.31084],[-9.65113,53.31141],[-9.64996,53.31378],[-9.65034,53.31363],[-9.65053,53.31391],[-9.64943,53.31411],[-9.64955,53.31444],[-9.64999,53.31426],[-9.65027,53.31447],[-9.65009,53.31494],[-9.64931,53.31499],[-9.64836,53.31708],[-9.64489,53.31862],[-9.64042,53.31951],[-9.64,53.32011],[-9.64035,53.32041],[-9.63949,53.31995],[-9.63726,53.32049],[-9.63517,53.32034]],[[-9.71187,53.31966],[-9.71264,53.31896],[-9.71306,53.31923],[-9.71165,53.32052],[-9.71125,53.32029],[-9.71097,53.31985],[-9.71187,53.31966]],[[-9.63625,53.32218],[-9.63654,53.32171],[-9.63847,53.32138],[-9.63831,53.32105],[-9.63892,53.3207],[-9.6406,53.32131],[-9.64087,53.32174],[-9.64005,53.32225],[-9.63877,53.32207],[-9.63896,53.32263],[-9.63728,53.32282],[-9.63625,53.32218]],[[-9.68249,53.32373],[-9.68287,53.32337],[-9.68166,53.32357],[-9.68043,53.32338],[-9.681,53.32312],[-9.68075,53.32281],[-9.68153,53.32257],[-9.68103,53.3224],[-9.68148,53.32214],[-9.68118,53.32189],[-9.68259,53.3219],[-9.68253,53.32151],[-9.68081,53.32102],[-9.68085,53.32026],[-9.67678,53.32145],[-9.67688,53.32234],[-9.67606,53.32215],[-9.67569,53.32248],[-9.67601,53.32168],[-9.67555,53.32163],[-9.67575,53.32129],[-9.67502,53.32074],[-9.676,53.32047],[-9.67567,53.32006],[-9.6763,53.31955],[-9.67633,53.31885],[-9.67429,53.31889],[-9.67343,53.31924],[-9.67387,53.31987],[-9.67316,53.32011],[-9.67321,53.32048],[-9.67245,53.32075],[-9.67203,53.32053],[-9.67147,53.32067],[-9.6712,53.32105],[-9.67271,53.32165],[-9.67255,53.32238],[-9.67201,53.32242],[-9.67158,53.32158],[-9.66931,53.32246],[-9.66928,53.32171],[-9.66838,53.32236],[-9.66677,53.32273],[-9.66595,53.32235],[-9.66574,53.32283],[-9.665,53.32252],[-9.66422,53.32259],[-9.66403,53.32277],[-9.66483,53.32323],[-9.66417,53.32357],[-9.66434,53.3232],[-9.6637,53.32304],[-9.66325,53.32242],[-9.66279,53.32254],[-9.66339,53.32185],[-9.66259,53.32216],[-9.66181,53.32184],[-9.66232,53.32153],[-9.66476,53.32129],[-9.66491,53.321],[-9.6659,53.32079],[-9.6629,53.32055],[-9.66242,53.31978],[-9.6614,53.31977],[-9.66183,53.31946],[-9.66153,53.31922],[-9.66405,53.31934],[-9.66355,53.31869],[-9.66215,53.31881],[-9.66174,53.31847],[-9.66089,53.31871],[-9.66039,53.31841],[-9.66093,53.31821],[-9.661,53.3176],[-9.66172,53.3176],[-9.66176,53.31798],[-9.66208,53.31734],[-9.66295,53.3174],[-9.66328,53.31696],[-9.66501,53.31675],[-9.66475,53.31706],[-9.66548,53.31705],[-9.66653,53.31673],[-9.66811,53.31731],[-9.66881,53.31689],[-9.67026,53.31731],[-9.6715,53.31714],[-9.67171,53.31771],[-9.67192,53.31751],[-9.67272,53.31778],[-9.6726,53.31805],[-9.67309,53.31804],[-9.67306,53.3188],[-9.67315,53.31842],[-9.67377,53.31858],[-9.67423,53.31802],[-9.67455,53.31819],[-9.67521,53.31787],[-9.67502,53.31755],[-9.67591,53.3177],[-9.67558,53.31749],[-9.67611,53.31737],[-9.67606,53.3168],[-9.67991,53.31596],[-9.68044,53.3153],[-9.68101,53.31547],[-9.68169,53.31499],[-9.68285,53.31515],[-9.68307,53.31577],[-9.6837,53.31557],[-9.68468,53.31661],[-9.6849,53.31725],[-9.68408,53.31775],[-9.68304,53.31787],[-9.68457,53.31841],[-9.6849,53.31963],[-9.68461,53.32],[-9.68364,53.31997],[-9.68423,53.32096],[-9.68299,53.32145],[-9.68391,53.32162],[-9.6831,53.322],[-9.68321,53.3223],[-9.68391,53.32226],[-9.68347,53.32341],[-9.68249,53.32373]],[[-9.66541,53.32623],[-9.66439,53.32615],[-9.66406,53.32523],[-9.66542,53.3249],[-9.66587,53.32511],[-9.66555,53.3258],[-9.6661,53.32581],[-9.66643,53.32499],[-9.66687,53.32519],[-9.66792,53.32497],[-9.6683,53.32542],[-9.6679,53.32645],[-9.66762,53.32658],[-9.66721,53.32619],[-9.66671,53.32667],[-9.66589,53.32682],[-9.66541,53.32623]],[[-9.66222,53.32855],[-9.66175,53.32831],[-9.66128,53.32838],[-9.66084,53.32762],[-9.66023,53.32782],[-9.6598,53.3276],[-9.65877,53.32636],[-9.65969,53.32691],[-9.66088,53.32675],[-9.66083,53.32736],[-9.66155,53.32694],[-9.6623,53.32707],[-9.66211,53.32755],[-9.6633,53.32792],[-9.66222,53.32855]],[[-9.68549,53.32681],[-9.68591,53.32624],[-9.68722,53.32638],[-9.68757,53.32796],[-9.68417,53.32929],[-9.6838,53.32932],[-9.68384,53.32906],[-9.68462,53.32883],[-9.68412,53.32876],[-9.68426,53.32826],[-9.68353,53.32819],[-9.68355,53.32764],[-9.68454,53.32698],[-9.68549,53.32681]],[[-9.69043,53.33133],[-9.68973,53.32983],[-9.69077,53.3299],[-9.69133,53.32963],[-9.69085,53.32949],[-9.69111,53.32933],[-9.6918,53.32947],[-9.69371,53.32908],[-9.694,53.32993],[-9.6936,53.33068],[-9.69276,53.33074],[-9.69217,53.33124],[-9.69043,53.33133]],[[-9.58041,53.33295],[-9.58013,53.33251],[-9.57954,53.33254],[-9.57973,53.33207],[-9.58,53.33231],[-9.58051,53.3321],[-9.58051,53.33166],[-9.58092,53.33165],[-9.58139,53.33104],[-9.58192,53.33113],[-9.58245,53.33078],[-9.58218,53.32991],[-9.58294,53.32927],[-9.58448,53.3288],[-9.58434,53.32807],[-9.58516,53.3276],[-9.58608,53.32773],[-9.58634,53.32874],[-9.58429,53.32982],[-9.58438,53.33052],[-9.58388,53.33053],[-9.58378,53.33139],[-9.58457,53.33159],[-9.58461,53.33195],[-9.5831,53.33225],[-9.58218,53.33387],[-9.58089,53.33356],[-9.58041,53.33295]],[[-9.90338,53.32882],[-9.90388,53.32833],[-9.90477,53.32779],[-9.90666,53.32736],[-9.9073,53.32779],[-9.90703,53.32805],[-9.90634,53.32803],[-9.90527,53.32899],[-9.90487,53.32877],[-9.90454,53.32898],[-9.90486,53.32956],[-9.90416,53.32965],[-9.90338,53.32882]],[[-9.9676,53.32349],[-9.97312,53.32039],[-9.97432,53.32406],[-9.97911,53.32664],[-9.97927,53.3278],[-9.9783,53.32871],[-9.97558,53.32927],[-9.96741,53.32939],[-9.96522,53.32912],[-9.96442,53.32861],[-9.96438,53.328],[-9.96544,53.32658],[-9.96642,53.32596],[-9.96609,53.32479],[-9.9676,53.32349]],[[-9.58001,53.33776],[-9.57949,53.3372],[-9.58158,53.33717],[-9.58228,53.33654],[-9.58173,53.33644],[-9.58184,53.33621],[-9.58493,53.33614],[-9.58522,53.33642],[-9.5843,53.33707],[-9.58296,53.33733],[-9.58185,53.33802],[-9.5813,53.33786],[-9.58001,53.33776]],[[-9.58664,53.3381],[-9.58616,53.33762],[-9.58788,53.33795],[-9.58731,53.33814],[-9.58664,53.3381]],[[-9.59082,53.33845],[-9.59051,53.33828],[-9.59092,53.33786],[-9.59128,53.33806],[-9.59082,53.33845]],[[-9.67562,53.33761],[-9.67529,53.33695],[-9.67502,53.33706],[-9.67531,53.33654],[-9.67633,53.3365],[-9.67645,53.33688],[-9.67562,53.33761]],[[-9.66643,53.34079],[-9.66676,53.33959],[-9.66765,53.33934],[-9.66801,53.33999],[-9.66876,53.3393],[-9.66877,53.34084],[-9.66698,53.34143],[-9.66643,53.34079]],[[-9.95735,53.34066],[-9.95673,53.33886],[-9.9575,53.33908],[-9.95842,53.34099],[-9.95787,53.34108],[-9.95735,53.34066]],[[-9.59082,53.33845],[-9.59065,53.33862],[-9.59117,53.33875],[-9.59117,53.33919],[-9.59199,53.33835],[-9.59242,53.33875],[-9.59246,53.33936],[-9.59201,53.3396],[-9.593,53.3406],[-9.59268,53.3412],[-9.59323,53.34145],[-9.59381,53.34264],[-9.59332,53.3433],[-9.59457,53.3434],[-9.59534,53.34303],[-9.59512,53.34358],[-9.59579,53.34335],[-9.59635,53.344],[-9.59622,53.34455],[-9.59553,53.34455],[-9.59567,53.34489],[-9.59627,53.34493],[-9.59585,53.3452],[-9.59631,53.34589],[-9.59591,53.34697],[-9.59424,53.34694],[-9.59389,53.34722],[-9.59302,53.34623],[-9.59306,53.3465],[-9.59214,53.34677],[-9.59199,53.34735],[-9.59093,53.3475],[-9.59063,53.3472],[-9.58943,53.34734],[-9.5892,53.34709],[-9.58612,53.34696],[-9.58535,53.34661],[-9.58543,53.34604],[-9.58461,53.34549],[-9.58583,53.34508],[-9.58525,53.34491],[-9.58581,53.34461],[-9.586,53.34369],[-9.58779,53.34208],[-9.58751,53.34174],[-9.58692,53.34175],[-9.58732,53.34093],[-9.58812,53.34108],[-9.58815,53.34166],[-9.58874,53.34195],[-9.59,53.3413],[-9.58884,53.33987],[-9.58959,53.33922],[-9.58913,53.33874],[-9.58982,53.33884],[-9.59082,53.33845]],[[-9.64652,53.34939],[-9.64668,53.34903],[-9.64719,53.34957],[-9.64608,53.35058],[-9.6456,53.3508],[-9.64533,53.35049],[-9.64532,53.34975],[-9.64652,53.34939]],[[-9.95954,53.34464],[-9.96066,53.34432],[-9.96331,53.34531],[-9.96384,53.34595],[-9.96362,53.34681],[-9.96278,53.34712],[-9.96141,53.34679],[-9.95954,53.34464]],[[-9.8914,53.3488],[-9.89088,53.34851],[-9.88938,53.34865],[-9.88938,53.34742],[-9.89262,53.34627],[-9.89399,53.34702],[-9.89214,53.34825],[-9.89236,53.34844],[-9.8914,53.3488]],[[-9.67164,53.35387],[-9.67111,53.35355],[-9.6697,53.35366],[-9.66937,53.35231],[-9.668,53.35229],[-9.66641,53.35172],[-9.66564,53.35184],[-9.66542,53.35141],[-9.6665,53.34941],[-9.66827,53.34931],[-9.6681,53.34852],[-9.66898,53.34872],[-9.66921,53.34934],[-9.67002,53.34952],[-9.67089,53.35099],[-9.67205,53.35033],[-9.67253,53.35049],[-9.674,53.3502],[-9.67423,53.34947],[-9.67502,53.34947],[-9.6759,53.349],[-9.67786,53.34935],[-9.67906,53.35122],[-9.679,53.35182],[-9.67786,53.35239],[-9.67686,53.35347],[-9.67534,53.35412],[-9.67446,53.35404],[-9.67164,53.35387]],[[-9.59854,53.35468],[-9.59852,53.35439],[-9.59802,53.35446],[-9.59772,53.35514],[-9.59758,53.35489],[-9.59632,53.35499],[-9.5956,53.35462],[-9.59488,53.35499],[-9.5939,53.35458],[-9.59384,53.35414],[-9.5929,53.35415],[-9.59293,53.35361],[-9.59129,53.3527],[-9.59093,53.35203],[-9.5913,53.35142],[-9.5903,53.35074],[-9.59064,53.35073],[-9.59044,53.35007],[-9.59181,53.34939],[-9.59191,53.34878],[-9.59304,53.34895],[-9.59345,53.34832],[-9.59479,53.34856],[-9.59388,53.34989],[-9.59316,53.35016],[-9.59332,53.35048],[-9.59462,53.35023],[-9.59531,53.35052],[-9.59545,53.35017],[-9.59725,53.35212],[-9.59764,53.35187],[-9.59941,53.35193],[-9.60052,53.35227],[-9.60092,53.35276],[-9.60062,53.35432],[-9.59911,53.35534],[-9.59854,53.35468]],[[-9.65058,53.35274],[-9.65114,53.35224],[-9.65099,53.35176],[-9.6522,53.35256],[-9.65356,53.35195],[-9.6541,53.35231],[-9.65605,53.35108],[-9.65661,53.35136],[-9.65726,53.35107],[-9.65901,53.3511],[-9.66086,53.35034],[-9.66205,53.35055],[-9.66303,53.34992],[-9.66395,53.34982],[-9.66453,53.35077],[-9.66364,53.35124],[-9.6633,53.35216],[-9.66273,53.35194],[-9.66233,53.35382],[-9.66163,53.35447],[-9.66036,53.35498],[-9.66024,53.35535],[-9.65857,53.35567],[-9.65745,53.35643],[-9.65634,53.35643],[-9.65415,53.35633],[-9.65309,53.35527],[-9.64971,53.355],[-9.64953,53.35416],[-9.64994,53.35329],[-9.65091,53.35313],[-9.65058,53.35274]],[[-9.6719,53.35699],[-9.67184,53.35674],[-9.67103,53.35685],[-9.67055,53.35583],[-9.67102,53.35545],[-9.67061,53.35453],[-9.67099,53.35412],[-9.67545,53.35549],[-9.6749,53.35667],[-9.67377,53.35667],[-9.67419,53.35688],[-9.67324,53.35688],[-9.67315,53.35722],[-9.6719,53.35699]],[[-9.90049,53.35136],[-9.90271,53.35012],[-9.90307,53.35038],[-9.90344,53.35013],[-9.90354,53.35054],[-9.90427,53.35007],[-9.90568,53.34989],[-9.90626,53.34949],[-9.9057,53.34949],[-9.90594,53.34912],[-9.90689,53.34899],[-9.90918,53.34972],[-9.90905,53.35152],[-9.90833,53.35212],[-9.90541,53.35377],[-9.90426,53.3541],[-9.90335,53.35383],[-9.90102,53.35295],[-9.90049,53.35136]],[[-9.65436,53.3612],[-9.65411,53.3607],[-9.65468,53.36056],[-9.65437,53.36041],[-9.65521,53.36026],[-9.65475,53.3599],[-9.65554,53.35933],[-9.6548,53.35921],[-9.65557,53.35862],[-9.6569,53.35793],[-9.65643,53.35866],[-9.65683,53.35913],[-9.6581,53.35878],[-9.65847,53.35823],[-9.65913,53.3583],[-9.6593,53.35883],[-9.65796,53.35942],[-9.65859,53.35971],[-9.65807,53.35996],[-9.6585,53.36045],[-9.65767,53.36039],[-9.65787,53.3606],[-9.65738,53.36084],[-9.6578,53.36089],[-9.65716,53.36098],[-9.65776,53.36117],[-9.6577,53.36159],[-9.65604,53.36144],[-9.65553,53.36109],[-9.65408,53.36195],[-9.65365,53.36156],[-9.65436,53.3612]],[[-9.89715,53.37042],[-9.89656,53.36997],[-9.89505,53.36964],[-9.89435,53.36903],[-9.8956,53.36783],[-9.89652,53.36804],[-9.89744,53.36885],[-9.89924,53.36907],[-9.90019,53.36979],[-9.90019,53.37027],[-9.89861,53.3701],[-9.89715,53.37042]],[[-9.64708,53.37784],[-9.64718,53.37682],[-9.64815,53.3765],[-9.6477,53.37692],[-9.64843,53.37683],[-9.64856,53.37726],[-9.64731,53.37771],[-9.6473,53.37799],[-9.64708,53.37784]],[[-9.92341,53.37598],[-9.92234,53.37523],[-9.92248,53.37446],[-9.92198,53.37477],[-9.922,53.37442],[-9.92179,53.37462],[-9.92138,53.37422],[-9.92178,53.37367],[-9.92118,53.37327],[-9.92177,53.37277],[-9.92135,53.37236],[-9.92164,53.37116],[-9.92131,53.37074],[-9.92197,53.37002],[-9.9234,53.37034],[-9.92471,53.36965],[-9.92395,53.36815],[-9.92339,53.36792],[-9.92362,53.36742],[-9.92557,53.36719],[-9.92648,53.3666],[-9.93135,53.36614],[-9.93196,53.36663],[-9.93168,53.36893],[-9.93022,53.3713],[-9.93053,53.37182],[-9.93112,53.37191],[-9.93142,53.37283],[-9.93252,53.37354],[-9.92949,53.37547],[-9.92563,53.37541],[-9.92438,53.37596],[-9.92341,53.37598]],[[-9.83386,53.38148],[-9.83485,53.38088],[-9.83597,53.38124],[-9.83581,53.38169],[-9.8347,53.38192],[-9.83386,53.38148]],[[-10.09364,53.38154],[-10.094,53.38138],[-10.09557,53.38229],[-10.09534,53.38253],[-10.09481,53.38268],[-10.09341,53.38199],[-10.09364,53.38154]],[[-9.88011,53.38676],[-9.8791,53.38627],[-9.87937,53.38578],[-9.88067,53.38574],[-9.88044,53.38534],[-9.88241,53.38492],[-9.8824,53.3846],[-9.88399,53.38505],[-9.88372,53.38548],[-9.88449,53.38563],[-9.88398,53.38582],[-9.88474,53.3859],[-9.88466,53.38629],[-9.88388,53.38664],[-9.88155,53.38666],[-9.88069,53.38709],[-9.88011,53.38676]],[[-9.80142,53.38838],[-9.80046,53.38817],[-9.79977,53.38833],[-9.79939,53.388],[-9.80295,53.38792],[-9.80142,53.38838]],[[-9.80825,53.3877],[-9.81084,53.38668],[-9.8098,53.38765],[-9.81014,53.38859],[-9.80874,53.38851],[-9.80833,53.38819],[-9.80825,53.3877]],[[-9.81949,53.39296],[-9.81922,53.39257],[-9.81814,53.39277],[-9.8181,53.39238],[-9.81848,53.39161],[-9.8196,53.39095],[-9.82041,53.391],[-9.82164,53.39049],[-9.82364,53.39119],[-9.82342,53.39183],[-9.82164,53.39149],[-9.82107,53.39162],[-9.82057,53.39268],[-9.81949,53.39296]],[[-9.81243,53.39126],[-9.81247,53.39049],[-9.81344,53.38978],[-9.81365,53.39014],[-9.81432,53.39023],[-9.81431,53.39079],[-9.81497,53.39031],[-9.81533,53.3907],[-9.81496,53.39113],[-9.81447,53.39115],[-9.81407,53.39238],[-9.8127,53.39377],[-9.81214,53.39379],[-9.81182,53.39419],[-9.81175,53.39386],[-9.8108,53.393],[-9.81161,53.39265],[-9.81138,53.39167],[-9.81243,53.39126]],[[-10.12123,53.39042],[-10.12157,53.38966],[-10.12217,53.38971],[-10.12394,53.39096],[-10.12243,53.39092],[-10.12123,53.39042]],[[-9.82501,53.39631],[-9.8245,53.39627],[-9.82398,53.39677],[-9.82263,53.39639],[-9.82282,53.39624],[-9.82213,53.39647],[-9.82222,53.39572],[-9.82302,53.39603],[-9.8222,53.39529],[-9.82307,53.39456],[-9.82253,53.39426],[-9.82276,53.39363],[-9.82472,53.39353],[-9.82568,53.3939],[-9.82683,53.39345],[-9.82699,53.3939],[-9.82839,53.39401],[-9.82885,53.39457],[-9.83064,53.39466],[-9.83006,53.39616],[-9.82938,53.39624],[-9.82965,53.3966],[-9.82734,53.39666],[-9.82657,53.39693],[-9.82504,53.39663],[-9.82501,53.39631]],[[-10.09389,53.39257],[-10.09417,53.39209],[-10.09511,53.3923],[-10.09495,53.39261],[-10.09389,53.39257]],[[-9.83035,53.39765],[-9.83082,53.39705],[-9.83116,53.39751],[-9.83035,53.39765]],[[-10.13643,53.39264],[-10.13637,53.39228],[-10.13715,53.39229],[-10.1373,53.39277],[-10.13643,53.39264]],[[-10.13629,53.39324],[-10.13562,53.39249],[-10.13627,53.39272],[-10.13629,53.39324]],[[-9.80567,53.39829],[-9.80765,53.39683],[-9.80708,53.39608],[-9.80754,53.3958],[-9.80843,53.39596],[-9.80932,53.39555],[-9.81047,53.39583],[-9.81037,53.39544],[-9.80866,53.39525],[-9.80867,53.39481],[-9.80958,53.39483],[-9.81008,53.39441],[-9.81126,53.39446],[-9.81227,53.39564],[-9.81221,53.39612],[-9.81015,53.39727],[-9.81044,53.39757],[-9.81088,53.39743],[-9.81091,53.398],[-9.80863,53.39778],[-9.80797,53.39849],[-9.80856,53.3985],[-9.80834,53.39877],[-9.8077,53.39892],[-9.80601,53.39872],[-9.80567,53.39829]],[[-10.10451,53.39434],[-10.10529,53.39409],[-10.10558,53.39434],[-10.10487,53.39451],[-10.10451,53.39434]],[[-10.06613,53.39516],[-10.06688,53.39454],[-10.06825,53.39491],[-10.06813,53.3954],[-10.06771,53.39528],[-10.06613,53.39516]],[[-10.06846,53.39552],[-10.06844,53.39515],[-10.06964,53.39524],[-10.06915,53.39559],[-10.06846,53.39552]],[[-10.05102,53.39576],[-10.05262,53.39573],[-10.05289,53.39613],[-10.05195,53.39614],[-10.05102,53.39576]],[[-9.79742,53.40084],[-9.79861,53.4],[-9.79812,53.40075],[-9.79742,53.40084]],[[-10.1065,53.39663],[-10.10671,53.39626],[-10.10693,53.39647],[-10.1065,53.39663]],[[-10.08748,53.39674],[-10.08821,53.39619],[-10.08865,53.39623],[-10.08881,53.39665],[-10.08755,53.39741],[-10.08748,53.39674]],[[-10.12545,53.39731],[-10.12461,53.39705],[-10.1235,53.39716],[-10.12306,53.39579],[-10.12198,53.3947],[-10.12288,53.39375],[-10.12412,53.39323],[-10.12422,53.3927],[-10.12558,53.39298],[-10.12762,53.39261],[-10.12798,53.39274],[-10.12725,53.39331],[-10.12544,53.39372],[-10.12557,53.39424],[-10.12485,53.3946],[-10.12613,53.39487],[-10.12594,53.3957],[-10.12462,53.39496],[-10.12525,53.39561],[-10.12532,53.39647],[-10.1263,53.39681],[-10.12545,53.39731]],[[-9.80401,53.40276],[-9.80475,53.40246],[-9.80426,53.40289],[-9.80401,53.40276]],[[-10.21402,53.39531],[-10.21549,53.39468],[-10.21506,53.39518],[-10.21672,53.39583],[-10.21538,53.39638],[-10.21427,53.39593],[-10.21402,53.39531]],[[-10.03991,53.39937],[-10.04069,53.39933],[-10.04023,53.40002],[-10.03955,53.39972],[-10.03991,53.39937]],[[-10.21296,53.39664],[-10.21418,53.39612],[-10.21348,53.39646],[-10.21411,53.39655],[-10.21338,53.39673],[-10.21352,53.39695],[-10.2128,53.39691],[-10.21296,53.39664]],[[-10.21559,53.39771],[-10.2155,53.39757],[-10.2157,53.39759],[-10.21559,53.39771]],[[-10.2159,53.39733],[-10.21666,53.39713],[-10.21714,53.39736],[-10.21642,53.39751],[-10.21652,53.39789],[-10.21583,53.39793],[-10.2159,53.39733]],[[-10.21463,53.39785],[-10.21533,53.39776],[-10.21537,53.39814],[-10.21463,53.39815],[-10.21463,53.39785]],[[-10.1414,53.39889],[-10.14276,53.39798],[-10.14326,53.39828],[-10.14262,53.39881],[-10.14358,53.39844],[-10.1441,53.39946],[-10.1414,53.39889]],[[-10.10682,53.40013],[-10.10659,53.39977],[-10.10749,53.39999],[-10.10682,53.40013]],[[-10.20688,53.39939],[-10.207,53.39904],[-10.20644,53.39924],[-10.20578,53.39902],[-10.20749,53.39819],[-10.20846,53.39879],[-10.20778,53.39966],[-10.20742,53.39945],[-10.20688,53.39939]],[[-10.09687,53.40141],[-10.09738,53.40105],[-10.09802,53.40133],[-10.09707,53.40189],[-10.09687,53.40141]],[[-10.21078,53.39978],[-10.2102,53.39911],[-10.20985,53.39932],[-10.20933,53.3991],[-10.20989,53.39809],[-10.21072,53.39822],[-10.21076,53.39776],[-10.21148,53.39747],[-10.21216,53.39766],[-10.21202,53.39801],[-10.2126,53.3979],[-10.21297,53.39837],[-10.21349,53.39842],[-10.21365,53.39903],[-10.21274,53.39922],[-10.21312,53.39957],[-10.21237,53.39942],[-10.21254,53.39968],[-10.21141,53.39995],[-10.21095,53.39992],[-10.21119,53.39978],[-10.21078,53.39978]],[[-10.13054,53.40151],[-10.13056,53.40121],[-10.13076,53.40131],[-10.13054,53.40151]],[[-10.22051,53.39902],[-10.22156,53.39899],[-10.22189,53.39971],[-10.22014,53.40004],[-10.22003,53.39974],[-10.2203,53.39964],[-10.21988,53.39944],[-10.22051,53.39902]],[[-10.04257,53.4028],[-10.04271,53.4024],[-10.0419,53.40236],[-10.04171,53.40193],[-10.0421,53.40152],[-10.04263,53.40175],[-10.04225,53.40146],[-10.04277,53.40128],[-10.04196,53.4012],[-10.04157,53.40145],[-10.04106,53.40098],[-10.04077,53.40121],[-10.03979,53.40096],[-10.04054,53.40008],[-10.04117,53.39978],[-10.04161,53.39993],[-10.04189,53.39836],[-10.04255,53.39834],[-10.04256,53.39793],[-10.04459,53.39905],[-10.04382,53.40009],[-10.04293,53.40011],[-10.04307,53.4007],[-10.04387,53.40061],[-10.04352,53.40099],[-10.04426,53.40108],[-10.04414,53.40174],[-10.04605,53.40275],[-10.04575,53.40298],[-10.04441,53.40244],[-10.04418,53.40262],[-10.04505,53.40323],[-10.0432,53.40312],[-10.04257,53.4028]],[[-9.91328,53.40468],[-9.91387,53.40447],[-9.91378,53.40549],[-9.91345,53.4055],[-9.91328,53.40468]],[[-10.23655,53.39943],[-10.23645,53.39877],[-10.23771,53.39912],[-10.23848,53.40003],[-10.23655,53.39943]],[[-9.78976,53.40679],[-9.79052,53.40677],[-9.78946,53.40767],[-9.78897,53.40701],[-9.78976,53.40679]],[[-10.23955,53.40033],[-10.23816,53.39909],[-10.23904,53.39917],[-10.23905,53.39968],[-10.23942,53.39939],[-10.24039,53.40005],[-10.24021,53.40046],[-10.23955,53.40033]],[[-9.8356,53.40751],[-9.83537,53.4066],[-9.83586,53.40665],[-9.8356,53.40751]],[[-10.09424,53.40265],[-10.09395,53.40164],[-10.09421,53.40138],[-10.09585,53.40117],[-10.09637,53.40182],[-10.09588,53.4027],[-10.09628,53.40273],[-10.09566,53.40297],[-10.09483,53.40226],[-10.09528,53.4031],[-10.09411,53.40325],[-10.09465,53.4028],[-10.09424,53.40265]],[[-10.23467,53.40076],[-10.23312,53.40026],[-10.23302,53.39956],[-10.23295,53.40002],[-10.23225,53.39959],[-10.23238,53.39986],[-10.23191,53.39973],[-10.23263,53.40012],[-10.23243,53.40034],[-10.23146,53.40037],[-10.23084,53.4],[-10.22861,53.40003],[-10.22821,53.39976],[-10.22786,53.40001],[-10.2268,53.39992],[-10.22546,53.39921],[-10.22802,53.39912],[-10.22722,53.39869],[-10.22847,53.39878],[-10.22736,53.39835],[-10.22722,53.39757],[-10.22746,53.39769],[-10.22873,53.39693],[-10.22967,53.39716],[-10.22935,53.397],[-10.22994,53.39696],[-10.22974,53.39675],[-10.23051,53.39681],[-10.23264,53.39762],[-10.23282,53.39844],[-10.23447,53.39848],[-10.23632,53.40017],[-10.2356,53.40011],[-10.23632,53.40042],[-10.23579,53.40057],[-10.23538,53.4],[-10.23477,53.39987],[-10.23504,53.40049],[-10.23345,53.40028],[-10.23467,53.40076]],[[-10.20641,53.40149],[-10.20728,53.40146],[-10.20651,53.40176],[-10.20641,53.40149]],[[-10.22219,53.40154],[-10.22359,53.40142],[-10.22279,53.40161],[-10.22219,53.40154]],[[-10.20677,53.40186],[-10.20833,53.40141],[-10.20852,53.40186],[-10.20801,53.40207],[-10.20677,53.40186]],[[-10.22236,53.40187],[-10.22385,53.40164],[-10.22348,53.40195],[-10.22298,53.40187],[-10.22236,53.40187]],[[-10.21299,53.40246],[-10.2132,53.40217],[-10.21259,53.40244],[-10.21246,53.40224],[-10.21321,53.40179],[-10.21467,53.40179],[-10.21346,53.40202],[-10.21423,53.40216],[-10.21358,53.40253],[-10.21299,53.40246]],[[-10.13586,53.40413],[-10.1358,53.40284],[-10.13615,53.40232],[-10.13762,53.40285],[-10.13706,53.40206],[-10.13788,53.40178],[-10.13737,53.40156],[-10.13768,53.40135],[-10.13719,53.40103],[-10.13707,53.40138],[-10.13666,53.40118],[-10.13626,53.40135],[-10.13605,53.40105],[-10.13634,53.40152],[-10.13689,53.40142],[-10.13654,53.40195],[-10.13495,53.40059],[-10.13651,53.40062],[-10.13691,53.40028],[-10.13697,53.4007],[-10.13769,53.4007],[-10.13808,53.40046],[-10.13898,53.40055],[-10.1392,53.40021],[-10.13992,53.40052],[-10.14004,53.40026],[-10.14056,53.4011],[-10.13995,53.40079],[-10.14022,53.40124],[-10.13941,53.40147],[-10.1396,53.40178],[-10.13879,53.40182],[-10.13879,53.40222],[-10.13805,53.40224],[-10.1384,53.40256],[-10.13797,53.40289],[-10.13845,53.40307],[-10.13863,53.40378],[-10.13796,53.40349],[-10.13826,53.40399],[-10.13739,53.40387],[-10.13686,53.40421],[-10.13586,53.40413]],[[-10.20292,53.40307],[-10.2027,53.40259],[-10.2017,53.40312],[-10.2013,53.40301],[-10.20203,53.40285],[-10.20096,53.40277],[-10.20145,53.40239],[-10.20221,53.40237],[-10.20205,53.40196],[-10.20296,53.40168],[-10.20267,53.40144],[-10.2036,53.40147],[-10.20432,53.40116],[-10.20366,53.40102],[-10.20431,53.40088],[-10.204,53.39994],[-10.20596,53.39924],[-10.20761,53.39971],[-10.20689,53.40063],[-10.2046,53.40109],[-10.20539,53.40109],[-10.20551,53.40164],[-10.20488,53.4019],[-10.2054,53.40207],[-10.20425,53.40248],[-10.20369,53.40305],[-10.20246,53.40313],[-10.20292,53.40307]],[[-10.20767,53.40354],[-10.20812,53.40329],[-10.20755,53.40334],[-10.20808,53.40299],[-10.21016,53.40294],[-10.21001,53.40357],[-10.20839,53.40382],[-10.20801,53.40361],[-10.20767,53.40354]],[[-10.20177,53.40388],[-10.20266,53.40356],[-10.20315,53.40378],[-10.20189,53.40408],[-10.20177,53.40388]],[[-10.05918,53.40664],[-10.05851,53.40613],[-10.05902,53.40613],[-10.05874,53.40579],[-10.0592,53.40528],[-10.05969,53.40558],[-10.05933,53.40629],[-10.05975,53.40659],[-10.05946,53.40692],[-10.05918,53.40664]],[[-9.91423,53.40923],[-9.91562,53.40918],[-9.91562,53.40975],[-9.91477,53.4099],[-9.91423,53.40923]],[[-10.1741,53.40651],[-10.17457,53.40627],[-10.17392,53.40628],[-10.17447,53.40581],[-10.175,53.40609],[-10.17475,53.40625],[-10.17528,53.4062],[-10.17444,53.40667],[-10.1741,53.40651]],[[-10.08793,53.4081],[-10.08711,53.40757],[-10.0886,53.40785],[-10.08827,53.40825],[-10.08793,53.4081]],[[-10.18433,53.40661],[-10.18495,53.40613],[-10.18557,53.40616],[-10.18433,53.40661]],[[-10.1569,53.40689],[-10.15756,53.40675],[-10.15779,53.40713],[-10.1571,53.40705],[-10.1569,53.40689]],[[-10.1912,53.40656],[-10.19141,53.40647],[-10.19151,53.40659],[-10.1912,53.40656]],[[-10.18974,53.40671],[-10.19001,53.40623],[-10.19108,53.40623],[-10.1901,53.40682],[-10.18974,53.40671]],[[-10.1938,53.40678],[-10.19435,53.40675],[-10.19415,53.4068],[-10.1938,53.40678]],[[-10.15906,53.40716],[-10.1592,53.40605],[-10.1595,53.40748],[-10.15912,53.40748],[-10.15862,53.40732],[-10.15906,53.40716]],[[-10.15778,53.40764],[-10.15721,53.40732],[-10.15776,53.4074],[-10.15784,53.4071],[-10.15844,53.40702],[-10.15778,53.40764]],[[-10.19063,53.40681],[-10.19147,53.40672],[-10.19103,53.40707],[-10.19063,53.40681]],[[-10.15831,53.40778],[-10.15825,53.40767],[-10.15834,53.40769],[-10.15831,53.40778]],[[-10.19311,53.4074],[-10.19373,53.40688],[-10.19435,53.4069],[-10.19311,53.4074]],[[-10.1945,53.40737],[-10.19543,53.40718],[-10.19488,53.40742],[-10.1945,53.40737]],[[-10.15786,53.40797],[-10.15838,53.40792],[-10.15827,53.40809],[-10.15786,53.40797]],[[-10.19378,53.40745],[-10.19432,53.4074],[-10.19368,53.40763],[-10.19378,53.40745]],[[-10.18471,53.40796],[-10.18354,53.40694],[-10.18594,53.40692],[-10.1862,53.40662],[-10.18621,53.40682],[-10.18791,53.40666],[-10.1879,53.40696],[-10.189,53.40672],[-10.18919,53.4071],[-10.18834,53.40772],[-10.18918,53.40756],[-10.1892,53.40789],[-10.18823,53.40783],[-10.18731,53.40865],[-10.18642,53.40873],[-10.18405,53.40867],[-10.18471,53.40796]],[[-10.10616,53.40956],[-10.10457,53.40856],[-10.1049,53.40784],[-10.10509,53.40829],[-10.10646,53.40903],[-10.10732,53.40876],[-10.10813,53.4089],[-10.10799,53.40846],[-10.10926,53.40822],[-10.10927,53.40867],[-10.10819,53.4091],[-10.10831,53.4095],[-10.10739,53.40969],[-10.10743,53.41041],[-10.10616,53.40956]],[[-10.19044,53.40867],[-10.19159,53.40783],[-10.19356,53.40748],[-10.19331,53.40786],[-10.19363,53.40766],[-10.19478,53.40795],[-10.19214,53.40945],[-10.19122,53.40949],[-10.19056,53.40918],[-10.19083,53.40868],[-10.19044,53.40867]],[[-9.81262,53.41618],[-9.81214,53.41615],[-9.8116,53.41619],[-9.81116,53.41579],[-9.81235,53.41582],[-9.81262,53.41618]],[[-10.19049,53.41044],[-10.19101,53.41007],[-10.19144,53.41011],[-10.19049,53.41044]],[[-9.90243,53.41642],[-9.90155,53.41636],[-9.89937,53.41588],[-9.89892,53.41562],[-9.89814,53.41542],[-9.89733,53.41618],[-9.8981,53.41515],[-9.89897,53.41416],[-9.89812,53.41367],[-9.89738,53.41293],[-9.89793,53.41197],[-9.89843,53.41146],[-9.8983,53.41056],[-9.89671,53.41082],[-9.89568,53.41069],[-9.89501,53.4109],[-9.89514,53.41041],[-9.89651,53.40959],[-9.89746,53.40846],[-9.89537,53.40695],[-9.89721,53.40594],[-9.89593,53.40544],[-9.89935,53.40483],[-9.90014,53.40503],[-9.90173,53.40456],[-9.90275,53.40407],[-9.90382,53.4036],[-9.90647,53.40308],[-9.90487,53.4025],[-9.90367,53.40269],[-9.90107,53.4035],[-9.89992,53.40315],[-9.8977,53.4034],[-9.89647,53.40237],[-9.89496,53.40181],[-9.89173,53.40088],[-9.89105,53.40022],[-9.89024,53.39961],[-9.89013,53.39914],[-9.89033,53.3981],[-9.89002,53.39689],[-9.88744,53.39575],[-9.88718,53.39495],[-9.8865,53.39456],[-9.88719,53.39289],[-9.89417,53.39183],[-9.89727,53.39202],[-9.89922,53.39235],[-9.90077,53.3932],[-9.9006,53.39297],[-9.90077,53.39227],[-9.90154,53.39216],[-9.90188,53.39138],[-9.90223,53.39028],[-9.90217,53.39018],[-9.90009,53.389],[-9.89834,53.38787],[-9.89812,53.38733],[-9.89584,53.38669],[-9.89422,53.38595],[-9.89264,53.38514],[-9.89153,53.38413],[-9.89192,53.38367],[-9.88908,53.38192],[-9.88863,53.38119],[-9.88937,53.38009],[-9.89042,53.37838],[-9.89388,53.37582],[-9.89598,53.37539],[-9.90377,53.37742],[-9.90549,53.37891],[-9.90635,53.37787],[-9.90715,53.37875],[-9.90832,53.37985],[-9.90723,53.38076],[-9.90632,53.38221],[-9.90331,53.38424],[-9.9052,53.38669],[-9.90341,53.38717],[-9.90347,53.38872],[-9.90391,53.38955],[-9.90598,53.39059],[-9.90521,53.39185],[-9.90294,53.39282],[-9.90258,53.39315],[-9.90274,53.39392],[-9.90414,53.39426],[-9.90688,53.39402],[-9.90602,53.39512],[-9.90673,53.39662],[-9.90672,53.39762],[-9.9061,53.39772],[-9.90855,53.39925],[-9.90818,53.40058],[-9.90549,53.40177],[-9.90969,53.40259],[-9.90779,53.4035],[-9.90775,53.40442],[-9.90676,53.40486],[-9.90781,53.40537],[-9.90747,53.40577],[-9.90622,53.4075],[-9.90679,53.40786],[-9.90808,53.40843],[-9.9088,53.40889],[-9.91073,53.40906],[-9.91051,53.41015],[-9.90925,53.41048],[-9.9079,53.41078],[-9.90536,53.41064],[-9.90611,53.41185],[-9.90752,53.41307],[-9.90834,53.414],[-9.90913,53.41461],[-9.90892,53.41508],[-9.90768,53.41535],[-9.90711,53.41595],[-9.90615,53.41564],[-9.90243,53.41642]],[[-10.06672,53.41773],[-10.06684,53.41699],[-10.06791,53.41783],[-10.06746,53.41826],[-10.06672,53.41773]],[[-10.19183,53.41689],[-10.19276,53.41684],[-10.19206,53.41693],[-10.19254,53.41733],[-10.19142,53.41742],[-10.19183,53.41689]],[[-10.20371,53.41952],[-10.20357,53.41939],[-10.20382,53.41949],[-10.20371,53.41952]],[[-10.20206,53.41979],[-10.2025,53.41961],[-10.20281,53.41962],[-10.20206,53.41979]],[[-10.20287,53.41983],[-10.2029,53.41968],[-10.20308,53.41969],[-10.20287,53.41983]],[[-10.20537,53.42008],[-10.20585,53.4198],[-10.20611,53.41991],[-10.20537,53.42008]],[[-10.20505,53.4202],[-10.20626,53.42004],[-10.20515,53.42044],[-10.20505,53.4202]],[[-10.17622,53.42204],[-10.17872,53.42138],[-10.1785,53.42159],[-10.17899,53.42154],[-10.17801,53.42211],[-10.17813,53.42193],[-10.17614,53.4223],[-10.17622,53.42204]],[[-10.18265,53.42348],[-10.18404,53.42302],[-10.18358,53.42349],[-10.18265,53.42348]],[[-10.18363,53.42392],[-10.18468,53.42342],[-10.1849,53.42371],[-10.18452,53.42356],[-10.18464,53.4238],[-10.18363,53.42392]],[[-10.17948,53.42414],[-10.17962,53.42413],[-10.17938,53.42432],[-10.17948,53.42414]],[[-10.17658,53.4241],[-10.17825,53.42386],[-10.17703,53.42446],[-10.17615,53.42449],[-10.17594,53.42433],[-10.17658,53.4241]],[[-10.17788,53.42485],[-10.17763,53.4246],[-10.17658,53.42478],[-10.17794,53.42423],[-10.17926,53.42428],[-10.17788,53.42485]],[[-10.17792,53.42489],[-10.17966,53.42445],[-10.17786,53.42509],[-10.17792,53.42489]],[[-10.17729,53.42681],[-10.17837,53.42679],[-10.17778,53.42721],[-10.17665,53.42722],[-10.17729,53.42681]],[[-10.17037,53.43575],[-10.17003,53.43547],[-10.16905,53.43573],[-10.16854,53.43531],[-10.16826,53.43501],[-10.16891,53.43449],[-10.1704,53.43445],[-10.17052,53.43475],[-10.1711,53.43481],[-10.17177,53.43365],[-10.17248,53.43317],[-10.17328,53.43332],[-10.17295,53.43288],[-10.17392,53.43265],[-10.17402,53.43297],[-10.17715,53.43162],[-10.17836,53.43213],[-10.17747,53.43333],[-10.17559,53.43423],[-10.17468,53.43414],[-10.17184,53.43551],[-10.17037,53.43575]],[[-10.16411,53.43875],[-10.16447,53.43826],[-10.16374,53.43838],[-10.16463,53.43781],[-10.16434,53.43769],[-10.16373,53.43783],[-10.16375,53.4381],[-10.16303,53.43816],[-10.16298,53.43781],[-10.16239,53.43811],[-10.16236,53.43786],[-10.16367,53.43703],[-10.16528,53.43686],[-10.16612,53.43629],[-10.16666,53.43646],[-10.166,53.43687],[-10.16728,53.43669],[-10.16596,53.43826],[-10.16501,53.43869],[-10.16466,53.43823],[-10.16411,53.43875]],[[-10.17313,53.43912],[-10.1732,53.4388],[-10.17259,53.43894],[-10.17241,53.43857],[-10.171,53.43886],[-10.17062,53.43797],[-10.17102,53.43714],[-10.17276,53.43687],[-10.17446,53.43704],[-10.17461,53.43764],[-10.17649,53.43786],[-10.17542,53.43876],[-10.17376,53.43929],[-10.17313,53.43912]],[[-10.16332,53.44087],[-10.16466,53.43987],[-10.16564,53.4402],[-10.16548,53.44055],[-10.16607,53.43989],[-10.16645,53.44022],[-10.16729,53.43992],[-10.16694,53.44045],[-10.1673,53.44059],[-10.1641,53.44133],[-10.16389,53.44087],[-10.16332,53.44087]],[[-10.16122,53.44439],[-10.16147,53.4441],[-10.15974,53.44423],[-10.16008,53.44374],[-10.16232,53.44215],[-10.16355,53.44205],[-10.16381,53.44229],[-10.16295,53.44302],[-10.16427,53.44332],[-10.16412,53.44384],[-10.16213,53.44446],[-10.16224,53.44398],[-10.16119,53.44462],[-10.16122,53.44439]],[[-10.15446,53.44561],[-10.15454,53.44539],[-10.15387,53.44548],[-10.154,53.44527],[-10.15266,53.445],[-10.15278,53.44424],[-10.15202,53.44432],[-10.15283,53.44365],[-10.15383,53.44355],[-10.15512,53.44273],[-10.16016,53.44261],[-10.15944,53.4434],[-10.16064,53.44282],[-10.15767,53.445],[-10.1563,53.44492],[-10.15446,53.44561]],[[-10.14757,53.50366],[-10.14702,53.50315],[-10.14408,53.50296],[-10.14374,53.5025],[-10.14319,53.50242],[-10.14353,53.50207],[-10.1431,53.50179],[-10.14049,53.5019],[-10.13776,53.50137],[-10.1361,53.50023],[-10.13621,53.4994],[-10.13576,53.49904],[-10.13613,53.49883],[-10.13628,53.49916],[-10.13714,53.49897],[-10.13772,53.49939],[-10.13887,53.49905],[-10.13963,53.49943],[-10.14025,53.49928],[-10.14129,53.50046],[-10.14337,53.50061],[-10.14526,53.49994],[-10.14688,53.49832],[-10.14812,53.4989],[-10.14875,53.49829],[-10.1494,53.49818],[-10.15178,53.49812],[-10.15306,53.49843],[-10.15629,53.49808],[-10.15673,53.49831],[-10.15871,53.49797],[-10.15899,53.4982],[-10.15787,53.49827],[-10.15981,53.49858],[-10.16003,53.49912],[-10.1592,53.49932],[-10.15884,53.4999],[-10.15914,53.50023],[-10.15871,53.50033],[-10.15966,53.50148],[-10.15896,53.50218],[-10.15558,53.50276],[-10.15298,53.50281],[-10.15267,53.50329],[-10.15147,53.50312],[-10.1518,53.50354],[-10.15014,53.5036],[-10.1489,53.50344],[-10.14757,53.50366]],[[-10.06591,53.50901],[-10.06692,53.50883],[-10.06834,53.50903],[-10.06967,53.51019],[-10.06954,53.51069],[-10.06806,53.51087],[-10.06431,53.50972],[-10.06425,53.50942],[-10.06591,53.50901]],[[-10.15028,53.51494],[-10.15018,53.51407],[-10.14956,53.51362],[-10.14791,53.51357],[-10.14688,53.51397],[-10.14614,53.51364],[-10.14571,53.51307],[-10.14451,53.51264],[-10.14448,53.51145],[-10.14661,53.51087],[-10.14833,53.50963],[-10.15059,53.50943],[-10.15218,53.50781],[-10.15127,53.50776],[-10.15162,53.50752],[-10.15087,53.50727],[-10.15118,53.50706],[-10.15322,53.5067],[-10.1536,53.50685],[-10.15308,53.50718],[-10.15507,53.507],[-10.15684,53.50739],[-10.15735,53.50687],[-10.15844,53.50696],[-10.15885,53.50728],[-10.15956,53.50702],[-10.16041,53.50803],[-10.15966,53.5086],[-10.15731,53.50888],[-10.15774,53.50988],[-10.15712,53.51059],[-10.15767,53.51138],[-10.15702,53.51189],[-10.15953,53.51351],[-10.15866,53.51338],[-10.15717,53.51439],[-10.15628,53.51374],[-10.15674,53.51426],[-10.15608,53.5142],[-10.15525,53.51449],[-10.15551,53.51465],[-10.1516,53.51533],[-10.15028,53.51494]],[[-10.22298,53.52662],[-10.22199,53.52638],[-10.22187,53.52663],[-10.22082,53.52656],[-10.21954,53.52577],[-10.2167,53.52645],[-10.2129,53.52633],[-10.2111,53.52573],[-10.21105,53.52526],[-10.209,53.52481],[-10.20856,53.52391],[-10.20911,53.52362],[-10.21019,53.52381],[-10.21009,53.52356],[-10.21154,53.52327],[-10.21318,53.52353],[-10.21166,53.52303],[-10.21213,53.52287],[-10.21238,53.52317],[-10.21369,53.52331],[-10.21518,53.52245],[-10.21681,53.52281],[-10.21618,53.52242],[-10.21735,53.52246],[-10.21759,53.52266],[-10.21706,53.5229],[-10.21966,53.52242],[-10.22065,53.5227],[-10.22028,53.52231],[-10.22093,53.5222],[-10.22332,53.52257],[-10.22306,53.52273],[-10.22379,53.52265],[-10.22317,53.52295],[-10.22508,53.52261],[-10.22461,53.52283],[-10.2255,53.52305],[-10.224,53.52349],[-10.22482,53.5235],[-10.22414,53.52375],[-10.22686,53.52351],[-10.2266,53.52381],[-10.2274,53.52362],[-10.22729,53.52394],[-10.22648,53.52462],[-10.22386,53.52496],[-10.22486,53.52519],[-10.2245,53.52532],[-10.22499,53.52595],[-10.2247,53.52612],[-10.22299,53.52587],[-10.22152,53.52602],[-10.22349,53.52661],[-10.22332,53.52682],[-10.22298,53.52662]],[[-10.20058,53.52752],[-10.20096,53.52742],[-10.20103,53.52756],[-10.20058,53.52752]],[[-10.18855,53.53037],[-10.1884,53.53006],[-10.18883,53.53026],[-10.18855,53.53037]],[[-10.18292,53.53552],[-10.18309,53.53494],[-10.18426,53.53449],[-10.18405,53.53432],[-10.18559,53.5344],[-10.18552,53.5348],[-10.18463,53.53505],[-10.18468,53.53547],[-10.18384,53.53529],[-10.18292,53.53552]],[[-10.16342,53.53873],[-10.1632,53.53841],[-10.16118,53.53875],[-10.16084,53.53834],[-10.15971,53.53811],[-10.15965,53.5378],[-10.1538,53.53705],[-10.15293,53.53476],[-10.15105,53.53294],[-10.15128,53.53218],[-10.14993,53.52972],[-10.15031,53.52835],[-10.14891,53.52723],[-10.14919,53.52642],[-10.15047,53.52584],[-10.15285,53.52668],[-10.15415,53.52625],[-10.1542,53.52576],[-10.15502,53.52545],[-10.15515,53.52503],[-10.15665,53.52488],[-10.15815,53.52413],[-10.15935,53.52422],[-10.16055,53.52353],[-10.16083,53.52379],[-10.16416,53.52353],[-10.16586,53.52284],[-10.16783,53.5232],[-10.17011,53.52309],[-10.17126,53.52361],[-10.17158,53.5243],[-10.17332,53.52533],[-10.17399,53.52617],[-10.17374,53.5267],[-10.17204,53.52688],[-10.17157,53.52725],[-10.17135,53.52689],[-10.16875,53.5276],[-10.16798,53.52765],[-10.16756,53.52726],[-10.16674,53.52737],[-10.16576,53.52792],[-10.16555,53.52941],[-10.16925,53.5302],[-10.17079,53.5296],[-10.17298,53.52996],[-10.17403,53.53065],[-10.17413,53.53131],[-10.17651,53.53387],[-10.17925,53.53451],[-10.18057,53.53447],[-10.18142,53.53485],[-10.18161,53.53538],[-10.18095,53.53604],[-10.17863,53.53575],[-10.17787,53.53608],[-10.17618,53.53606],[-10.17584,53.53642],[-10.17494,53.53618],[-10.17258,53.53631],[-10.17027,53.53684],[-10.16941,53.5363],[-10.16721,53.53652],[-10.16658,53.53665],[-10.16647,53.53737],[-10.16523,53.53702],[-10.16342,53.53873]],[[-10.26856,53.54136],[-10.26828,53.54078],[-10.26868,53.54085],[-10.26856,53.54136]],[[-10.26466,53.54133],[-10.26612,53.54008],[-10.26664,53.54033],[-10.26662,53.541],[-10.26508,53.54189],[-10.26466,53.54133]],[[-10.21182,53.54371],[-10.21311,53.54275],[-10.21273,53.54319],[-10.21413,53.54277],[-10.21497,53.54358],[-10.21449,53.54425],[-10.21396,53.54422],[-10.21315,53.54405],[-10.21324,53.5437],[-10.21182,53.54371]],[[-10.25519,53.54952],[-10.25511,53.54929],[-10.25453,53.54935],[-10.25477,53.54804],[-10.25413,53.54778],[-10.25306,53.54853],[-10.25348,53.54791],[-10.25304,53.54747],[-10.25232,53.54836],[-10.24888,53.54946],[-10.24779,53.54881],[-10.24745,53.54741],[-10.24829,53.54698],[-10.24978,53.54711],[-10.25077,53.54671],[-10.25153,53.54691],[-10.25128,53.54671],[-10.2521,53.54623],[-10.25253,53.54706],[-10.25244,53.54635],[-10.25286,53.54604],[-10.25311,53.54695],[-10.25466,53.54529],[-10.25594,53.54577],[-10.25608,53.54547],[-10.25537,53.54493],[-10.2562,53.54409],[-10.25635,53.54455],[-10.25702,53.54404],[-10.25833,53.54223],[-10.25866,53.54259],[-10.26017,53.54283],[-10.25919,53.54231],[-10.25929,53.54201],[-10.26055,53.54172],[-10.26227,53.54191],[-10.26365,53.54292],[-10.26389,53.54375],[-10.26289,53.54406],[-10.26159,53.54343],[-10.26327,53.54483],[-10.26265,53.54538],[-10.26143,53.54531],[-10.26098,53.54559],[-10.26155,53.54579],[-10.26126,53.54633],[-10.26176,53.54664],[-10.26162,53.54703],[-10.26068,53.54786],[-10.2598,53.5474],[-10.25957,53.54762],[-10.25908,53.5474],[-10.25826,53.54751],[-10.25781,53.54786],[-10.25809,53.54813],[-10.25671,53.54874],[-10.25725,53.54878],[-10.25684,53.54984],[-10.25663,53.54946],[-10.25526,53.54997],[-10.25469,53.54984],[-10.25519,53.54952]],[[-10.2276,53.54952],[-10.22834,53.54875],[-10.22845,53.54758],[-10.22918,53.5476],[-10.22929,53.54729],[-10.2301,53.54708],[-10.23019,53.54777],[-10.23067,53.54738],[-10.23086,53.54791],[-10.2313,53.5475],[-10.23175,53.54804],[-10.23189,53.54728],[-10.2323,53.54757],[-10.23254,53.54743],[-10.23276,53.54804],[-10.23294,53.5476],[-10.23414,53.54757],[-10.23432,53.54807],[-10.23372,53.54861],[-10.23378,53.54926],[-10.23411,53.54878],[-10.23442,53.54893],[-10.2341,53.54908],[-10.23434,53.54951],[-10.23409,53.54977],[-10.23344,53.54965],[-10.23369,53.55001],[-10.23326,53.55004],[-10.23275,53.54953],[-10.23272,53.5498],[-10.23253,53.54895],[-10.23235,53.5495],[-10.23102,53.54976],[-10.23083,53.55022],[-10.22844,53.55058],[-10.2276,53.54952]],[[-10.22694,53.55124],[-10.22802,53.55071],[-10.22859,53.5509],[-10.22837,53.55117],[-10.22971,53.55154],[-10.22908,53.55162],[-10.22963,53.55183],[-10.2279,53.55273],[-10.22693,53.55265],[-10.22662,53.55206],[-10.22694,53.55124]],[[-10.21458,53.55525],[-10.21456,53.55494],[-10.21482,53.55502],[-10.21458,53.55525]],[[-10.18642,53.55736],[-10.18715,53.55725],[-10.18628,53.55762],[-10.18642,53.55736]],[[-9.97696,53.5625],[-9.97784,53.56215],[-9.9788,53.56252],[-9.97766,53.56248],[-9.97793,53.56286],[-9.97753,53.56267],[-9.97696,53.5625]],[[-9.98884,53.56714],[-9.98837,53.56705],[-9.98903,53.5671],[-9.98884,53.56714]],[[-9.99356,53.56726],[-9.9923,53.56682],[-9.98954,53.56688],[-9.98935,53.56661],[-9.98767,53.56637],[-9.98648,53.5655],[-9.9865,53.56476],[-9.98826,53.56462],[-9.98793,53.56423],[-9.98904,53.56389],[-9.99065,53.56399],[-9.99198,53.56461],[-9.9937,53.56444],[-9.99373,53.56481],[-9.99499,53.56517],[-9.99508,53.56563],[-9.99582,53.56587],[-9.99676,53.56685],[-9.99596,53.56667],[-9.99356,53.56726]],[[-9.97528,53.57043],[-9.97706,53.56931],[-9.978,53.56958],[-9.97747,53.56994],[-9.97741,53.57096],[-9.97716,53.57078],[-9.97701,53.57051],[-9.97528,53.57043]],[[-10.16484,53.56839],[-10.16474,53.56791],[-10.1653,53.56773],[-10.16566,53.56809],[-10.16718,53.56769],[-10.16775,53.56782],[-10.16688,53.56844],[-10.16639,53.56839],[-10.16484,53.56839]],[[-10.15704,53.56919],[-10.15765,53.56913],[-10.15955,53.56953],[-10.15829,53.57019],[-10.15709,53.56942],[-10.15704,53.56919]],[[-10.04946,53.57493],[-10.05152,53.57473],[-10.05344,53.57559],[-10.05264,53.5756],[-10.05037,53.57548],[-10.04946,53.57493]],[[-10.04737,53.58003],[-10.04348,53.57972],[-10.0427,53.57948],[-10.04255,53.57892],[-10.04207,53.57939],[-10.03948,53.57844],[-10.0386,53.57749],[-10.03884,53.57646],[-10.03929,53.57614],[-10.03991,53.57622],[-10.04027,53.57524],[-10.04248,53.57614],[-10.04411,53.57564],[-10.04606,53.57595],[-10.04835,53.57694],[-10.04896,53.57745],[-10.04692,53.57739],[-10.04663,53.57713],[-10.0451,53.57731],[-10.04807,53.57996],[-10.047,53.57975],[-10.04787,53.58006],[-10.04737,53.58003]],[[-10.04738,53.57768],[-10.04852,53.57765],[-10.05036,53.57824],[-10.05083,53.5789],[-10.05026,53.5793],[-10.05124,53.57981],[-10.05109,53.58017],[-10.04852,53.57947],[-10.04865,53.57904],[-10.04756,53.57877],[-10.04725,53.5784],[-10.04738,53.57768]],[[-10.04652,53.58687],[-10.04532,53.58641],[-10.0462,53.58645],[-10.04601,53.58662],[-10.04678,53.58675],[-10.04652,53.58687]],[[-10.04089,53.58835],[-10.04054,53.58801],[-10.04045,53.58826],[-10.03953,53.58829],[-10.03843,53.5875],[-10.03808,53.58757],[-10.03764,53.58725],[-10.03793,53.58674],[-10.03859,53.58706],[-10.03991,53.5869],[-10.04156,53.58713],[-10.04235,53.58788],[-10.04089,53.58835]],[[-10.27557,53.59412],[-10.27507,53.59368],[-10.27549,53.59401],[-10.27538,53.59377],[-10.27554,53.59349],[-10.27717,53.59364],[-10.27628,53.59367],[-10.27622,53.59412],[-10.27581,53.5937],[-10.27559,53.59371],[-10.2755,53.59381],[-10.27593,53.59418],[-10.27588,53.59448],[-10.27557,53.59412]],[[-10.27058,53.5944],[-10.27191,53.59416],[-10.27177,53.59476],[-10.2708,53.59521],[-10.27029,53.59499],[-10.27058,53.5944]],[[-10.0492,53.60154],[-10.04914,53.60103],[-10.05028,53.60131],[-10.04982,53.60154],[-10.05026,53.60197],[-10.04991,53.60198],[-10.0492,53.60154]],[[-10.26191,53.59836],[-10.2602,53.59655],[-10.26154,53.59611],[-10.26197,53.59563],[-10.26186,53.59451],[-10.26264,53.59455],[-10.2636,53.59364],[-10.26495,53.59421],[-10.26505,53.59378],[-10.26586,53.59378],[-10.26595,53.59415],[-10.26522,53.59452],[-10.26439,53.59424],[-10.26434,53.59462],[-10.26315,53.59456],[-10.26291,53.59544],[-10.26384,53.59563],[-10.26443,53.59668],[-10.26545,53.59701],[-10.26566,53.59675],[-10.26616,53.59721],[-10.26605,53.59692],[-10.26687,53.59702],[-10.26675,53.59786],[-10.26532,53.59849],[-10.26388,53.59817],[-10.26324,53.59854],[-10.26191,53.59836]],[[-9.9275,53.61085],[-9.92741,53.6108],[-9.92752,53.6108],[-9.9275,53.61085]],[[-9.9267,53.61092],[-9.92663,53.61087],[-9.92683,53.6109],[-9.9267,53.61092]],[[-9.92418,53.61094],[-9.92411,53.61082],[-9.92453,53.61097],[-9.92418,53.61094]],[[-9.92424,53.6112],[-9.92381,53.61105],[-9.92459,53.61112],[-9.92424,53.6112]],[[-9.92511,53.61116],[-9.92529,53.61113],[-9.92532,53.61121],[-9.92511,53.61116]],[[-9.92579,53.61112],[-9.92631,53.61107],[-9.92641,53.6114],[-9.92563,53.61131],[-9.92579,53.61112]],[[-10.24768,53.60666],[-10.24676,53.60579],[-10.24535,53.60578],[-10.24511,53.60542],[-10.24595,53.60535],[-10.2459,53.6049],[-10.24552,53.6051],[-10.24523,53.60489],[-10.24547,53.60451],[-10.24587,53.60481],[-10.24601,53.60453],[-10.24708,53.60491],[-10.24667,53.60451],[-10.24733,53.6044],[-10.24671,53.60422],[-10.24703,53.60383],[-10.24773,53.60414],[-10.2489,53.60411],[-10.24863,53.60518],[-10.24906,53.60522],[-10.24959,53.60623],[-10.2493,53.60645],[-10.24861,53.60614],[-10.24897,53.60674],[-10.24863,53.6068],[-10.24768,53.60666]],[[-10.05062,53.61049],[-10.05045,53.60958],[-10.05185,53.60982],[-10.05215,53.61044],[-10.05087,53.61047],[-10.05083,53.61067],[-10.05062,53.61049]],[[-10.06754,53.61025],[-10.06768,53.60997],[-10.06829,53.61012],[-10.06807,53.60985],[-10.0669,53.61013],[-10.06655,53.60981],[-10.06746,53.60962],[-10.0665,53.60956],[-10.06607,53.60913],[-10.06634,53.60993],[-10.06441,53.60977],[-10.06479,53.60946],[-10.0642,53.60951],[-10.06517,53.60914],[-10.06532,53.60861],[-10.06436,53.60849],[-10.06445,53.60822],[-10.06336,53.60827],[-10.06346,53.60913],[-10.06295,53.60898],[-10.06281,53.60941],[-10.0614,53.6092],[-10.06105,53.60887],[-10.0615,53.6086],[-10.0611,53.60817],[-10.06143,53.60712],[-10.06228,53.60699],[-10.06252,53.60726],[-10.06305,53.60683],[-10.06499,53.60771],[-10.06644,53.6074],[-10.0659,53.6071],[-10.06677,53.60717],[-10.06638,53.60765],[-10.06723,53.60716],[-10.06849,53.60758],[-10.06716,53.60796],[-10.06898,53.60807],[-10.06963,53.60873],[-10.06894,53.60885],[-10.07023,53.6093],[-10.06866,53.61044],[-10.06754,53.61025]],[[-10.0531,53.61023],[-10.05427,53.61017],[-10.05519,53.61054],[-10.05463,53.61075],[-10.05419,53.61056],[-10.0531,53.61023]],[[-10.07032,53.6099],[-10.07123,53.6096],[-10.07177,53.61059],[-10.07038,53.61071],[-10.07032,53.6099]],[[-9.92047,53.61348],[-9.92036,53.61342],[-9.92057,53.61345],[-9.92047,53.61348]],[[-9.92076,53.61361],[-9.92098,53.6136],[-9.92086,53.61368],[-9.92076,53.61361]],[[-9.90447,53.61372],[-9.9043,53.61324],[-9.90493,53.61323],[-9.9052,53.61367],[-9.90469,53.614],[-9.90447,53.61372]],[[-9.92463,53.61395],[-9.92341,53.61368],[-9.92479,53.6137],[-9.92502,53.61393],[-9.92463,53.61395]],[[-10.26258,53.60874],[-10.26263,53.60789],[-10.2631,53.60807],[-10.26291,53.60869],[-10.26258,53.60874]],[[-10.26315,53.60912],[-10.26325,53.60869],[-10.26338,53.60898],[-10.26315,53.60912]],[[-10.21984,53.60984],[-10.21935,53.60926],[-10.21853,53.60931],[-10.21892,53.60887],[-10.21932,53.60878],[-10.21958,53.60931],[-10.22081,53.60967],[-10.22008,53.61003],[-10.21984,53.60984]],[[-10.29994,53.60813],[-10.30086,53.60793],[-10.30115,53.60886],[-10.3004,53.60878],[-10.29994,53.60813]],[[-9.88631,53.61636],[-9.88599,53.61623],[-9.88626,53.61625],[-9.88631,53.61636]],[[-10.21098,53.60898],[-10.21003,53.60789],[-10.21032,53.60758],[-10.20969,53.60749],[-10.20973,53.60723],[-10.21136,53.60782],[-10.21065,53.6073],[-10.211,53.6069],[-10.21307,53.60697],[-10.21338,53.60742],[-10.21353,53.60711],[-10.2139,53.60721],[-10.2149,53.60784],[-10.21466,53.60816],[-10.21424,53.60776],[-10.21415,53.608],[-10.21325,53.60767],[-10.21455,53.60834],[-10.21399,53.60825],[-10.21427,53.60857],[-10.21384,53.60882],[-10.21579,53.60851],[-10.21694,53.6088],[-10.21646,53.60909],[-10.2171,53.61012],[-10.2168,53.61073],[-10.21638,53.61061],[-10.21288,53.61011],[-10.21098,53.60898]],[[-10.22779,53.61064],[-10.22749,53.61018],[-10.22788,53.61044],[-10.22779,53.61064]],[[-10.24851,53.61005],[-10.24875,53.60964],[-10.24812,53.60932],[-10.24882,53.60941],[-10.25033,53.60888],[-10.25052,53.60955],[-10.24988,53.60947],[-10.25032,53.60986],[-10.24994,53.61001],[-10.25077,53.60998],[-10.25011,53.61049],[-10.2494,53.61039],[-10.24851,53.61005]],[[-10.23628,53.61133],[-10.23646,53.61118],[-10.2368,53.61156],[-10.23628,53.61133]],[[-9.88459,53.61745],[-9.88425,53.6174],[-9.88554,53.61747],[-9.88519,53.61767],[-9.88459,53.61745]],[[-9.88994,53.61841],[-9.88892,53.618],[-9.8879,53.61805],[-9.88676,53.61729],[-9.88825,53.61713],[-9.88894,53.61739],[-9.889,53.61776],[-9.89053,53.61809],[-9.89064,53.61836],[-9.88994,53.61841]],[[-10.12326,53.61455],[-10.12237,53.61411],[-10.12376,53.61421],[-10.12404,53.61448],[-10.12326,53.61455]],[[-10.12425,53.61458],[-10.12417,53.61441],[-10.12424,53.61442],[-10.12425,53.61458]],[[-10.00957,53.61659],[-10.00976,53.61598],[-10.00871,53.61643],[-10.00792,53.61631],[-10.0078,53.61576],[-10.00831,53.61531],[-10.00993,53.61519],[-10.0099,53.61566],[-10.01043,53.61567],[-10.00989,53.61582],[-10.01007,53.61652],[-10.00957,53.61659]],[[-10.12489,53.61462],[-10.12478,53.61457],[-10.12512,53.61464],[-10.12489,53.61462]],[[-10.1613,53.61399],[-10.15982,53.61338],[-10.16028,53.61338],[-10.15976,53.61308],[-10.16026,53.61201],[-10.15966,53.61258],[-10.15881,53.6127],[-10.15795,53.61242],[-10.15842,53.6122],[-10.15823,53.61178],[-10.16042,53.61158],[-10.16168,53.6123],[-10.16089,53.61139],[-10.16128,53.61167],[-10.16174,53.61102],[-10.16297,53.61114],[-10.16382,53.61064],[-10.16448,53.61131],[-10.16419,53.61054],[-10.16499,53.61037],[-10.16617,53.61035],[-10.16586,53.61122],[-10.16679,53.6103],[-10.16821,53.6105],[-10.16933,53.61031],[-10.16912,53.61058],[-10.16998,53.61026],[-10.16976,53.6106],[-10.17032,53.61031],[-10.17078,53.6107],[-10.17121,53.61052],[-10.17188,53.61074],[-10.17369,53.61038],[-10.17525,53.61185],[-10.17632,53.61187],[-10.17606,53.61213],[-10.17657,53.61211],[-10.17659,53.61245],[-10.17725,53.61207],[-10.17787,53.61247],[-10.17768,53.61206],[-10.17839,53.6124],[-10.17807,53.61287],[-10.17487,53.61377],[-10.17371,53.61353],[-10.17159,53.61379],[-10.17078,53.61353],[-10.16923,53.61379],[-10.16766,53.61346],[-10.16764,53.61312],[-10.16694,53.61286],[-10.16655,53.61355],[-10.16539,53.61319],[-10.16509,53.61352],[-10.16487,53.61318],[-10.16412,53.61399],[-10.16299,53.61351],[-10.16295,53.61393],[-10.16207,53.61329],[-10.16217,53.61409],[-10.1613,53.61399]],[[-9.87725,53.61981],[-9.87709,53.61961],[-9.87773,53.61975],[-9.87744,53.6199],[-9.8769,53.61982],[-9.87725,53.61981]],[[-10.01807,53.61744],[-10.01742,53.61712],[-10.01684,53.61749],[-10.01635,53.61675],[-10.01608,53.61713],[-10.01574,53.61676],[-10.01526,53.61689],[-10.01619,53.61759],[-10.01561,53.61752],[-10.01513,53.61696],[-10.0149,53.61744],[-10.01422,53.61746],[-10.01302,53.61624],[-10.01394,53.6162],[-10.01449,53.61546],[-10.0155,53.61506],[-10.01693,53.61598],[-10.01856,53.6163],[-10.01961,53.61711],[-10.01947,53.61744],[-10.01885,53.61749],[-10.01888,53.61785],[-10.01768,53.61783],[-10.01807,53.61744]],[[-10.11925,53.61687],[-10.11908,53.61679],[-10.11943,53.61687],[-10.11925,53.61687]],[[-10.11717,53.61693],[-10.11682,53.61651],[-10.11826,53.61672],[-10.11816,53.61694],[-10.11717,53.61693]],[[-10.29496,53.6138],[-10.29444,53.6117],[-10.29562,53.61228],[-10.29509,53.61278],[-10.29588,53.61373],[-10.29496,53.6138]],[[-10.11942,53.61704],[-10.11979,53.61697],[-10.11956,53.61708],[-10.11942,53.61704]],[[-10.12003,53.61695],[-10.12054,53.6169],[-10.12054,53.61712],[-10.12003,53.61695]],[[-10.12099,53.61708],[-10.12198,53.61684],[-10.12133,53.61712],[-10.12099,53.61708]],[[-10.25103,53.61478],[-10.25077,53.61456],[-10.2511,53.61456],[-10.25103,53.61478]],[[-10.12189,53.61712],[-10.12265,53.61707],[-10.12222,53.61716],[-10.12189,53.61712]],[[-9.98592,53.61759],[-9.98784,53.61741],[-9.99035,53.61767],[-9.99048,53.6186],[-9.98886,53.6192],[-9.98851,53.6197],[-9.98817,53.61947],[-9.9872,53.61876],[-9.98662,53.61872],[-9.98592,53.61759]],[[-10.25335,53.61535],[-10.25336,53.61525],[-10.25369,53.6153],[-10.25335,53.61535]],[[-10.25807,53.61686],[-10.25849,53.61668],[-10.25899,53.61695],[-10.25872,53.6174],[-10.25807,53.61686]],[[-10.17701,53.61933],[-10.17551,53.619],[-10.17644,53.61899],[-10.17701,53.61933]],[[-10.25944,53.61749],[-10.2592,53.61732],[-10.25998,53.61765],[-10.25977,53.61786],[-10.25944,53.61749]],[[-10.2888,53.61846],[-10.28852,53.61785],[-10.28767,53.61815],[-10.2876,53.61888],[-10.28721,53.61882],[-10.28652,53.61775],[-10.28599,53.61896],[-10.28434,53.618],[-10.28312,53.6157],[-10.28272,53.6156],[-10.28219,53.61613],[-10.28103,53.61574],[-10.28057,53.61596],[-10.27995,53.61555],[-10.28027,53.61518],[-10.27921,53.61515],[-10.27844,53.61474],[-10.27822,53.61395],[-10.27784,53.61445],[-10.27727,53.61451],[-10.27789,53.61472],[-10.27719,53.61472],[-10.27414,53.61381],[-10.2736,53.61276],[-10.27343,53.61331],[-10.27275,53.61355],[-10.27204,53.61327],[-10.27154,53.61352],[-10.27151,53.61289],[-10.27109,53.61348],[-10.26998,53.61342],[-10.26933,53.61321],[-10.26891,53.61256],[-10.26889,53.61329],[-10.26823,53.61307],[-10.26643,53.61125],[-10.26622,53.61155],[-10.26621,53.61088],[-10.26579,53.61091],[-10.26503,53.61026],[-10.26469,53.6095],[-10.26347,53.60897],[-10.26334,53.60822],[-10.26251,53.6072],[-10.26269,53.60671],[-10.26239,53.60676],[-10.26263,53.60619],[-10.26335,53.60635],[-10.26332,53.60542],[-10.26605,53.6051],[-10.26553,53.60472],[-10.26662,53.6047],[-10.26702,53.60513],[-10.26701,53.60465],[-10.26734,53.6045],[-10.26773,53.60488],[-10.26812,53.60433],[-10.2699,53.60419],[-10.26969,53.60458],[-10.27032,53.60419],[-10.27219,53.60422],[-10.27248,53.6048],[-10.27249,53.60459],[-10.27552,53.60544],[-10.27627,53.60525],[-10.27668,53.60554],[-10.27697,53.60528],[-10.27764,53.60565],[-10.27947,53.60564],[-10.28018,53.60603],[-10.28145,53.6054],[-10.28191,53.6058],[-10.28305,53.60572],[-10.28266,53.60639],[-10.28329,53.6073],[-10.28463,53.60752],[-10.28546,53.60677],[-10.28579,53.60718],[-10.28639,53.60666],[-10.28716,53.60708],[-10.28756,53.60585],[-10.28907,53.60412],[-10.29012,53.60388],[-10.29114,53.60307],[-10.29177,53.60326],[-10.2917,53.6028],[-10.29263,53.60229],[-10.29319,53.6031],[-10.29383,53.60223],[-10.29471,53.60302],[-10.29421,53.60112],[-10.29508,53.60041],[-10.2957,53.60044],[-10.29583,53.60087],[-10.29644,53.60007],[-10.2972,53.59984],[-10.29735,53.60089],[-10.29855,53.60042],[-10.2991,53.60053],[-10.29913,53.6009],[-10.29921,53.60064],[-10.30222,53.60239],[-10.30229,53.60265],[-10.30164,53.60255],[-10.30198,53.60284],[-10.30172,53.60381],[-10.3002,53.60393],[-10.29912,53.60448],[-10.29915,53.60482],[-10.29822,53.60513],[-10.29876,53.60549],[-10.2988,53.60612],[-10.29824,53.6073],[-10.29724,53.60786],[-10.29656,53.60749],[-10.29198,53.6107],[-10.29285,53.61087],[-10.29374,53.61168],[-10.29458,53.61354],[-10.2935,53.61383],[-10.29358,53.61513],[-10.2922,53.61506],[-10.2918,53.61526],[-10.29202,53.61561],[-10.29136,53.61553],[-10.29146,53.61649],[-10.28965,53.61646],[-10.29088,53.6184],[-10.29004,53.61846],[-10.28915,53.61902],[-10.2888,53.61846]],[[-10.18534,53.62237],[-10.1859,53.6223],[-10.18541,53.62253],[-10.18534,53.62237]],[[-10.23695,53.62199],[-10.23732,53.62179],[-10.23759,53.62203],[-10.23725,53.62224],[-10.23695,53.62199]],[[-9.88076,53.62962],[-9.87962,53.62887],[-9.87834,53.62917],[-9.87519,53.62915],[-9.87423,53.62861],[-9.8721,53.62831],[-9.8731,53.62784],[-9.87305,53.62737],[-9.87604,53.62734],[-9.8776,53.62771],[-9.87937,53.62866],[-9.88056,53.62857],[-9.88429,53.62936],[-9.88266,53.62968],[-9.88076,53.62962]],[[-10.23526,53.62364],[-10.23508,53.62312],[-10.23545,53.62339],[-10.23526,53.62364]],[[-10.1687,53.62596],[-10.16964,53.62587],[-10.16872,53.6263],[-10.1687,53.62596]],[[-10.17017,53.62656],[-10.17005,53.62613],[-10.17045,53.62635],[-10.17017,53.62656]],[[-10.16921,53.62646],[-10.16983,53.62623],[-10.17005,53.62652],[-10.16968,53.6266],[-10.16921,53.62646]],[[-10.14514,53.62802],[-10.14586,53.62722],[-10.14733,53.62731],[-10.147,53.62753],[-10.14742,53.6281],[-10.14538,53.62847],[-10.14514,53.62802]],[[-10.13615,53.62853],[-10.13675,53.62789],[-10.135,53.62863],[-10.13417,53.62824],[-10.13319,53.62855],[-10.13447,53.62801],[-10.13159,53.62874],[-10.12948,53.62892],[-10.12929,53.62875],[-10.13029,53.62798],[-10.12838,53.62868],[-10.12564,53.62723],[-10.12611,53.62735],[-10.12584,53.62703],[-10.12666,53.62708],[-10.12697,53.62672],[-10.12742,53.62691],[-10.12704,53.62625],[-10.12777,53.62594],[-10.13003,53.6263],[-10.12959,53.62591],[-10.13,53.62581],[-10.13357,53.62617],[-10.13437,53.62599],[-10.1337,53.62647],[-10.13483,53.62601],[-10.13692,53.6268],[-10.13686,53.62632],[-10.13752,53.62617],[-10.13889,53.62653],[-10.13883,53.62627],[-10.14029,53.62631],[-10.13813,53.62721],[-10.14055,53.62645],[-10.14305,53.62634],[-10.14529,53.62679],[-10.14427,53.62682],[-10.1454,53.62723],[-10.14497,53.62729],[-10.14485,53.62785],[-10.14339,53.62847],[-10.14144,53.62805],[-10.14256,53.6286],[-10.1416,53.62888],[-10.14292,53.62905],[-10.14184,53.62912],[-10.14239,53.62931],[-10.14111,53.62932],[-10.13642,53.62866],[-10.13615,53.62853]],[[-10.2607,53.62912],[-10.26106,53.62872],[-10.26187,53.62893],[-10.26104,53.62929],[-10.2607,53.62912]],[[-10.2439,53.62906],[-10.24473,53.62882],[-10.24438,53.62963],[-10.24419,53.62947],[-10.2439,53.62906]],[[-10.25728,53.63091],[-10.25764,53.63039],[-10.25848,53.63047],[-10.25818,53.63111],[-10.25773,53.63118],[-10.25728,53.63091]],[[-10.25906,53.63167],[-10.25877,53.63037],[-10.2597,53.63001],[-10.25989,53.62925],[-10.26047,53.62952],[-10.26107,53.63062],[-10.26065,53.63074],[-10.26154,53.63118],[-10.26158,53.63177],[-10.26114,53.63209],[-10.25985,53.63161],[-10.26111,53.63217],[-10.26089,53.63247],[-10.25906,53.63167]],[[-10.26037,53.63301],[-10.25968,53.63229],[-10.26113,53.63268],[-10.26037,53.63301]],[[-10.26106,53.63329],[-10.26135,53.63287],[-10.26168,53.63311],[-10.26106,53.63329]],[[-10.19369,53.63419],[-10.19477,53.63412],[-10.19511,53.63453],[-10.19403,53.63494],[-10.19346,53.63472],[-10.19369,53.63419]],[[-10.2601,53.63405],[-10.26078,53.6334],[-10.26223,53.63392],[-10.26098,53.63395],[-10.26131,53.63425],[-10.2607,53.63436],[-10.2601,53.63405]],[[-10.19653,53.63636],[-10.19659,53.63584],[-10.19564,53.63402],[-10.19416,53.63359],[-10.19252,53.63294],[-10.18973,53.63261],[-10.18899,53.63279],[-10.1843,53.63184],[-10.1827,53.63177],[-10.17947,53.63146],[-10.17817,53.63091],[-10.17836,53.63016],[-10.17749,53.62925],[-10.17897,53.62812],[-10.17946,53.62666],[-10.18093,53.62631],[-10.18365,53.6258],[-10.18661,53.62572],[-10.1895,53.62319],[-10.18568,53.62005],[-10.18343,53.62026],[-10.18374,53.62166],[-10.18327,53.62035],[-10.18125,53.61935],[-10.17948,53.61853],[-10.17841,53.61815],[-10.17766,53.61886],[-10.17576,53.61751],[-10.17674,53.61725],[-10.17869,53.61736],[-10.18189,53.61462],[-10.1832,53.61197],[-10.18454,53.6109],[-10.18543,53.60945],[-10.18738,53.60903],[-10.18788,53.60824],[-10.19032,53.60824],[-10.19132,53.60692],[-10.19251,53.60697],[-10.19361,53.60702],[-10.19614,53.60708],[-10.19742,53.60685],[-10.20156,53.60791],[-10.2014,53.60751],[-10.20361,53.60747],[-10.20695,53.60773],[-10.20958,53.60835],[-10.21131,53.6095],[-10.2101,53.61056],[-10.20893,53.61057],[-10.20819,53.61134],[-10.20551,53.6106],[-10.2042,53.61022],[-10.20429,53.61183],[-10.20645,53.61344],[-10.207,53.61317],[-10.21453,53.61328],[-10.21645,53.61331],[-10.22232,53.61265],[-10.22254,53.61352],[-10.22721,53.61344],[-10.2311,53.61228],[-10.23035,53.6113],[-10.23155,53.61123],[-10.23304,53.61206],[-10.23499,53.61187],[-10.23986,53.61392],[-10.24315,53.61514],[-10.24752,53.61622],[-10.25212,53.61727],[-10.25458,53.61817],[-10.25596,53.61864],[-10.25805,53.61965],[-10.25619,53.62043],[-10.25989,53.62247],[-10.26013,53.62339],[-10.25995,53.62404],[-10.25881,53.62513],[-10.25787,53.62615],[-10.25657,53.62659],[-10.25437,53.62812],[-10.25237,53.62769],[-10.25153,53.62958],[-10.24961,53.63012],[-10.24735,53.6312],[-10.24561,53.62838],[-10.24442,53.62774],[-10.24534,53.62673],[-10.24451,53.62623],[-10.24294,53.62488],[-10.24274,53.62367],[-10.24336,53.62306],[-10.2431,53.62238],[-10.24072,53.62165],[-10.23937,53.62159],[-10.2372,53.6214],[-10.23608,53.62082],[-10.23017,53.62147],[-10.23326,53.62456],[-10.2325,53.62625],[-10.23088,53.62689],[-10.23034,53.6277],[-10.22759,53.62672],[-10.22603,53.62829],[-10.22347,53.62972],[-10.22477,53.63146],[-10.22171,53.63135],[-10.21939,53.63066],[-10.21748,53.63025],[-10.21422,53.62916],[-10.21121,53.62822],[-10.20999,53.62796],[-10.20774,53.62678],[-10.2064,53.62633],[-10.20666,53.62737],[-10.20546,53.62812],[-10.2053,53.62933],[-10.2069,53.63069],[-10.20568,53.63133],[-10.20803,53.6331],[-10.20584,53.63533],[-10.20397,53.63581],[-10.20353,53.63663],[-10.20058,53.63701],[-10.19653,53.63636]],[[-9.00822,53.14518],[-8.99465,53.15482],[-8.98264,53.17411],[-8.95679,53.15385],[-8.939,53.15542],[-8.94051,53.18462],[-8.93073,53.20524],[-8.88664,53.22535],[-8.98775,53.22173],[-8.99383,53.23438],[-8.94529,53.26248],[-8.97081,53.26304],[-9.07725,53.2588],[-9.12802,53.25119],[-9.23265,53.2471],[-9.32003,53.23993],[-9.4156,53.23463],[-9.52158,53.22208],[-9.5488,53.26199],[-9.54328,53.28406],[-9.57469,53.27749],[-9.59381,53.24149],[-9.6252,53.26051],[-9.59936,53.28545],[-9.61542,53.3133],[-9.57533,53.31751],[-9.563,53.33325],[-9.54913,53.32179],[-9.57979,53.34728],[-9.57165,53.37741],[-9.57355,53.38021],[-9.56331,53.39775],[-9.57915,53.38727],[-9.61148,53.37591],[-9.60017,53.34444],[-9.6467,53.33366],[-9.6385,53.34835],[-9.62501,53.37688],[-9.65051,53.38725],[-9.68091,53.36711],[-9.72128,53.32753],[-9.77698,53.29373],[-9.81333,53.30987],[-9.81825,53.31607],[-9.83441,53.3176],[-9.86374,53.32143],[-9.89886,53.32042],[-9.87633,53.35508],[-9.85538,53.3741],[-9.79276,53.39003],[-9.80191,53.40554],[-9.82636,53.41674],[-9.85178,53.40027],[-9.88709,53.40868],[-9.84972,53.42538],[-9.85935,53.42937],[-9.89318,53.42411],[-9.91838,53.39792],[-9.97622,53.37399],[-10.02659,53.38495],[-10.05358,53.41395],[-10.0939,53.41364],[-10.14662,53.4193],[-10.15366,53.43895],[-10.09308,53.4428],[-10.0651,53.44182],[-10.07942,53.46616],[-10.03859,53.47226],[-10.03088,53.48374],[-10.11329,53.50161],[-10.13497,53.51925],[-10.04189,53.50645],[-10.13937,53.52959],[-10.19168,53.55494],[-10.15182,53.56207],[-10.11621,53.57658],[-10.02256,53.56877],[-9.95735,53.55207],[-9.97984,53.56311],[-10.03301,53.58598],[-9.94744,53.60079],[-9.86265,53.61428],[-9.8512,53.61811],[-9.6433,53.60087],[-9.35927,53.57141],[-9.19953,53.47428],[-9.05541,53.53234],[-8.98121,53.6073],[-8.84935,53.65292],[-8.62705,53.70517],[-8.41122,53.66707],[-8.35249,53.59564],[-8.29034,53.51573],[-8.23191,53.4032],[-8.17994,53.29344],[-8.01188,53.19381],[-8.34925,52.98056],[-8.55449,53.0422],[-8.79992,52.97769],[-8.89876,53.00822],[-9.02021,53.11665],[-9.00822,53.14518]]]]}},{"type":"Feature","properties":{"county_id":"28","county":"Leitrim County","nuts3":"Border"},"geometry":{"type":"MultiPolygon","coordinates":[[[[-8.31237,54.47411],[-8.29464,54.46315],[-8.25905,54.46068],[-8.23132,54.46723],[-8.22313,54.47068],[-8.20976,54.47089],[-8.19694,54.46768],[-8.18454,54.46552],[-8.14478,54.45223],[-8.16188,54.44203],[-8.08415,54.3974],[-8.06358,54.37489],[-8.05867,54.36728],[-8.03948,54.36263],[-8.01828,54.35672],[-7.99678,54.34616],[-7.96172,54.3125],[-7.97247,54.28441],[-7.98429,54.26625],[-8.05401,54.24237],[-8.0458,54.22666],[-8.03652,54.21774],[-8.03369,54.20938],[-8.04231,54.20388],[-8.05055,54.19531],[-8.04409,54.18481],[-8.02716,54.18988],[-8.0053,54.19228],[-7.9896,54.18023],[-7.9234,54.16203],[-7.88281,54.1293],[-7.85659,54.11193],[-7.81357,54.10027],[-7.81162,54.1085],[-7.79425,54.11347],[-7.77056,54.10711],[-7.75268,54.10234],[-7.73687,54.09305],[-7.72114,54.08484],[-7.68746,54.06621],[-7.66449,54.05673],[-7.64639,54.03319],[-7.61855,54.01893],[-7.59754,54.02046],[-7.59776,54.00786],[-7.60044,53.98769],[-7.59275,53.96627],[-7.61255,53.93855],[-7.64844,53.94206],[-7.67663,53.91738],[-7.70138,53.90114],[-7.72503,53.88876],[-7.75058,53.87553],[-7.77194,53.84603],[-7.78828,53.81636],[-7.8405,53.81473],[-7.86357,53.82164],[-7.87418,53.81125],[-7.88405,53.81602],[-7.89063,53.82299],[-7.92074,53.83945],[-7.96505,53.86623],[-7.9921,53.90777],[-8.01284,53.93121],[-8.02639,53.92735],[-8.05955,53.90976],[-8.08897,53.92814],[-8.09102,53.94186],[-8.11551,53.95282],[-8.07338,53.98019],[-8.07959,53.99329],[-8.08537,54.01111],[-8.09086,54.03504],[-8.07491,54.05146],[-8.0496,54.06915],[-8.08554,54.1097],[-8.12415,54.11847],[-8.159,54.11348],[-8.17773,54.11666],[-8.19006,54.12876],[-8.21093,54.13836],[-8.22745,54.15475],[-8.31518,54.1679],[-8.31908,54.18265],[-8.33412,54.19342],[-8.33524,54.20898],[-8.3408,54.22292],[-8.33245,54.23892],[-8.34644,54.27308],[-8.35434,54.30759],[-8.38908,54.32043],[-8.39318,54.34809],[-8.36664,54.37458],[-8.34859,54.41426],[-8.34737,54.4221],[-8.37198,54.42265],[-8.39518,54.42798],[-8.40887,54.41607],[-8.4091,54.43762],[-8.37217,54.45549],[-8.37371,54.46751],[-8.3524,54.46903],[-8.32053,54.47248],[-8.31237,54.47411]]]]}},{"type":"Feature","properties":{"county_id":"29","county":"Mayo County","nuts3":"West"},"geometry":{"type":"MultiPolygon","coordinates":[[[[-9.96516,54.02347],[-9.94834,54.01247],[-9.93022,53.99802],[-9.93659,53.99355],[-9.94626,53.99162],[-9.95869,53.98869],[-9.94993,53.9822],[-9.9538,53.97537],[-9.96167,53.97084],[-9.95347,53.97145],[-9.96049,53.95679],[-9.96198,53.95131],[-9.96935,53.95068],[-9.95778,53.94962],[-9.95247,53.95045],[-9.94896,53.9495],[-9.93964,53.96058],[-9.92971,53.96118],[-9.92249,53.96315],[-9.91845,53.96063],[-9.92472,53.95514],[-9.9255,53.95391],[-9.92185,53.95268],[-9.92397,53.94252],[-9.93349,53.9406],[-9.93946,53.93484],[-9.94097,53.93105],[-9.93002,53.93153],[-9.92323,53.93218],[-9.94049,53.92296],[-9.93231,53.92031],[-9.94534,53.91666],[-9.94841,53.91521],[-9.95271,53.91058],[-9.93732,53.8992],[-9.9435,53.8866],[-9.94777,53.87699],[-9.96253,53.8744],[-9.96783,53.87881],[-9.97526,53.88249],[-9.98049,53.88424],[-9.98332,53.88821],[-9.99227,53.89012],[-9.99928,53.89573],[-9.99653,53.89957],[-9.99729,53.9045],[-10.00178,53.90682],[-10.00475,53.90801],[-10.00736,53.91097],[-10.01052,53.91124],[-10.01246,53.91226],[-10.01834,53.91622],[-10.02224,53.9182],[-10.02378,53.92092],[-10.03518,53.91514],[-10.04202,53.91484],[-10.04681,53.91598],[-10.05175,53.91517],[-10.05504,53.91961],[-10.05294,53.92751],[-10.05145,53.93629],[-10.05421,53.93992],[-10.04836,53.94974],[-10.05068,53.96409],[-10.09123,53.96765],[-10.09938,53.96362],[-10.10936,53.96623],[-10.11927,53.96963],[-10.14085,53.96853],[-10.15084,53.96794],[-10.15897,53.96749],[-10.17006,53.96807],[-10.18792,53.96986],[-10.18903,53.96239],[-10.21087,53.96588],[-10.22821,53.97398],[-10.238,53.97966],[-10.25095,53.97622],[-10.25535,53.97654],[-10.23769,53.98211],[-10.22168,53.9826],[-10.20447,53.98547],[-10.1883,53.99643],[-10.18653,54.00479],[-10.18855,54.01409],[-10.18195,54.01319],[-10.17798,54.0103],[-10.16734,54.00814],[-10.1534,54.00964],[-10.14518,54.00662],[-10.12816,54.00101],[-10.11675,54.00252],[-10.10284,54.00082],[-10.09831,54.00949],[-10.08919,54.01367],[-10.0847,54.01732],[-10.07505,54.02182],[-10.06726,54.02423],[-10.05983,54.02559],[-10.048,54.02477],[-10.0411,54.02272],[-10.0256,54.01144],[-10.01353,54.01624],[-10.00546,54.0153],[-10.0005,54.01576],[-9.98871,54.01978],[-9.97482,54.03008],[-9.96516,54.02347]],[[-10.20603,54.12095],[-10.20797,54.11943],[-10.20781,54.11906],[-10.2061,54.11926],[-10.2082,54.11762],[-10.20745,54.1173],[-10.20764,54.11648],[-10.20521,54.11498],[-10.20591,54.11379],[-10.20677,54.11335],[-10.20891,54.11344],[-10.21227,54.11286],[-10.21384,54.11478],[-10.21494,54.11508],[-10.21694,54.11474],[-10.21747,54.11419],[-10.21704,54.11338],[-10.21763,54.11298],[-10.22011,54.11323],[-10.22248,54.11167],[-10.22399,54.11232],[-10.22582,54.112],[-10.2263,54.11101],[-10.22608,54.11062],[-10.22489,54.11039],[-10.22505,54.10982],[-10.22596,54.10968],[-10.22478,54.10897],[-10.22491,54.10845],[-10.22622,54.10818],[-10.2304,54.10625],[-10.23113,54.10624],[-10.23083,54.10564],[-10.23212,54.10532],[-10.23179,54.1048],[-10.23325,54.10402],[-10.23363,54.1041],[-10.23348,54.10376],[-10.23605,54.1043],[-10.23549,54.10447],[-10.23659,54.10441],[-10.23711,54.10477],[-10.23491,54.10467],[-10.23847,54.10525],[-10.23843,54.10551],[-10.23775,54.10534],[-10.23842,54.10588],[-10.23795,54.10589],[-10.23769,54.10633],[-10.2365,54.10603],[-10.23647,54.1065],[-10.23547,54.10642],[-10.23605,54.1067],[-10.2335,54.10665],[-10.23459,54.10701],[-10.23358,54.10738],[-10.23591,54.10744],[-10.23508,54.10775],[-10.23553,54.10818],[-10.23497,54.10827],[-10.23536,54.10832],[-10.23508,54.10853],[-10.23172,54.10878],[-10.22945,54.10849],[-10.23016,54.10895],[-10.229,54.10906],[-10.22956,54.1093],[-10.2291,54.10943],[-10.22699,54.10903],[-10.22841,54.10956],[-10.23128,54.10978],[-10.23053,54.11014],[-10.22863,54.1101],[-10.22882,54.11062],[-10.23105,54.11036],[-10.23318,54.11058],[-10.2342,54.111],[-10.23445,54.11167],[-10.23381,54.1118],[-10.22742,54.11167],[-10.2275,54.11248],[-10.22942,54.11262],[-10.23015,54.11322],[-10.22958,54.11391],[-10.23072,54.11339],[-10.23117,54.11347],[-10.23114,54.11451],[-10.22945,54.11506],[-10.22855,54.11492],[-10.22878,54.11431],[-10.22747,54.11495],[-10.22546,54.11529],[-10.22439,54.11508],[-10.22504,54.11599],[-10.22644,54.11671],[-10.22526,54.11728],[-10.22366,54.11719],[-10.22061,54.11603],[-10.22023,54.11664],[-10.22138,54.11761],[-10.22018,54.11764],[-10.21992,54.11802],[-10.22088,54.11832],[-10.22094,54.11867],[-10.2195,54.11906],[-10.22065,54.11925],[-10.22039,54.11971],[-10.21908,54.12018],[-10.21744,54.12006],[-10.21682,54.12059],[-10.2169,54.1212],[-10.2152,54.12263],[-10.21118,54.12429],[-10.21033,54.12419],[-10.2053,54.12351],[-10.2061,54.1233],[-10.20655,54.12267],[-10.20603,54.12095]],[[-10.234,54.1032],[-10.23446,54.10292],[-10.23627,54.10375],[-10.234,54.1032]],[[-10.20188,54.14741],[-10.19594,54.14661],[-10.19584,54.14637],[-10.19718,54.1459],[-10.19738,54.14543],[-10.19888,54.14517],[-10.19884,54.14465],[-10.19553,54.14344],[-10.19237,54.14291],[-10.19234,54.14069],[-10.19106,54.13987],[-10.18727,54.13844],[-10.18442,54.13677],[-10.18379,54.13565],[-10.18596,54.13464],[-10.18645,54.13383],[-10.18576,54.13184],[-10.18273,54.13076],[-10.17873,54.13044],[-10.17808,54.1297],[-10.17987,54.1289],[-10.18161,54.12864],[-10.18357,54.13013],[-10.18452,54.13009],[-10.18591,54.12928],[-10.18682,54.12926],[-10.18867,54.12962],[-10.19049,54.13127],[-10.19468,54.13154],[-10.1982,54.13036],[-10.19776,54.12998],[-10.19815,54.12884],[-10.19707,54.12851],[-10.19733,54.12802],[-10.19635,54.12749],[-10.19762,54.12775],[-10.19817,54.12737],[-10.19935,54.12721],[-10.1994,54.12679],[-10.2008,54.12664],[-10.20104,54.12617],[-10.20247,54.12546],[-10.20272,54.12462],[-10.20487,54.12479],[-10.20799,54.12561],[-10.20527,54.12605],[-10.20797,54.126],[-10.2069,54.12659],[-10.20694,54.12714],[-10.20581,54.12748],[-10.20602,54.12785],[-10.20528,54.12831],[-10.20319,54.12854],[-10.20503,54.12852],[-10.20218,54.1288],[-10.208,54.12867],[-10.20849,54.12911],[-10.20732,54.12955],[-10.20845,54.12964],[-10.20886,54.13039],[-10.20643,54.13104],[-10.21002,54.13213],[-10.20724,54.13211],[-10.20982,54.13244],[-10.21109,54.13303],[-10.21076,54.13323],[-10.20718,54.13316],[-10.20607,54.13346],[-10.20556,54.13314],[-10.20216,54.13301],[-10.2074,54.13494],[-10.20433,54.13503],[-10.20649,54.13509],[-10.20805,54.13568],[-10.20782,54.13595],[-10.20835,54.13572],[-10.20885,54.13606],[-10.20909,54.13671],[-10.2085,54.13691],[-10.20894,54.13707],[-10.20859,54.13762],[-10.20904,54.13812],[-10.20882,54.13839],[-10.20744,54.1383],[-10.2088,54.13879],[-10.20709,54.13935],[-10.2075,54.13953],[-10.20541,54.14052],[-10.20275,54.14043],[-10.2021,54.1408],[-10.2011,54.1407],[-10.20017,54.1411],[-10.20062,54.1418],[-10.2039,54.14353],[-10.20332,54.14418],[-10.20886,54.14623],[-10.20903,54.14685],[-10.20834,54.14715],[-10.20705,54.14713],[-10.20676,54.14687],[-10.20547,54.14729],[-10.205,54.14707],[-10.20526,54.14735],[-10.20471,54.1474],[-10.20188,54.14741]],[[-10.20124,54.11915],[-10.20255,54.11873],[-10.20375,54.11921],[-10.2038,54.11973],[-10.20066,54.11973],[-10.20124,54.11915]],[[-10.19333,54.15333],[-10.19286,54.15309],[-10.19647,54.15304],[-10.19882,54.15419],[-10.19799,54.15471],[-10.19557,54.15469],[-10.1925,54.15437],[-10.19333,54.15333]],[[-10.19733,54.15631],[-10.19721,54.1559],[-10.1982,54.15613],[-10.19733,54.15718],[-10.19564,54.15801],[-10.19379,54.15844],[-10.19219,54.15842],[-10.19152,54.15805],[-10.19463,54.1569],[-10.19518,54.15641],[-10.19733,54.15631]],[[-10.19428,54.15956],[-10.19455,54.15924],[-10.19532,54.15936],[-10.19428,54.15956]],[[-10.18931,54.15947],[-10.18972,54.15945],[-10.19079,54.1588],[-10.19452,54.15914],[-10.19345,54.15963],[-10.19198,54.15958],[-10.19263,54.15974],[-10.19218,54.15992],[-10.19364,54.1599],[-10.19241,54.16041],[-10.18918,54.16067],[-10.19106,54.16097],[-10.19021,54.16142],[-10.18649,54.16161],[-10.18582,54.16187],[-10.18416,54.1617],[-10.18408,54.16137],[-10.18347,54.1616],[-10.18327,54.1613],[-10.18565,54.16058],[-10.18618,54.16068],[-10.18579,54.16089],[-10.18677,54.16074],[-10.18754,54.16037],[-10.1871,54.16038],[-10.18833,54.16001],[-10.18858,54.15993],[-10.18931,54.15947]],[[-10.18552,54.07142],[-10.18616,54.07124],[-10.18636,54.07217],[-10.18563,54.07273],[-10.18437,54.07292],[-10.18552,54.07142]],[[-10.18833,54.16001],[-10.18688,54.16029],[-10.18555,54.16017],[-10.1862,54.15989],[-10.18577,54.15979],[-10.18599,54.15956],[-10.18813,54.15934],[-10.18792,54.15962],[-10.18843,54.15932],[-10.18792,54.15929],[-10.18826,54.15913],[-10.18791,54.15901],[-10.19018,54.15882],[-10.19023,54.15896],[-10.18931,54.15947],[-10.18833,54.16001]],[[-10.16794,54.0781],[-10.16812,54.07749],[-10.16774,54.07806],[-10.16699,54.07743],[-10.16641,54.07769],[-10.165,54.07644],[-10.16465,54.07728],[-10.16384,54.07694],[-10.16367,54.07732],[-10.16285,54.07693],[-10.1626,54.07638],[-10.16167,54.0761],[-10.16237,54.07334],[-10.16303,54.07401],[-10.16295,54.07353],[-10.1637,54.0733],[-10.16369,54.07265],[-10.16487,54.07176],[-10.16974,54.072],[-10.1702,54.07257],[-10.17004,54.07205],[-10.17069,54.07228],[-10.17097,54.07128],[-10.16923,54.07054],[-10.17119,54.07063],[-10.17345,54.07136],[-10.17363,54.07112],[-10.17263,54.07054],[-10.17291,54.07025],[-10.1738,54.0702],[-10.17457,54.07088],[-10.17576,54.07072],[-10.17797,54.0715],[-10.17996,54.07193],[-10.18167,54.0719],[-10.18338,54.07243],[-10.18357,54.07331],[-10.18285,54.07314],[-10.18122,54.07338],[-10.18005,54.07295],[-10.17937,54.07303],[-10.17969,54.07377],[-10.17901,54.07468],[-10.17856,54.07446],[-10.17811,54.07566],[-10.17592,54.07541],[-10.17532,54.07508],[-10.17527,54.07568],[-10.17415,54.07558],[-10.17354,54.07619],[-10.17401,54.07658],[-10.17399,54.07766],[-10.17323,54.07786],[-10.17312,54.07756],[-10.17153,54.07746],[-10.17148,54.07807],[-10.17232,54.07863],[-10.17063,54.07933],[-10.17036,54.07917],[-10.16794,54.0781]],[[-10.16226,53.96005],[-10.16351,53.95952],[-10.16485,53.95955],[-10.16351,53.96015],[-10.16343,53.96064],[-10.16277,53.96096],[-10.16226,53.96005]],[[-10.15602,53.96264],[-10.15657,53.96258],[-10.15633,53.9636],[-10.15567,53.96392],[-10.15506,53.96395],[-10.15488,53.96369],[-10.15602,53.96264]],[[-10.09264,53.715],[-10.0926,53.71458],[-10.09224,53.71498],[-10.09085,53.71495],[-10.0911,53.71442],[-10.09031,53.71378],[-10.08828,53.71388],[-10.08725,53.71351],[-10.08779,53.71227],[-10.08703,53.71276],[-10.0856,53.7125],[-10.08474,53.7121],[-10.08439,53.71126],[-10.08322,53.71118],[-10.08127,53.71026],[-10.08151,53.7092],[-10.08242,53.70871],[-10.08413,53.70825],[-10.08406,53.70795],[-10.08481,53.70797],[-10.08533,53.70757],[-10.08731,53.70715],[-10.08817,53.70645],[-10.08872,53.70656],[-10.08911,53.70619],[-10.09007,53.70603],[-10.08917,53.70573],[-10.08986,53.70516],[-10.09038,53.70505],[-10.09122,53.70546],[-10.09063,53.70601],[-10.09237,53.70599],[-10.09102,53.705],[-10.09152,53.7047],[-10.09122,53.7045],[-10.09225,53.70447],[-10.09243,53.70423],[-10.08937,53.70304],[-10.08958,53.702],[-10.08906,53.70188],[-10.0889,53.70118],[-10.0893,53.70053],[-10.08851,53.69992],[-10.08858,53.69956],[-10.08759,53.6992],[-10.09049,53.69844],[-10.0913,53.69778],[-10.09147,53.69708],[-10.09383,53.69652],[-10.0942,53.69697],[-10.09457,53.69646],[-10.09626,53.69604],[-10.09873,53.69616],[-10.10031,53.69572],[-10.10095,53.69463],[-10.10232,53.69427],[-10.10456,53.69421],[-10.10645,53.69438],[-10.10743,53.69483],[-10.10838,53.69472],[-10.10873,53.69488],[-10.10796,53.69508],[-10.1093,53.69553],[-10.10962,53.69549],[-10.10938,53.69506],[-10.1086,53.69464],[-10.11016,53.69459],[-10.11064,53.69483],[-10.11022,53.69447],[-10.11263,53.69437],[-10.11306,53.6956],[-10.11321,53.69415],[-10.11559,53.69361],[-10.11584,53.69294],[-10.11762,53.6923],[-10.12223,53.6919],[-10.12323,53.69268],[-10.1224,53.69197],[-10.12311,53.69151],[-10.12569,53.69104],[-10.12587,53.69127],[-10.12601,53.69099],[-10.12792,53.69118],[-10.1302,53.69031],[-10.13135,53.69053],[-10.13053,53.69085],[-10.13238,53.69122],[-10.13301,53.69081],[-10.13562,53.69045],[-10.13679,53.691],[-10.1371,53.69134],[-10.13653,53.69155],[-10.13753,53.69167],[-10.13697,53.69238],[-10.13763,53.69263],[-10.13772,53.69312],[-10.13726,53.69331],[-10.13747,53.69455],[-10.13685,53.69471],[-10.13696,53.6956],[-10.13345,53.69613],[-10.1333,53.6967],[-10.13716,53.69717],[-10.13804,53.69702],[-10.1397,53.69758],[-10.1373,53.69786],[-10.13634,53.69771],[-10.13701,53.69847],[-10.13634,53.69849],[-10.13574,53.69947],[-10.1348,53.69944],[-10.1354,53.70048],[-10.13644,53.70114],[-10.1358,53.70135],[-10.13437,53.70118],[-10.1352,53.70215],[-10.13162,53.70209],[-10.13192,53.70305],[-10.12984,53.70345],[-10.12972,53.70418],[-10.12699,53.7046],[-10.12727,53.704],[-10.12637,53.70475],[-10.12388,53.70523],[-10.12608,53.7084],[-10.12716,53.70907],[-10.12675,53.70932],[-10.12667,53.71076],[-10.12601,53.71141],[-10.12147,53.71209],[-10.12086,53.7126],[-10.11998,53.7126],[-10.11707,53.71216],[-10.11659,53.71182],[-10.11499,53.71193],[-10.11286,53.71128],[-10.11218,53.71155],[-10.10848,53.71049],[-10.10811,53.71068],[-10.10712,53.7102],[-10.10718,53.70946],[-10.10657,53.70953],[-10.1057,53.70918],[-10.10506,53.70969],[-10.10456,53.70907],[-10.10459,53.70977],[-10.10349,53.70962],[-10.10383,53.70981],[-10.1031,53.71017],[-10.10321,53.7106],[-10.10186,53.71029],[-10.10249,53.71112],[-10.10206,53.71149],[-10.10046,53.71183],[-10.09994,53.71172],[-10.09961,53.71111],[-10.09839,53.71117],[-10.09886,53.71191],[-10.09617,53.71288],[-10.09496,53.71395],[-10.0933,53.71431],[-10.09378,53.71441],[-10.09368,53.71471],[-10.09264,53.715]],[[-10.13778,53.6954],[-10.13784,53.69437],[-10.13903,53.69451],[-10.13778,53.6954]],[[-10.14842,54.08034],[-10.14653,54.07937],[-10.14659,54.07858],[-10.14632,54.0787],[-10.14509,54.07788],[-10.1419,54.07709],[-10.14531,54.07774],[-10.14586,54.07748],[-10.14789,54.07824],[-10.14702,54.07757],[-10.14794,54.07782],[-10.14771,54.07734],[-10.14912,54.07746],[-10.14959,54.0779],[-10.14961,54.07761],[-10.15106,54.07762],[-10.14947,54.07752],[-10.14876,54.07718],[-10.15011,54.07718],[-10.15027,54.07665],[-10.15075,54.07696],[-10.15082,54.07667],[-10.15115,54.07681],[-10.15214,54.07651],[-10.15227,54.07673],[-10.15233,54.07634],[-10.15292,54.07649],[-10.1541,54.07578],[-10.15472,54.07606],[-10.15476,54.07678],[-10.15561,54.07673],[-10.15645,54.07709],[-10.15584,54.07675],[-10.15626,54.07652],[-10.15735,54.07682],[-10.15643,54.07634],[-10.15651,54.07603],[-10.15705,54.07587],[-10.15696,54.07608],[-10.15752,54.07592],[-10.15803,54.07614],[-10.15764,54.07645],[-10.15844,54.07643],[-10.15805,54.07665],[-10.15852,54.07679],[-10.15782,54.07686],[-10.15865,54.07727],[-10.15796,54.07721],[-10.15829,54.07743],[-10.15754,54.07751],[-10.15761,54.07777],[-10.1568,54.07812],[-10.15654,54.07785],[-10.15498,54.07766],[-10.15482,54.07794],[-10.15426,54.07786],[-10.15465,54.07828],[-10.15387,54.07851],[-10.1543,54.07865],[-10.15381,54.07869],[-10.15315,54.0798],[-10.15125,54.0797],[-10.15137,54.08032],[-10.15037,54.08034],[-10.14842,54.08034]],[[-10.13284,53.6902],[-10.13408,53.68969],[-10.13519,53.69001],[-10.13284,53.6902]],[[-10.15399,54.19778],[-10.15485,54.1976],[-10.15573,54.19778],[-10.15686,54.19887],[-10.15638,54.1993],[-10.1551,54.19958],[-10.15352,54.19927],[-10.15306,54.1988],[-10.15399,54.19778]],[[-10.14803,54.19658],[-10.14807,54.19573],[-10.14895,54.19586],[-10.14974,54.19643],[-10.14913,54.1967],[-10.14951,54.1971],[-10.14803,54.19658]],[[-10.13959,54.07773],[-10.13972,54.07733],[-10.14026,54.07738],[-10.14043,54.07773],[-10.13959,54.07773]],[[-10.14655,54.19756],[-10.14548,54.19732],[-10.14423,54.19748],[-10.14567,54.19696],[-10.14655,54.19756]],[[-10.13932,54.08858],[-10.13668,54.08726],[-10.13866,54.08726],[-10.14054,54.08855],[-10.13932,54.08858]],[[-10.14338,54.19704],[-10.14248,54.19603],[-10.14501,54.19661],[-10.14445,54.19723],[-10.14338,54.19704]],[[-10.13326,54.20142],[-10.13266,54.20072],[-10.13354,54.20024],[-10.13665,54.20038],[-10.1389,54.19971],[-10.14084,54.20003],[-10.14033,54.20033],[-10.14016,54.20148],[-10.1363,54.20115],[-10.13563,54.20154],[-10.13597,54.20197],[-10.13525,54.20261],[-10.13434,54.20239],[-10.13326,54.20142]],[[-10.13762,54.20374],[-10.13583,54.20289],[-10.13607,54.20208],[-10.13666,54.20197],[-10.13616,54.20193],[-10.13636,54.20154],[-10.13867,54.20154],[-10.13957,54.20193],[-10.13951,54.20329],[-10.13864,54.20388],[-10.13805,54.2037],[-10.13769,54.20394],[-10.13762,54.20374]],[[-9.78598,54.34544],[-9.76153,54.33745],[-9.73194,54.32802],[-9.66697,54.31801],[-9.57983,54.31976],[-9.51302,54.3109],[-9.45275,54.30687],[-9.39025,54.30078],[-9.34034,54.32663],[-9.25549,54.30391],[-9.21483,54.26296],[-9.24295,54.23494],[-9.21658,54.22724],[-9.21492,54.21185],[-9.14355,54.16841],[-9.02906,54.1561],[-8.95823,54.09906],[-9.01507,54.03904],[-8.90759,54.01757],[-8.81101,53.96549],[-8.79258,53.96547],[-8.76982,53.97613],[-8.64896,54.03891],[-8.59875,53.95009],[-8.68056,53.92319],[-8.70069,53.86748],[-8.71545,53.83071],[-8.68013,53.7532],[-8.77698,53.68867],[-8.85084,53.65295],[-8.97383,53.6278],[-9.02586,53.55186],[-9.12025,53.48785],[-9.28839,53.54288],[-9.48131,53.56228],[-9.61287,53.60586],[-9.78438,53.60275],[-9.89275,53.64925],[-9.89943,53.75074],[-9.79339,53.78015],[-9.65865,53.78985],[-9.62395,53.77915],[-9.60434,53.78721],[-9.56252,53.79491],[-9.55213,53.80426],[-9.58682,53.80881],[-9.60421,53.8136],[-9.61665,53.83095],[-9.58887,53.8562],[-9.5586,53.86412],[-9.55213,53.87737],[-9.55789,53.88513],[-9.57818,53.89429],[-9.60173,53.88893],[-9.65426,53.89981],[-9.71768,53.89902],[-9.78246,53.90464],[-9.89882,53.86439],[-9.92625,53.89579],[-9.91199,53.94095],[-9.83374,53.95732],[-9.812,53.93125],[-9.79104,53.94153],[-9.7963,53.97293],[-9.81975,53.96564],[-9.84323,53.99447],[-9.85164,54.01187],[-9.87474,54.02037],[-9.87747,54.06201],[-9.86678,54.07901],[-9.83302,54.10993],[-9.83435,54.12097],[-9.87284,54.11999],[-9.89965,54.09533],[-9.96498,54.07956],[-9.89892,54.11884],[-9.93234,54.15722],[-9.92631,54.18997],[-9.99228,54.22763],[-10.02464,54.19034],[-10.07259,54.16432],[-10.09041,54.12383],[-10.12444,54.11134],[-10.06561,54.23172],[-10.09032,54.24596],[-10.07829,54.26589],[-10.03525,54.28198],[-9.99875,54.30607],[-9.95754,54.27109],[-9.93797,54.26177],[-9.92377,54.27058],[-9.90814,54.23889],[-9.98017,54.25173],[-9.87835,54.21742],[-9.87106,54.25828],[-9.77279,54.26042],[-9.7478,54.25497],[-9.78382,54.29029],[-9.85692,54.30521],[-9.81902,54.3383],[-9.78755,54.3436],[-9.78598,54.34544]],[[-10.12739,54.08897],[-10.12884,54.08798],[-10.1304,54.08853],[-10.12855,54.08924],[-10.12739,54.08897]],[[-10.13172,54.21454],[-10.13079,54.21425],[-10.13048,54.21357],[-10.1309,54.21351],[-10.12931,54.21319],[-10.12896,54.21287],[-10.12953,54.21272],[-10.12753,54.21193],[-10.12718,54.2108],[-10.12624,54.21009],[-10.11976,54.20947],[-10.1191,54.20906],[-10.1189,54.20818],[-10.11987,54.20798],[-10.123,54.2084],[-10.13064,54.21039],[-10.13241,54.21024],[-10.13144,54.20999],[-10.1324,54.2098],[-10.13501,54.21007],[-10.1349,54.21034],[-10.13411,54.21045],[-10.13573,54.21081],[-10.13569,54.21139],[-10.13262,54.21185],[-10.1324,54.21225],[-10.13355,54.21249],[-10.13471,54.21231],[-10.13545,54.21264],[-10.13476,54.21284],[-10.13371,54.2126],[-10.13322,54.21282],[-10.13329,54.21336],[-10.13155,54.21359],[-10.1326,54.21382],[-10.13256,54.21407],[-10.13369,54.21418],[-10.13387,54.21451],[-10.13332,54.21438],[-10.13258,54.21479],[-10.13172,54.21454]],[[-10.12522,54.20652],[-10.12823,54.20616],[-10.12966,54.20705],[-10.12886,54.20733],[-10.12642,54.20717],[-10.12522,54.20652]],[[-10.12567,54.20115],[-10.12679,54.2009],[-10.12814,54.2012],[-10.12808,54.2018],[-10.12701,54.20215],[-10.1288,54.20316],[-10.12834,54.20345],[-10.12654,54.20288],[-10.12411,54.20264],[-10.12374,54.20218],[-10.12421,54.20176],[-10.12557,54.20173],[-10.12611,54.20138],[-10.12567,54.20115]],[[-10.09789,53.9581],[-10.09632,53.95724],[-10.09708,53.95683],[-10.09731,53.95709],[-10.09786,53.95657],[-10.09822,53.9565],[-10.09871,53.95696],[-10.09921,53.95662],[-10.10031,53.95671],[-10.09979,53.95691],[-10.10053,53.95692],[-10.10192,53.95779],[-10.10317,53.95757],[-10.10243,53.9588],[-10.09889,53.95956],[-10.0983,53.95935],[-10.09832,53.95894],[-10.09788,53.95838],[-10.09873,53.95822],[-10.09789,53.9581]],[[-10.06822,53.67963],[-10.07317,53.67935],[-10.07665,53.68138],[-10.07555,53.68181],[-10.07407,53.68188],[-10.07057,53.68127],[-10.06883,53.68044],[-10.06922,53.68008],[-10.06812,53.67981],[-10.06822,53.67963]],[[-10.08786,54.28352],[-10.08716,54.28204],[-10.08936,54.28153],[-10.09151,54.28209],[-10.09227,54.28258],[-10.09373,54.28223],[-10.09376,54.28277],[-10.09301,54.28327],[-10.0936,54.28359],[-10.09158,54.28457],[-10.08948,54.28427],[-10.08786,54.28352]],[[-9.97752,53.8277],[-9.97756,53.82714],[-9.97575,53.82638],[-9.97555,53.82595],[-9.97522,53.82518],[-9.975,53.82512],[-9.97427,53.82468],[-9.97293,53.82397],[-9.97183,53.82226],[-9.97107,53.82176],[-9.9711,53.82108],[-9.97084,53.82064],[-9.96907,53.81889],[-9.96559,53.81403],[-9.95999,53.81226],[-9.95777,53.8129],[-9.95703,53.81264],[-9.95438,53.81281],[-9.95293,53.81211],[-9.9507,53.81186],[-9.94955,53.81192],[-9.94676,53.81086],[-9.94417,53.81108],[-9.94394,53.80808],[-9.94453,53.80693],[-9.94878,53.80425],[-9.95209,53.80238],[-9.9527,53.80031],[-9.95169,53.79976],[-9.9514,53.80039],[-9.95037,53.79942],[-9.95027,53.79851],[-9.9505,53.79838],[-9.95196,53.79838],[-9.95232,53.79739],[-9.95777,53.79586],[-9.9585,53.79528],[-9.95834,53.79582],[-9.96105,53.79518],[-9.96259,53.79563],[-9.96424,53.79524],[-9.96675,53.79459],[-9.96753,53.79413],[-9.97082,53.79426],[-9.9741,53.79258],[-9.97354,53.79233],[-9.97481,53.79286],[-9.98078,53.79157],[-9.98552,53.7909],[-9.98499,53.79049],[-9.98863,53.79095],[-9.99197,53.7905],[-9.99273,53.79054],[-9.99439,53.79039],[-9.9959,53.79024],[-9.99777,53.79034],[-9.99956,53.79117],[-10.0036,53.79067],[-10.00471,53.79036],[-10.00763,53.78978],[-10.00825,53.79045],[-10.01083,53.7901],[-10.01178,53.78951],[-10.01317,53.79022],[-10.01509,53.78943],[-10.01683,53.78946],[-10.01981,53.79105],[-10.02089,53.79081],[-10.02166,53.79174],[-10.02325,53.79202],[-10.02428,53.7916],[-10.02659,53.79068],[-10.02708,53.79018],[-10.02769,53.79141],[-10.02971,53.79125],[-10.03138,53.7899],[-10.03097,53.78951],[-10.03195,53.78984],[-10.03438,53.79003],[-10.03624,53.79002],[-10.03799,53.79042],[-10.03899,53.78932],[-10.04074,53.78977],[-10.04097,53.79021],[-10.04183,53.78994],[-10.04229,53.79066],[-10.04491,53.79043],[-10.04675,53.79024],[-10.04893,53.78998],[-10.05094,53.78913],[-10.05125,53.7903],[-10.04957,53.79029],[-10.0478,53.79143],[-10.04653,53.79439],[-10.04574,53.79563],[-10.04733,53.79578],[-10.0453,53.79668],[-10.04411,53.79785],[-10.04692,53.79846],[-10.04934,53.80199],[-10.04654,53.80273],[-10.04522,53.80424],[-10.04264,53.8053],[-10.0406,53.80501],[-10.03935,53.80565],[-10.03717,53.80463],[-10.03626,53.80627],[-10.03439,53.80739],[-10.02886,53.80909],[-10.02578,53.81014],[-10.01634,53.81093],[-10.01343,53.81091],[-10.00335,53.81262],[-10.00069,53.81326],[-9.99599,53.81518],[-9.99648,53.81642],[-9.9938,53.81878],[-9.98673,53.82396],[-9.98661,53.82604],[-9.98399,53.82732],[-9.98514,53.82825],[-9.98203,53.82759],[-9.98049,53.82867],[-9.9786,53.82841],[-9.97752,53.8277]],[[-10.04138,53.71136],[-10.04171,53.71088],[-10.04395,53.71096],[-10.04722,53.71184],[-10.04531,53.71188],[-10.04138,53.71136]],[[-10.0554,53.91767],[-10.05586,53.91713],[-10.05704,53.91729],[-10.05579,53.91796],[-10.0554,53.91767]],[[-10.05065,53.91491],[-10.05108,53.91402],[-10.0524,53.91329],[-10.05255,53.91482],[-10.053,53.91455],[-10.05357,53.91472],[-10.05296,53.91542],[-10.05244,53.91512],[-10.05065,53.91491]],[[-10.02572,53.71858],[-10.02356,53.71738],[-10.02451,53.71598],[-10.0216,53.71513],[-10.02156,53.7148],[-10.02585,53.71297],[-10.0273,53.71334],[-10.02737,53.71389],[-10.02818,53.71416],[-10.02941,53.71399],[-10.03052,53.71465],[-10.03039,53.71498],[-10.03317,53.71553],[-10.03407,53.71599],[-10.03395,53.71629],[-10.03502,53.71623],[-10.03629,53.71674],[-10.03692,53.71779],[-10.0363,53.7178],[-10.03642,53.71806],[-10.03686,53.71808],[-10.03798,53.72008],[-10.03881,53.72038],[-10.03877,53.72069],[-10.0365,53.72115],[-10.0342,53.72105],[-10.03053,53.72021],[-10.02933,53.71965],[-10.02708,53.71934],[-10.02677,53.7186],[-10.02572,53.71858]],[[-10.02982,53.91904],[-10.03065,53.91894],[-10.02958,53.91957],[-10.02982,53.91904]],[[-9.99959,53.762],[-9.99997,53.76176],[-10.00048,53.76203],[-9.99959,53.762]],[[-9.99702,53.76105],[-9.99821,53.76089],[-9.99904,53.76169],[-9.99748,53.76184],[-9.99702,53.76105]],[[-10.00518,54.30703],[-10.00588,54.30673],[-10.00649,54.30726],[-10.00588,54.30745],[-10.00518,54.30703]],[[-9.99595,54.30862],[-9.99563,54.30688],[-9.9964,54.30693],[-9.9964,54.30656],[-9.99799,54.30634],[-10.0013,54.30654],[-10.00058,54.3072],[-9.9983,54.30797],[-9.99752,54.30884],[-9.99648,54.30897],[-9.99595,54.30862]],[[-9.97209,53.79167],[-9.97217,53.79157],[-9.97233,53.79162],[-9.97209,53.79167]],[[-9.96493,53.87294],[-9.96069,53.87174],[-9.95917,53.87205],[-9.95681,53.87203],[-9.95355,53.87183],[-9.95162,53.87132],[-9.94993,53.87143],[-9.94893,53.87045],[-9.94555,53.86897],[-9.9439,53.86777],[-9.94376,53.86685],[-9.94457,53.86657],[-9.94427,53.86618],[-9.94536,53.86606],[-9.94795,53.86504],[-9.94677,53.86428],[-9.94511,53.86409],[-9.94531,53.8639],[-9.94454,53.86365],[-9.94475,53.86335],[-9.94397,53.86292],[-9.94375,53.8621],[-9.94418,53.86165],[-9.94298,53.85938],[-9.9432,53.8579],[-9.94447,53.85747],[-9.94554,53.85768],[-9.94529,53.85802],[-9.94759,53.85802],[-9.95024,53.85873],[-9.95062,53.85901],[-9.95035,53.85926],[-9.95173,53.8591],[-9.95288,53.85943],[-9.95616,53.86142],[-9.95691,53.86129],[-9.95794,53.86156],[-9.95744,53.86208],[-9.95599,53.86203],[-9.95624,53.86251],[-9.95543,53.8623],[-9.9525,53.86318],[-9.95376,53.86375],[-9.95505,53.86381],[-9.95387,53.86398],[-9.9551,53.8644],[-9.95364,53.86486],[-9.95351,53.86573],[-9.95845,53.8664],[-9.9595,53.86551],[-9.96335,53.86652],[-9.96363,53.86635],[-9.9627,53.8661],[-9.96477,53.8662],[-9.96493,53.8659],[-9.96647,53.8662],[-9.96696,53.86681],[-9.96524,53.86631],[-9.9646,53.86668],[-9.96636,53.8673],[-9.96556,53.86742],[-9.96483,53.86685],[-9.96469,53.86726],[-9.96253,53.8671],[-9.96346,53.86782],[-9.96375,53.86864],[-9.96475,53.86858],[-9.96453,53.86914],[-9.96656,53.86961],[-9.96652,53.87006],[-9.96695,53.87011],[-9.96643,53.8703],[-9.96648,53.87067],[-9.96727,53.87061],[-9.96732,53.87111],[-9.96652,53.87128],[-9.96671,53.87222],[-9.96463,53.87132],[-9.9651,53.87209],[-9.96429,53.87181],[-9.96342,53.87208],[-9.96352,53.87233],[-9.96457,53.87235],[-9.96568,53.87276],[-9.96493,53.87294]],[[-9.95936,54.27361],[-9.95933,54.27311],[-9.95893,54.27331],[-9.95913,54.27232],[-9.95966,54.27215],[-9.95936,54.27361]],[[-9.88641,54.00296],[-9.88588,54.00119],[-9.88644,54.00016],[-9.88848,53.99986],[-9.88918,54.00009],[-9.88994,54.00119],[-9.89085,54.00039],[-9.89113,53.99817],[-9.89025,53.99726],[-9.88976,53.99454],[-9.89154,53.99277],[-9.89285,53.99044],[-9.89274,53.98933],[-9.89176,53.98854],[-9.89188,53.98693],[-9.89255,53.98623],[-9.89233,53.98503],[-9.89176,53.9845],[-9.89324,53.98433],[-9.89423,53.98467],[-9.89433,53.98496],[-9.89344,53.98537],[-9.8944,53.98743],[-9.8939,53.98815],[-9.89548,53.98866],[-9.89655,53.98866],[-9.89426,53.99122],[-9.89573,53.99094],[-9.89745,53.9915],[-9.89781,53.99181],[-9.89742,53.99221],[-9.89785,53.99247],[-9.8988,53.99249],[-9.89984,53.99204],[-9.90173,53.99211],[-9.90506,53.99138],[-9.90451,53.98971],[-9.90338,53.98867],[-9.9041,53.98818],[-9.90364,53.98723],[-9.90508,53.98704],[-9.90725,53.98827],[-9.90801,53.98799],[-9.90874,53.9881],[-9.90835,53.98712],[-9.90909,53.98704],[-9.90942,53.9886],[-9.90878,53.9891],[-9.90938,53.98985],[-9.90944,53.99103],[-9.90925,53.9916],[-9.90862,53.99156],[-9.90801,53.99211],[-9.90964,53.99288],[-9.91032,53.99247],[-9.91056,53.99166],[-9.91172,53.99169],[-9.91317,53.993],[-9.91208,53.9941],[-9.91242,53.99452],[-9.9129,53.99428],[-9.9136,53.99457],[-9.91361,53.99378],[-9.9147,53.99334],[-9.91249,53.99184],[-9.91277,53.9915],[-9.91355,53.99174],[-9.91393,53.99141],[-9.9135,53.99048],[-9.91262,53.99024],[-9.91246,53.98707],[-9.91182,53.98681],[-9.91092,53.98702],[-9.91116,53.98622],[-9.90956,53.98569],[-9.90802,53.98667],[-9.90802,53.98586],[-9.9093,53.98483],[-9.91191,53.98527],[-9.91331,53.9852],[-9.91511,53.98567],[-9.9168,53.98537],[-9.91749,53.98575],[-9.91758,53.98687],[-9.91703,53.98724],[-9.91768,53.98882],[-9.91947,53.99008],[-9.92207,53.99102],[-9.92253,53.99195],[-9.92215,53.99258],[-9.92245,53.9936],[-9.92496,53.99507],[-9.92455,53.99564],[-9.92238,53.9964],[-9.91953,53.99693],[-9.91706,53.99807],[-9.91522,53.9999],[-9.91436,54.00019],[-9.91305,54.0],[-9.90931,54.00079],[-9.90782,54.00068],[-9.90522,54.0013],[-9.90377,54.00067],[-9.89633,54.00028],[-9.89075,54.00251],[-9.88481,54.00376],[-9.88641,54.00296]],[[-9.88798,53.64575],[-9.88794,53.64539],[-9.88851,53.64542],[-9.88841,53.64574],[-9.88798,53.64575]],[[-9.88068,53.63405],[-9.88113,53.6338],[-9.88401,53.63425],[-9.882,53.63444],[-9.88068,53.63405]],[[-9.90121,54.21912],[-9.90215,54.21898],[-9.90335,54.2196],[-9.90294,54.22007],[-9.90199,54.22033],[-9.90132,54.22022],[-9.90107,54.21972],[-9.90121,54.21912]],[[-9.87914,54.00514],[-9.88394,54.00465],[-9.88316,54.00622],[-9.88141,54.00665],[-9.88123,54.0063],[-9.8801,54.00596],[-9.87821,54.00593],[-9.87914,54.00514]],[[-9.87555,54.00702],[-9.8762,54.00629],[-9.87725,54.00653],[-9.87755,54.00693],[-9.87701,54.00716],[-9.87622,54.00702],[-9.87555,54.00702]],[[-9.85699,53.99062],[-9.85486,53.98673],[-9.85418,53.98412],[-9.85373,53.98355],[-9.85326,53.98377],[-9.85228,53.98366],[-9.85266,53.98311],[-9.85317,53.98315],[-9.85298,53.98111],[-9.85402,53.97976],[-9.85344,53.97746],[-9.85532,53.97591],[-9.85545,53.9738],[-9.8581,53.97258],[-9.86093,53.97224],[-9.86263,53.97151],[-9.86518,53.97121],[-9.86682,53.97051],[-9.86892,53.97022],[-9.87181,53.96884],[-9.87193,53.97025],[-9.87119,53.97185],[-9.87146,53.9738],[-9.86979,53.97411],[-9.86958,53.97441],[-9.87027,53.97603],[-9.86971,53.97566],[-9.86854,53.97585],[-9.86759,53.97564],[-9.86633,53.97611],[-9.86687,53.97718],[-9.87051,53.98107],[-9.87446,53.98407],[-9.87538,53.98604],[-9.87254,53.98618],[-9.87233,53.98709],[-9.87625,53.9896],[-9.8712,53.98948],[-9.86798,53.98842],[-9.86814,53.98862],[-9.8677,53.98848],[-9.86753,53.98877],[-9.86554,53.98929],[-9.86567,53.98987],[-9.86645,53.9904],[-9.86527,53.99006],[-9.86488,53.99022],[-9.86671,53.99164],[-9.86705,53.99343],[-9.865,53.99539],[-9.86359,53.99577],[-9.86198,53.9955],[-9.85968,53.99401],[-9.85699,53.99062]],[[-9.86702,53.9938],[-9.86742,53.9936],[-9.86795,53.99378],[-9.86906,53.99269],[-9.87012,53.99238],[-9.87157,53.99405],[-9.87063,53.99741],[-9.87022,53.99736],[-9.86928,53.99721],[-9.86859,53.99656],[-9.86751,53.99405],[-9.86702,53.9938]],[[-9.86466,54.32835],[-9.86406,54.32811],[-9.86243,54.32852],[-9.86232,54.32793],[-9.86066,54.32626],[-9.86425,54.3249],[-9.86613,54.32565],[-9.8658,54.32636],[-9.86639,54.32692],[-9.8683,54.3271],[-9.86883,54.32742],[-9.86762,54.3278],[-9.86725,54.32825],[-9.86569,54.32857],[-9.86575,54.32995],[-9.86501,54.32961],[-9.86466,54.32835]],[[-9.84931,53.96133],[-9.85023,53.96097],[-9.85075,53.96117],[-9.85061,53.9626],[-9.84945,53.96302],[-9.84979,53.96279],[-9.84829,53.9625],[-9.84931,53.96133]],[[-9.84305,53.96036],[-9.84286,53.95911],[-9.84349,53.96076],[-9.84302,53.96138],[-9.84252,53.96111],[-9.84305,53.96036]],[[-9.82749,53.96573],[-9.82667,53.96556],[-9.82692,53.96512],[-9.82662,53.96527],[-9.82634,53.96485],[-9.82665,53.96461],[-9.82619,53.96492],[-9.82576,53.96443],[-9.82507,53.9644],[-9.82536,53.9639],[-9.82469,53.96401],[-9.82377,53.96362],[-9.82431,53.96277],[-9.82348,53.96304],[-9.82379,53.96328],[-9.82346,53.96363],[-9.82183,53.96337],[-9.82218,53.96207],[-9.82183,53.96218],[-9.82105,53.96159],[-9.82178,53.96244],[-9.82095,53.9629],[-9.82139,53.96257],[-9.82109,53.96243],[-9.82022,53.96285],[-9.82048,53.96316],[-9.81987,53.96346],[-9.81806,53.9629],[-9.81665,53.96326],[-9.81632,53.96307],[-9.81615,53.96262],[-9.81689,53.96221],[-9.81742,53.96215],[-9.81798,53.96253],[-9.81784,53.96225],[-9.81864,53.96187],[-9.8176,53.96144],[-9.81713,53.96153],[-9.81612,53.96076],[-9.81627,53.96044],[-9.81482,53.95852],[-9.8154,53.95775],[-9.81458,53.95723],[-9.81546,53.95708],[-9.81577,53.95627],[-9.81461,53.95472],[-9.81317,53.95437],[-9.81718,53.95188],[-9.8174,53.9494],[-9.81915,53.95012],[-9.82085,53.95025],[-9.82208,53.95115],[-9.81997,53.95391],[-9.82135,53.95782],[-9.82389,53.95972],[-9.82895,53.96057],[-9.8293,53.96124],[-9.82854,53.96286],[-9.82893,53.96385],[-9.83005,53.96428],[-9.83115,53.96425],[-9.83527,53.96565],[-9.83361,53.96519],[-9.83045,53.96565],[-9.82966,53.96601],[-9.82884,53.9657],[-9.82857,53.96603],[-9.82749,53.96573]],[[-9.801,53.96101],[-9.80178,53.96044],[-9.80245,53.96046],[-9.80263,53.95924],[-9.80045,53.95736],[-9.80215,53.95762],[-9.80392,53.95694],[-9.80548,53.95761],[-9.80723,53.95776],[-9.80764,53.95883],[-9.80566,53.95894],[-9.80438,53.96136],[-9.80352,53.96168],[-9.80268,53.96114],[-9.801,53.96101]],[[-9.77785,53.60123],[-9.77797,53.60098],[-9.77806,53.6012],[-9.77785,53.60123]],[[-9.77569,53.89911],[-9.77634,53.89909],[-9.77522,53.89976],[-9.77389,53.89989],[-9.77298,53.90034],[-9.77151,53.90012],[-9.77163,53.89986],[-9.77439,53.89964],[-9.77569,53.89911]],[[-9.79085,54.36819],[-9.79188,54.36748],[-9.79235,54.36788],[-9.79197,54.36817],[-9.79294,54.36844],[-9.79165,54.36875],[-9.79085,54.36819]],[[-9.78984,54.36751],[-9.79086,54.36743],[-9.79002,54.36804],[-9.78945,54.36785],[-9.78984,54.36751]],[[-9.78706,54.36774],[-9.78678,54.36687],[-9.78578,54.36765],[-9.78464,54.36762],[-9.78433,54.36736],[-9.78539,54.36682],[-9.78466,54.36642],[-9.78532,54.36612],[-9.78717,54.36601],[-9.78704,54.36669],[-9.78806,54.36628],[-9.79042,54.36617],[-9.79035,54.36691],[-9.78886,54.36724],[-9.78958,54.36761],[-9.78895,54.36793],[-9.78706,54.36774]],[[-9.78564,54.3656],[-9.78483,54.36473],[-9.78537,54.36448],[-9.78509,54.36405],[-9.78664,54.36342],[-9.78712,54.36417],[-9.78761,54.36372],[-9.78844,54.36469],[-9.7892,54.36447],[-9.78867,54.36482],[-9.78918,54.36489],[-9.78837,54.36507],[-9.78783,54.36487],[-9.78779,54.36535],[-9.7868,54.36564],[-9.78564,54.3656]],[[-9.75279,53.60471],[-9.75274,53.60459],[-9.7531,53.6046],[-9.75279,53.60471]],[[-9.72461,53.88936],[-9.72409,53.88895],[-9.72325,53.88925],[-9.72363,53.8864],[-9.72509,53.88418],[-9.72635,53.88418],[-9.73026,53.88555],[-9.73375,53.88531],[-9.73468,53.88549],[-9.73242,53.8859],[-9.72905,53.88876],[-9.72532,53.8905],[-9.72312,53.891],[-9.72454,53.88998],[-9.72461,53.88936]],[[-9.72646,53.88116],[-9.72889,53.88081],[-9.72937,53.88118],[-9.72909,53.88153],[-9.72846,53.881],[-9.72566,53.88161],[-9.72646,53.88116]],[[-9.70332,53.89415],[-9.70905,53.89342],[-9.71075,53.89379],[-9.71285,53.89498],[-9.71151,53.89568],[-9.70591,53.89597],[-9.70363,53.89564],[-9.70208,53.89475],[-9.70332,53.89415]],[[-9.70729,53.88029],[-9.70939,53.88023],[-9.71048,53.88055],[-9.71229,53.88201],[-9.71202,53.88287],[-9.71064,53.88323],[-9.71,53.88278],[-9.70631,53.88187],[-9.70587,53.88071],[-9.70729,53.88029]],[[-9.70331,53.87525],[-9.709,53.8732],[-9.71092,53.87314],[-9.71176,53.87369],[-9.71118,53.87492],[-9.7091,53.87564],[-9.70767,53.8757],[-9.70504,53.87519],[-9.70251,53.87654],[-9.70246,53.87596],[-9.70331,53.87525]],[[-9.70387,53.88767],[-9.70277,53.88729],[-9.70167,53.88744],[-9.70173,53.8868],[-9.70299,53.88617],[-9.70525,53.88599],[-9.70931,53.88675],[-9.71034,53.88713],[-9.7111,53.88788],[-9.71184,53.88884],[-9.71173,53.88972],[-9.71095,53.88997],[-9.70968,53.88978],[-9.70598,53.88777],[-9.70387,53.88767]],[[-9.69684,53.8905],[-9.699,53.89011],[-9.70099,53.89045],[-9.69753,53.89063],[-9.69684,53.8905]],[[-9.69914,53.87988],[-9.69567,53.87945],[-9.69473,53.87962],[-9.6946,53.8793],[-9.69685,53.87865],[-9.69934,53.87885],[-9.69984,53.87926],[-9.69914,53.87988]],[[-9.6922,53.89093],[-9.69658,53.89084],[-9.69655,53.8926],[-9.69774,53.89321],[-9.6981,53.89402],[-9.69714,53.8944],[-9.69397,53.89389],[-9.69382,53.89299],[-9.69017,53.89292],[-9.68843,53.89232],[-9.68848,53.89194],[-9.6922,53.89093]],[[-9.68974,53.89507],[-9.69221,53.89496],[-9.69424,53.89513],[-9.69551,53.89568],[-9.69337,53.89679],[-9.68954,53.89737],[-9.68663,53.89635],[-9.68636,53.8957],[-9.68974,53.89507]],[[-9.68836,53.88339],[-9.69126,53.88321],[-9.69472,53.88401],[-9.69431,53.8853],[-9.69304,53.88548],[-9.68874,53.88535],[-9.68632,53.88475],[-9.6862,53.88445],[-9.68836,53.88339]],[[-9.68877,53.87986],[-9.69032,53.87974],[-9.69168,53.88004],[-9.69065,53.88022],[-9.68877,53.87986]],[[-9.68509,53.87621],[-9.68667,53.87611],[-9.68757,53.87633],[-9.6854,53.87682],[-9.68387,53.87668],[-9.68509,53.87621]],[[-9.67618,53.61186],[-9.67685,53.61177],[-9.67674,53.61192],[-9.67618,53.61186]],[[-9.68444,53.89725],[-9.68658,53.89712],[-9.68802,53.8975],[-9.68691,53.89774],[-9.68444,53.89725]],[[-9.67791,53.88249],[-9.67843,53.88214],[-9.68451,53.8822],[-9.68189,53.88302],[-9.67791,53.88249]],[[-9.67866,53.89336],[-9.68127,53.89279],[-9.68293,53.89301],[-9.68411,53.89359],[-9.68299,53.89392],[-9.68045,53.89382],[-9.67884,53.89362],[-9.67866,53.89336]],[[-9.67233,53.88899],[-9.67071,53.88824],[-9.67648,53.88891],[-9.68291,53.88852],[-9.68368,53.88884],[-9.68332,53.88932],[-9.68142,53.88964],[-9.68135,53.89102],[-9.67792,53.8915],[-9.67448,53.8908],[-9.67233,53.88899]],[[-9.65331,53.84489],[-9.65546,53.84255],[-9.66059,53.84302],[-9.66036,53.84192],[-9.65847,53.83969],[-9.65774,53.83965],[-9.66032,53.83825],[-9.66445,53.83727],[-9.6689,53.83759],[-9.67181,53.83741],[-9.67366,53.83669],[-9.67423,53.83581],[-9.67698,53.83588],[-9.67825,53.83502],[-9.67988,53.83469],[-9.67849,53.8352],[-9.6753,53.83771],[-9.67174,53.83942],[-9.67109,53.8403],[-9.67118,53.84279],[-9.67086,53.84296],[-9.66683,53.84351],[-9.66785,53.8419],[-9.66972,53.84076],[-9.67082,53.84058],[-9.66998,53.84006],[-9.6701,53.83975],[-9.67142,53.83939],[-9.67147,53.83888],[-9.67417,53.8379],[-9.6711,53.83809],[-9.66797,53.83886],[-9.66502,53.84039],[-9.66345,53.84215],[-9.66103,53.84307],[-9.66146,53.84351],[-9.66094,53.84315],[-9.65998,53.84421],[-9.65685,53.84555],[-9.65371,53.84618],[-9.64849,53.84672],[-9.64889,53.84648],[-9.65331,53.84489]],[[-9.67954,53.83362],[-9.67588,53.8321],[-9.67863,53.83295],[-9.67954,53.83362]],[[-9.67328,53.87886],[-9.6768,53.87866],[-9.67951,53.87908],[-9.67601,53.87941],[-9.67328,53.87886]],[[-9.66705,53.85033],[-9.66695,53.84999],[-9.66871,53.8502],[-9.67315,53.8493],[-9.67347,53.84894],[-9.67447,53.84873],[-9.67465,53.84791],[-9.67374,53.84773],[-9.6726,53.84799],[-9.6711,53.84722],[-9.66917,53.84701],[-9.66395,53.84798],[-9.66148,53.8481],[-9.6633,53.84666],[-9.66468,53.84628],[-9.66792,53.84615],[-9.67165,53.84696],[-9.67577,53.84664],[-9.6751,53.84755],[-9.67491,53.84931],[-9.67155,53.85158],[-9.6703,53.85296],[-9.66902,53.85352],[-9.66773,53.85357],[-9.66678,53.85329],[-9.66791,53.85195],[-9.66705,53.85033]],[[-9.66608,53.80633],[-9.66626,53.80607],[-9.6684,53.80774],[-9.67007,53.81101],[-9.67191,53.8116],[-9.6729,53.81228],[-9.67321,53.81324],[-9.67251,53.81398],[-9.66897,53.81205],[-9.67044,53.81159],[-9.66939,53.81071],[-9.66836,53.80899],[-9.66543,53.80841],[-9.66655,53.80788],[-9.66712,53.80717],[-9.66608,53.80633]],[[-9.66191,53.8295],[-9.66497,53.82842],[-9.66821,53.82818],[-9.67051,53.82647],[-9.67221,53.82928],[-9.67341,53.83039],[-9.67082,53.82858],[-9.66927,53.82859],[-9.66825,53.8293],[-9.66863,53.82887],[-9.66772,53.82916],[-9.665,53.83114],[-9.66321,53.83092],[-9.66191,53.8295]],[[-9.67131,53.87353],[-9.67189,53.87346],[-9.67364,53.87353],[-9.6747,53.87398],[-9.67375,53.87427],[-9.67186,53.87406],[-9.67131,53.87353]],[[-9.66914,53.85709],[-9.67039,53.85685],[-9.67244,53.85702],[-9.67112,53.85882],[-9.66996,53.85938],[-9.66788,53.85906],[-9.66724,53.85815],[-9.66841,53.85788],[-9.66914,53.85709]],[[-9.66472,53.88533],[-9.66829,53.88493],[-9.67191,53.88541],[-9.66927,53.88632],[-9.66793,53.88761],[-9.66447,53.88785],[-9.66248,53.88765],[-9.66195,53.88698],[-9.66306,53.88597],[-9.66472,53.88533]],[[-9.65768,53.80957],[-9.65699,53.8088],[-9.65914,53.80896],[-9.65957,53.80976],[-9.65768,53.80957]],[[-9.65212,53.83212],[-9.65315,53.83193],[-9.65922,53.83207],[-9.65501,53.83415],[-9.65349,53.83366],[-9.65177,53.83253],[-9.65212,53.83212]],[[-9.65258,53.80492],[-9.65286,53.8041],[-9.65791,53.8048],[-9.6575,53.80656],[-9.65597,53.80676],[-9.65258,53.80492]],[[-9.64451,53.85051],[-9.64593,53.85028],[-9.64983,53.85033],[-9.65057,53.84986],[-9.65023,53.84872],[-9.65116,53.84857],[-9.65684,53.84808],[-9.65943,53.84821],[-9.6556,53.84893],[-9.65424,53.84976],[-9.64795,53.85141],[-9.64548,53.85158],[-9.64314,53.8509],[-9.64451,53.85051]],[[-9.64701,53.82133],[-9.6466,53.82114],[-9.64786,53.82097],[-9.65361,53.82123],[-9.65626,53.82105],[-9.65724,53.82123],[-9.65764,53.82166],[-9.65623,53.82245],[-9.65581,53.82332],[-9.65446,53.82414],[-9.65256,53.82623],[-9.6503,53.8259],[-9.64843,53.82516],[-9.65005,53.82409],[-9.65062,53.82231],[-9.65013,53.82188],[-9.64701,53.82133]],[[-9.65585,53.81309],[-9.6568,53.8123],[-9.65715,53.81297],[-9.65695,53.8133],[-9.65638,53.81328],[-9.65585,53.81309]],[[-9.65343,53.88297],[-9.65676,53.8829],[-9.65952,53.88325],[-9.65974,53.88373],[-9.65901,53.88448],[-9.6562,53.88439],[-9.65331,53.88362],[-9.65195,53.8833],[-9.65343,53.88297]],[[-9.6511,53.85672],[-9.65358,53.85637],[-9.65638,53.85649],[-9.65831,53.85699],[-9.65802,53.85853],[-9.65691,53.85929],[-9.65079,53.86021],[-9.65277,53.85889],[-9.65307,53.85802],[-9.65283,53.85749],[-9.65104,53.85695],[-9.6511,53.85672]],[[-9.65097,53.85256],[-9.65317,53.85231],[-9.65596,53.85241],[-9.65732,53.85275],[-9.65528,53.85347],[-9.65327,53.85338],[-9.65097,53.85256]],[[-9.64801,53.79729],[-9.64856,53.79679],[-9.65214,53.79671],[-9.65392,53.79701],[-9.65379,53.79532],[-9.65419,53.79541],[-9.65457,53.79689],[-9.65298,53.79882],[-9.65121,53.79973],[-9.64862,53.80033],[-9.64908,53.79937],[-9.64891,53.79868],[-9.64793,53.79779],[-9.64801,53.79729]],[[-9.65419,53.8407],[-9.65295,53.84012],[-9.65606,53.84043],[-9.65419,53.8407]],[[-9.65454,53.86616],[-9.65681,53.86582],[-9.65579,53.86636],[-9.65454,53.86616]],[[-9.651,53.87655],[-9.65314,53.87631],[-9.65504,53.87672],[-9.65611,53.87758],[-9.6563,53.8787],[-9.65553,53.87881],[-9.65091,53.87695],[-9.651,53.87655]],[[-9.65226,53.8734],[-9.65338,53.87321],[-9.65457,53.87322],[-9.65528,53.87373],[-9.65341,53.87388],[-9.65226,53.8734]],[[-9.63281,53.83811],[-9.62914,53.83598],[-9.62918,53.83551],[-9.63047,53.83515],[-9.63085,53.83457],[-9.62805,53.83255],[-9.62779,53.83058],[-9.63282,53.82882],[-9.63252,53.82859],[-9.63096,53.82855],[-9.62981,53.82803],[-9.62952,53.82747],[-9.63329,53.82709],[-9.63945,53.8274],[-9.64125,53.82725],[-9.64126,53.82753],[-9.63764,53.82811],[-9.63756,53.82912],[-9.63841,53.82944],[-9.64287,53.82914],[-9.64401,53.8294],[-9.64407,53.82971],[-9.64078,53.83013],[-9.63849,53.8313],[-9.63717,53.83314],[-9.63608,53.83361],[-9.6337,53.83379],[-9.63334,53.83436],[-9.63373,53.83544],[-9.6351,53.83608],[-9.64074,53.83589],[-9.64238,53.83552],[-9.6432,53.835],[-9.6457,53.83465],[-9.64891,53.83466],[-9.65201,53.83515],[-9.64565,53.83714],[-9.63469,53.83814],[-9.63281,53.83811]],[[-9.64562,53.80179],[-9.64864,53.8015],[-9.64996,53.80178],[-9.64838,53.80335],[-9.64797,53.80337],[-9.64562,53.80179]],[[-9.63697,53.81713],[-9.63578,53.81608],[-9.63807,53.81615],[-9.64187,53.81685],[-9.64426,53.81682],[-9.64868,53.81837],[-9.6458,53.81868],[-9.63853,53.81768],[-9.63697,53.81713]],[[-9.64486,53.88054],[-9.64776,53.8804],[-9.65031,53.88058],[-9.65074,53.88085],[-9.65006,53.88139],[-9.649,53.88156],[-9.64528,53.88092],[-9.64486,53.88054]],[[-9.64072,53.78948],[-9.63974,53.78917],[-9.63951,53.78801],[-9.64002,53.7888],[-9.6415,53.78942],[-9.64277,53.78825],[-9.64214,53.78756],[-9.64318,53.78684],[-9.64403,53.78744],[-9.64546,53.78736],[-9.6455,53.78766],[-9.64331,53.78824],[-9.64162,53.78957],[-9.64113,53.78972],[-9.64072,53.78948]],[[-9.64186,53.87451],[-9.64485,53.87433],[-9.64833,53.87462],[-9.64464,53.87575],[-9.64297,53.87549],[-9.64168,53.87538],[-9.64097,53.87481],[-9.64186,53.87451]],[[-9.62669,53.84439],[-9.63044,53.84371],[-9.63258,53.84403],[-9.63328,53.84388],[-9.6346,53.84304],[-9.63629,53.84271],[-9.63683,53.84214],[-9.6364,53.842],[-9.63688,53.84202],[-9.63777,53.841],[-9.63986,53.84016],[-9.64401,53.84099],[-9.64572,53.84183],[-9.64095,53.844],[-9.63731,53.84491],[-9.63463,53.84511],[-9.63424,53.84588],[-9.63049,53.84588],[-9.62848,53.84552],[-9.62669,53.84439]],[[-9.63643,53.84632],[-9.64133,53.84603],[-9.64576,53.84706],[-9.64271,53.84786],[-9.64075,53.84807],[-9.63918,53.84784],[-9.63812,53.84723],[-9.63643,53.84632]],[[-9.63968,53.80037],[-9.63561,53.79975],[-9.6342,53.79985],[-9.63425,53.79887],[-9.63654,53.79847],[-9.63738,53.79791],[-9.6404,53.79774],[-9.64371,53.79827],[-9.63968,53.80037]],[[-9.64373,53.88639],[-9.64067,53.88596],[-9.64028,53.88596],[-9.64105,53.8852],[-9.6409,53.88466],[-9.64316,53.88461],[-9.64599,53.88519],[-9.64373,53.88639]],[[-9.62545,53.80987],[-9.6261,53.80882],[-9.63128,53.80977],[-9.63157,53.81026],[-9.63079,53.81072],[-9.63115,53.81147],[-9.63446,53.8122],[-9.63804,53.81364],[-9.63412,53.81322],[-9.63004,53.81258],[-9.62945,53.8118],[-9.62959,53.81079],[-9.6272,53.81062],[-9.62545,53.80987]],[[-9.63793,53.8728],[-9.63708,53.87237],[-9.64,53.87259],[-9.63793,53.8728]],[[-9.62748,53.88709],[-9.63356,53.8862],[-9.64013,53.88605],[-9.63927,53.88702],[-9.63439,53.88708],[-9.63334,53.88737],[-9.62962,53.88702],[-9.62813,53.88754],[-9.62684,53.88751],[-9.62748,53.88709]],[[-9.63084,53.80387],[-9.63482,53.80378],[-9.63589,53.80423],[-9.63454,53.80538],[-9.63229,53.80635],[-9.63111,53.80642],[-9.62771,53.80579],[-9.62688,53.80452],[-9.63084,53.80387]],[[-9.62858,53.86027],[-9.6324,53.85925],[-9.6376,53.85978],[-9.63489,53.8616],[-9.63298,53.86183],[-9.63045,53.86135],[-9.62858,53.86027]],[[-9.62858,53.86657],[-9.63067,53.86625],[-9.63534,53.86643],[-9.63595,53.86674],[-9.63532,53.86744],[-9.63372,53.86776],[-9.62959,53.86715],[-9.62858,53.86657]],[[-9.63058,53.84204],[-9.63236,53.84184],[-9.63443,53.84214],[-9.63247,53.84283],[-9.63058,53.84204]],[[-9.62359,53.81853],[-9.6276,53.81801],[-9.63054,53.81848],[-9.63099,53.81905],[-9.63285,53.81984],[-9.63242,53.82049],[-9.63126,53.82091],[-9.62689,53.82098],[-9.62537,53.82064],[-9.62628,53.82052],[-9.62405,53.81967],[-9.62341,53.8191],[-9.62359,53.81853]],[[-9.62325,53.85211],[-9.62639,53.85176],[-9.62853,53.85188],[-9.63398,53.85329],[-9.63376,53.8536],[-9.63128,53.85405],[-9.62782,53.8538],[-9.62456,53.85316],[-9.62471,53.85282],[-9.62325,53.85211]],[[-9.62755,53.84761],[-9.62773,53.84676],[-9.6317,53.84717],[-9.63314,53.84771],[-9.63275,53.84819],[-9.63101,53.84828],[-9.62755,53.84761]],[[-9.61761,53.87121],[-9.61516,53.8706],[-9.6175,53.87006],[-9.62799,53.87046],[-9.62962,53.86984],[-9.63285,53.86989],[-9.62909,53.87059],[-9.6265,53.87048],[-9.62124,53.8714],[-9.61994,53.87134],[-9.61761,53.87121]],[[-9.62906,53.81616],[-9.62772,53.81597],[-9.63019,53.81614],[-9.62906,53.81616]],[[-9.62555,53.87647],[-9.62974,53.87631],[-9.63181,53.87674],[-9.63021,53.87704],[-9.62865,53.87673],[-9.62555,53.87647]],[[-9.62321,53.8785],[-9.62528,53.87839],[-9.62868,53.87896],[-9.6281,53.87979],[-9.62854,53.88092],[-9.62672,53.88092],[-9.62334,53.88055],[-9.62163,53.88003],[-9.62114,53.87956],[-9.62145,53.87914],[-9.62321,53.8785]],[[-9.6257,53.8381],[-9.62482,53.83786],[-9.62598,53.83757],[-9.62639,53.83781],[-9.62613,53.83801],[-9.62696,53.83799],[-9.6263,53.83827],[-9.6257,53.8381]],[[-9.62348,53.8551],[-9.62435,53.85492],[-9.62636,53.855],[-9.62718,53.85532],[-9.62599,53.85579],[-9.62348,53.8551]],[[-9.62571,53.84899],[-9.62464,53.84787],[-9.62572,53.84808],[-9.62631,53.84893],[-9.62682,53.84884],[-9.6266,53.84922],[-9.62571,53.84899]],[[-9.62113,53.86515],[-9.62116,53.8647],[-9.62425,53.86487],[-9.62619,53.86553],[-9.62468,53.86583],[-9.62192,53.86557],[-9.62113,53.86515]],[[-9.62276,53.81168],[-9.62302,53.81149],[-9.62368,53.81153],[-9.62407,53.81259],[-9.62361,53.81196],[-9.62276,53.81168]],[[-9.60578,53.8514],[-9.60483,53.85068],[-9.6054,53.85021],[-9.60668,53.85034],[-9.60698,53.85015],[-9.60791,53.85057],[-9.60985,53.85007],[-9.61298,53.84978],[-9.6181,53.84976],[-9.618,53.84919],[-9.6173,53.84904],[-9.61689,53.84849],[-9.61724,53.84869],[-9.619,53.84857],[-9.61953,53.84901],[-9.6221,53.84892],[-9.62395,53.84953],[-9.62478,53.85035],[-9.62416,53.85104],[-9.62116,53.85173],[-9.61502,53.85118],[-9.60983,53.8519],[-9.60578,53.8514]],[[-9.61875,53.84798],[-9.61736,53.84752],[-9.61883,53.84696],[-9.62004,53.84762],[-9.62194,53.84733],[-9.62214,53.84775],[-9.62052,53.84822],[-9.61875,53.84798]],[[-9.61794,53.8105],[-9.61824,53.81026],[-9.62045,53.81056],[-9.62012,53.811],[-9.61953,53.81068],[-9.61794,53.8105]],[[-9.61511,53.88775],[-9.61887,53.88699],[-9.62336,53.88767],[-9.62279,53.88865],[-9.6195,53.88873],[-9.61511,53.88775]],[[-9.61639,53.86099],[-9.61872,53.86042],[-9.6205,53.86068],[-9.6209,53.86109],[-9.62026,53.8615],[-9.61807,53.8612],[-9.61639,53.86099]],[[-9.61608,53.80165],[-9.61609,53.80145],[-9.61687,53.80165],[-9.61711,53.80201],[-9.61608,53.80165]],[[-9.60961,53.88267],[-9.61202,53.882],[-9.61724,53.88227],[-9.61924,53.88196],[-9.61591,53.88278],[-9.61451,53.8838],[-9.61386,53.88389],[-9.61216,53.88363],[-9.60961,53.88267]],[[-9.61048,53.85858],[-9.60896,53.85833],[-9.60751,53.85843],[-9.60611,53.85808],[-9.60661,53.85738],[-9.60652,53.85627],[-9.60578,53.85503],[-9.60768,53.85462],[-9.60829,53.85436],[-9.6081,53.85409],[-9.60838,53.85433],[-9.61115,53.85416],[-9.6156,53.85552],[-9.6146,53.85645],[-9.61412,53.85854],[-9.61319,53.85959],[-9.61213,53.85959],[-9.61048,53.85858]],[[-9.59666,53.86238],[-9.59277,53.86123],[-9.59285,53.86047],[-9.59587,53.85986],[-9.59572,53.85948],[-9.59432,53.85915],[-9.59614,53.85938],[-9.59767,53.86029],[-9.6075,53.86153],[-9.60907,53.86209],[-9.60877,53.86238],[-9.60735,53.86249],[-9.60524,53.86186],[-9.60174,53.86172],[-9.60012,53.86259],[-9.59773,53.86245],[-9.59666,53.86238]],[[-9.60484,53.80152],[-9.60346,53.8004],[-9.60454,53.80091],[-9.60484,53.80152]],[[-9.59701,53.87705],[-9.59596,53.87631],[-9.59475,53.87657],[-9.59588,53.87597],[-9.60017,53.87545],[-9.60332,53.8755],[-9.60686,53.87611],[-9.59924,53.87721],[-9.59701,53.87705]],[[-9.59806,53.78377],[-9.5987,53.78354],[-9.59984,53.78364],[-9.60198,53.78264],[-9.60258,53.78273],[-9.60258,53.78332],[-9.60069,53.78387],[-9.60076,53.78463],[-9.59962,53.78515],[-9.60014,53.78415],[-9.59855,53.78405],[-9.59806,53.78377]],[[-9.59444,53.8795],[-9.59666,53.87889],[-9.59914,53.87895],[-9.60082,53.87943],[-9.59684,53.88039],[-9.59311,53.8804],[-9.59444,53.8795]],[[-9.59822,53.89178],[-9.60004,53.8917],[-9.59966,53.89197],[-9.59822,53.89178]],[[-9.58761,53.87007],[-9.59011,53.86951],[-9.59284,53.86976],[-9.59676,53.87095],[-9.59699,53.87126],[-9.59454,53.87319],[-9.59132,53.87456],[-9.58894,53.8749],[-9.58964,53.87427],[-9.58778,53.87289],[-9.58923,53.87179],[-9.5892,53.87139],[-9.58714,53.87051],[-9.58761,53.87007]],[[-9.58681,53.78723],[-9.58541,53.78698],[-9.58619,53.78688],[-9.58698,53.78721],[-9.588,53.78702],[-9.58849,53.7875],[-9.58752,53.78789],[-9.58681,53.78723]],[[-9.58282,53.86226],[-9.58648,53.8614],[-9.58907,53.86206],[-9.58955,53.86249],[-9.58747,53.86379],[-9.58625,53.86403],[-9.58369,53.86353],[-9.58182,53.86281],[-9.58134,53.86232],[-9.58282,53.86226]],[[-9.58389,53.78291],[-9.58247,53.78233],[-9.58454,53.78291],[-9.5845,53.78336],[-9.58611,53.78416],[-9.58436,53.78349],[-9.58389,53.78291]],[[-9.57356,53.79479],[-9.57455,53.7947],[-9.57743,53.79549],[-9.57616,53.79594],[-9.57456,53.79599],[-9.57466,53.79534],[-9.57356,53.79479]],[[-9.57551,53.89153],[-9.57619,53.89111],[-9.57829,53.89119],[-9.57731,53.89177],[-9.57587,53.89161],[-9.57551,53.89153]],[[-9.5679,53.79975],[-9.56902,53.798],[-9.56959,53.7992],[-9.56918,53.79972],[-9.56821,53.79997],[-9.5679,53.79975]],[[-9.56132,54.32248],[-9.56133,54.32189],[-9.56193,54.32091],[-9.56162,54.32032],[-9.56436,54.32149],[-9.56436,54.32197],[-9.56534,54.32209],[-9.56528,54.32252],[-9.56374,54.32222],[-9.56197,54.32264],[-9.56132,54.32248]],[[-9.17305,54.21811],[-9.16845,54.21734],[-9.16477,54.2172],[-9.1616,54.2163],[-9.15845,54.21594],[-9.15493,54.21425],[-9.15042,54.20979],[-9.14583,54.2076],[-9.1434,54.20685],[-9.14173,54.20314],[-9.13974,54.20145],[-9.13947,54.2004],[-9.14075,54.20052],[-9.14455,54.19968],[-9.14696,54.19961],[-9.14762,54.20021],[-9.14905,54.20057],[-9.14949,54.20137],[-9.14907,54.20229],[-9.14977,54.20312],[-9.14808,54.20398],[-9.14747,54.20446],[-9.14884,54.20579],[-9.15289,54.20675],[-9.15312,54.20703],[-9.15393,54.20625],[-9.15369,54.20527],[-9.15455,54.20555],[-9.15508,54.20596],[-9.15432,54.20621],[-9.15407,54.20811],[-9.15489,54.21032],[-9.15801,54.2124],[-9.16222,54.21434],[-9.16521,54.21507],[-9.16787,54.21506],[-9.17741,54.21638],[-9.17992,54.21742],[-9.18078,54.21736],[-9.18889,54.21904],[-9.19584,54.2208],[-9.19948,54.22229],[-9.1989,54.22374],[-9.19636,54.22406],[-9.19296,54.2236],[-9.18713,54.22171],[-9.17305,54.21811]]]]}},{"type":"Feature","properties":{"county_id":"30","county":"Roscommon County","nuts3":"West"},"geometry":{"type":"MultiPolygon","coordinates":[[[[-8.14067,54.12383],[-8.09586,54.10901],[-8.04757,54.07159],[-8.07659,54.05353],[-8.09118,54.02613],[-8.07885,54.0028],[-8.0691,53.98638],[-8.11528,53.95402],[-8.0844,53.94272],[-8.07578,53.92309],[-8.03878,53.91806],[-8.01079,53.9333],[-7.99115,53.91153],[-7.95694,53.86392],[-7.91873,53.82695],[-7.88045,53.77619],[-7.91687,53.74423],[-7.94965,53.71338],[-7.98782,53.69875],[-8.00759,53.66228],[-7.96576,53.51064],[-7.95251,53.43144],[-7.93047,53.39997],[-7.92586,53.3615],[-7.96045,53.337],[-8.00412,53.32196],[-8.03873,53.29121],[-8.07568,53.27238],[-8.13555,53.28165],[-8.18015,53.29136],[-8.18997,53.31699],[-8.20946,53.34546],[-8.2291,53.35766],[-8.23713,53.38068],[-8.22878,53.39933],[-8.25731,53.41965],[-8.24166,53.43833],[-8.26304,53.45628],[-8.27052,53.47957],[-8.28757,53.50675],[-8.28455,53.52687],[-8.29127,53.54509],[-8.30049,53.56465],[-8.30654,53.57817],[-8.34824,53.59138],[-8.37362,53.59876],[-8.39341,53.62367],[-8.39733,53.63279],[-8.36381,53.65173],[-8.39556,53.66238],[-8.42773,53.6711],[-8.44583,53.68895],[-8.45261,53.70582],[-8.53387,53.71631],[-8.61045,53.706],[-8.6398,53.69773],[-8.66512,53.67522],[-8.74867,53.66216],[-8.81372,53.66217],[-8.80562,53.67762],[-8.79076,53.69578],[-8.77452,53.68824],[-8.75798,53.69817],[-8.71678,53.71216],[-8.70056,53.73374],[-8.68068,53.75302],[-8.66769,53.77604],[-8.69968,53.79622],[-8.73943,53.80994],[-8.71551,53.82872],[-8.71636,53.83509],[-8.71754,53.84152],[-8.71458,53.847],[-8.69518,53.85552],[-8.70482,53.8735],[-8.63544,53.86868],[-8.62055,53.8817],[-8.64819,53.9027],[-8.68154,53.94658],[-8.68983,53.96066],[-8.68178,53.96922],[-8.63719,53.96208],[-8.59926,53.95635],[-8.5428,53.9549],[-8.51826,53.92592],[-8.43128,53.92685],[-8.3329,53.92772],[-8.36029,53.95122],[-8.40772,53.96032],[-8.39868,53.96443],[-8.38466,53.98559],[-8.38552,53.99879],[-8.31936,54.00426],[-8.30807,54.0245],[-8.27702,54.04194],[-8.25473,54.04909],[-8.23775,54.05484],[-8.21697,54.07302],[-8.21086,54.08532],[-8.16802,54.09901],[-8.15706,54.11384],[-8.14067,54.12383]]]]}},{"type":"Feature","properties":{"county_id":"31","county":"Sligo County","nuts3":"Border"},"geometry":{"type":"MultiPolygon","coordinates":[[[[-8.45459,54.47302],[-8.44041,54.45428],[-8.39914,54.46359],[-8.37321,54.45023],[-8.40699,54.4162],[-8.37263,54.42343],[-8.34687,54.41647],[-8.39352,54.35979],[-8.37591,54.31387],[-8.34585,54.2704],[-8.34076,54.22352],[-8.34076,54.19907],[-8.32324,54.17501],[-8.22058,54.14902],[-8.1901,54.12782],[-8.15587,54.10396],[-8.21139,54.08432],[-8.22818,54.06005],[-8.25497,54.05033],[-8.30622,54.03194],[-8.32256,54.00315],[-8.39448,54.0003],[-8.39899,53.96493],[-8.37745,53.95186],[-8.33627,53.92624],[-8.46908,53.91301],[-8.55121,53.95313],[-8.593,53.99244],[-8.64744,54.0335],[-8.70588,53.99688],[-8.75486,53.97636],[-8.77038,53.97604],[-8.78225,53.97353],[-8.78406,53.96633],[-8.79395,53.96558],[-8.79882,53.96653],[-8.80783,53.96669],[-8.81772,53.96671],[-8.86385,53.98872],[-8.89173,54.02195],[-8.95789,54.02279],[-9.00408,54.02562],[-9.01409,54.0381],[-9.00956,54.05481],[-8.97885,54.06909],[-8.96,54.10231],[-8.93837,54.13181],[-9.00574,54.15307],[-9.05253,54.15682],[-9.08033,54.14479],[-9.13417,54.16352],[-9.12415,54.18167],[-9.10996,54.20259],[-9.09416,54.22621],[-9.06373,54.26624],[-9.02825,54.29468],[-8.97283,54.29141],[-8.94212,54.29324],[-8.89774,54.27458],[-8.85677,54.26393],[-8.83555,54.25516],[-8.80999,54.25795],[-8.78034,54.27238],[-8.74972,54.26758],[-8.69985,54.2687],[-8.65676,54.26978],[-8.63132,54.24939],[-8.64142,54.25181],[-8.6306,54.24493],[-8.617,54.23549],[-8.60556,54.22813],[-8.57767,54.21662],[-8.51282,54.21584],[-8.53281,54.22885],[-8.54569,54.22347],[-8.5581,54.22951],[-8.57436,54.24167],[-8.59728,54.25341],[-8.61232,54.26794],[-8.584,54.27624],[-8.56097,54.27683],[-8.49864,54.28492],[-8.54942,54.30485],[-8.5728,54.31797],[-8.55189,54.32048],[-8.50312,54.32822],[-8.55044,54.33262],[-8.57724,54.34412],[-8.64326,54.32357],[-8.65046,54.33399],[-8.67682,54.355],[-8.67512,54.36167],[-8.64293,54.37011],[-8.60043,54.38395],[-8.5686,54.39745],[-8.52879,54.41975],[-8.51949,54.41508],[-8.55588,54.39629],[-8.53851,54.40017],[-8.50946,54.4141],[-8.48274,54.43172],[-8.47628,54.45381],[-8.46822,54.46381],[-8.45577,54.47295],[-8.45459,54.47302]],[[-9.09316,54.21302],[-9.09317,54.21303],[-9.09318,54.21303],[-9.09317,54.21302],[-9.09316,54.21302]],[[-8.49128,54.2896],[-8.49092,54.28799],[-8.49023,54.28808],[-8.48927,54.28721],[-8.48801,54.28755],[-8.48868,54.28707],[-8.49128,54.28711],[-8.49159,54.28641],[-8.49099,54.28577],[-8.48415,54.28779],[-8.4861,54.28787],[-8.48851,54.28839],[-8.48921,54.28827],[-8.49006,54.28896],[-8.48973,54.28968],[-8.49097,54.29002],[-8.49128,54.2896]],[[-8.69082,54.34762],[-8.6933,54.34496],[-8.69392,54.34484],[-8.69369,54.34608],[-8.69415,54.34605],[-8.69293,54.34733],[-8.69156,54.34785],[-8.69082,54.34762]],[[-8.68804,54.33453],[-8.68778,54.33345],[-8.68822,54.33411],[-8.68804,54.33453]],[[-8.68223,54.34133],[-8.68182,54.34098],[-8.68264,54.34109],[-8.68223,54.34133]],[[-8.67358,54.34369],[-8.67546,54.34293],[-8.67708,54.34308],[-8.67835,54.34271],[-8.67791,54.3437],[-8.67627,54.3439],[-8.67358,54.34369]],[[-8.6765,54.34173],[-8.67736,54.3417],[-8.67608,54.34215],[-8.6765,54.34173]],[[-8.65568,54.4362],[-8.65457,54.43591],[-8.6535,54.43597],[-8.65251,54.43547],[-8.65088,54.43534],[-8.6454,54.43293],[-8.65033,54.43123],[-8.65796,54.43001],[-8.65875,54.42983],[-8.65861,54.42961],[-8.66072,54.42957],[-8.66012,54.42935],[-8.66082,54.42892],[-8.6617,54.4293],[-8.66056,54.42984],[-8.6616,54.42964],[-8.66094,54.4302],[-8.66178,54.43009],[-8.66229,54.43042],[-8.66324,54.42903],[-8.66494,54.42865],[-8.66589,54.42816],[-8.66812,54.4285],[-8.66836,54.42911],[-8.66834,54.42847],[-8.66952,54.42867],[-8.6688,54.42829],[-8.66959,54.42833],[-8.66978,54.42873],[-8.66896,54.42875],[-8.66978,54.42882],[-8.66991,54.42915],[-8.66931,54.42941],[-8.67082,54.42941],[-8.66968,54.42977],[-8.67038,54.42982],[-8.67103,54.43111],[-8.67153,54.4313],[-8.67168,54.43233],[-8.67278,54.43244],[-8.67284,54.43288],[-8.66876,54.43392],[-8.664,54.43598],[-8.66211,54.43609],[-8.65885,54.43573],[-8.65568,54.4362]],[[-8.66404,54.42872],[-8.66475,54.42805],[-8.665,54.42825],[-8.66486,54.42855],[-8.66404,54.42872]],[[-8.60825,54.28815],[-8.60704,54.28757],[-8.60563,54.28781],[-8.60373,54.28726],[-8.60326,54.28662],[-8.60334,54.28538],[-8.60384,54.28532],[-8.60582,54.28627],[-8.60666,54.28591],[-8.60666,54.28531],[-8.60723,54.28533],[-8.6085,54.28734],[-8.61006,54.28749],[-8.61068,54.28796],[-8.61341,54.28748],[-8.61207,54.28804],[-8.60825,54.28815]],[[-8.59237,54.3059],[-8.59163,54.30568],[-8.59064,54.30589],[-8.59049,54.30552],[-8.58916,54.30496],[-8.58417,54.30407],[-8.58114,54.3024],[-8.57885,54.30217],[-8.57858,54.30187],[-8.57899,54.30172],[-8.57842,54.3017],[-8.57913,54.30161],[-8.57914,54.30106],[-8.57642,54.30032],[-8.57779,54.29933],[-8.5822,54.29804],[-8.58294,54.29615],[-8.58324,54.29189],[-8.58529,54.2881],[-8.58684,54.28714],[-8.58916,54.28655],[-8.59167,54.28717],[-8.59534,54.2891],[-8.59398,54.29181],[-8.59567,54.29384],[-8.59374,54.29472],[-8.5932,54.29667],[-8.59369,54.29871],[-8.59475,54.29968],[-8.59788,54.2992],[-8.59879,54.29959],[-8.59935,54.29939],[-8.59979,54.2998],[-8.59878,54.30106],[-8.5969,54.30199],[-8.59646,54.3033],[-8.59598,54.30321],[-8.59358,54.3043],[-8.59393,54.30494],[-8.59333,54.30556],[-8.59237,54.3059]],[[-8.56369,54.30302],[-8.55956,54.30281],[-8.55741,54.30299],[-8.55774,54.30217],[-8.55851,54.30196],[-8.57049,54.30049],[-8.57356,54.30087],[-8.57404,54.30102],[-8.57392,54.30133],[-8.57266,54.30198],[-8.57135,54.30217],[-8.56952,54.30212],[-8.56814,54.30253],[-8.56369,54.30302]],[[-8.55605,54.22899],[-8.55775,54.22871],[-8.55807,54.22874],[-8.55742,54.22899],[-8.55605,54.22899]],[[-8.49649,54.42622],[-8.4933,54.42458],[-8.49117,54.42287],[-8.4913,54.42161],[-8.49061,54.42097],[-8.4922,54.42109],[-8.4941,54.42051],[-8.49719,54.41923],[-8.49701,54.41833],[-8.49868,54.41796],[-8.49932,54.41878],[-8.50077,54.41946],[-8.50245,54.4215],[-8.50111,54.42425],[-8.50138,54.42509],[-8.50235,54.42571],[-8.50354,54.42529],[-8.50417,54.42539],[-8.50445,54.42616],[-8.5037,54.42645],[-8.50078,54.42619],[-8.49731,54.4268],[-8.49649,54.42622]]]]}},{"type":"Feature","properties":{"county_id":"32","county":"Cavan County","nuts3":"Border"},"geometry":{"type":"MultiPolygon","coordinates":[[[[-7.92434,54.30426],[-7.87329,54.2943],[-7.87127,54.27851],[-7.86209,54.2548],[-7.81971,54.20373],[-7.77153,54.20748],[-7.72598,54.20405],[-7.68486,54.207],[-7.68409,54.19609],[-7.67991,54.18932],[-7.65641,54.18579],[-7.62529,54.16061],[-7.57618,54.14167],[-7.5524,54.12502],[-7.53729,54.13086],[-7.49537,54.12601],[-7.46856,54.14081],[-7.4089,54.15313],[-7.37665,54.14194],[-7.37491,54.12868],[-7.34656,54.11785],[-7.32401,54.11905],[-7.30517,54.10808],[-7.26384,54.09383],[-7.24701,54.10219],[-7.20942,54.09512],[-7.18495,54.09127],[-7.13399,54.09109],[-7.09256,54.08518],[-7.05203,54.09536],[-7.0151,54.0968],[-7.01235,54.07772],[-6.97743,54.04947],[-6.9472,54.03606],[-6.93489,54.01896],[-6.89967,54.00932],[-6.88015,53.99604],[-6.86209,53.97912],[-6.84274,53.9547],[-6.83272,53.93393],[-6.80018,53.92872],[-6.7635,53.91778],[-6.78892,53.90208],[-6.79371,53.88671],[-6.80919,53.8961],[-6.84605,53.88658],[-6.88063,53.87825],[-6.92867,53.89184],[-6.93027,53.87268],[-6.9738,53.87038],[-6.96833,53.85876],[-6.96598,53.84697],[-6.95418,53.84005],[-6.93345,53.82603],[-6.91342,53.81039],[-6.93874,53.79542],[-6.946,53.78133],[-6.99875,53.77712],[-7.0244,53.7707],[-7.05012,53.77173],[-7.10182,53.77654],[-7.12642,53.79069],[-7.15824,53.79419],[-7.19389,53.79475],[-7.21461,53.77354],[-7.23985,53.77775],[-7.26057,53.7783],[-7.27862,53.78819],[-7.38279,53.7853],[-7.42073,53.79234],[-7.46919,53.80845],[-7.47587,53.84565],[-7.50896,53.86065],[-7.56223,53.85466],[-7.55526,53.89067],[-7.5802,53.90314],[-7.61343,53.94038],[-7.59142,53.97062],[-7.594,53.99512],[-7.59301,54.01652],[-7.61261,54.01888],[-7.64412,54.0358],[-7.67079,54.05623],[-7.69857,54.07231],[-7.73638,54.08837],[-7.75099,54.10167],[-7.77166,54.10731],[-7.79473,54.11601],[-7.81489,54.10594],[-7.84196,54.10491],[-7.88116,54.12758],[-7.92513,54.16344],[-7.99519,54.18337],[-8.01758,54.18778],[-8.03514,54.18533],[-8.04704,54.19473],[-8.04092,54.20398],[-8.03297,54.2125],[-8.0414,54.22275],[-8.05652,54.23447],[-7.98571,54.2639],[-7.97089,54.28565],[-7.92434,54.30426]]]]}}]}