{"type":"FeatureCollection","features":[{"type":"Feature","properties":{"code":"W","name":"Dalarna","sourceCode":"SE312"},"geometry":{"type":"MultiPolygon","coordinates":[[[[12.299370195000051,62.267493986000034],[12.604441133000023,62.21582625700006],[12.800157811000076,62.21729273900007],[12.899647882000068,62.14674877900006],[12.954028530000073,62.12678413900005],[13.00683046100005,62.070902415000035],[13.037636752000026,62.06750311700006],[13.156755156000031,62.024634992000074],[13.224648493000075,62.041419063000035],[13.280807692000053,62.05143513200005],[13.305106748000071,62.01305615700005],[13.359660650000023,61.99295837600005],[13.228021254000055,61.92550196900004],[13.27166257600004,61.90556342900004],[13.378340753000032,61.835667759000046],[13.417476057000044,61.79440630400006],[13.49233398900003,61.729031528000064],[13.501192066000044,61.71367983600004],[13.497903984000061,61.699408994000066],[13.500562486000035,61.68564703700008],[13.543083660000036,61.65479247300004],[13.566983633000063,61.647386435000044],[13.616809788000069,61.65366470100008],[13.751234452000062,61.641982143000064],[13.833257266000032,61.64032039400007],[13.979648570000052,61.62135308500007],[14.20346373500007,61.616626446000055],[14.286966652000046,61.60839856800004],[14.333752717000039,61.59992193200003],[14.395371660000023,61.56364446600003],[14.447561669000038,61.59494802200004],[14.67327361100007,61.59117587800006],[14.678060728000048,61.58534951900003],[14.673989255000038,61.57460619300008],[14.655175240000062,61.561241436000046],[14.658514624000077,61.552195346000076],[14.66846231900007,61.54582444700003],[14.673390470000072,61.52843040100004],[14.670467708000047,61.51952468600007],[14.657354526000063,61.50228756700005],[14.666473404000044,61.496912585000075],[14.668493497000043,61.49130913600004],[14.680363773000067,61.48632434000007],[14.693904810000049,61.490128],[14.715090776000068,61.48901700600004],[14.72965417100005,61.49602102800003],[14.780265694000036,61.49231498200004],[14.900305727000045,61.496051469000065],[14.946124260000033,61.489570713000035],[14.96770930100007,61.49313823500006],[15.091183848000071,61.48403157800004],[15.151608628000076,61.59619507900004],[15.20453331400006,61.50415801000008],[15.302880095000035,61.42433142700003],[15.44064985500006,61.33265482200005],[15.545372089000068,61.27951974800004],[15.656339485000046,61.21681260400004],[15.680510780000077,61.114210480000054],[15.763084334000041,61.049991445000046],[15.921567218000064,61.00754544800003],[16.131170311000062,60.99192044600005],[16.25878950200007,60.86018316800005],[16.38656258800006,60.786064098000054],[16.38511104500003,60.76489816900005],[16.376645094000025,60.74716375000003],[16.34634440800005,60.72610249000007],[16.335303284000076,60.72722476600006],[16.312149385000055,60.70748893000007],[16.310956176000047,60.70373368000003],[16.316739022000036,60.69094303800006],[16.31506486400002,60.68792407700005],[16.238455354000052,60.62371747600008],[16.201598881000052,60.61461644500008],[16.13595594800006,60.60967994600003],[16.161948734000077,60.58072609300007],[16.171236933000046,60.559448788000054],[16.190587108000045,60.53665930900007],[16.25460121800006,60.497110113000076],[16.269231111000067,60.493876630000045],[16.26926983800007,60.49130165300005],[16.25464494700003,60.48669423300004],[16.277362378000078,60.48342830000007],[16.285217309000075,60.46968025700005],[16.32880205200007,60.43224262000007],[16.338770001000057,60.418921080000075],[16.392463974000066,60.379619509000065],[16.407243410000035,60.376933929000074],[16.425082917000054,60.37893301500003],[16.477304391000075,60.36609654100005],[16.516490974000078,60.35552604900005],[16.54250681800005,60.34037011200007],[16.578731719000075,60.298499926000034],[16.614456182000026,60.27829002900006],[16.629045332000032,60.23882293400004],[16.69164267800005,60.21513005200006],[16.69877374200007,60.20908940800007],[16.703831018000074,60.19572060300004],[16.67277612600003,60.19259374100005],[16.646848657000078,60.18447394900005],[16.584304830000065,60.18001886700006],[16.554672209000046,60.17301771900003],[16.54434313400003,60.17404219900004],[16.528161299000033,60.16566049800008],[16.53154581800004,60.158277387000055],[16.538737170000047,60.153888444000074],[16.53329433300007,60.14842564500003],[16.534027071000025,60.137821719000044],[16.501625404000038,60.13657804500008],[16.439610751000032,60.12511741600008],[16.40596382900003,60.10361407000005],[16.40523534600004,60.09174468800006],[16.39004800600003,60.09049890300008],[16.38045515400006,60.08112408300008],[16.356784231000063,60.08089918400003],[16.349868687000026,60.076335279000034],[16.328743148000058,60.07933688900005],[16.31749909000007,60.07427233000004],[16.29666005100006,60.07321902700005],[16.290313968000078,60.06996856100005],[16.284276655000042,60.07299628900006],[16.223323073000074,60.08039398400007],[16.208165688000065,60.07361186700007],[16.18351964200002,60.07637800300006],[16.17880830400003,60.08504321700008],[16.142423359000077,60.092492460000074],[16.15961625700004,60.11171219600004],[16.16088552700006,60.12221228300007],[16.130496007000033,60.138756889000035],[16.05406627700006,60.14863380500003],[16.047932079000077,60.15203220900008],[16.02341161800007,60.18132482500005],[15.996873352000023,60.18530373500005],[15.947636721000038,60.184826592000036],[15.925587084000028,60.17216345500003],[15.882900109000047,60.16654689900008],[15.801567205000026,60.179103602000055],[15.791812328000049,60.16416914200005],[15.768772254000055,60.14920164900008],[15.726319276000027,60.14219680200006],[15.72757561800006,60.12907885700008],[15.76203574300007,60.12946121200008],[15.760683705000076,60.118874119000054],[15.748042156000054,60.11023440900004],[15.743994818000033,60.09847680900003],[15.721368118000044,60.09149573700006],[15.715556372000037,60.085769139000035],[15.71549888900006,60.08081286000004],[15.729497355000035,60.07814382100008],[15.720651177000036,60.061720491000074],[15.70948687200007,60.05691722200004],[15.702316310000072,60.047108147000074],[15.686797712000043,60.04701999400004],[15.696385128000031,60.03414518800008],[15.70874453700003,60.029941836000035],[15.725953299000025,60.02948375600005],[15.730035372000032,60.02250289800003],[15.700459713000043,60.01430870400003],[15.71291412000005,60.00022623400008],[15.716772018000029,59.97827022900003],[15.721750945000053,59.97595403500003],[15.705536727000037,59.964165483000045],[15.69311813400003,59.948804331000076],[15.679406122000046,59.94562570800008],[15.679518488000042,59.937916123000036],[15.656792874000075,59.93887685000004],[15.62419262900005,59.93490122900005],[15.598867332000054,59.94785559500008],[15.531822589000058,59.95595155900003],[15.49537427200005,59.93629526900003],[15.498707362000061,59.92742768200003],[15.482489202000068,59.91575057000006],[15.478266432000055,59.90889869600005],[15.488020757000072,59.89969245200007],[15.45849682000005,59.89245994000004],[15.422092491000058,59.854747400000065],[15.373625809000032,59.87715551400004],[15.368832680000025,59.874984590000054],[15.363845769000022,59.87812800900008],[15.354786922000073,59.894386531000066],[15.228501453000035,59.97569309000005],[15.206131024000058,60.001579476000074],[15.125337571000046,60.00851838900007],[15.07159299400007,60.04369214500008],[15.048558024000044,60.04896971200003],[15.044433817000026,60.04222346900008],[15.034403361000045,60.03979348200005],[15.012724254000034,60.056714311000064],[14.939686779000056,60.04866225100005],[14.901064784000027,60.05252266500008],[14.862748278000026,60.07911554700007],[14.840960793000022,60.08642316800007],[14.838401447000024,60.09365935800008],[14.845691317000046,60.104160672000035],[14.80834273000005,60.109640600000034],[14.738959216000069,60.08018567000005],[14.753790971000058,59.99715809700007],[14.437155332000032,60.02616110200006],[14.31471171800007,60.06192725100004],[14.214174240000034,60.09519212100008],[14.211031895000076,60.10041180600007],[14.212013170000034,60.11031089100004],[14.207147876000022,60.120202033000055],[14.207879050000031,60.12713198200004],[14.199632508000036,60.14012730800005],[14.195878520000065,60.151967608000064],[14.197065730000077,60.16077070000006],[14.189399779000041,60.16977562000005],[14.188150104000044,60.17985333900003],[14.158293014000037,60.20908940800007],[14.149735450000037,60.23045349100005],[14.02308189300004,60.22829005600005],[14.023193268000057,60.24219911500006],[13.990721660000077,60.248779426000056],[13.991420876000063,60.25148795400003],[13.95250203200004,60.25119614300007],[13.993632778000062,60.21335233900004],[14.010593487000051,60.191519947000074],[13.965624787000024,60.17492307300006],[13.829015887000025,60.25444802100003],[13.793601077000062,60.28427090300005],[13.726437349000037,60.35721594800003],[13.670397155000046,60.402981054000065],[13.62176166200004,60.41430305000006],[13.543193182000039,60.42267453000005],[13.469106779000072,60.45912118700005],[13.427262681000059,60.51726406300003],[13.32490628100004,60.607319104000055],[13.27945244700004,60.64146834700006],[13.249759465000068,60.68475876100007],[13.198503477000031,60.68529265500007],[13.196775744000036,60.70034218900008],[13.159157496000034,60.75571081100003],[13.081734419000043,60.80576536400008],[12.918082412000047,60.88382861800005],[12.698372025000026,60.99825660500005],[12.670176624000021,61.05597642300006],[12.68333516000007,61.06433882300007],[12.708034574000067,61.14294357000006],[12.789274593000073,61.19678621000003],[12.830957913000077,61.25450340700007],[12.870847728000058,61.356494980000036],[12.568620922000036,61.56847727500008],[12.44833938100004,61.567120887000044],[12.420550723000076,61.56336872900005],[12.340991172000031,61.61461847000004],[12.275631799000053,61.640243885000075],[12.138354969000034,61.72541583600008],[12.299370195000051,62.267493986000034]]]]}},{"type":"Feature","properties":{"code":"Z","name":"Västernorrland","sourceCode":"SE322"},"geometry":{"type":"MultiPolygon","coordinates":[[[[15.389915814000062,62.01059737500003],[15.367375548000041,62.01788834000007],[15.356648776000043,62.026989427000046],[15.382473555000047,62.031508244000065],[15.404373540000051,62.01223158400006],[15.389915814000062,62.01059737500003]]],[[[15.03713203500007,64.75854281600004],[15.064957210000046,64.75183319500007],[15.13197918700007,64.75202942800007],[15.142475155000056,64.74620656400003],[15.185824621000052,64.73978895500005],[15.262373919000026,64.70180580800007],[15.287363759000073,64.68436275900007],[15.33109475200007,64.67039305700007],[15.33878524100004,64.64795650000008],[15.246664759000055,64.63495060300005],[15.25464794900006,64.62981890500004],[15.301047151000034,64.62458695400005],[15.315832834000048,64.61979697600003],[15.371717357000023,64.58415127500007],[15.414586653000072,64.58008713100003],[15.426994771000068,64.58230818800007],[15.442670918000033,64.55680612100008],[15.522840875000043,64.53081441800003],[15.542069858000048,64.51807084300003],[15.541560032000064,64.50549421400007],[15.555091128000072,64.49682675600008],[15.554760316000056,64.48698456800008],[15.576753685000028,64.46036708600008],[15.580967551000072,64.44461929200003],[15.644656225000062,64.44842545800003],[15.638155365000046,64.51840651600003],[15.702842690000068,64.53632295800003],[15.740600972000038,64.40555882700005],[15.75780456800004,64.40622416200006],[15.861360872000034,64.38370625000005],[15.864083736000055,64.38109228900004],[15.85922206600003,64.37622546900008],[15.862294433000045,64.37391765000007],[16.02047107900006,64.33324182600006],[16.02358025500007,64.27644390900008],[16.020571279000023,64.26775303000005],[16.039170397000078,64.25017153600004],[16.106416093000064,64.26243369300005],[16.126614569000026,64.26124334000008],[16.144774804000065,64.26682360600006],[16.166670280000062,64.26129780700006],[16.221601822000025,64.26202480500007],[16.718954069000063,64.02787808000005],[16.585296349000032,63.87610123300004],[16.576633342000036,63.86043740700006],[16.56581027800007,63.81578184500006],[16.575500740000052,63.78314840400003],[16.59827886200003,63.74805165500004],[16.60447802300007,63.71364110500008],[16.512397244000056,63.70329080200008],[16.36291336000005,63.69746259400006],[16.340018672000042,63.693157642000074],[16.32109951500007,63.69463917300004],[16.260232554000027,63.660668644000054],[16.222054977000028,63.66296971000003],[16.08918254500003,63.70100352500003],[15.979356027000051,63.65542934500007],[15.938153475000036,63.65732904300006],[15.917136410000069,63.662001452000084],[15.907464626000035,63.66762778900005],[15.901608528000054,63.67694607100003],[15.894027023000035,63.67978321900006],[15.809405887000025,63.65854517200006],[15.845041107000043,63.63094129800004],[15.928518705000045,63.59176923400008],[15.989572355000064,63.555087169000046],[15.99571680500003,63.54144215200006],[15.967853039000033,63.443660270000066],[16.017207246000055,63.43051991700008],[16.04552588400003,63.446501613000066],[16.057464827000047,63.44567329900008],[16.13976023200007,63.42018568600008],[16.131447363000063,63.38312961100007],[16.101543953000032,63.37032910700003],[16.100868201000026,63.36723886200008],[16.136797555000044,63.35431771600008],[16.14769874500007,63.35575914300006],[16.19937390900003,63.33869760300007],[16.197609424000063,63.33216792700006],[16.248855758000047,63.312533544000075],[16.28370962200006,63.311079763000066],[16.276567572000033,63.300649828000076],[16.59837121000004,63.17407196400006],[16.670904396000026,63.13707275200005],[16.89369600200007,63.01297276100007],[16.99903168000003,62.94648299200003],[16.86879687000004,62.93100809900005],[16.723917957000026,62.92209071500008],[16.712656852000066,62.91709140900008],[16.700254485000073,62.92010680000004],[16.678977624000026,62.91233229000005],[16.66860359700007,62.914898237000045],[16.49451859900006,62.808063434000076],[16.42040293100007,62.76984026100007],[16.369146606000072,62.69563291800006],[16.245932142000072,62.71008016500008],[16.130068505000054,62.69180162600003],[15.964405163000038,62.71258263200008],[15.635125603000063,62.63229276700008],[15.516901261000044,62.61730615100004],[15.246186205000072,62.59977956900008],[15.128065051000021,62.56091017600005],[15.095477749000054,62.583805408000046],[14.966555219000043,62.60006456100007],[14.785600601000056,62.58884442500005],[14.807892605000063,62.56322635100008],[14.803022686000077,62.52875642600003],[14.827307511000072,62.50938492600005],[14.839545789000056,62.48825036100004],[14.84100397700007,62.47490284300005],[14.847313863000068,62.46749228900006],[14.83625461500003,62.46034579500008],[14.797614693000071,62.46234278400004],[14.800272878000044,62.40427804400008],[14.873140549000027,62.40158473500003],[14.866840943000057,62.39262596700007],[14.868265701000041,62.38756002400004],[14.895742527000039,62.356728727000075],[14.93980824700003,62.32067522300008],[15.149726668000028,62.249926740000035],[15.284788725000055,62.29173429400004],[15.327339682000058,62.272083534000046],[15.355113771000049,62.21619995700007],[15.399085683000067,62.19533596700006],[15.40277332100004,62.182246520000035],[15.429153033000034,62.14748635600006],[15.41792596700003,62.11314020100008],[15.342089981000072,62.091606021000075],[15.24100826700004,62.049294202000056],[15.094948061000025,61.99669666700004],[15.111766318000036,61.95876558600003],[15.135777356000062,61.95130241100003],[15.11397411200005,61.93488481400004],[15.11485116800003,61.89629202000003],[15.088622408000049,61.89434258800003],[15.108650081000064,61.846127255000056],[15.091915174000064,61.81931029600008],[15.048231893000036,61.82338560200003],[15.04639482400006,61.86213776200003],[15.043112098000051,61.86629002800004],[14.907877494000047,61.879963298000064],[14.906602245000045,61.877232598000035],[14.923077651000028,61.84206738000006],[14.928256281000074,61.82205461900003],[14.867475570000067,61.80985848000006],[14.86298537700003,61.828555073000075],[14.806430702000057,61.88508918200006],[14.760567173000027,61.863230343000055],[14.805671927000049,61.81931344800006],[14.843450673000063,61.80157326900007],[14.854312809000078,61.78678725000003],[14.851882333000049,61.784831577000034],[14.803610301000049,61.79578389200003],[14.766784921000067,61.81788635600003],[14.700537506000046,61.87842210200006],[14.688034360000074,61.899672458000055],[14.682473521000077,61.900383962000035],[14.670583786000066,61.89499783700006],[14.533313558000032,61.78571787800007],[14.524710851000066,61.783173040000065],[14.51719483100004,61.73694532600007],[14.52138168700003,61.730403988000035],[14.514808737000067,61.72452466300007],[14.498550075000026,61.62659779900008],[14.395371660000023,61.56364446600003],[14.333752717000039,61.59992193200003],[14.286966652000046,61.60839856800004],[14.20346373500007,61.616626446000055],[13.979648570000052,61.62135308500007],[13.833257266000032,61.64032039400007],[13.751234452000062,61.641982143000064],[13.616809788000069,61.65366470100008],[13.566983633000063,61.647386435000044],[13.543083660000036,61.65479247300004],[13.500562486000035,61.68564703700008],[13.497903984000061,61.699408994000066],[13.501192066000044,61.71367983600004],[13.49233398900003,61.729031528000064],[13.417476057000044,61.79440630400006],[13.378340753000032,61.835667759000046],[13.27166257600004,61.90556342900004],[13.228021254000055,61.92550196900004],[13.359660650000023,61.99295837600005],[13.305106748000071,62.01305615700005],[13.280807692000053,62.05143513200005],[13.224648493000075,62.041419063000035],[13.156755156000031,62.024634992000074],[13.037636752000026,62.06750311700006],[13.00683046100005,62.070902415000035],[12.954028530000073,62.12678413900005],[12.899647882000068,62.14674877900006],[12.800157811000076,62.21729273900007],[12.604441133000023,62.21582625700006],[12.299370195000051,62.267493986000034],[12.057872789000044,62.61073140800005],[12.13638136000003,62.74791649500003],[12.074688002000073,62.90254496800003],[12.216009632000066,63.00138880000003],[11.975687746000062,63.26947886000005],[12.084017300000028,63.355636133000075],[12.21179862300005,63.47807642600003],[12.149766859000067,63.59394706200004],[12.227052589000039,63.63083528200008],[12.298311735000027,63.671449616000075],[12.33217357500007,63.71612414100008],[12.48078016200003,63.819194845000084],[12.683565119000036,63.974223565000045],[12.927092539000057,64.05788884100008],[13.211107391000041,64.09536954400005],[13.712380922000023,64.04659599200005],[13.96888857700003,64.01011563100008],[14.155646542000056,64.19482010600007],[14.144756226000027,64.28358576900007],[14.112425445000042,64.46213195500007],[14.084423332000028,64.47793426700008],[13.890742075000048,64.50734753100005],[13.655440530000021,64.58058653300003],[13.706659827000067,64.64086612200003],[13.93126529400007,64.82212394100003],[14.080476628000042,64.94128659300003],[14.325984923000021,65.11891597000005],[14.617139120000047,65.00203696900007],[14.701122498000075,64.99014297800005],[14.715702777000047,64.96060032200006],[14.73190918000006,64.95479021200003],[14.752089598000055,64.95387213700008],[14.77607865300007,64.93946937100003],[14.779370497000059,64.92075345800004],[14.77786911800007,64.91300646700006],[14.811819636000052,64.90474264200003],[14.841607069000077,64.89098448700008],[14.844791615000076,64.88388369300003],[14.841836057000023,64.87772738000007],[14.880469062000031,64.86457194100007],[14.933845447000067,64.85727066200008],[14.977338474000021,64.84433068700008],[15.020700438000063,64.80663037300008],[15.034028815000056,64.79112501000003],[15.034638550000068,64.78627498000003],[15.029477567000072,64.77903184400003],[15.030146555000044,64.76661839100007],[15.03713203500007,64.75854281600004]]]]}},{"type":"Feature","properties":{"code":"AB","name":"Stockholm","sourceCode":"SE110"},"geometry":{"type":"MultiPolygon","coordinates":[[[[18.55769941500006,60.12242422000003],[18.573087797000028,60.105870621000065],[18.586810944000035,60.07702152400003],[18.58903458800006,60.08189192800006],[18.58097746800007,60.14108502300007],[18.626790782000057,60.14307086200006],[18.66577642900006,60.13670289600003],[18.678956834000076,60.12996972800005],[18.684860712000045,60.11923910400003],[18.69082867900005,60.11594818900005],[18.69574252900003,60.116785106000066],[18.699969384000042,60.122645473000034],[18.709206170000073,60.12463339300007],[18.72530158400002,60.12361137500005],[18.745750620000024,60.11706246400007],[18.75883617200003,60.10351800700005],[18.76483916600006,60.059711048000054],[18.779418557000042,60.02236420600008],[18.800232331000075,59.98809018400004],[18.810023329000046,59.978898901000036],[18.77220610300003,60.05163831700003],[18.767558079000025,60.07751794900008],[18.768841105000035,60.09599007500003],[18.77594170800006,60.10560067200004],[18.79126441300002,60.10691579100006],[18.792043638000052,60.11448029500008],[18.798443418000033,60.11903458900008],[18.828551333000064,60.11047064300004],[18.82377474900005,60.09268981800005],[18.84318797900005,60.043149682000035],[18.876833761000057,60.00036830600004],[18.884609735000026,59.98499190600006],[18.903198201000066,59.97260482100006],[18.917638883000052,59.94418961400004],[18.914263944000027,59.93557097200005],[18.915702511000063,59.93146367300005],[18.936796774000072,59.92861615500004],[18.952561941000056,59.91635122100007],[18.969174113000065,59.91503635000004],[19.021175302000074,59.901905327000065],[19.023244685000066,59.89001536300003],[19.03406151200005,59.877787528000056],[19.038197720000028,59.87937177100008],[19.041136907000066,59.88921753500006],[19.045520862000046,59.89220129900008],[19.072123649000048,59.88014706600006],[19.08014084900003,59.85886785400004],[19.075095327000042,59.82918050500007],[19.058363479000036,59.81985067800008],[19.03474943200007,59.83191704600006],[19.02110934600006,59.82930179200008],[19.000879089000023,59.84512429000006],[18.974279575000025,59.87350185000008],[18.942476189000047,59.89250916800006],[18.927207317000068,59.91076695100003],[18.874243190000072,59.93548671500008],[18.86074331100002,59.93704609900004],[18.863901833000057,59.93146367300005],[18.903446046000056,59.90556007100008],[18.90767539500007,59.89428796200008],[18.921771053000043,59.89040579400006],[18.937379270000065,59.880645068000035],[18.943046412000058,59.860167199000045],[18.942101598000022,59.84588173600008],[18.961091004000025,59.85558920200003],[18.98116582600005,59.84627815600004],[18.992687318000037,59.82480369700005],[18.99212516500006,59.80565142800003],[19.00435627300004,59.79789352000006],[19.009000310000033,59.78821407400005],[19.00201237500005,59.78484443100007],[18.95555817500008,59.78267496700005],[18.934833812000022,59.785347244000036],[18.896917710000025,59.78132108400007],[18.884433564000062,59.784712427000045],[18.879869332000055,59.79219572200003],[18.86109950200006,59.781584473000066],[18.821790708000037,59.777691280000056],[18.756589571000063,59.764788560000056],[18.73513868400005,59.76396116300003],[18.725661287000037,59.75942510700003],[18.726233425000032,59.75452490600003],[18.73222140400003,59.75149181100005],[18.761392426000043,59.75426460600005],[18.82824210800004,59.77065222500005],[18.867097426000043,59.77276443300008],[18.880452369000068,59.77026282500003],[18.89624329800006,59.77529355400003],[18.97107504400003,59.77465013600005],[18.984319465000056,59.77755080900005],[18.99816461200004,59.77130455400004],[19.064362129000074,59.76548948200008],[19.078607411000064,59.76113373700008],[19.082762771000034,59.75491264700008],[19.07947432900005,59.73503070900006],[19.066163102000075,59.717979556000046],[19.027667690000044,59.705129011000054],[18.97700721900003,59.704224690000046],[18.969295353000064,59.70672159900005],[18.965336857000068,59.71351599700006],[18.95795219100006,59.71096109000007],[18.929827876000047,59.71645013500006],[18.905761923000057,59.71130561700005],[18.897795334000023,59.70295245300008],[18.863785465000035,59.70236738500006],[18.846376329000066,59.69483296300007],[18.77293510100003,59.68456255800004],[18.755915767000033,59.676431612000044],[18.739422053000055,59.65705223700007],[18.715641319000042,59.66180382600004],[18.71446213200005,59.652749533000076],[18.700408207000066,59.64274997700005],[18.713339998000038,59.63734673100004],[18.74253714400004,59.64029640500007],[18.743913559000077,59.63676801200006],[18.73984565300003,59.628982449000034],[18.745479717000023,59.61811569900004],[18.71397748000004,59.59412422100007],[18.713790825000046,59.58716833900007],[18.703231661000075,59.58746039200008],[18.701695735000044,59.59112120000003],[18.707312957000056,59.599505101000034],[18.70424622300004,59.60520693500007],[18.708062822000045,59.60980916300008],[18.718405491000055,59.61206871500008],[18.721995923000065,59.607044476000056],[18.732099145000063,59.61270260800006],[18.725231144000077,59.62672954900006],[18.713104590000057,59.62825982000004],[18.70770494100003,59.61446753600006],[18.699730552000062,59.60758739000005],[18.68554113600004,59.60709979600006],[18.684281761000022,59.59714885900007],[18.669103524000036,59.587037019000036],[18.66511646200007,59.57765902400007],[18.62812133700004,59.56263180000008],[18.57902595300004,59.55184319700004],[18.552526148000027,59.53803168600007],[18.54377749400004,59.53825057600005],[18.53293068200003,59.52976198400006],[18.511735282000075,59.52608792400008],[18.503265930000055,59.51988903200004],[18.491615652000064,59.51664128700003],[18.493621248000068,59.51157060300005],[18.48635726400005,59.51276136400003],[18.464233684000078,59.50338317400008],[18.440520908000053,59.482563740000046],[18.426844407000033,59.47844844000008],[18.411388759000033,59.47946307600006],[18.40706321600004,59.47093109300005],[18.386813463000067,59.45379115600008],[18.348261999000044,59.45651217400007],[18.33783356600003,59.45376332200004],[18.32080848800007,59.45902409300004],[18.31211995500007,59.45627217200007],[18.30155846100007,59.45766173100003],[18.299438620000046,59.45523211800008],[18.28295990600003,59.46279879400004],[18.27258667500007,59.46367920200004],[18.273563420000073,59.460126821000074],[18.30505465300007,59.44895278300004],[18.307392089000075,59.44565907700007],[18.291263896000032,59.43842537900008],[18.287422693000053,59.43269557600007],[18.26438261000004,59.43581951400006],[18.241026532000035,59.433271339000044],[18.227125116000025,59.43986650800008],[18.222402041000066,59.43397927900003],[18.22397336000006,59.42923740100008],[18.241184389000068,59.431265444000076],[18.284689902000025,59.425180099000045],[18.28281609900006,59.41841352900008],[18.292881195000064,59.401982918000044],[18.306873376000055,59.39552826700003],[18.323904850000076,59.39618827700008],[18.332546063000052,59.38956413300008],[18.31714197900004,59.38366860700006],[18.29539350700003,59.38747724900003],[18.213958911000077,59.38762475100003],[18.16551572700007,59.39411983100007],[18.154700297000034,59.401535712000054],[18.155522377000068,59.41169847700007],[18.16177000700003,59.414654908000045],[18.16176680600006,59.42209339000004],[18.16832011400004,59.43147694800007],[18.182015720000038,59.42973945500006],[18.18790127400007,59.42200821600005],[18.19471035600003,59.419128071000046],[18.192529571000023,59.42971184600003],[18.205570756000043,59.43772160600008],[18.203432649000035,59.44414162800007],[18.194837800000073,59.44468526000003],[18.175972493000074,59.435000055000046],[18.164438351000058,59.43785649900008],[18.153312898000024,59.43345442800006],[18.14914373700003,59.441458116000035],[18.15224115600006,59.44635909800007],[18.143208365000078,59.44864184900007],[18.139996732000043,59.45310970100007],[18.13552717700003,59.44401625800003],[18.12622550800006,59.43745732500008],[18.110408345000053,59.43581008500007],[18.108314161000067,59.427407662000064],[18.09957208700007,59.418501879000075],[18.080741384000078,59.42297232000004],[18.093491521000033,59.412374458000045],[18.098693711000067,59.40331784300008],[18.084862687000054,59.38586320300004],[18.08546428300002,59.376296411000055],[18.055768606000072,59.37935667200003],[18.036594567000066,59.38604947600004],[18.005168878000063,59.402850769000054],[17.995102861000078,59.41966903000008],[17.981038845000057,59.42930796700006],[17.962815144000047,59.43300659700003],[18.016844028000037,59.39002293200008],[18.043850795000026,59.38137757100003],[18.05064261600006,59.37497059800006],[18.092630376000045,59.366123059000074],[18.117449892000025,59.34686940800003],[18.130472740000073,59.34368287600006],[18.150570214000027,59.32946534000007],[18.148234820000027,59.32186433700008],[18.12148338800006,59.32041243500004],[18.098984651000023,59.32297756200006],[18.085393975000045,59.32999290500004],[18.076343835000046,59.32599926900008],[18.079558435000024,59.31996103600005],[18.10932934500005,59.31498740200004],[18.131832963000022,59.31576032700008],[18.138999167000065,59.31210919700004],[18.14259683000006,59.31609743100006],[18.19402076600005,59.32435839100003],[18.206462892000047,59.33281189400003],[18.218231098000047,59.33219945800005],[18.23278881500005,59.34413857200008],[18.256484513000032,59.34825977000003],[18.263595186000032,59.354958432000046],[18.273092572000053,59.358257121000065],[18.30176491000003,59.36169239900005],[18.319592730000068,59.35470012900004],[18.322609295000063,59.357524057000035],[18.319555181000055,59.36164630700006],[18.32254675200005,59.362808037000036],[18.34672878600003,59.35783898900007],[18.34939321400003,59.36176557200008],[18.37010125000006,59.35643681800008],[18.394487866000077,59.35867177300008],[18.408009181000068,59.35641199600008],[18.444980111000064,59.339150423000035],[18.447484711000072,59.33463788300003],[18.444097447000047,59.323717920000036],[18.463722349000022,59.31989768400007],[18.473483415000032,59.32720911400003],[18.475991581000073,59.337765743000034],[18.458154841000066,59.360131541000044],[18.45338232200004,59.39180335600008],[18.42581160000003,59.420787337000036],[18.48665132900004,59.41756122400005],[18.517639745000054,59.40459033800005],[18.522761888000048,59.394345470000076],[18.532902076000028,59.39012848500005],[18.53690007700004,59.38191102600007],[18.573982374000025,59.37306552600006],[18.58187984500006,59.36422387500005],[18.66214016300006,59.374441740000066],[18.682761092000078,59.37264464000003],[18.688485928000034,59.37628522300008],[18.691695908000042,59.37140027200007],[18.71073225500004,59.36812475900007],[18.74116858700006,59.34530434900006],[18.74325058000005,59.32836898900007],[18.736351666000076,59.31905193100005],[18.715289682000048,59.309124834000045],[18.679610136000065,59.30234900500005],[18.677836445000025,59.30888928000007],[18.686349574000076,59.31665779700006],[18.68318593500004,59.33388152100008],[18.642631392000055,59.36421053100008],[18.63504087000007,59.36355992300008],[18.628795229000048,59.35295025900007],[18.568937650000066,59.350317904000065],[18.571589591000077,59.34600884000008],[18.589317382000047,59.34775454800007],[18.608906157000035,59.34544577500003],[18.625593964000075,59.33776421600004],[18.638287761000072,59.33861868300005],[18.645160179000072,59.333203249000064],[18.651648391000037,59.31731228000007],[18.659405968000044,59.31062194300006],[18.658978336000075,59.307122133000064],[18.645448146000035,59.29780705300004],[18.62404795200007,59.292675615000064],[18.62132185300004,59.28774724800007],[18.636266869000053,59.28652554300004],[18.690081579000037,59.29458393200008],[18.700753882000072,59.28614671500003],[18.698343167000075,59.27759959100007],[18.683457480000072,59.270117361000075],[18.64889971200006,59.26290103000008],[18.64420162500005,59.25072168400004],[18.60575940800004,59.25205122400007],[18.600699290000023,59.24604209900008],[18.580453153000065,59.23918933300007],[18.571960063000063,59.223641255000075],[18.521488730000044,59.21503543300008],[18.491211922000048,59.21827858800003],[18.45921573800007,59.23689889800005],[18.42907228000007,59.24428359800004],[18.38598195800006,59.27123517600006],[18.35280788500006,59.27537483400005],[18.33574793300005,59.28245368800003],[18.334568887000046,59.28814141200007],[18.34615798300007,59.29531353200008],[18.347339716000022,59.31701167600005],[18.343687319000026,59.320863974000076],[18.31620460700003,59.326745421000055],[18.31177860400004,59.32493042100003],[18.299734345000047,59.31023873200007],[18.29777811400004,59.29461482000005],[18.31070385000004,59.28056679800005],[18.317492832000028,59.266252372000054],[18.328985585000055,59.26468691200006],[18.34002539900007,59.27049179100004],[18.35099722700005,59.26362453200005],[18.337328524000043,59.25869047500004],[18.31821374200007,59.25816570600006],[18.286808273000076,59.26553548600003],[18.267537657000048,59.26540242100003],[18.269842853000057,59.25871797900004],[18.34443913800004,59.23635713600004],[18.38620072200007,59.21843449700003],[18.407072946000028,59.20151655500007],[18.40997486300006,59.19178827600007],[18.401946310000028,59.18730273300008],[18.395354714000064,59.19559274800008],[18.38526995500007,59.19853896500007],[18.38832196000004,59.19006648300007],[18.37911228400003,59.18245347800007],[18.374875205000023,59.17356071700004],[18.39474754200006,59.17448544500007],[18.395569848000036,59.167848466000066],[18.419409564000034,59.16003773700004],[18.427188688000058,59.15086413200004],[18.44194613800005,59.165829373000065],[18.454659974000037,59.16863349400006],[18.46346823600004,59.164520537000044],[18.434689646000038,59.143301965000035],[18.41152607300006,59.13363355100006],[18.38975014500005,59.135308612000074],[18.35850940100005,59.12345024400008],[18.337631242000043,59.123393589000045],[18.29888089700006,59.11638911000006],[18.29721266400003,59.11340978700008],[18.302609095000037,59.10991072300004],[18.298085163000053,59.10387289800008],[18.318615134000027,59.10310245000005],[18.321491902000048,59.09796465200003],[18.318741502000023,59.092679306000036],[18.242963737000025,59.07604536500003],[18.22644437500003,59.06578156000006],[18.215846027000055,59.06519552900005],[18.20700590200005,59.070014412000035],[18.21050609400004,59.074951243000044],[18.228923156000064,59.08387894700007],[18.229561096000054,59.09189003400007],[18.239371730000073,59.103596167000035],[18.24027678400006,59.11370504300004],[18.22100139500003,59.10735473700004],[18.21636003800006,59.09753237500007],[18.196954840000046,59.08840593700006],[18.108979542000043,59.06629048700006],[18.10388210900004,59.05008088200003],[18.065815947000033,59.05145326600007],[18.036085514000035,59.04573368300004],[18.034253226000033,59.04301874100008],[18.04231931100003,59.02747706400004],[18.03704926300003,59.02005381600003],[18.028417320000074,59.02022590300004],[18.022731676000035,59.02681483400005],[18.016109995000022,59.02660110900007],[18.009329027000035,59.03926199300008],[18.002871910000067,59.042332239000075],[18.000630898000054,59.03277461200008],[18.015349552000032,59.016039213000056],[18.013540135000028,59.00547895700004],[18.003420982000023,58.99649267900003],[17.99895418400007,59.00365313400005],[17.993602397000075,59.00341991700003],[17.985086593000062,58.98057425400003],[17.97641591400003,58.97498168700008],[17.967405901000063,58.96179511000008],[18.03605789900007,58.992895703000045],[18.034533414000066,58.98627303900008],[18.022027880000053,58.973269893000065],[18.02952322300007,58.965640852000035],[18.027634241000044,58.94625941400005],[18.020972956000037,58.93730149600003],[18.011098065000056,58.93388454600006],[17.992978356000037,58.93645799500007],[17.982150911000076,58.95127787500007],[17.97281928600006,58.94914311000008],[17.969147707000047,58.94280881100008],[17.96893009200005,58.92604511800005],[17.930375210000022,58.87175410900005],[17.916217836000044,58.86396908300003],[17.91243703300006,58.88026203800007],[17.922589566000056,58.89876254300003],[17.914608334000036,58.906656317000056],[17.899631,58.88131027700007],[17.89492516300004,58.85737069400005],[17.886705939000024,58.84966158300006],[17.89859967800004,58.83897614600005],[17.910927412000035,58.850489578000065],[17.931258210000067,58.84744726300005],[17.930751972000053,58.82298016500005],[17.924040692000062,58.809509121000076],[17.920031478000055,58.82516091900004],[17.89392732600004,58.82954605000003],[17.88377184500007,58.84219263700004],[17.876782451000054,58.84184125500008],[17.872103710000033,58.84604160900005],[17.870296190000033,58.85129345900003],[17.874076006000053,58.85066781000006],[17.875320558000055,58.85394553000003],[17.868055319000064,58.85501261700006],[17.86388663100007,58.86384818400006],[17.87102277400004,58.88691809100004],[17.865937418000044,58.89876254300003],[17.86187349100004,58.90055609400008],[17.85783958600007,58.88945360800005],[17.84218157600003,58.87492443800005],[17.83618106600005,58.85957263000006],[17.84057294400003,58.854133957000045],[17.85647076400005,58.84942619000003],[17.864830233000077,58.84106303900006],[17.86562833000005,58.81472801700005],[17.84865166800006,58.79929901600008],[17.832332318000056,58.79734316500003],[17.798668289000034,58.80190937200007],[17.814039812000033,58.819393294000065],[17.814071864000027,58.84591265000006],[17.823294582000074,58.85662114200005],[17.82170825000003,58.87655292900007],[17.833252455000036,58.88717644500008],[17.83625824300003,58.89805915000005],[17.80063418000003,58.92108334200003],[17.777718544000038,58.94351460000007],[17.777681065000024,58.932873090000044],[17.809800298000027,58.89758176600003],[17.79698137300005,58.87178178400006],[17.784686326000042,58.87250424700005],[17.775253960000043,58.88496151000004],[17.768882104000056,58.91135849200003],[17.755691519000038,58.90452690800004],[17.737415648000024,58.93119410300005],[17.748598295000022,58.961789871000065],[17.74300630500005,58.96853480200008],[17.743376777000037,58.976501675000065],[17.750028359000055,58.983712248000074],[17.757285885000044,58.98475856300007],[17.759590467000066,58.98797979400007],[17.74794693900003,59.021720161000076],[17.744903608000072,59.05427954000004],[17.760367248000023,59.065565684000035],[17.753612953000072,59.07344141500005],[17.75421414500005,59.08228694500008],[17.781806509000035,59.09289542800008],[17.78232162200004,59.097060627000076],[17.77070419100005,59.10317531900006],[17.772587386000055,59.114518933000056],[17.768628470000067,59.11532832600005],[17.73617847400004,59.09762898400004],[17.73872693800007,59.08760003400005],[17.733836360000055,59.075221439000074],[17.736811876000047,59.06260514400003],[17.719612924000046,59.05928485100003],[17.71455124000005,59.05422852500004],[17.711974458000043,59.05521209500006],[17.71331261200004,59.060539504000076],[17.70996004500006,59.06151953600005],[17.69423373500007,59.05539373000005],[17.685113960000024,59.07496823900004],[17.684552190000034,59.082507305000036],[17.692519103000052,59.09570097800008],[17.70426469100005,59.10215018000008],[17.693470841000078,59.11590098600004],[17.677466473000038,59.15647781400003],[17.663702499000067,59.17528033500008],[17.659789094000075,59.17669132000003],[17.667848202000073,59.14244168600004],[17.680025905000036,59.123431666000045],[17.681869154000026,59.10604341100003],[17.675005413000065,59.102891785000054],[17.645661509000035,59.10620128100004],[17.643980386000067,59.102524378000055],[17.651381223000044,59.093619673000035],[17.618736728000044,59.08112195900003],[17.62092776000003,59.07285351400003],[17.632471726000063,59.06076879900007],[17.628049602000033,59.04613440300005],[17.61953468300004,59.04167657800008],[17.615311890000044,59.035554948000026],[17.616941213000075,59.022102966000034],[17.62545932300003,59.00419999300004],[17.617151496000076,58.98473128900008],[17.61451805300004,58.96040974200008],[17.61667032500003,58.95057604300007],[17.611669104000043,58.94844245100006],[17.605472259000067,58.95361305100005],[17.600208749000046,58.95319417700006],[17.591199608000068,58.96169249800005],[17.58670495000007,58.95981528000004],[17.58322557500003,58.95183901200005],[17.559440772000073,58.95272902700003],[17.54626167200007,58.96812213000004],[17.552659066000047,58.98237039600008],[17.51038551000005,58.982202302000076],[17.44842137300003,58.99359551200007],[17.44234752600005,58.984023265000076],[17.436741976000064,58.981157996000036],[17.38355395600007,58.98504520300003],[17.376836765000064,58.98299799700004],[17.34431951700003,59.02932675200003],[17.333799270000043,59.03384772000004],[17.330320251000046,59.042069584000046],[17.32124003800004,59.04934296500005],[17.320271974000036,59.059699],[17.32544744000006,59.07078027400007],[17.31264804400007,59.08013854400008],[17.322567654000068,59.12816767600003],[17.320226709000053,59.14213942900005],[17.309005720000073,59.14995025800005],[17.298755569000036,59.16330192200007],[17.26341194300005,59.18063226400005],[17.268324504000077,59.18539223700003],[17.260945701000026,59.19674771700005],[17.246952176000036,59.20167473600003],[17.24706993600006,59.220851190000076],[17.26700119000003,59.22788891600004],[17.27579660600003,59.24392949000003],[17.30726915200006,59.252399929000035],[17.305464088000065,59.25812651500007],[17.31208041700006,59.26610412900004],[17.34157927900003,59.27352891800007],[17.34782083700003,59.28058486300006],[17.34902805300004,59.302609414000074],[17.346221755000045,59.311687230000075],[17.35073569700006,59.32048384500007],[17.347381041000062,59.33533556500004],[17.33713690600007,59.35187358400003],[17.426082574000077,59.351962910000054],[17.41236789900006,59.36645544600003],[17.416126732000066,59.384140055000046],[17.43122216100005,59.39741201100003],[17.42648375400006,59.42617052000003],[17.436952345000066,59.44160307300007],[17.453519302000075,59.445916424000075],[17.504667503000064,59.44153590900004],[17.502683726000043,59.460014501000046],[17.46571765500005,59.50755310200003],[17.51260760400004,59.51619694300007],[17.527146810000033,59.531089903000066],[17.539708207000047,59.53652908300006],[17.54724837300006,59.54372744800003],[17.57045934200005,59.54218530600008],[17.58040519900004,59.549396724000076],[17.58109048500006,59.55962832100005],[17.528085920000024,59.58936634600008],[17.52003152700007,59.60785994500003],[17.512465949000045,59.612446731000034],[17.51505841900007,59.62181308500004],[17.535234136000042,59.633314950000056],[17.570092660000057,59.63811727400008],[17.59143775700005,59.64873894300007],[17.575675957000044,59.65426348400007],[17.572942649000026,59.65968851000008],[17.577895547000026,59.66326246700004],[17.59566750600004,59.66377502800003],[17.62449615400004,59.67461058400005],[17.629890961000058,59.68116685900003],[17.629102545000023,59.69300442800005],[17.680080512000075,59.691081936000046],[17.72089343600004,59.68305203600005],[17.72860466900005,59.66397650000005],[17.74076294300005,59.664974639000036],[17.75189701900007,59.66031669600005],[17.75882504200007,59.66421689600003],[17.77776208000006,59.68932023000008],[17.79471348800007,59.686931095000034],[17.818705387000023,59.67852293200008],[17.832427922000022,59.68225175900005],[17.833921666000037,59.690181016000054],[17.847884720000025,59.69642871600007],[17.868530256000042,59.69946073500006],[17.89507803200007,59.70938688000007],[17.945898731000057,59.712093863000064],[17.954708288000063,59.71825553600007],[17.975520542000027,59.72284926200007],[17.98406700700002,59.72797194900005],[17.999254198000074,59.72918720900003],[18.002339857000038,59.731697507000035],[18.00102404000006,59.73577027300007],[18.021028736000062,59.744480200000055],[18.04262890600006,59.73633373300004],[18.047183577000055,59.737549552000075],[18.04958318100006,59.743695528000046],[18.084495676000074,59.73902091500008],[18.092754914000068,59.750594095000054],[18.107515375000048,59.75833631200004],[18.10500182900006,59.76626559300007],[18.11567718400005,59.78181524300004],[18.11952412200003,59.80284353500008],[18.133012303000044,59.81892391900004],[18.19436147600004,59.83079317000005],[18.218009943000027,59.828184203000035],[18.254871114000025,59.83476017800007],[18.272952632000056,59.850276672000064],[18.335091873000067,59.86304052400004],[18.362010971000075,59.86469559300008],[18.365796402000058,59.87368763200004],[18.385044304000075,59.881269125000074],[18.40254180000005,59.89551217500008],[18.392650953000043,59.91888080500007],[18.379603510000038,59.93323962100004],[18.387561005000066,59.948447454000075],[18.39956225700007,59.95575497500005],[18.422421848000056,59.95832306400007],[18.428294277000077,59.96698381700003],[18.431707879000044,59.982856051000056],[18.450148243000058,59.99243187900004],[18.466841459000022,59.99668801100006],[18.471565532000056,60.00254667000007],[18.46842495800007,60.00666889100006],[18.397085625000045,60.03559807800008],[18.388929490000066,60.04247310900007],[18.412697338000044,60.04721985900005],[18.444837723000035,60.05881147100007],[18.452017453000053,60.07653631200003],[18.464422093000053,60.08141710700005],[18.491957305000028,60.103436473000045],[18.49679714900003,60.12393532500005],[18.495350065000025,60.13743227000003],[18.524319842000068,60.155843676000075],[18.55462313000004,60.133890360000066],[18.55769941500006,60.12242422000003]]],[[[18.680112741000073,59.54268738600007],[18.68473317300004,59.53437181800007],[18.687702710000053,59.53437181800007],[18.81074780000006,59.55328136000003],[18.828866309000034,59.549268563000055],[18.826052935000064,59.54326647000005],[18.80961398900007,59.538168607000046],[18.790271202000042,59.54291037300004],[18.771002760000044,59.536699843000065],[18.752725659000077,59.53825362300006],[18.679047466000043,59.52332539300005],[18.656157677000067,59.51333575000007],[18.653281589000073,59.50629519100005],[18.63921732600005,59.50223686700008],[18.623740490000046,59.490569323000045],[18.603580837000038,59.49394463300007],[18.595969936000074,59.484505400000046],[18.602260853000075,59.46723087100003],[18.595955107000066,59.445650656000055],[18.588320226000064,59.44703242300005],[18.577355427000043,59.46216689700003],[18.574212604000024,59.45465593400007],[18.582450728000026,59.44291138700004],[18.597145683000065,59.43532552000005],[18.60265259600004,59.42912123700006],[18.596688192000045,59.41572922100005],[18.58783489700005,59.42008137300007],[18.58578343100004,59.42749571400003],[18.56814662100004,59.43473911700005],[18.559123877000047,59.43326734200008],[18.55306389900005,59.42665316800003],[18.547466506000035,59.42928651800008],[18.537667802000044,59.44754587700004],[18.520517749000078,59.46223511200003],[18.520260445000076,59.46639411900003],[18.51579937100007,59.46697952100004],[18.51179853600007,59.48486671400008],[18.515673372000037,59.49287818800008],[18.546486135000066,59.505914989000075],[18.56201259000005,59.51992117300006],[18.579265871000075,59.52797665600008],[18.592490998000073,59.53994847600006],[18.64356721000007,59.55938062100006],[18.669766468000034,59.55937472000005],[18.664279582000063,59.54988145500005],[18.680112741000073,59.54268738600007]]],[[[17.678178951000064,59.054283070000054],[17.690636867000023,59.04771659200003],[17.706766549000065,59.007653866000055],[17.708260679000034,58.99466679800008],[17.700628352000024,58.98018336700005],[17.703080318000048,58.95528765800003],[17.695135409000045,58.93020208000007],[17.68241439800005,58.92017395500005],[17.68394917300003,58.90666258500005],[17.671455172000037,58.91250889200006],[17.661323839000033,58.92371891100004],[17.65306217500006,58.917875654000056],[17.63867248400004,58.92560997700008],[17.63710089500006,58.93076449900008],[17.64316765800004,58.94688704500004],[17.64200733200005,58.95870754500004],[17.637012812000023,58.96278605200007],[17.626981123000064,58.96256107700003],[17.621212223000043,58.976089365000064],[17.626197449000074,58.988860576000036],[17.649988102000066,59.01309840000005],[17.645933872000057,59.02800352100007],[17.637577261000047,59.01896908600003],[17.63245803500007,59.02555165400008],[17.642913067000052,59.04694162900006],[17.645943953000028,59.066868999000064],[17.658123212000078,59.07185739400006],[17.66676308600006,59.05648191600005],[17.678178951000064,59.054283070000054]]],[[[18.48096511400007,59.107944055000075],[18.474341372000026,59.101971537000054],[18.481383926000035,59.103474635000055],[18.48632883700003,59.090362096000035],[18.466731435000042,59.06887650300007],[18.467838509000046,59.06136897300007],[18.431677554000032,59.04812448500007],[18.421626944000025,59.024803975000054],[18.405157532000032,59.01079773400005],[18.394050677000052,59.00859232400006],[18.36787479000003,59.01084922600006],[18.343001422000043,59.028385712000045],[18.347590309000054,59.03379641600003],[18.36710598700006,59.04077717600006],[18.352996922000045,59.053633105000074],[18.376753394000048,59.06558568000003],[18.376773426000057,59.078297185000054],[18.405412456000022,59.08548815200004],[18.450067571000034,59.11069523200007],[18.472349778000023,59.11711145400005],[18.478973617000065,59.11553782700008],[18.48096511400007,59.107944055000075]]],[[[18.353691402000038,58.965307034000034],[18.289115555000024,58.94193060600003],[18.29186376900003,58.934377031000054],[18.316924968000023,58.93195140700004],[18.32074928800006,58.92987828000008],[18.31978499300004,58.92756919800007],[18.29106852700005,58.925873472000035],[18.27604876500004,58.91858210600003],[18.245426751000025,58.91517748100006],[18.228845724000053,58.91878312800003],[18.222606748000032,58.909288278000076],[18.209616914000037,58.90506361300004],[18.19374130800003,58.911333693000074],[18.185307584000043,58.921438429000034],[18.157724252000037,58.907231453000065],[18.152071614000022,58.89948908800005],[18.14641904100006,58.89842709700008],[18.14325868800006,58.904213568000046],[18.146512736000034,58.911020980000046],[18.16090398800003,58.91929292800006],[18.169385116000058,58.93638553900007],[18.181756798000038,58.94391944200004],[18.217712006000056,58.937741318000064],[18.257923126000037,58.95938789200005],[18.296117964000075,58.96260544800003],[18.350276546000032,58.979037808000044],[18.362690990000033,58.97601133400008],[18.361363874000062,58.97096604800004],[18.353691402000038,58.965307034000034]]],[[[18.209003175000078,59.02128658100003],[18.197465871000077,59.01494786000006],[18.18990629900003,58.99775962700005],[18.170842899000036,59.00267679600006],[18.16155215400005,58.99602287500005],[18.145767010000043,59.00673641000003],[18.146465619000026,58.994932738000045],[18.14298732000003,58.98661075600006],[18.152170804000036,58.97672158800003],[18.14893270400006,58.97154973600004],[18.12339901400003,58.96621533500007],[18.098950821000074,58.97999510800008],[18.05135384600004,58.96055471800008],[18.05207001800005,58.96800002600003],[18.062623795000036,58.97581019300003],[18.06044564800004,58.98602266700004],[18.081325225000057,58.99484249300008],[18.087115065000035,59.011247440000034],[18.097961319000035,59.020330020000074],[18.129963677000035,59.01944700300004],[18.16092591300003,59.02936129900007],[18.21352298100004,59.02347643600007],[18.209003175000078,59.02128658100003]]],[[[18.134019385000045,59.39030267900006],[18.16146051900006,59.38141647300006],[18.176746485000024,59.38365821000008],[18.196944002000066,59.37880598300006],[18.245113507000042,59.37542724200006],[18.254021787000056,59.36907496200007],[18.248569214000042,59.36426551900007],[18.229146246000028,59.36318415900007],[18.232301686000028,59.35284897300005],[18.208117869000034,59.33973421200005],[18.172060397000052,59.33816292900008],[18.12861687700007,59.352569721000066],[18.093875798000056,59.38506189800006],[18.103874320000045,59.389486196000064],[18.134019385000045,59.39030267900006]]],[[[18.76299718200005,60.19629325000005],[18.773464347000072,60.19132677700003],[18.782682838000028,60.194317700000056],[18.79034427600004,60.19167660800008],[18.791388055000027,60.178752477000046],[18.78624910700006,60.17437969500003],[18.792124175000026,60.17205954000008],[18.798632777000023,60.17743559300004],[18.80606644100004,60.17559278600004],[18.80587487100007,60.16971372900008],[18.812205402000075,60.15970455100006],[18.80761429200004,60.159351454000046],[18.79960946500006,60.16573517100005],[18.794811839000033,60.15865760300005],[18.788561122000033,60.15778467100006],[18.791053547000047,60.15213473600005],[18.77785048100003,60.15004916600003],[18.725941616000057,60.155171489000054],[18.720680151000067,60.15930973500008],[18.723541968000063,60.164762490000044],[18.716999980000026,60.170223485000065],[18.715747606000036,60.18043843000004],[18.722720430000038,60.19745537300008],[18.728996083000027,60.195011667000074],[18.73147682700005,60.20231797300005],[18.708351624000045,60.20921824200008],[18.711652221000065,60.215605863000064],[18.721869775000073,60.216347701000075],[18.728069653000034,60.22105890900008],[18.76521215400004,60.20279678600008],[18.76299718200005,60.19629325000005]]],[[[18.971820539000078,59.64101354500008],[18.983562101000075,59.63157153600008],[18.980155894000063,59.62547844200003],[18.96220211600007,59.619273398000075],[18.937252553000064,59.620893384000055],[18.934484362000035,59.62727126100003],[18.929489094000076,59.627473218000034],[18.91696952500007,59.61499054500007],[18.91100741400004,59.59278819000008],[18.888376134000055,59.57749851300008],[18.877330920000077,59.575615076000076],[18.851071793000074,59.58591120800003],[18.86636666800007,59.60396361200003],[18.94031708700004,59.65003792300007],[18.959599096000034,59.650841452000066],[18.971820539000078,59.64101354500008]]],[[[18.795627643000046,59.29485075000008],[18.81384084700005,59.289707461000035],[18.813850487000025,59.28108139100004],[18.808519140000044,59.279521447000036],[18.803618870000037,59.283814076000056],[18.782315057000062,59.26387829200007],[18.777449105000073,59.25326060200007],[18.746692677000055,59.26035540600003],[18.732251588000054,59.25922591300008],[18.722016024000027,59.25439030200005],[18.725829645000033,59.24851764400006],[18.721715415000062,59.244668138000065],[18.712255662000075,59.257377320000046],[18.72362250900005,59.27231434000004],[18.72970202600004,59.27132738900008],[18.72968465200006,59.26466900600008],[18.733381398000063,59.26523675200008],[18.735329731000036,59.27213581800004],[18.73077362400005,59.27906346100008],[18.754800696000075,59.29383792500005],[18.78612894500003,59.30269307300006],[18.787594453000054,59.29711927000005],[18.795627643000046,59.29485075000008]]],[[[18.77227169100007,59.57307340400007],[18.75862729200003,59.57186902300003],[18.754870966000055,59.57418472900008],[18.796042699000054,59.591093509000075],[18.852704455000037,59.62466485700003],[18.916945147000035,59.654097139000044],[18.924379035000072,59.654430640000044],[18.914847501000054,59.64200168200006],[18.85952984200003,59.60536713400006],[18.832448756000076,59.594184418000054],[18.82113836600007,59.58562286600005],[18.77227169100007,59.57307340400007]]],[[[18.889043512000057,59.40631230200006],[18.882024139000066,59.402123774000074],[18.877049774000056,59.40290778500008],[18.874199978000036,59.39773537000008],[18.87025875300003,59.39858544500004],[18.864640775000055,59.38780255100005],[18.851337925000053,59.38560273500008],[18.845602403000044,59.39130758500005],[18.847713944000077,59.40226854000008],[18.858900908000066,59.40961090300004],[18.853865779000046,59.41993846200006],[18.854127567000035,59.42814617300007],[18.86316361400003,59.437849345000075],[18.912565249000068,59.44601813000003],[18.92745203900006,59.44013220900007],[18.925445909000075,59.43518391500004],[18.91503016300004,59.42743769500004],[18.910641268000063,59.417483624000056],[18.889043512000057,59.40631230200006]]],[[[18.958431130000065,59.38690113300004],[18.96790297900003,59.37961937800003],[18.964136402000065,59.37610406400006],[18.958008541000027,59.37733155700005],[18.957614018000072,59.36227650300003],[18.952686879000055,59.35640895800003],[18.945523566000077,59.35451374300004],[18.92034739500002,59.38602154400007],[18.91307071500006,59.38360060200006],[18.902206918000047,59.39084342900003],[18.888310756000067,59.39396241400004],[18.902364240000054,59.400473773000044],[18.906437182000047,59.40743427100006],[18.92237285300007,59.40906287100006],[18.944823545000077,59.38952028800003],[18.958431130000065,59.38690113300004]]],[[[18.707233990000077,59.21222822300007],[18.71499437400007,59.20449743200004],[18.72806905400006,59.20802055900003],[18.74907113100005,59.20590238900007],[18.728042998000035,59.18996394100003],[18.717108273000065,59.19137215400008],[18.687577433000058,59.18071325300008],[18.660443908000047,59.17465042600003],[18.65436691700006,59.17649351300008],[18.65944153500004,59.18369611800006],[18.695562790000054,59.210911311000075],[18.707233990000077,59.21222822300007]]],[[[18.34130123400007,59.406556229000046],[18.349666720000073,59.40441172300007],[18.348272011000063,59.40124117400006],[18.303991522000047,59.40500666500003],[18.292743864000045,59.416561278000074],[18.304965131000074,59.43106508000005],[18.304987577000077,59.43772465400008],[18.317821276000075,59.44374135500004],[18.347017967000056,59.43577585600008],[18.35747798600005,59.42892257600005],[18.32714687600003,59.418440375000046],[18.32338389800003,59.41114936800005],[18.34130123400007,59.406556229000046]]],[[[18.83317945400006,59.68412690000008],[18.847886887000072,59.681218855000054],[18.85363828800007,59.67349307200004],[18.875455627000065,59.67643208000004],[18.891736869000056,59.67368565400005],[18.916780390000042,59.66317029100003],[18.909873236000067,59.658709773000055],[18.877877915000056,59.658600739000065],[18.864588927000057,59.66245390500006],[18.825338035000073,59.66571532200004],[18.816215086000057,59.669665500000065],[18.823697038000034,59.68127511500006],[18.83317945400006,59.68412690000008]]],[[[18.726195348000033,59.46382211300005],[18.73488306300004,59.45766173100003],[18.723627520000036,59.45112884900004],[18.71046989100006,59.45099993900004],[18.709659720000047,59.44338761600005],[18.69010638800006,59.44161334000006],[18.683786677000057,59.44496315400005],[18.673176598000055,59.44483099100006],[18.652748563000046,59.43288380900003],[18.650676460000057,59.43676659000005],[18.64063439100005,59.43982104300005],[18.644758764000073,59.449330373000066],[18.672507068000073,59.45836610300006],[18.69693369400005,59.45780329200005],[18.726195348000033,59.46382211300005]]],[[[18.414944857000023,59.38141796100007],[18.40871640200004,59.38060622200004],[18.37435400100003,59.39979328800007],[18.363182308000034,59.416975982000054],[18.39551312900005,59.41415172000006],[18.405612528000063,59.406556229000046],[18.429241253000043,59.40052415100007],[18.435680131000026,59.39471309000004],[18.421434887000032,59.38927932400003],[18.414944857000023,59.38141796100007]]],[[[18.88924538300006,59.325931377000074],[18.863726566000025,59.32062292300003],[18.881490014000065,59.350606569000036],[18.906804903000022,59.360054708000064],[18.920579710000027,59.35296361800005],[18.90591327800007,59.344662768000035],[18.903621658000077,59.33639910100004],[18.88924538300006,59.325931377000074]]],[[[18.640845014000035,59.42305556900004],[18.644043628000077,59.41572514400008],[18.657504508000045,59.417902576000074],[18.668645490000074,59.410298770000054],[18.666086593000045,59.40562005400005],[18.65801304000007,59.40498953900004],[18.662101519000032,59.39982569600005],[18.679428623000035,59.39246730500008],[18.659784641000044,59.388010992000034],[18.63230247000007,59.39202619900004],[18.634696505000022,59.40028605200007],[18.630640093000068,59.41626762700008],[18.640845014000035,59.42305556900004]]],[[[19.138969331000055,59.84782566700005],[19.130449486000032,59.844050924000044],[19.122880915000053,59.84528172500006],[19.124902419000023,59.840068458000076],[19.11604380700004,59.83869768900007],[19.109919138000066,59.82795027700007],[19.100943796000024,59.83183998800007],[19.09623673300007,59.82744386500008],[19.089247500000056,59.836239687000045],[19.101045201000034,59.84126684600005],[19.112195259000032,59.85961703700008],[19.135597103000066,59.86491192100004],[19.14197806100003,59.86165242900006],[19.138969331000055,59.84782566700005]]],[[[18.784139853000056,59.47159888200008],[18.752566542000068,59.459189225000046],[18.716509995000024,59.46825440600003],[18.765245794000066,59.48222948100005],[18.79549114100007,59.477047035000055],[18.784139853000056,59.47159888200008]]],[[[18.137232910000023,58.89192160200008],[18.13613201900006,58.888513972000055],[18.144911339000032,58.88887641700006],[18.136195558000054,58.87667010400003],[18.13634381600002,58.869177068000056],[18.124720332000038,58.86228897600006],[18.11010543900005,58.86186319300003],[18.106197312000063,58.85396228900004],[18.099785930000053,58.85517984300003],[18.094962700000053,58.86453621000004],[18.097625965000077,58.871379982000065],[18.107961250000074,58.872564745000034],[18.10543110900005,58.88076157000006],[18.124357301000032,58.88376175900004],[18.134734829000024,58.89496686100006],[18.137992306000058,58.894272185000034],[18.137232910000023,58.89192160200008]]],[[[18.380118406000065,59.38974823900003],[18.41659205900004,59.36474751500003],[18.40775082500005,59.36461220800004],[18.343334136000067,59.39127463600005],[18.35538823400003,59.39644478800005],[18.372313851000058,59.39509784100005],[18.380118406000065,59.38974823900003]]],[[[18.176203488000056,59.04064168900004],[18.176209768000035,59.034269951000056],[18.16752582500004,59.03383111200003],[18.13434512400005,59.05167731900008],[18.152301172000023,59.05745081300006],[18.177340052000034,59.052499201000046],[18.181773708000037,59.04722009300008],[18.176203488000056,59.04064168900004]]],[[[18.956921520000037,59.39715010400005],[18.947743036000077,59.39275547500006],[18.948790595000048,59.39715914000004],[18.942551671000047,59.397482868000054],[18.936723550000067,59.40631230200006],[18.936599681000075,59.41615994800003],[18.944528172000048,59.41996720000003],[18.974264349000066,59.41457588000003],[18.975444561000074,59.40837868300008],[18.959765723000032,59.40631230200006],[18.962317941000038,59.40259012200005],[18.956921520000037,59.39715010400005]]],[[[18.791011749000063,60.14291396100003],[18.791182203000062,60.128998728000056],[18.788008396000066,60.12456552500004],[18.758851324000034,60.12748015000005],[18.761601341000073,60.13684944500005],[18.766694122000047,60.14177158400008],[18.76337064100005,60.14585066600006],[18.765703678000023,60.147900769000046],[18.783347870000057,60.147777061000056],[18.791011749000063,60.14291396100003]]],[[[19.17774199200005,59.76242921000005],[19.17063402900004,59.76270151600005],[19.157822553000074,59.77517270800007],[19.175487529000065,59.78518384300003],[19.187636851000036,59.78666809900005],[19.19795242300006,59.781659672000046],[19.18330811100003,59.76343069700005],[19.17774199200005,59.76242921000005]]],[[[18.64804854700003,59.16759225000004],[18.649410980000027,59.163939209000034],[18.627288615000055,59.15395773300003],[18.617955211000037,59.15488765500004],[18.63204037500003,59.17770213800003],[18.648028494000073,59.18530779800005],[18.64804854700003,59.16759225000004]]],[[[19.05810140600005,59.576433363000035],[19.067174231000024,59.579470591000074],[19.075795979000077,59.57465491200003],[19.054220288000067,59.56532356900004],[19.03077309300005,59.56726668200008],[19.026102455000057,59.573525062000044],[19.019581112000026,59.57509741700005],[19.023309080000047,59.57820075300003],[19.049729312000068,59.579412638000065],[19.05810140600005,59.576433363000035]]],[[[19.140789061000078,59.75410773400006],[19.151841989000047,59.74672762000006],[19.14060028600005,59.74176445100005],[19.123347513000056,59.746043314000076],[19.114927958000067,59.74089440900008],[19.10964701200004,59.75094127400007],[19.100070421000055,59.753263497000034],[19.103360242000065,59.75684776800006],[19.116108234000023,59.75758852800004],[19.140789061000078,59.75410773400006]]],[[[18.521245409000073,59.05707094300004],[18.52438307600005,59.05161689400006],[18.529660079000053,59.054198359000054],[18.534050656000034,59.03637074900007],[18.52438307600005,59.03065716500004],[18.512862695000024,59.03049397800004],[18.510143758000027,59.03313635900008],[18.513740898000037,59.05281209200007],[18.521245409000073,59.05707094300004]]],[[[19.025847982000073,59.625049871000044],[19.020979413000077,59.62255901100008],[19.011872631000074,59.62860458600005],[19.024096247000045,59.63528017600004],[19.02060861700005,59.642168455000046],[19.031755864000047,59.65070067000005],[19.036644342000045,59.65199923900008],[19.049676487000056,59.642168455000046],[19.036196053000026,59.63772702500006],[19.031694781000056,59.628041213000074],[19.025847982000073,59.625049871000044]]],[[[19.106869199000073,59.81199959600008],[19.115698475000045,59.81667188200004],[19.127329777000057,59.809955082000045],[19.136022452000077,59.812534741000036],[19.145249859000046,59.80932592400006],[19.134621611000057,59.79999768300007],[19.11942434900004,59.79555900100007],[19.106869199000073,59.81199959600008]]],[[[19.101433806000045,59.78650863900003],[19.104304067000044,59.78556361100004],[19.091036548000034,59.770805722000034],[19.080307693000066,59.771086722000064],[19.062953167000046,59.77991431500004],[19.06784009000006,59.78324586300005],[19.101433806000045,59.78650863900003]]],[[[18.824463337000054,59.638167689000056],[18.80958830700007,59.64165152600003],[18.831716606000043,59.65607168900004],[18.84873895800007,59.65535360400003],[18.854246802000034,59.65195280000006],[18.824463337000054,59.638167689000056]]],[[[18.695364141000027,59.14128081200005],[18.680422493000037,59.12961032900006],[18.667596871000057,59.13069731000007],[18.693610886000045,59.15094233200006],[18.714791172000048,59.15403363300004],[18.71127996100006,59.14717260300006],[18.695364141000027,59.14128081200005]]],[[[18.722832150000045,59.42337345200008],[18.726953691000062,59.41540417500005],[18.713634565000064,59.41464972300008],[18.69204155400007,59.430496204000065],[18.717092466000054,59.43447151600003],[18.722832150000045,59.42337345200008]]],[[[18.785155468000028,59.63855307400007],[18.768852826000057,59.63360897200005],[18.76082793200004,59.63642996100003],[18.766246740000042,59.64718257100003],[18.782085797000036,59.653723917000036],[18.783627188000025,59.65079174700003],[18.79283500200006,59.64885770700005],[18.785155468000028,59.63855307400007]]],[[[18.928943163000042,59.28071450900006],[18.931461107000075,59.27594815600003],[18.923293014000024,59.272573754000064],[18.903784821000045,59.27936564300006],[18.897186635000025,59.291348612000036],[18.916514051000036,59.28912993200004],[18.928943163000042,59.28071450900006]]],[[[18.784139853000056,59.43884038300007],[18.765427075000048,59.436996417000046],[18.77264804600003,59.44305690200008],[18.787651148000066,59.44350684700004],[18.790201672000023,59.45043986400003],[18.81440284200005,59.45617652300007],[18.805232327000056,59.44524372200004],[18.784139853000056,59.43884038300007]]],[[[19.147928584000056,59.698302166000076],[19.14576296000007,59.69360018000003],[19.153576797000028,59.694926406000036],[19.16404987100003,59.682112189000065],[19.158639294000068,59.67940619600006],[19.150861151000072,59.68084980800006],[19.130942204000064,59.697798384000066],[19.139602876000026,59.700318235000054],[19.147928584000056,59.698302166000076]]],[[[18.851938010000026,59.29711927000005],[18.849705812000025,59.29156190200007],[18.83711072500006,59.29911451500004],[18.81030862600005,59.30011678400007],[18.814541765000058,59.306639964000055],[18.824948321000022,59.30855895000008],[18.85279057100007,59.29924183900005],[18.851938010000026,59.29711927000005]]],[[[18.677181964000056,59.467607420000036],[18.668005761000074,59.46237520300008],[18.61740426800003,59.46992998400003],[18.62931855000005,59.473311573000046],[18.677181964000056,59.467607420000036]]],[[[18.860338372000058,59.512559717000045],[18.863911921000067,59.50937715500004],[18.853670862000058,59.50297117900004],[18.830279121000046,59.500069851000035],[18.819807984000022,59.51123814300007],[18.83905247000007,59.506032592000054],[18.84991991100003,59.51206084100005],[18.860338372000058,59.512559717000045]]],[[[18.69088391400004,59.40837868300008],[18.68059355500003,59.40837868300008],[18.671882281000023,59.41892356300008],[18.694435334000048,59.42201266700005],[18.698415682000075,59.41983475400008],[18.699648685000057,59.41578909100008],[18.69088391400004,59.40837868300008]]],[[[18.736427164000077,59.09579485000006],[18.71759242400003,59.10227116000004],[18.749574547000066,59.112117785000066],[18.75662242800007,59.11083729400008],[18.736427164000077,59.09579485000006]]],[[[18.81876154200006,59.40160368800008],[18.82656153100004,59.39775711000004],[18.831432821000078,59.38977587800008],[18.814881980000052,59.38611601500003],[18.802896394000072,59.393819473000065],[18.80562445000004,59.39825617500003],[18.80979350100006,59.39691130300008],[18.81876154200006,59.40160368800008]]],[[[17.961727077000035,58.881354817000044],[17.95762420400007,58.879360037000026],[17.95503580700006,58.88518225900003],[17.96666581100004,58.90517125100007],[17.978541765000045,58.90574620700005],[17.975638165000078,58.89876254300003],[17.966345516000047,58.89192160200008],[17.961727077000035,58.881354817000044]]],[[[18.881752104000043,59.303755987000045],[18.87878181900004,59.30178096800006],[18.859326945000078,59.30642234900006],[18.884416912000063,59.31635891600007],[18.89540044200004,59.312831120000055],[18.881752104000043,59.303755987000045]]],[[[18.319251937000047,59.05493234000005],[18.33761925500005,59.043068936000054],[18.325625339000055,59.03639873000003],[18.313177750000023,59.03834033000004],[18.319251937000047,59.05493234000005]]],[[[18.408014254000022,59.24017008900006],[18.411662662000026,59.238136016000055],[18.40927596800003,59.22670291600008],[18.404730690000065,59.228947349000066],[18.401331982000045,59.23744673700003],[18.394197806000022,59.23743262900007],[18.387758881000025,59.24381746800003],[18.39336607200005,59.25087716200005],[18.399642011000026,59.24966921400005],[18.402273095000055,59.243370920000075],[18.408014254000022,59.24017008900006]]],[[[17.719595945000037,58.84719902900008],[17.720187380000027,58.83917192700005],[17.70941305200006,58.838901702000044],[17.707708135000075,58.84773879900007],[17.694082640000033,58.85833307300004],[17.698497433000057,58.86156448200006],[17.707777986000053,58.85826063400003],[17.71183566900004,58.85107728000003],[17.719595945000037,58.84719902900008]]],[[[18.741180133000057,59.42822651300003],[18.748581397000066,59.425670222000065],[18.75023548100006,59.418070070000056],[18.73311621000005,59.421405632000074],[18.72430573300005,59.43077007100004],[18.729676811000047,59.43365323800003],[18.74245889100007,59.43350396200003],[18.741180133000057,59.42822651300003]]],[[[18.569587986000045,59.404465670000036],[18.566123493000077,59.403167042000064],[18.54513246500005,59.41266180400004],[18.55615264900007,59.41889974800006],[18.57442535900003,59.40627890800005],[18.569587986000045,59.404465670000036]]],[[[18.604791052000053,59.08000363900004],[18.595775115000038,59.078797191000035],[18.599886882000078,59.08571882900003],[18.590527309000038,59.08621199000004],[18.596861688000047,59.09452744600003],[18.609892227000046,59.098237909000034],[18.604791052000053,59.08000363900004]]],[[[18.614120145000072,59.233114983000064],[18.61685206800007,59.22994611200005],[18.61132255900003,59.22551179000004],[18.603161030000024,59.22817564400003],[18.590981836000026,59.224809167000046],[18.58468573400006,59.23001280700004],[18.593264220000037,59.23507188600007],[18.614120145000072,59.233114983000064]]],[[[17.863981739000053,58.76878259800003],[17.870716368000046,58.74697753100003],[17.84799683700004,58.77384283200007],[17.862557037000045,58.77208022100007],[17.863981739000053,58.76878259800003]]],[[[18.35141222200002,59.25942814500007],[18.37738534300007,59.25789813200004],[18.379261932000077,59.24920084400003],[18.344480771000065,59.25698039800005],[18.35141222200002,59.25942814500007]]],[[[18.821473468000022,59.37826780700004],[18.82363858800005,59.37414261400005],[18.807907202000024,59.36811503300004],[18.800981814000068,59.37323100500004],[18.805922227000053,59.379284099000074],[18.81632096900006,59.382514849000074],[18.821473468000022,59.37826780700004]]],[[[18.582450728000026,59.12270297100008],[18.573759995000046,59.12136340600006],[18.569456669000033,59.12454182000005],[18.582450728000026,59.13373691000004],[18.596517839000057,59.13229257300003],[18.587856805000058,59.123826018000045],[18.582450728000026,59.12270297100008]]],[[[18.804236684000045,59.563876202000074],[18.798322744000075,59.55806279600006],[18.781195968000077,59.561457103000066],[18.792988623000042,59.56992004400007],[18.802615934000073,59.570137438000074],[18.80666468800007,59.56626293100004],[18.804236684000045,59.563876202000074]]],[[[18.465293907000046,59.475298965000036],[18.47192339700007,59.471701358000075],[18.464646903000073,59.46259222900005],[18.456721536000032,59.46742919800005],[18.450241262000077,59.46399979500006],[18.440837720000047,59.46859731400008],[18.450773235000042,59.47336130800005],[18.457996361000028,59.47065391800004],[18.465293907000046,59.475298965000036]]],[[[19.131245625000076,59.769499420000045],[19.122368563000066,59.77565449800005],[19.13843896800006,59.78076648600006],[19.14724661400004,59.775966253000036],[19.144130034000057,59.77068005900003],[19.131245625000076,59.769499420000045]]],[[[18.565709730000037,59.022237819000054],[18.567384986000036,59.02104961500004],[18.56241456400005,59.018593828000064],[18.55150616000003,59.01930645600004],[18.54178573400003,59.02624026700005],[18.55105049200006,59.03263512900003],[18.565709730000037,59.022237819000054]]],[[[18.501442515000065,59.105314140000075],[18.48498250800003,59.10511792700004],[18.499225400000057,59.11703874900007],[18.511119904000054,59.116523708000045],[18.501442515000065,59.105314140000075]]],[[[19.025229591000027,59.67604007500006],[19.009976465000022,59.678744702000074],[19.018449130000022,59.685194273000036],[19.036312113000065,59.684265491000076],[19.034571456000037,59.67922395100004],[19.025229591000027,59.67604007500006]]],[[[19.177119539000046,59.59095572100006],[19.169712514000025,59.58744458900003],[19.14541080200007,59.59210680500007],[19.162340958000073,59.59802791200008],[19.177119539000046,59.59095572100006]]],[[[18.786382298000035,59.37915989800007],[18.769283882000025,59.387628121000034],[18.78265545200003,59.394201062000036],[18.79194149400007,59.380364857000075],[18.786382298000035,59.37915989800007]]],[[[18.085445741000058,59.03171195700003],[18.065027130000033,59.01660934100005],[18.062530168000023,59.01867563900004],[18.062875733000055,59.02939294300006],[18.071514302000026,59.02769721800007],[18.086015408000037,59.03429743600003],[18.085445741000058,59.03171195700003]]],[[[19.151118444000076,59.839614941000036],[19.152537104000032,59.83543324200008],[19.14310389600007,59.83357222500007],[19.13349499800006,59.84239218000005],[19.14807221700005,59.848594125000034],[19.151118444000076,59.839614941000036]]],[[[18.694702266000036,59.58468008500006],[18.68706936500007,59.58317899000008],[18.679477331000044,59.58667064800005],[18.68685634900004,59.59500639400005],[18.699592319000033,59.59524813000007],[18.694702266000036,59.58468008500006]]],[[[18.419734703000074,59.20998255200004],[18.40078044300003,59.21792144900007],[18.409188189000076,59.222379071000034],[18.427053845000046,59.21388663400006],[18.419734703000074,59.20998255200004]]],[[[19.18435834400003,59.65835202300008],[19.177734560000033,59.66184491900003],[19.178118724000058,59.66988463900003],[19.182123390000072,59.67263302600003],[19.194959604000076,59.665713639000046],[19.19260907100005,59.66087078500004],[19.18435834400003,59.65835202300008]]],[[[18.80661761500005,59.480960992000064],[18.81440284200005,59.48400148500008],[18.824590213000022,59.482800689000044],[18.82813664400004,59.47757088800006],[18.822306480000066,59.473003531000074],[18.81440284200005,59.47371757700006],[18.81049325400005,59.47458362900005],[18.80661761500005,59.480960992000064]]],[[[18.884189653000078,59.37057666100003],[18.879219268000043,59.37178506500004],[18.879971101000024,59.380120385000055],[18.888934464000044,59.38302756600007],[18.895083750000026,59.37865353800004],[18.894239253000023,59.374339504000034],[18.884189653000078,59.37057666100003]]],[[[18.540213591000054,59.09947093000005],[18.556652864000057,59.09972736200007],[18.550263106000045,59.090615651000064],[18.533243949000052,59.092885041000045],[18.540213591000054,59.09947093000005]]],[[[18.766967546000046,59.61942062900005],[18.750282886000036,59.61888063600003],[18.760895705000053,59.627767334000055],[18.773841047000076,59.62718536800003],[18.766967546000046,59.61942062900005]]],[[[18.48923792200003,59.42556310000003],[18.455324193000024,59.42797037000008],[18.46381969500004,59.431448344000046],[18.48923792200003,59.42556310000003]]],[[[18.766530765000027,59.556938149000075],[18.750838085000055,59.56207627100008],[18.762455817000045,59.56701009300008],[18.77504708500004,59.561745270000074],[18.766530765000027,59.556938149000075]]],[[[18.708920715000033,59.56510082800003],[18.704477265000037,59.56280934300008],[18.69356194100004,59.56654316000004],[18.693734423000024,59.569529240000065],[18.70363409500004,59.57371297200007],[18.712705818000074,59.569529240000065],[18.708920715000033,59.56510082800003]]],[[[18.17208475800004,58.981144236000034],[18.165166554000052,58.98632301600003],[18.16629996200004,58.988922681000076],[18.17868157600003,58.992990957000075],[18.18049942400006,58.985288567000055],[18.17208475800004,58.981144236000034]]],[[[18.79965727900003,59.68163071200007],[18.805344905000027,59.679476573000045],[18.795546088000037,59.67304604700007],[18.782515769000042,59.67881331400008],[18.794015778000073,59.68376738100005],[18.79965727900003,59.68163071200007]]],[[[18.853477096000063,59.198285475000034],[18.839723697000068,59.20326609400007],[18.84408077200004,59.21088440200003],[18.851993122000067,59.212980765000054],[18.85018733800007,59.20754085200008],[18.853477096000063,59.198285475000034]]],[[[18.69705489200004,59.17991076800007],[18.704411548000053,59.17881906800005],[18.693962439000074,59.16808022500004],[18.68179085500003,59.17064090000008],[18.69705489200004,59.17991076800007]]],[[[18.93530294900006,59.28697251500006],[18.91972713900003,59.29124779500006],[18.93157779300003,59.29618296800004],[18.941605390000063,59.29134185700008],[18.93530294900006,59.28697251500006]]],[[[18.78568996000007,59.21020729900005],[18.788989479000065,59.20848678700003],[18.783207510000068,59.20082924400003],[18.772364776000074,59.198474384000065],[18.76634997800005,59.20267595000007],[18.770910612000023,59.20558576800005],[18.775587746000042,59.20366236900003],[18.78568996000007,59.21020729900005]]],[[[18.622077647000026,59.09477344600003],[18.62520160400004,59.08116452300004],[18.61589857100006,59.08258292100004],[18.611814501000026,59.090525600000035],[18.622077647000026,59.09477344600003]]],[[[18.71195935800006,60.21826996700008],[18.707381161000058,60.21725979900003],[18.698666123000066,60.22956414300006],[18.708032479000053,60.229855592000035],[18.716899943000044,60.21936009400008],[18.71195935800006,60.21826996700008]]],[[[18.424123443000042,59.45586490100004],[18.41472760100004,59.45766173100003],[18.410977715000058,59.46289642000005],[18.42216151300005,59.466098755000075],[18.42809075300005,59.46229565800007],[18.424123443000042,59.45586490100004]]],[[[18.865826225000035,59.29711927000005],[18.874087433000057,59.29196135600006],[18.862155204000032,59.28790548100005],[18.853542685000036,59.294033238000054],[18.863387026000055,59.298642192000045],[18.865826225000035,59.29711927000005]]],[[[19.16706139400003,59.743064436000054],[19.170678508000037,59.73844636700005],[19.16658957900006,59.73380176900008],[19.159676172000047,59.73656075400004],[19.156672584000034,59.743064436000054],[19.16127444700004,59.74678722800007],[19.16706139400003,59.743064436000054]]],[[[18.803150733000052,59.146541057000036],[18.794360382000036,59.14592528600008],[18.790592040000035,59.150707573000034],[18.796466492000036,59.154545917000064],[18.806666825000036,59.15452673400006],[18.806051659000047,59.147979605000046],[18.803150733000052,59.146541057000036]]],[[[18.74970049600006,59.59742291200007],[18.745862464000027,59.59379749200008],[18.725514001000022,59.59417784800007],[18.73424311100007,59.600700087000064],[18.74970049600006,59.59742291200007]]],[[[18.450539243000037,59.20023845900005],[18.457629592000046,59.198624848000065],[18.460963556000024,59.19222219800008],[18.456309544000078,59.19061147600007],[18.450067571000034,59.19690355100005],[18.443584248000036,59.195265],[18.439876790000028,59.19838670300004],[18.441736656000046,59.20168688500007],[18.450539243000037,59.20023845900005]]],[[[18.521973909000053,59.07123983300005],[18.51594648400004,59.06903450600004],[18.51226536200005,59.07830055800008],[18.51681400900003,59.08283972000004],[18.522098366000023,59.083546596000076],[18.521973909000053,59.07123983300005]]],[[[18.050470870000026,59.00066288000005],[18.049233429000026,58.99899602000005],[18.043673154000032,59.00352609000004],[18.051263997000035,59.007805794000035],[18.054431720000025,59.017012461000036],[18.061429057000055,59.01542379800003],[18.050470870000026,59.00066288000005]]],[[[18.494671579000055,59.503579442000046],[18.50009681800003,59.50091683100004],[18.49475614800002,59.49422647500006],[18.48459797000004,59.496032670000034],[18.49028531500005,59.505732142000056],[18.494671579000055,59.503579442000046]]],[[[18.922181452000075,59.362207073000036],[18.91574600200005,59.36519436000003],[18.921112806000053,59.37538357800008],[18.929805977000058,59.365950584000075],[18.922181452000075,59.362207073000036]]],[[[18.96824530200007,59.37446274500007],[18.97760286600004,59.37379033900004],[18.968801220000046,59.36193012100006],[18.961859574000073,59.36945147300003],[18.96824530200007,59.37446274500007]]],[[[18.770897666000053,59.66266895500007],[18.77837626200005,59.65952044800008],[18.772467427000038,59.65634027600004],[18.754575352000074,59.66122827600003],[18.76481405100003,59.665230172000065],[18.770897666000053,59.66266895500007]]],[[[18.480481545000032,59.058573230000036],[18.473616495000044,59.057686896000064],[18.47996721900006,59.06564495600003],[18.490693494000027,59.06808495300004],[18.48895409100004,59.059667105000074],[18.480481545000032,59.058573230000036]]],[[[18.640288045000034,59.09840213600006],[18.644982249000066,59.09635420500007],[18.634795978000056,59.09006119000003],[18.625640559000033,59.095712011000046],[18.636120206000044,59.10016414200004],[18.640288045000034,59.09840213600006]]],[[[18.396945784000025,59.09585911800008],[18.386441499000057,59.09777713200003],[18.39993501500004,59.10534204100003],[18.408145558000058,59.10237342200003],[18.396945784000025,59.09585911800008]]],[[[19.15312914900005,59.759682603000044],[19.142730420000078,59.75947596700007],[19.145037218000027,59.76700871400004],[19.150814808000064,59.77089499400006],[19.154882366000038,59.76970283800006],[19.15312914900005,59.759682603000044]]],[[[17.964739486000042,58.86452746800006],[17.95938552000007,58.86154959100003],[17.955765462000045,58.864619308000044],[17.960401842000067,58.87575680500004],[17.965347895000036,58.87804554200005],[17.964739486000042,58.86452746800006]]],[[[18.744849173000034,59.22130230700003],[18.742667506000032,59.221993818000044],[18.754307966000056,59.23338453000008],[18.761089691000052,59.236204978000046],[18.75114210000004,59.222012636000045],[18.744849173000034,59.22130230700003]]],[[[18.482959481000023,59.455394761000036],[18.487041693000037,59.45210780600007],[18.48827717100005,59.445275192000054],[18.480558743000074,59.45114422700004],[18.475473056000055,59.44879343800005],[18.469067359000064,59.45042759200004],[18.474994226000035,59.45487823600007],[18.482959481000023,59.455394761000036]]],[[[18.422531222000032,59.12569066700007],[18.41501067300004,59.11793012800007],[18.409105762000024,59.11801952800005],[18.419525665000037,59.13184693800008],[18.422520493000036,59.132073727000034],[18.422531222000032,59.12569066700007]]],[[[18.74101907000005,59.49151623600005],[18.730577376000042,59.48319422900005],[18.719426315000078,59.484521474000076],[18.736847604000047,59.49357596700003],[18.743060085000025,59.49314292000008],[18.74101907000005,59.49151623600005]]],[[[18.959877779000067,59.28315758700006],[18.954050316000064,59.28111627900006],[18.94517469500005,59.28627230300003],[18.956538495000075,59.29012345400008],[18.96431902200004,59.285546142000044],[18.959877779000067,59.28315758700006]]],[[[18.43587000900004,59.37356944600003],[18.44248755500007,59.36917540600007],[18.433844778000037,59.36647028100003],[18.42264279500006,59.372379445000036],[18.426627693000057,59.37511254100008],[18.43587000900004,59.37356944600003]]],[[[18.407365472000038,59.447849588000054],[18.398467158000074,59.44807575600004],[18.41017033600002,59.45766173100003],[18.412139206000063,59.450970563000055],[18.407365472000038,59.447849588000054]]],[[[19.506245711000076,59.44786812800004],[19.508897405000027,59.444835486000045],[19.50605586300003,59.43854360000006],[19.493660197000054,59.44146993600003],[19.50001788800006,59.44783817900003],[19.506245711000076,59.44786812800004]]],[[[18.89515592500004,59.68719351500005],[18.886002672000075,59.68164091700004],[18.875193528000068,59.68417321800007],[18.889127789000042,59.69050910200008],[18.89515592500004,59.68719351500005]]],[[[18.784747839000033,59.39515947400008],[18.795243653000057,59.39599141800005],[18.80212333000003,59.38582489600003],[18.79441988800005,59.38648299300007],[18.784747839000033,59.39515947400008]]],[[[17.71399027500007,58.98245940400005],[17.71858725100003,58.97776662600006],[17.716900854000073,58.96736127400004],[17.712062426000045,58.970495983000035],[17.70913649000005,58.97876495700007],[17.71399027500007,58.98245940400005]]],[[[19.198017753000045,59.765764242000046],[19.202949239000077,59.765983179000045],[19.197841948000075,59.75455253900003],[19.18765993900007,59.75711310200006],[19.198017753000045,59.765764242000046]]],[[[18.652566884000066,59.118733348000035],[18.66120888000006,59.115428551000036],[18.652714592000052,59.109685341000045],[18.642625891000023,59.11296237100004],[18.652566884000066,59.118733348000035]]],[[[19.136239894000028,59.66231983600005],[19.141363279000075,59.66030056400007],[19.134163658000034,59.65473680800005],[19.123595240000043,59.65763371600008],[19.136239894000028,59.66231983600005]]],[[[18.91013278400004,59.452234118000035],[18.905864990000055,59.449317946000065],[18.894038547000036,59.452438922000056],[18.90346953200003,59.45767371000005],[18.91312289800004,59.45427725500008],[18.91013278400004,59.452234118000035]]],[[[17.706705638000074,58.93120462700006],[17.70793727000006,58.925984450000044],[17.703732271000035,58.91515538700003],[17.69946720400003,58.923858074000066],[17.706705638000074,58.93120462700006]]],[[[18.64267549400006,60.157100840000055],[18.65126241100006,60.15141487400007],[18.643062835000023,60.14845352200007],[18.632428425000057,60.15308592100007],[18.64267549400006,60.157100840000055]]],[[[18.969220833000065,59.47453676400005],[18.962481352000054,59.46847160100003],[18.95722552500007,59.469127075000074],[18.95454433900005,59.473872447000076],[18.961097454000026,59.47716081900006],[18.969220833000065,59.47453676400005]]],[[[18.48141645000004,59.18626219200007],[18.486296211000024,59.18170701000008],[18.485500797000043,59.171329763000074],[18.480626030000053,59.17356096600008],[18.478091235000022,59.18270591800007],[18.48141645000004,59.18626219200007]]],[[[18.916496478000056,59.708566294000036],[18.927240019000067,59.702936254000065],[18.922830479000027,59.70130696500007],[18.90441157600003,59.70748537700007],[18.916496478000056,59.708566294000036]]],[[[18.811224286000026,59.63169048300006],[18.806595,59.62880781700005],[18.79782425800005,59.63169048300006],[18.80348592200005,59.63614673100005],[18.813130088000037,59.63584310600004],[18.811224286000026,59.63169048300006]]],[[[18.802708449000022,60.25435278600003],[18.818233891000034,60.24995513300007],[18.807458479000047,60.24637723400008],[18.79850407600003,60.25191850900006],[18.802708449000022,60.25435278600003]]],[[[18.725107626000067,59.23338453000008],[18.718654084000036,59.22934217400007],[18.712761276000037,59.23168865400004],[18.717904013000066,59.24017008900006],[18.725107626000067,59.23338453000008]]],[[[18.77194872900003,59.221437249000076],[18.767038528000057,59.21735227200003],[18.755826119000062,59.22027255100005],[18.764803209000036,59.22523535200003],[18.773938120000025,59.22309229700005],[18.77194872900003,59.221437249000076]]],[[[18.44699290500006,59.43651083900005],[18.45027034900005,59.42810265800006],[18.442817869000066,59.42742822900004],[18.43791545600004,59.43650089600004],[18.44699290500006,59.43651083900005]]],[[[18.178119200000026,58.895133110000074],[18.168722149000075,58.89581328000003],[18.171613789000048,58.90295307300005],[18.176186262000044,58.904880621000075],[18.178813263000052,58.90202977800004],[18.178119200000026,58.895133110000074]]],[[[18.801811502000078,59.46746842600004],[18.80748178600004,59.46651624400005],[18.79961914300003,59.459008406000066],[18.79003923700003,59.46117054000007],[18.801811502000078,59.46746842600004]]],[[[19.03291127700004,59.77376387000004],[19.03582511700006,59.77690862900005],[19.05265831400004,59.77267812600007],[19.049411849000023,59.769613538000044],[19.03291127700004,59.77376387000004]]],[[[18.608108427000047,59.39312881300003],[18.610046478000072,59.384759504000044],[18.60137900500007,59.38442590400007],[18.59679975000006,59.38890725200008],[18.608108427000047,59.39312881300003]]],[[[18.69693369400005,59.553777970000056],[18.692330971000047,59.55337965200005],[18.687290301000075,59.55893621600006],[18.69929227600005,59.560064854000075],[18.704275211000038,59.55707521200003],[18.69693369400005,59.553777970000056]]],[[[18.853193603000022,59.48899489200005],[18.850876965000054,59.486665550000055],[18.839640754000072,59.48815031700008],[18.84736025600006,59.49421218200007],[18.856385284000055,59.492204076000064],[18.853193603000022,59.48899489200005]]],[[[18.272128189000057,59.08012112700004],[18.295521590000078,59.07385254400003],[18.266591627000025,59.07838497500006],[18.272128189000057,59.08012112700004]]],[[[18.04455733700007,58.962744170000065],[18.038193394000075,58.96136024300006],[18.04675099700006,58.977161368000054],[18.04944185200003,58.977161368000054],[18.04455733700007,58.962744170000065]]],[[[19.006122094000034,59.378289608000046],[19.008373321000022,59.37233495500004],[19.005049189000033,59.37144614600004],[18.994541311000035,59.37981823000007],[18.996584573000064,59.38256868900004],[19.006122094000034,59.378289608000046]]],[[[18.98961987000007,59.38011450000005],[18.99215175300003,59.37535720200003],[18.985627312000076,59.37472550900003],[18.97802699500005,59.37965675000004],[18.982744250000053,59.38353716100005],[18.98961987000007,59.38011450000005]]],[[[17.73273960100005,58.90406036500008],[17.736585958000035,58.89978106800004],[17.724319132000062,58.89920004900006],[17.71616704400003,58.90415032200008],[17.73273960100005,58.90406036500008]]],[[[19.16709693300004,59.50216377100003],[19.174393445000078,59.50213555800008],[19.16961935100005,59.49431608400005],[19.159271227000033,59.495291156000064],[19.16709693300004,59.50216377100003]]],[[[18.416458730000045,58.973793226000055],[18.424927812000078,58.968956193000054],[18.420312263000028,58.96409758700008],[18.41249692300005,58.968253005000065],[18.416458730000045,58.973793226000055]]],[[[18.985627312000076,59.48356963600003],[18.98347056600005,59.48094305500007],[18.97565028500003,59.48524818700008],[18.97941789300006,59.48934011400007],[18.989899210000033,59.48877214400005],[18.985627312000076,59.48356963600003]]],[[[19.021154005000028,59.42225073800006],[19.02821130700005,59.41684844100007],[19.02103377800006,59.41432742500007],[19.011402478000036,59.41913494000005],[19.021154005000028,59.42225073800006]]],[[[18.807595640000045,60.135344426000074],[18.814997238000046,60.129198030000055],[18.807026664000034,60.12760105900003],[18.798078288000056,60.132897712000045],[18.807595640000045,60.135344426000074]]],[[[18.85035928600007,59.32594871800006],[18.857665902000065,59.32492313800003],[18.852511424000056,59.31826707000005],[18.841923493000024,59.32062891100003],[18.85035928600007,59.32594871800006]]],[[[18.134973073000026,59.40161290100008],[18.144082828000023,59.39653604500006],[18.136022290000028,59.39313110100005],[18.129095404000054,59.394491627000036],[18.134973073000026,59.40161290100008]]],[[[18.57533475200006,60.15661482200005],[18.58289006800004,60.152043168000034],[18.574498910000045,60.14909450400006],[18.56598131100003,60.15333916900005],[18.57533475200006,60.15661482200005]]],[[[19.248316224000064,59.61023037900003],[19.25459092600005,59.60936087200008],[19.248557989000062,59.60224439700005],[19.238704163000023,59.603740593000055],[19.248316224000064,59.61023037900003]]],[[[18.667600572000026,59.16428767500008],[18.65699243100005,59.16772185700006],[18.672933283000077,59.17262629800007],[18.667600572000026,59.16428767500008]]],[[[18.775650987000063,59.380726011000036],[18.779676597000048,59.37284291700007],[18.77199009700007,59.373693812000056],[18.765329930000064,59.37992995800005],[18.775650987000063,59.380726011000036]]],[[[18.716748065000047,59.382524673000034],[18.72392364800004,59.378344655000035],[18.716296731000057,59.37514995400005],[18.706961010000043,59.379660122000075],[18.716748065000047,59.382524673000034]]],[[[18.616025765000074,59.38034816600003],[18.622122209000054,59.37817935100003],[18.61500742000004,59.37355046500005],[18.605151628000044,59.376635355000076],[18.616025765000074,59.38034816600003]]],[[[18.727686129000062,59.569529240000065],[18.725993278000033,59.56745440900005],[18.718030157000044,59.57087896100006],[18.726607372000046,59.57619437200003],[18.732651867000072,59.575615465000055],[18.727686129000062,59.569529240000065]]],[[[18.980214852000074,59.47312151700004],[18.982932728000037,59.47211219600007],[18.979260665000027,59.46730192000007],[18.96902379200003,59.46770190800004],[18.97522735700005,59.47497369100006],[18.980214852000074,59.47312151700004]]],[[[18.542637589000037,59.520849127000076],[18.52998847400005,59.51800324700008],[18.538127960000054,59.52612094500006],[18.545968747000074,59.52339638700005],[18.542637589000037,59.520849127000076]]],[[[19.150645334000046,59.650696708000055],[19.139893608000023,59.65280458500007],[19.154785636000042,59.65633685500006],[19.150645334000046,59.650696708000055]]],[[[19.390987621000022,59.731238113000074],[19.39879317300006,59.72920402800003],[19.39233838900003,59.72378751600007],[19.382985345000066,59.72573657100003],[19.390987621000022,59.731238113000074]]],[[[17.858546519000072,58.880507289000036],[17.861480828000026,58.88088831400006],[17.855564237000067,58.86816677500008],[17.849419647000047,58.87101630700005],[17.858546519000072,58.880507289000036]]],[[[18.19080113900003,58.98051354300003],[18.185039692000032,58.97748614800008],[18.179782405000026,58.97869529800005],[18.192113120000045,58.987410659000034],[18.19080113900003,58.98051354300003]]],[[[18.415525067000033,59.10867869700007],[18.41130788600003,59.103441591000035],[18.40619756700005,59.10615982500008],[18.41237391100003,59.11368715000003],[18.41842972200004,59.11228584100007],[18.415525067000033,59.10867869700007]]],[[[18.744226010000034,59.40321197500003],[18.744857645000025,59.396114056000044],[18.73830459000004,59.394635546000075],[18.735587459000044,59.40145460300005],[18.744226010000034,59.40321197500003]]],[[[19.145385735000048,59.37332349300004],[19.14688990700006,59.360578788000055],[19.142473168000038,59.36248906700007],[19.139055865000046,59.37119795700005],[19.145385735000048,59.37332349300004]]],[[[18.419771609000065,59.43452831700006],[18.425835714000073,59.42954427800004],[18.418690452000078,59.42732147600003],[18.410210901000028,59.43214674800004],[18.419771609000065,59.43452831700006]]],[[[18.728382836000037,59.549975508000045],[18.735287982000045,59.54687192700004],[18.72807674200004,59.54266426600003],[18.719463657000063,59.545306004000054],[18.728382836000037,59.549975508000045]]],[[[18.797124284000063,60.20013855600007],[18.79204088000006,60.19963223900004],[18.78151917200006,60.20572031700004],[18.79104062700003,60.207038229000034],[18.797124284000063,60.20013855600007]]],[[[18.937244661000022,59.44517807700004],[18.944156686000042,59.438974134000034],[18.93835270900007,59.43760161700004],[18.928474291000043,59.44342225000008],[18.937244661000022,59.44517807700004]]],[[[18.465564223000058,59.01152951900008],[18.458362045000058,59.009518797000055],[18.46080752900002,59.01769506800008],[18.469494249000036,59.01868916400008],[18.465564223000058,59.01152951900008]]],[[[18.87534007200003,59.52805727200007],[18.88295230800003,59.52406313200004],[18.876166268000077,59.52113138200008],[18.86656317300003,59.52562261700007],[18.87534007200003,59.52805727200007]]],[[[18.753553159000035,60.14791739100008],[18.760670479000055,60.14479200800008],[18.754273111000032,60.14084077600006],[18.74494883400007,60.14383279600003],[18.753553159000035,60.14791739100008]]],[[[18.77142189500006,60.24010330300007],[18.778378745000055,60.237604058000045],[18.77294422800003,60.23296884300004],[18.76319780800003,60.23548781400007],[18.77142189500006,60.24010330300007]]],[[[18.545442395000066,59.51809141900003],[18.55120358000005,59.51743111600007],[18.544503253000073,59.51063200800007],[18.53560802800007,59.51179511300006],[18.545442395000066,59.51809141900003]]],[[[19.368007576000025,59.51775720000006],[19.37014725100005,59.510559380000075],[19.363763963000054,59.510467101000074],[19.36006866400004,59.51937209400006],[19.368007576000025,59.51775720000006]]],[[[18.796044128000062,59.13377619200003],[18.790237020000063,59.13901720200005],[18.80046479400005,59.14103454900004],[18.802625641000077,59.135207423000054],[18.796044128000062,59.13377619200003]]],[[[18.386452203000033,58.98868612400008],[18.377730660000054,58.98860625200007],[18.384543906000033,58.99592149000006],[18.39049445200004,58.99698195000008],[18.386452203000033,58.98868612400008]]],[[[18.460365525000043,59.15369413500008],[18.46733055900006,59.153009507000036],[18.46251843600004,59.14704359600006],[18.453011452000055,59.14813055500008],[18.460365525000043,59.15369413500008]]],[[[18.678278567000064,59.487458495000055],[18.68388683300003,59.481912590000036],[18.67787062600007,59.48039476400004],[18.669228503000056,59.485327091000045],[18.678278567000064,59.487458495000055]]],[[[18.779156132000026,59.40837868300008],[18.77989178100006,59.40513018400003],[18.76971063600007,59.40923880100007],[18.773901515000034,59.41300876300005],[18.77845078400003,59.41172271100004],[18.779156132000026,59.40837868300008]]],[[[18.545592863000024,60.15254296000006],[18.553364431000034,60.14925472500005],[18.55199575900002,60.14488437700004],[18.542837053000028,60.14571390800006],[18.545592863000024,60.15254296000006]]],[[[18.793767398000057,59.421480075000034],[18.80002092700005,59.42077074100007],[18.794642388000057,59.41446543400008],[18.78583831700007,59.41664475400006],[18.793767398000057,59.421480075000034]]],[[[18.842208478000032,59.58687526300008],[18.83387885600007,59.58507488400005],[18.837700649000055,59.59264170400007],[18.84450800700006,59.59425212800005],[18.842208478000032,59.58687526300008]]],[[[17.72318972100004,58.89056117000007],[17.73153536700005,58.88241373400007],[17.725250668000058,58.88107167000004],[17.719111032000058,58.890136502000075],[17.72318972100004,58.89056117000007]]],[[[18.059090516000026,59.03909707000008],[18.055526416000077,59.03294238800004],[18.046456659000057,59.033222540000054],[18.053351795000026,59.03944481900004],[18.059090516000026,59.03909707000008]]],[[[19.13768196500007,59.832375315000036],[19.13987385200005,59.83018929800005],[19.136513010000044,59.82691384100008],[19.12843892500007,59.82852318600004],[19.134870232000026,59.835179518000075],[19.13768196500007,59.832375315000036]]],[[[19.117614553000067,59.82963323400003],[19.121163797000065,59.83009004500008],[19.11758083600006,59.82306098100008],[19.108663155000045,59.82386046200003],[19.117614553000067,59.82963323400003]]],[[[18.793417032000036,59.40799399800005],[18.79061991100002,59.40361432700007],[18.781520287000035,59.40508580300008],[18.785887441000057,59.40993539600004],[18.793417032000036,59.40799399800005]]],[[[18.674442124000052,59.427157832000034],[18.67683917100004,59.42530656200006],[18.66763749100005,59.422915482000064],[18.66081711000004,59.42735634300004],[18.674442124000052,59.427157832000034]]],[[[18.71537691700007,59.29711927000005],[18.71256569800005,59.29462769300005],[18.70552391800004,59.30026712600005],[18.714969523000036,59.302318427000046],[18.71746358200005,59.29896867600007],[18.71537691700007,59.29711927000005]]],[[[18.664981887000067,59.12734169300006],[18.671640741000033,59.12534702200003],[18.66687961200006,59.120951028000036],[18.65758203300004,59.122992725000074],[18.664981887000067,59.12734169300006]]],[[[18.77263533400003,59.180685838000045],[18.760344297000074,59.18020137600007],[18.76817212700007,59.18445285900003],[18.774573928000052,59.183615349000036],[18.77263533400003,59.180685838000045]]],[[[18.55484361500004,59.17691501100006],[18.562866619000033,59.17688126500008],[18.561730975000046,59.16834039100007],[18.558430196000074,59.16893650500003],[18.55484361500004,59.17691501100006]]],[[[18.631920819000072,59.43151994800007],[18.637033243000076,59.430090877000055],[18.630930355000032,59.42471829400006],[18.62292202900005,59.42672809000004],[18.631920819000072,59.43151994800007]]],[[[18.55699768200003,59.120866946000035],[18.56279091500005,59.12094803000008],[18.55783599700004,59.11424644600004],[18.549621862000038,59.11495710600008],[18.55699768200003,59.120866946000035]]],[[[18.492514666000034,59.196483139000065],[18.49614828500006,59.189962766000065],[18.489539404000027,59.19047559000006],[18.483852358000036,59.195711336000045],[18.492514666000034,59.196483139000065]]],[[[18.784139853000056,59.24025661500008],[18.778368495000052,59.239126260000035],[18.776940165000042,59.24166386400003],[18.790009181000073,59.24509585900006],[18.784139853000056,59.24025661500008]]],[[[18.529845634000026,59.017455873000074],[18.524772728000073,59.01658400500003],[18.529894829000057,59.025770109000064],[18.534391183000025,59.026899753000066],[18.529845634000026,59.017455873000074]]],[[[18.70017334700003,59.16513833100004],[18.701557625000078,59.163577161000035],[18.69397398800004,59.15688893600003],[18.69222466800005,59.16541161500004],[18.70017334700003,59.16513833100004]]],[[[18.805334766000044,59.653454916000044],[18.811394825000036,59.651823526000044],[18.806175051000025,59.646946049000064],[18.79823371300006,59.64862543800007],[18.805334766000044,59.653454916000044]]],[[[18.784139853000056,59.492299400000036],[18.79238299000008,59.493091468000046],[18.78811862400005,59.485554568000055],[18.784685774000025,59.486620551000044],[18.784139853000056,59.492299400000036]]],[[[19.277570970000056,59.53464123300006],[19.268812300000036,59.534293252000055],[19.27488425200005,59.54062792600007],[19.28031465500004,59.54125860900007],[19.277570970000056,59.53464123300006]]],[[[18.44139930700004,59.13122137100004],[18.444131612000035,59.129887084000075],[18.44128110500003,59.12631114900006],[18.429810521000036,59.13145463900008],[18.44139930700004,59.13122137100004]]],[[[18.752944014000036,59.20204773300003],[18.757022919000065,59.20151311900008],[18.75328803600007,59.194183716000055],[18.746266270000035,59.19576430900008],[18.752944014000036,59.20204773300003]]],[[[18.408166210000047,58.971039475000055],[18.39943998900003,58.97468634900008],[18.407695965000073,58.97681204400004],[18.413189394000028,58.97240608100003],[18.408166210000047,58.971039475000055]]],[[[18.701323788000025,60.18401156200008],[18.69306067200006,60.187371373000076],[18.701525120000042,60.189831334000075],[18.70727199600003,60.186582989000044],[18.701323788000025,60.18401156200008]]],[[[18.838857002000054,59.54085290100005],[18.844076226000027,59.53709468900007],[18.838134483000033,59.53466184500007],[18.83051204000003,59.53878025100005],[18.838857002000054,59.54085290100005]]],[[[19.096086627000034,59.791120797000076],[19.090277210000067,59.78835563200005],[19.091974422000078,59.79752934800007],[19.096152176000032,59.79762167700005],[19.096086627000034,59.791120797000076]]],[[[18.119992489000026,58.90352382800006],[18.123934919000078,58.900824208000074],[18.11909519200003,58.89639302000006],[18.11173774300005,58.898501346000046],[18.119992489000026,58.90352382800006]]],[[[18.535198813000022,59.04821790900007],[18.539720462000048,59.04955183800007],[18.54298460800004,59.03876943300003],[18.53864898300003,59.03998645200005],[18.535198813000022,59.04821790900007]]],[[[18.567043484000067,59.43085073700007],[18.571792538000068,59.427775577000034],[18.565338220000058,59.424620050000044],[18.55855697000004,59.42849139100008],[18.567043484000067,59.43085073700007]]],[[[18.793460287000073,59.61781775600008],[18.79079002000003,59.61781775600008],[18.790002392000076,59.62455645400007],[18.792511619000038,59.626310482000065],[18.797503247000066,59.62421128400007],[18.793460287000073,59.61781775600008]]],[[[18.763238470000033,59.40506762600006],[18.768207911000047,59.40211543300006],[18.761779148000073,59.39908668100003],[18.75472491000005,59.40253183800007],[18.763238470000033,59.40506762600006]]],[[[18.497041729000046,58.99490134900003],[18.505241111000032,58.99518053400004],[18.502535889000058,58.990145607000045],[18.49379841800004,58.99032936200007],[18.497041729000046,58.99490134900003]]],[[[19.204768970000032,59.66988463900003],[19.207527493000043,59.668540094000036],[19.20492088700007,59.66408852400008],[19.197128686000042,59.66772707800004],[19.201254351000046,59.671597716000065],[19.204768970000032,59.66988463900003]]],[[[18.914677604000076,59.492690304000064],[18.92001637800007,59.49042836000007],[18.915539274000025,59.48668883800008],[18.90714735800003,59.48885852800004],[18.914677604000076,59.492690304000064]]],[[[18.548242919000074,59.38366272500008],[18.540896074000045,59.38474790600003],[18.546697212000026,59.389239333000035],[18.553106526000022,59.38770918600005],[18.548242919000074,59.38366272500008]]],[[[18.827670158000046,59.31698073500007],[18.834070851000035,59.31553489100003],[18.829510545000062,59.311518783000054],[18.821451197000044,59.314070635000064],[18.827670158000046,59.31698073500007]]],[[[19.19693729000005,59.44322391400004],[19.20244678000006,59.44156331900007],[19.197130491000053,59.43521846400006],[19.19285517700007,59.439711629000044],[19.19693729000005,59.44322391400004]]],[[[18.804217511000047,59.663230620000036],[18.809849331000066,59.65883946000008],[18.805637343000058,59.657248518000074],[18.796435776000067,59.661293658000034],[18.804217511000047,59.663230620000036]]],[[[19.40072119100006,59.70915453100008],[19.406599736000032,59.70634680200004],[19.400861140000075,59.70345986400008],[19.393237988000067,59.70616640800006],[19.40072119100006,59.70915453100008]]],[[[19.262071700000035,59.62515267100008],[19.250435461000052,59.62022051100007],[19.247507874000064,59.62169678300006],[19.260053439000046,59.62726831500004],[19.262071700000035,59.62515267100008]]],[[[18.950542450000057,59.474980188000075],[18.95327783600004,59.47007500900003],[18.947512836000044,59.46869207300006],[18.94295969800004,59.47341557900006],[18.950542450000057,59.474980188000075]]],[[[17.666769318000036,58.906887045000076],[17.66934494900005,58.90220936500003],[17.664646637000033,58.90198513000007],[17.657974490000072,58.90722750500004],[17.666769318000036,58.906887045000076]]],[[[18.658450875000028,59.330450118000044],[18.665648377000025,59.32993158100004],[18.667759072000024,59.32305673500008],[18.658450875000028,59.330450118000044]]],[[[19.251866566000047,59.595624789000055],[19.257194239000057,59.593260901000065],[19.252279230000056,59.59000749000006],[19.24450329900003,59.592392509000035],[19.251866566000047,59.595624789000055]]],[[[18.835066893000032,59.48617658300003],[18.840255005000074,59.48411481900007],[18.835374255000033,59.48049692200004],[18.82772757600003,59.482524614000056],[18.835066893000032,59.48617658300003]]],[[[19.045200652000062,59.816618178000056],[19.045200652000062,59.81032935500008],[19.039565692000053,59.815588809000076],[19.041240152000057,59.81885415900007],[19.045200652000062,59.816618178000056]]],[[[18.743454276000023,59.25573915500007],[18.74813432700006,59.25259876400003],[18.742788262000033,59.249940638000055],[18.735908903000052,59.25245788700005],[18.743454276000023,59.25573915500007]]],[[[18.392766963000042,58.98920140300004],[18.398112928000046,58.99006609400004],[18.396332951000034,58.983946752000065],[18.388590665000038,58.98433156300007],[18.392766963000042,58.98920140300004]]],[[[18.034268403000056,58.85757317800005],[18.038030211000034,58.85758423000004],[18.036816565000038,58.85140171900008],[18.029031305000046,58.851890610000055],[18.034268403000056,58.85757317800005]]],[[[19.02458819000003,59.56734236500006],[19.02996388500003,59.565461682000034],[19.025113918000045,59.561894539000036],[19.017401851000045,59.563609144000054],[19.02458819000003,59.56734236500006]]],[[[18.875930149000055,59.69729085200004],[18.881723756000042,59.69566716600008],[18.877412985000035,59.69198310200005],[18.869310417000065,59.693791891000046],[18.875930149000055,59.69729085200004]]],[[[18.409848964000048,59.16962767700005],[18.40700881500004,59.17494107300007],[18.412885193000022,59.17700344200006],[18.41521640900004,59.17372210100007],[18.409848964000048,59.16962767700005]]],[[[18.323021925000035,59.07554000200008],[18.328126061000034,59.073042446000045],[18.32278149700005,59.07024513700003],[18.31557321200006,59.07233755200008],[18.323021925000035,59.07554000200008]]],[[[19.31807033800004,59.735105238000074],[19.32367859200002,59.73218121300005],[19.31893462100004,59.729728401000045],[19.311374826000076,59.73206180500006],[19.31807033800004,59.735105238000074]]],[[[19.43087249200005,59.59240887800007],[19.43344656100004,59.584125533000076],[19.429552966000074,59.584045583000034],[19.426294662000032,59.58880132000007],[19.43087249200005,59.59240887800007]]],[[[18.53961928500007,59.407897657000035],[18.544264949000024,59.40434639500006],[18.538621228000068,59.40267797300004],[18.532041124000045,59.40616811700005],[18.53961928500007,59.407897657000035]]],[[[17.675394184000027,59.09347545700007],[17.67869384200003,59.09369247500007],[17.676860418000047,59.086147356000026],[17.670817037000063,59.08878640100005],[17.675394184000027,59.09347545700007]]],[[[18.792831121000063,59.43331591500004],[18.783112368000047,59.43545393800008],[18.79540534800003,59.43543281500007],[18.792831121000063,59.43331591500004]]],[[[19.004916456000046,59.627742718000036],[19.000743183000054,59.62656835100006],[19.001676275000023,59.63169048300006],[19.008398272000022,59.63375733100003],[19.004916456000046,59.627742718000036]]],[[[19.347880086000032,59.42809337400007],[19.35403936800003,59.42469607100003],[19.351948463000042,59.42221376700007],[19.344501582000078,59.422853779000036],[19.347880086000032,59.42809337400007]]],[[[18.450067571000034,59.18558705400005],[18.44245647400004,59.18736652600006],[18.447360271000036,59.18967178000008],[18.453832650000038,59.187472685000046],[18.450067571000034,59.18558705400005]]],[[[17.763495155000044,58.81987647300008],[17.764563371000065,58.81777989200003],[17.761453611000036,58.81712438200003],[17.757279933000063,58.81903524300003],[17.753377254000043,58.824668881000036],[17.763495155000044,58.81987647300008]]],[[[18.965673511000034,59.46426429100006],[18.970935003000022,59.46200298900004],[18.965767509000045,59.458996322000075],[18.95908560500004,59.460920431000034],[18.965673511000034,59.46426429100006]]],[[[18.842599869000026,59.519248609000044],[18.84767312100007,59.517397473000074],[18.843164298000033,59.51402278200004],[18.835906530000045,59.51595800300004],[18.842599869000026,59.519248609000044]]],[[[18.347024892000036,59.41537997700004],[18.351558244000046,59.41273412400005],[18.345251611000037,59.409910969000066],[18.340502380000032,59.41369128900004],[18.347024892000036,59.41537997700004]]],[[[18.62067071000007,59.402832258000046],[18.625797773000045,59.40132347500003],[18.621457208000038,59.397639628000036],[18.614243695000027,59.39924764500006],[18.62067071000007,59.402832258000046]]],[[[17.72369534300003,58.96471205100005],[17.72761024700003,58.96526074700006],[17.72960543100004,58.95576638800003],[17.72583015200007,58.95758517300004],[17.72369534300003,58.96471205100005]]],[[[19.05738240900007,59.70268319100006],[19.06228204000007,59.70060328000005],[19.05826236000007,59.69746057400005],[19.050806615000056,59.69920682700007],[19.05738240900007,59.70268319100006]]],[[[18.990780634000032,59.69414342400006],[18.994491287000073,59.692651451000074],[18.990214501000025,59.68809327400004],[18.985627312000076,59.68920876700008],[18.990780634000032,59.69414342400006]]],[[[18.450067571000034,58.97625764000003],[18.454313311000078,58.97295672400003],[18.45013706000003,58.971329334000075],[18.443526408000025,58.97524134200006],[18.450067571000034,58.97625764000003]]],[[[19.188207222000074,59.64342293900006],[19.193286553000064,59.64247936400005],[19.190407248000042,59.63824158300008],[19.18287831500004,59.639286936000076],[19.188207222000074,59.64342293900006]]],[[[17.84559130300005,58.870995605000076],[17.847134436000033,58.864023118000034],[17.843168512000034,58.86007244500007],[17.842232804000048,58.86693641200003],[17.84559130300005,58.870995605000076]]],[[[18.829614072000027,59.33501801500006],[18.83448852600003,59.335049222000066],[18.831358539000064,59.329498999000066],[18.825076685000056,59.33020927300004],[18.829614072000027,59.33501801500006]]],[[[18.446168254000042,59.120162522000044],[18.435907901000064,59.11874039300005],[18.447057709000035,59.122288866000076],[18.446168254000042,59.120162522000044]]],[[[18.715985626000077,59.08959060300003],[18.720767529000057,59.087923698000054],[18.71666175100006,59.08444012800004],[18.709342955000068,59.086086461000036],[18.715985626000077,59.08959060300003]]],[[[18.819448883000064,59.55744092800006],[18.811867703000075,59.55672563300004],[18.820091649000062,59.56226647700004],[18.819448883000064,59.55744092800006]]],[[[18.029824294000036,58.93145713600006],[18.032281259000058,58.924903302000075],[18.02794003400004,58.92325529400006],[18.025253296000074,58.925278852000076],[18.029824294000036,58.93145713600006]]],[[[18.485770502000037,59.48446835800007],[18.48844222500003,59.484310899000036],[18.48359448700006,59.47863156600005],[18.478511448000063,59.48005071600005],[18.485770502000037,59.48446835800007]]],[[[18.427049010000076,59.222053963000064],[18.424596592000057,59.21831092200006],[18.42004829700005,59.22371926400007],[18.425204027000063,59.225218949000066],[18.428343249000022,59.22402931500005],[18.427049010000076,59.222053963000064]]],[[[18.834748940000054,59.35809571000004],[18.83932148200006,59.35384245500006],[18.828892590000066,59.35497176900003],[18.834748940000054,59.35809571000004]]],[[[18.765136426000026,59.21293428600006],[18.769529602000034,59.211066120000055],[18.766734102000044,59.20681325700008],[18.761032095000076,59.20817858700008],[18.765136426000026,59.21293428600006]]],[[[18.464506461000042,59.046012060000066],[18.460686562000035,59.04550680700004],[18.458768706000058,59.051086887000054],[18.464782651000064,59.05165821400004],[18.464506461000042,59.046012060000066]]],[[[19.143358265000074,59.305970408000064],[19.147930790000032,59.301008798000055],[19.138011366000057,59.30391518300007],[19.143358265000074,59.305970408000064]]],[[[18.706974870000067,59.510033416000056],[18.711516378000056,59.50772153400004],[18.70624110600005,59.50511276800006],[18.70028887600006,59.50732688800008],[18.706974870000067,59.510033416000056]]],[[[17.68219380200003,58.84401795500003],[17.686621048000063,58.84139521700007],[17.68194765100003,58.83899213500007],[17.675741472000027,58.841791131000036],[17.68219380200003,58.84401795500003]]],[[[18.573489021000057,58.96135415700007],[18.564445918000047,58.96083514000003],[18.567444730000034,58.96402825300004],[18.573383989000035,58.96428403800007],[18.575570494000033,58.96274656800006],[18.573489021000057,58.96135415700007]]],[[[19.130519312000047,59.361488601000076],[19.122455930000058,59.36372048700008],[19.127329777000057,59.36601633300006],[19.130519312000047,59.361488601000076]]],[[[18.610622661000036,59.41165334300007],[18.613541069000064,59.40829086100007],[18.606816413000047,59.40675952000004],[18.60535857600007,59.412050099000055],[18.610622661000036,59.41165334300007]]],[[[19.001933807000057,59.385112003000074],[18.993587453000032,59.38566796200007],[18.99749404000005,59.38964906500007],[19.001933807000057,59.385112003000074]]],[[[18.845580880000057,59.46846355200006],[18.850256785000056,59.46754775800008],[18.84640941600003,59.46340886200005],[18.84008157100004,59.46502373900006],[18.845580880000057,59.46846355200006]]],[[[18.634929630000045,59.37759474000006],[18.626319711000065,59.37790802400008],[18.63248830200007,59.381009850000055],[18.63722633200007,59.37912541400004],[18.634929630000045,59.37759474000006]]],[[[18.886912160000065,59.26213902400008],[18.89113511900007,59.25766117400008],[18.88094027900007,59.26066994800004],[18.886912160000065,59.26213902400008]]],[[[18.825113113000043,59.45743956800004],[18.83040071000005,59.45665265500003],[18.826638418000073,59.45253969300006],[18.820328308000057,59.45405494600004],[18.825113113000043,59.45743956800004]]],[[[19.150079533000053,59.85980286000006],[19.153719196000054,59.85621725500005],[19.147840931000076,59.855088755000054],[19.144056498000054,59.859280726000065],[19.150079533000053,59.85980286000006]]],[[[18.783163286000047,60.12185844800007],[18.787701474000073,60.12037684500007],[18.783212271000025,60.11688395500005],[18.777205998000056,60.11854783200005],[18.783163286000047,60.12185844800007]]],[[[18.536202883000044,59.058884627000054],[18.540361795000024,59.06310902800004],[18.54461548000006,59.06249761000004],[18.54137207200006,59.057889285000044],[18.536202883000044,59.058884627000054]]],[[[18.740946868000037,59.171818174000066],[18.745691616000045,59.16990177200006],[18.742155867000065,59.16669845000007],[18.73575009500007,59.16906505800006],[18.740946868000037,59.171818174000066]]],[[[18.58711913600007,59.168288407000034],[18.591820012000028,59.16701708100004],[18.587955005000026,59.162892559000056],[18.582686330000058,59.16390527100003],[18.58711913600007,59.168288407000034]]],[[[18.476273287000026,59.48641655000006],[18.479404459000023,59.48655115400004],[18.475214391000065,59.47963889300007],[18.470901938000054,59.48112751700006],[18.476273287000026,59.48641655000006]]],[[[18.61914183700003,59.48524699500007],[18.622689226000034,59.48344246900007],[18.61812453700003,59.48093604700006],[18.612165469000047,59.48318917600005],[18.61914183700003,59.48524699500007]]],[[[18.72535706700006,59.292378658000075],[18.72949924900007,59.292334751000055],[18.725766789000033,59.28685523000007],[18.720516494000037,59.28824394700007],[18.72535706700006,59.292378658000075]]],[[[19.013271229000054,59.38348413800003],[19.017844281000066,59.38157881800004],[19.012679658000025,59.37724776700003],[19.009603886000036,59.38135432000007],[19.013271229000054,59.38348413800003]]],[[[18.428878609000037,59.23338453000008],[18.430857743000047,59.231637926000076],[18.42680043200005,59.23062297800004],[18.421294768000052,59.23389572700006],[18.42565079700006,59.236233104000064],[18.428878609000037,59.23338453000008]]],[[[19.13943817200004,59.35618410700005],[19.133465224000076,59.35578413400003],[19.141061966000052,59.36199395800003],[19.13943817200004,59.35618410700005]]],[[[18.563779233000048,60.151706682000054],[18.56697482000004,60.14736394800008],[18.562616364000064,60.146528739000075],[18.558262288000037,60.151215369000056],[18.563779233000048,60.151706682000054]]],[[[18.61225200800004,59.43856914400004],[18.617010743000037,59.43800127800006],[18.61413075200005,59.43384510800007],[18.60792318500006,59.43499822600006],[18.61225200800004,59.43856914400004]]],[[[19.215878014000054,59.439703363000035],[19.218703735000076,59.43706287100008],[19.213819022000052,59.43441119600004],[19.210713123000062,59.439809395000054],[19.215878014000054,59.439703363000035]]],[[[18.84555789600006,60.18938950100005],[18.84922128200003,60.18571147000006],[18.84475665100007,60.184464466000065],[18.839796137000064,60.187591944000076],[18.84555789600006,60.18938950100005]]],[[[18.71680600700006,59.21972132500008],[18.72016735400007,59.21627440700007],[18.715832017000025,59.21483518400004],[18.710753751000027,59.21803410600006],[18.71680600700006,59.21972132500008]]],[[[19.134875389000058,59.762359608000054],[19.127959271000066,59.76241407900005],[19.135649654000076,59.76543313900004],[19.134875389000058,59.762359608000054]]],[[[18.68760902500003,59.38557454000005],[18.69069257800004,59.385417328000074],[18.68699043600003,59.37991782300003],[18.681879957000035,59.381178386000045],[18.68760902500003,59.38557454000005]]],[[[18.618052375000048,59.418037205000076],[18.621860592000075,59.41554056800004],[18.61767285800005,59.413155525000036],[18.612235826000074,59.41541961900003],[18.618052375000048,59.418037205000076]]],[[[19.26535917600006,59.78800727300006],[19.270450206000078,59.78724657200007],[19.26733800900007,59.78349162400008],[19.261414304000027,59.78437844600006],[19.26535917600006,59.78800727300006]]],[[[18.450067571000034,58.99113027000004],[18.454277612000055,58.98913780200007],[18.450067571000034,58.986642912000036],[18.445283368000048,58.98893704000005],[18.450067571000034,58.99113027000004]]],[[[18.476161774000047,58.97075619000003],[18.480518717000052,58.96762522500006],[18.476284746000033,58.96567090700006],[18.47136703600006,58.96975009500005],[18.476161774000047,58.97075619000003]]],[[[18.49873050700006,59.181877737000036],[18.503966957000046,59.18092425000003],[18.506199366000033,59.175676776000046],[18.501259103000052,59.17699336800007],[18.49873050700006,59.181877737000036]]],[[[18.818293314000073,60.17420080000005],[18.821146862000035,60.17060972100006],[18.817637192000063,60.16807160700006],[18.813616055000068,60.170510569000044],[18.818293314000073,60.17420080000005]]],[[[18.940663544000074,59.57967302000003],[18.93383688800003,59.57814024100003],[18.937549469000032,59.58208683500004],[18.940663544000074,59.57967302000003]]],[[[18.689371150000056,59.521130525000046],[18.693124156000067,59.51743184500003],[18.68386516700002,59.51933040200004],[18.689371150000056,59.521130525000046]]],[[[17.984257064000076,58.88477705100007],[17.987729281000043,58.88515880300008],[17.984590856000068,58.878497226000036],[17.981020061000038,58.88009835400004],[17.984257064000076,58.88477705100007]]],[[[19.20495945500005,59.43087548200003],[19.208351917000073,59.43148546000003],[19.207315366000046,59.42417814400005],[19.20345713200004,59.42683830800007],[19.20495945500005,59.43087548200003]]],[[[19.28439183000006,59.69643158100007],[19.280066056000067,59.69625743600005],[19.28233281300004,59.70081328500004],[19.288195167000026,59.70006014200004],[19.28439183000006,59.69643158100007]]],[[[18.436504426000056,58.96496083300008],[18.43991249900006,58.96271808600005],[18.434668619000036,58.96034248800004],[18.430934904000026,58.96377720300006],[18.436504426000056,58.96496083300008]]],[[[17.734976456000027,58.863786936000054],[17.736493069000062,58.85551728200005],[17.732947127000045,58.858112995000056],[17.733053014000063,58.86514202700005],[17.734976456000027,58.863786936000054]]],[[[18.976722883000036,59.61639316600008],[18.982049966000034,59.61497464200005],[18.977160238000067,59.61132306300004],[18.97383295800006,59.612655809000046],[18.976722883000036,59.61639316600008]]],[[[19.204083022000077,59.44457994900006],[19.205760559000055,59.449488502000065],[19.209675611000023,59.45085349300007],[19.208784750000063,59.44559073400006],[19.204083022000077,59.44457994900006]]],[[[17.67020148900002,58.89047678600008],[17.67486291000006,58.89265604000008],[17.67822447900005,58.887175194000065],[17.67020148900002,58.89047678600008]]],[[[18.639453538000055,59.49499798800008],[18.642140394000023,59.49346549100005],[18.636018570000033,59.49106931600005],[18.632931523000025,59.494186968000065],[18.639453538000055,59.49499798800008]]],[[[18.89594795200003,59.48660804500008],[18.89929193000006,59.48401017300006],[18.890207278000048,59.483595285000035],[18.89594795200003,59.48660804500008]]],[[[17.773178546000054,58.805126621000056],[17.778376281000078,58.80588570500004],[17.781166881000047,58.80124501300003],[17.773178546000054,58.805126621000056]]],[[[19.00692848600005,59.39911793400006],[19.00725579300007,59.39351925300008],[19.00179571900003,59.39453161700004],[19.00692848600005,59.39911793400006]]],[[[18.06818260600005,59.01056140600008],[18.071268247000035,59.008587996000074],[18.066777672000057,59.00558747200006],[18.06252369400005,59.007080848000044],[18.06818260600005,59.01056140600008]]],[[[18.646303731000046,59.04185087500008],[18.652002754000023,59.041574635000075],[18.651786067000046,59.03633154600004],[18.646303731000046,59.04185087500008]]],[[[18.375255852000066,59.24758942700004],[18.377151668000067,59.24263482600003],[18.369998155000076,59.24781209000008],[18.375255852000066,59.24758942700004]]],[[[18.377151668000067,59.24263482600003],[18.384097671000063,59.23931777800004],[18.37916506700003,59.239314240000056],[18.377151668000067,59.24263482600003]]],[[[18.73205478500006,59.382226768000066],[18.736179339000046,59.37993486000005],[18.731904617000055,59.377846212000065],[18.72692598200007,59.37990626800007],[18.73205478500006,59.382226768000066]]],[[[18.777039428000023,59.61417208200004],[18.780402278000054,59.61318441700007],[18.777977161000024,59.60930675000003],[18.77248013700006,59.611087490000045],[18.777039428000023,59.61417208200004]]],[[[18.46900908500004,58.98461730400004],[18.473158342000033,58.986262460000034],[18.47582419400004,58.983608280000055],[18.47271646300004,58.98181589200004],[18.46900908500004,58.98461730400004]]],[[[18.507031803000075,59.01166684700007],[18.51059133800004,59.01405538600005],[18.51327675500005,59.01208193200006],[18.510031565000077,59.00942643700006],[18.507031803000075,59.01166684700007]]],[[[17.977600153000026,58.91751363600008],[17.971622371000024,58.91656150400007],[17.974190338000028,58.92142151000007],[17.978138426000044,58.92093449600003],[17.977600153000026,58.91751363600008]]],[[[19.41017546100005,59.71790189400008],[19.414048801000035,59.71605222300008],[19.410379087000024,59.71332738400008],[19.405250696000053,59.715553716000045],[19.41017546100005,59.71790189400008]]],[[[17.619357775000026,58.94470953500007],[17.623549868000055,58.942216407000046],[17.620083170000044,58.94016373000005],[17.61462433300005,58.94252688100005],[17.619357775000026,58.94470953500007]]],[[[18.460271977000048,59.48957082000004],[18.46450417400007,59.48750131400004],[18.461011115000076,59.48510766100003],[18.455495602000042,59.48730941600007],[18.460271977000048,59.48957082000004]]],[[[18.528889511000045,59.078774675000034],[18.523733012000037,59.07787657300008],[18.529150008000045,59.08381788200006],[18.528889511000045,59.078774675000034]]],[[[18.78857049800007,59.13807956100004],[18.782092858000055,59.13913383700003],[18.786672379000038,59.14146133400004],[18.790881266000042,59.13983436500007],[18.78857049800007,59.13807956100004]]],[[[18.44506566700005,59.20921011300004],[18.448162013000058,59.20469918100008],[18.44066109700003,59.20649246500005],[18.44506566700005,59.20921011300004]]],[[[18.252473313000053,59.06128160000003],[18.256503293000037,59.05882045200008],[18.25282124200004,59.05676100100004],[18.247537994000027,59.059337783000046],[18.252473313000053,59.06128160000003]]],[[[18.697295651000047,59.46364572300007],[18.690952922000065,59.462825096000074],[18.691819647000045,59.46617515300005],[18.697187188000044,59.46642628300003],[18.697295651000047,59.46364572300007]]],[[[18.84840818300006,59.532231608000075],[18.848682368000027,59.52914679500003],[18.844894450000027,59.52828757200007],[18.843181101000027,59.53214019500007],[18.84840818300006,59.532231608000075]]],[[[19.229321525000046,59.78897695100005],[19.23350111700006,59.78674358000006],[19.22992043100004,59.78451668000008],[19.224438374000044,59.78686674800008],[19.229321525000046,59.78897695100005]]],[[[17.683605947000046,59.09946545100007],[17.687325849000047,59.09451921500005],[17.679378648000068,59.098917338000035],[17.683605947000046,59.09946545100007]]],[[[18.933790044000034,59.34073749500004],[18.93632755400006,59.33989561000004],[18.93155947400004,59.33577718200007],[18.927448625000068,59.33760332800006],[18.933790044000034,59.34073749500004]]],[[[18.111420461000023,58.89192160200008],[18.10404260300004,58.89308578100008],[18.108686730000045,58.89550679600006],[18.111420461000023,58.89192160200008]]],[[[18.745735165000042,59.30609211500007],[18.74938695700007,59.30406632300003],[18.74529015300004,59.30159242900004],[18.740367848000062,59.30353906600004],[18.745735165000042,59.30609211500007]]],[[[18.186238605000028,59.073645389000035],[18.19045075300005,59.07126860800008],[18.18691558100005,59.069166729000074],[18.181405952000034,59.07150505100003],[18.186238605000028,59.073645389000035]]],[[[18.423809351000045,59.436048852000056],[18.418463474000077,59.43833668700006],[18.424137232000078,59.440343573000064],[18.427107878000072,59.43749955000004],[18.423809351000045,59.436048852000056]]],[[[18.920075483000062,59.90906174300005],[18.922629904000075,59.90748993400007],[18.917403555000078,59.904742612000064],[18.913709432000076,59.90817102900007],[18.920075483000062,59.90906174300005]]],[[[18.787864155000022,59.23338453000008],[18.784462404000067,59.231538338000064],[18.779590879000068,59.23386258800008],[18.784446968000054,59.23600276900004],[18.787864155000022,59.23338453000008]]],[[[18.624485810000067,59.13276824600007],[18.62836708800006,59.13120322600008],[18.625757656000076,59.127567587000044],[18.62093784800004,59.12985748300008],[18.624485810000067,59.13276824600007]]],[[[18.32969717000003,58.99294122600003],[18.333217193000053,58.990896004000035],[18.330040715000052,58.98813512100003],[18.324853719000032,58.99045126900006],[18.32969717000003,58.99294122600003]]],[[[18.89322541100006,59.46539642600004],[18.89588032200004,59.46386749700008],[18.89227999900004,59.46075458800004],[18.887068256000077,59.46327975300005],[18.89322541100006,59.46539642600004]]],[[[19.42189249300003,59.72857301700003],[19.425783602000024,59.72673012200005],[19.422090859000036,59.72402899300005],[19.41692114500006,59.72634041500004],[19.42189249300003,59.72857301700003]]],[[[18.983438985000078,59.29500627200008],[18.98650099100007,59.29225580100007],[18.982651900000064,59.29037445700004],[18.977881968000077,59.29279806100004],[18.983438985000078,59.29500627200008]]],[[[18.764302960000066,59.49139967500008],[18.756468934000054,59.49355546400005],[18.764566477000074,59.49355546400005],[18.764302960000066,59.49139967500008]]],[[[18.756961390000072,59.25457693000004],[18.760951523000074,59.252354464000064],[18.756615022000062,59.25013955900005],[18.751866093000046,59.25245002100007],[18.756961390000072,59.25457693000004]]],[[[18.798215687000038,59.64059718900006],[18.80175887100006,59.637650561000044],[18.792745613000022,59.63854924800006],[18.798215687000038,59.64059718900006]]],[[[18.572701321000068,59.53847727100003],[18.57680854800003,59.53644309800006],[18.57256853900003,59.53406179400008],[18.567661454000074,59.536139881000054],[18.572701321000068,59.53847727100003]]],[[[18.57323020700005,58.97062047400004],[18.577390554000033,58.96778924500006],[18.56847102000006,58.96829717300005],[18.57323020700005,58.97062047400004]]],[[[18.782834324000078,59.21968405000007],[18.78663296700006,59.21757894600006],[18.783535448000066,59.21500584800003],[18.778039050000075,59.21737293800004],[18.782834324000078,59.21968405000007]]],[[[18.11117512100003,59.40861903400008],[18.114471147000074,59.40426028300004],[18.10636740600006,59.40750914400007],[18.11117512100003,59.40861903400008]]],[[[18.068219991000035,58.957457084000055],[18.071464338000055,58.95600873800004],[18.066101031000073,58.952230814000075],[18.063266618000057,58.95483128600006],[18.068219991000035,58.957457084000055]]],[[[18.756160297000065,59.37489927900003],[18.759754929000053,59.372634911000034],[18.755818378000072,59.370299757000055],[18.75098057400004,59.37260765000008],[18.756160297000065,59.37489927900003]]],[[[18.963138482000033,59.36175676500005],[18.966469892000077,59.360894683000026],[18.962886083000058,59.356761524000035],[18.958291168000073,59.358889230000045],[18.963138482000033,59.36175676500005]]],[[[18.544043572000078,59.11197940300008],[18.548014460000047,59.11132784200004],[18.545232749000036,59.10743851500007],[18.539864651000073,59.10851820900007],[18.544043572000078,59.11197940300008]]],[[[17.726860516000045,58.87378208000007],[17.730914635000033,58.86741019300007],[17.724456076000024,58.873098869000046],[17.726860516000045,58.87378208000007]]],[[[18.373137676000056,59.12175487600007],[18.37651900900005,59.11935578300006],[18.37289832700003,59.11711322700006],[18.367817522000053,59.11918562000005],[18.373137676000056,59.12175487600007]]],[[[19.107228285000076,59.70565510700004],[19.11068646700005,59.703587009000046],[19.107180836000055,59.70101917300008],[19.101975929000048,59.70289244700007],[19.107228285000076,59.70565510700004]]],[[[18.924093538000022,59.50680573300008],[18.92829154900005,59.50591739200007],[18.925052478000055,59.502490515000034],[18.919436172000076,59.50369031200006],[18.924093538000022,59.50680573300008]]],[[[18.438432901000056,59.01588672400004],[18.441669887000046,59.013994284000034],[18.437409589000026,59.01076509900008],[18.433779706000053,59.01393366700006],[18.438432901000056,59.01588672400004]]],[[[18.971339672000056,59.28801533300003],[18.97523047800007,59.28491974800005],[18.966882948000034,59.28522281200003],[18.971339672000056,59.28801533300003]]],[[[18.724679537000043,59.61775208600005],[18.72182734000006,59.61613095900003],[18.719689927000047,59.61984404100008],[18.722320557000046,59.62158691800005],[18.724679537000043,59.61775208600005]]],[[[18.74741992500003,59.246820908000075],[18.751115249000065,59.24476302900007],[18.747862719000068,59.24217711600005],[18.74244701600003,59.244548372000054],[18.74741992500003,59.246820908000075]]],[[[18.80882060400006,59.49365065400008],[18.812562194000066,59.49250469100008],[18.80926129000005,59.48892770800006],[18.804222261000064,59.49032748700006],[18.80882060400006,59.49365065400008]]],[[[18.70390573900005,59.501596250000034],[18.706955969000035,59.49836675200004],[18.701171791000036,59.497487671000044],[18.698549995000064,59.50049258200005],[18.70390573900005,59.501596250000034]]],[[[19.258553196000037,59.80493904800005],[19.262239935000025,59.80275997600006],[19.25896995200003,59.80027666400008],[19.253591699000026,59.802694891000044],[19.258553196000037,59.80493904800005]]],[[[19.177701429000024,59.74901705500008],[19.181891350000058,59.746605138000064],[19.178431723000074,59.74433815900005],[19.17327619100007,59.74655161800007],[19.177701429000024,59.74901705500008]]],[[[18.430607722000047,59.022143748000076],[18.43328677100004,59.02220045100006],[18.429413761000035,59.01657039500003],[18.425173167000025,59.018120371000066],[18.430607722000047,59.022143748000076]]],[[[18.819300491000035,59.44705207700008],[18.823433504000036,59.446093817000076],[18.820567722000078,59.442539503000035],[18.815253994000045,59.443380912000066],[18.819300491000035,59.44705207700008]]],[[[18.611785265000037,59.15234839500005],[18.615702443000032,59.14958881400008],[18.612022095000043,59.14772121700008],[18.606944172000055,59.150338548000036],[18.611785265000037,59.15234839500005]]],[[[18.770862416000057,59.49495384000005],[18.772534836000034,59.49336610700004],[18.766610162000063,59.49172612400008],[18.76557261000005,59.49499465200006],[18.770862416000057,59.49495384000005]]],[[[18.83588407700006,59.57392513000008],[18.839653205000047,59.572043464000046],[18.83624788000003,59.569541823000066],[18.830522660000042,59.571145898000054],[18.83588407700006,59.57392513000008]]],[[[19.401330764000022,59.735885446000054],[19.396730156000046,59.736025475000076],[19.40242039700007,59.74139202500004],[19.401330764000022,59.735885446000054]]],[[[18.458798325000032,59.45558797600006],[18.46301886200007,59.45311701300005],[18.45959643300006,59.45103813500003],[18.454110865000075,59.45334436500008],[18.458798325000032,59.45558797600006]]],[[[18.28938472300007,59.37183580000004],[18.292084843000055,59.368611463000036],[18.28897222100005,59.366898640000045],[18.28404568600007,59.37020639700006],[18.28938472300007,59.37183580000004]]],[[[18.888723079000044,59.69961757600004],[18.892506437000065,59.69624283200005],[18.883987653000077,59.697435263000045],[18.888723079000044,59.69961757600004]]],[[[18.424723565000022,59.471671935000074],[18.428884993000054,59.469161642000074],[18.42539344100004,59.46710916900008],[18.419986992000076,59.469536306000066],[18.424723565000022,59.471671935000074]]],[[[19.215204975000063,59.77960250000007],[19.21952923400005,59.77531520700006],[19.210951640000076,59.77814638800004],[19.215204975000063,59.77960250000007]]],[[[18.608570797000027,59.465272980000066],[18.612161160000028,59.46239441400007],[18.608029706000025,59.46029814000008],[18.604044902000055,59.46234162400003],[18.608570797000027,59.465272980000066]]],[[[19.274117904000036,59.717564364000054],[19.277816974000075,59.71623029600005],[19.275401243000033,59.71265731500006],[19.270090261000064,59.714334336000036],[19.274117904000036,59.717564364000054]]],[[[18.840217906000078,59.63989686900004],[18.84447594900007,59.63637338600006],[18.835822378000046,59.63721959800006],[18.840217906000078,59.63989686900004]]],[[[18.192524332000062,59.04998329500006],[18.19698063000004,59.046829572000036],[18.192532173000075,59.045509733000074],[18.18795876100006,59.04827968700005],[18.192524332000062,59.04998329500006]]],[[[18.516894558000047,59.17760476300003],[18.520756610000035,59.17411954500005],[18.51572892300004,59.172943400000065],[18.51283999800006,59.17707614400007],[18.516894558000047,59.17760476300003]]],[[[18.74492532900007,59.555478135000044],[18.74847165400007,59.55346888400004],[18.744305096000062,59.550970532000065],[18.739462866000054,59.553050462000044],[18.74492532900007,59.555478135000044]]],[[[18.762699146000045,59.67321108800007],[18.765488858000026,59.670906685000034],[18.76201678800004,59.66832934000007],[18.757254299000067,59.67112574300006],[18.762699146000045,59.67321108800007]]],[[[18.72749844200007,59.39502201500005],[18.73149890700006,59.39240382000003],[18.722246365000046,59.39293524300007],[18.72749844200007,59.39502201500005]]],[[[18.75669384500003,59.61155981300004],[18.760808372000042,59.61038110100003],[18.75716605200006,59.606882160000055],[18.752326828000037,59.608952068000065],[18.75669384500003,59.61155981300004]]],[[[19.145203905000074,59.82111940400006],[19.147837465000066,59.81894505400004],[19.14284886200005,59.81668184600005],[19.139733166000042,59.82080710900004],[19.145203905000074,59.82111940400006]]],[[[18.51155241600003,59.512501013000076],[18.51531043800003,59.510537215000056],[18.51208450400003,59.50792733900005],[18.506535634000045,59.51013234700008],[18.51155241600003,59.512501013000076]]],[[[18.731320942000025,59.29828301100008],[18.72451599900006,59.29823373600004],[18.727773697000032,59.30156146500008],[18.731320942000025,59.29828301100008]]],[[[18.756282056000032,59.39324723000004],[18.75989755300003,59.39206674900004],[18.75565244300003,59.388468687000056],[18.751217240000074,59.390270831000066],[18.756282056000032,59.39324723000004]]],[[[18.32728538400005,59.37508225200003],[18.33134891900005,59.37238128200005],[18.327734252000027,59.370555582000065],[18.322357280000062,59.37316918300007],[18.32728538400005,59.37508225200003]]],[[[18.489288372000033,59.11769332400007],[18.484536728000023,59.11693827300007],[18.48665480300002,59.12230187500006],[18.49112489600003,59.12073031700004],[18.489288372000033,59.11769332400007]]],[[[18.318441449000034,58.944234651000045],[18.322150013000055,58.94352765900004],[18.31770426500003,58.93946003700006],[18.313315423000063,58.941040849000046],[18.318441449000034,58.944234651000045]]],[[[19.27562424100006,59.65673932000004],[19.27948051800007,59.65337236900007],[19.27091550700004,59.65449121200004],[19.27562424100006,59.65673932000004]]],[[[18.305916613000022,59.37882957800008],[18.310304432000066,59.37553050300005],[18.30143036800007,59.376722759000074],[18.305916613000022,59.37882957800008]]],[[[19.238669600000037,59.778141523000045],[19.242595127000072,59.77721813000005],[19.238936912000042,59.77284333600005],[19.235106320000057,59.77470640400003],[19.238669600000037,59.778141523000045]]],[[[18.692302506000033,59.480899168000064],[18.696578552000062,59.48012302800004],[18.692703404000042,59.47634418100006],[18.687881298000036,59.478295556000035],[18.692302506000033,59.480899168000064]]],[[[18.634752108000043,59.08293939200007],[18.638055416000043,59.08042073200005],[18.634437868000077,59.07824500900006],[18.62945669000004,59.08036602200008],[18.634752108000043,59.08293939200007]]],[[[18.791821868000056,59.51914363900005],[18.794411939000042,59.519174916000054],[18.793952992000072,59.51412663000008],[18.788129561000062,59.51503166900005],[18.791821868000056,59.51914363900005]]],[[[18.341948614000046,59.097374036000076],[18.344533332000026,59.09700139300003],[18.340682530000038,59.09188021400007],[18.33624068200004,59.09288647600005],[18.341948614000046,59.097374036000076]]],[[[18.96284606300003,59.48237335300007],[18.968636383000046,59.48329884100008],[18.97029267100004,59.479099219000034],[18.96284606300003,59.48237335300007]]],[[[19.071379511000032,59.52614468500008],[19.075263104000044,59.523753397000064],[19.071650917000056,59.52151191200005],[19.06654856700004,59.52384165400008],[19.071379511000032,59.52614468500008]]],[[[19.183657930000038,59.73726961800003],[19.188043698000058,59.73432754900006],[19.178814155000055,59.73536619500004],[19.183657930000038,59.73726961800003]]],[[[18.626657539000064,59.07787764200003],[18.630107509000027,59.07540734600008],[18.626526691000038,59.07328576300006],[18.621321013000056,59.07542256900007],[18.626657539000064,59.07787764200003]]],[[[19.021343383000044,59.380001245000074],[19.025030256000036,59.377893682000035],[19.021776989000045,59.375346430000036],[19.016371626000023,59.37779176000004],[19.021343383000044,59.380001245000074]]],[[[18.86161656400003,59.689237743000035],[18.86563076500005,59.68765689700007],[18.862759364000055,59.68472513000006],[18.85696037100007,59.68658725900008],[18.86161656400003,59.689237743000035]]],[[[18.659196086000065,59.14673573500005],[18.66206029500006,59.146385964000046],[18.658284356000024,59.14074948100006],[18.654982435000022,59.14416891500008],[18.659196086000065,59.14673573500005]]],[[[18.11038803400004,59.421328592000066],[18.114462772000024,59.418894640000076],[18.11018259100007,59.41688758300006],[18.10539564800007,59.419290560000036],[18.11038803400004,59.421328592000066]]],[[[18.61738650600006,59.07722471500006],[18.621098897000024,59.075058306000074],[18.617855285000076,59.07254947300004],[18.612456278000025,59.07518164700008],[18.61738650600006,59.07722471500006]]],[[[19.312893451000036,59.708119760000045],[19.316776942000047,59.705632596000044],[19.313157585000056,59.703470338000045],[19.308090841000023,59.70577206000007],[19.312893451000036,59.708119760000045]]],[[[18.384321145000058,59.37169994200008],[18.38772295900003,59.36673394600007],[18.379693519000057,59.370562215000064],[18.384321145000058,59.37169994200008]]],[[[18.87345525300003,59.562842913000054],[18.877499426000043,59.56024284200004],[18.873858445000053,59.55828011500006],[18.868603504000077,59.560842508000064],[18.87345525300003,59.562842913000054]]],[[[18.67037414600003,59.10862998200008],[18.66662098100005,59.10610782900005],[18.664809294000065,59.10862998200008],[18.66911410000006,59.11177362700005],[18.672436289000075,59.11048431100005],[18.67037414600003,59.10862998200008]]],[[[18.345292662000077,59.38617184700007],[18.34821552300002,59.38299774500007],[18.344954637000058,59.38096042600006],[18.340506722000043,59.38351459800003],[18.345292662000077,59.38617184700007]]],[[[18.75106898100006,59.39477402300008],[18.74564541600006,59.39453941700003],[18.749104114000033,59.39949643400007],[18.752177962000076,59.39937391900003],[18.75106898100006,59.39477402300008]]],[[[18.262255132000064,59.00063408600005],[18.256527481000035,59.00200294000007],[18.264940360000026,59.003997036000044],[18.262255132000064,59.00063408600005]]],[[[19.13764435400003,59.738759463000065],[19.141914856000028,59.736570493000045],[19.13784879900004,59.73430373800005],[19.13286286500005,59.736495508000075],[19.13764435400003,59.738759463000065]]],[[[18.484712466000076,58.98827157900007],[18.488693099000045,58.98566924900007],[18.48500529000006,58.98370128500005],[18.47982372100006,58.98630835600005],[18.484712466000076,58.98827157900007]]],[[[19.209531241000036,59.75794429000007],[19.213101143000074,59.75595439300008],[19.208941233000075,59.75341480800006],[19.204118897000058,59.75538422000005],[19.209531241000036,59.75794429000007]]],[[[19.356264537000072,59.735579735000044],[19.360549728000024,59.73343492600003],[19.356451665000066,59.73117218600004],[19.35139981100002,59.73332907300005],[19.356264537000072,59.735579735000044]]],[[[18.99272204300007,59.67581677000004],[18.996964697000067,59.673527371000034],[18.99288400300003,59.67135305000005],[18.987922251000043,59.67361650300006],[18.99272204300007,59.67581677000004]]],[[[18.13617377500003,59.43848964700004],[18.140391041000044,59.43615945300007],[18.13691510700005,59.433961845000056],[18.13146476000003,59.43625107000008],[18.13617377500003,59.43848964700004]]],[[[18.340093316000036,58.95524921200007],[18.34416709100003,58.952618001000076],[18.340633359000037,58.95065409800003],[18.335332789000063,58.95307371800004],[18.340093316000036,58.95524921200007]]],[[[18.750682539000024,59.45468157900007],[18.754808354000033,59.45244638200006],[18.750586913000063,59.45025893800005],[18.745685472000048,59.45245982800003],[18.750682539000024,59.45468157900007]]],[[[18.61747986100005,59.10373907800005],[18.621957407000025,59.103288398000075],[18.618635252000047,59.09928268500005],[18.61359236000004,59.100630788000046],[18.61747986100005,59.10373907800005]]],[[[18.47000588800006,59.48578654100004],[18.468346978000056,59.48254758500008],[18.462885192000044,59.48307217100006],[18.466209572000025,59.486670107000066],[18.47000588800006,59.48578654100004]]],[[[19.323796488000028,59.52526026400005],[19.317538410000054,59.52912956700004],[19.32384049700005,59.529478991000076],[19.323796488000028,59.52526026400005]]],[[[18.71116210100007,59.255220671000075],[18.711793484000054,59.250576212000055],[18.706733473000043,59.24878427200008],[18.707986038000058,59.25415345400006],[18.71116210100007,59.255220671000075]]],[[[19.286301913000045,59.707083269000066],[19.27965249700003,59.70709133200006],[19.282544999000038,59.70989942400007],[19.286301913000045,59.70962638000003],[19.286301913000045,59.707083269000066]]],[[[18.588000199000078,59.41505223900003],[18.591233376000048,59.41246983100007],[18.587575766000043,59.41033256800006],[18.58268521900004,59.41247931800007],[18.588000199000078,59.41505223900003]]],[[[18.752512318000072,59.17323436500004],[18.756531950000067,59.170891795000045],[18.75288955600007,59.168682766000074],[18.747653761000038,59.17105467200008],[18.752512318000072,59.17323436500004]]],[[[18.943551007000053,59.69533549400006],[18.947777939000048,59.693164136000064],[18.94362756000004,59.69090698400004],[18.93866464300004,59.69329226600007],[18.943551007000053,59.69533549400006]]],[[[18.62546287600003,59.07083066400003],[18.629491834000078,59.069281423000064],[18.626653030000057,59.06632429900003],[18.620843612000044,59.06812487500008],[18.62546287600003,59.07083066400003]]],[[[18.826520078000044,59.24221004700007],[18.825106248000054,59.239254095000035],[18.819949439000027,59.241753138000036],[18.826520078000044,59.24221004700007]]],[[[19.23174344800003,59.70633398100006],[19.235447708000038,59.70557650000006],[19.233830358000034,59.70060497400004],[19.229627790000052,59.70221930400004],[19.23174344800003,59.70633398100006]]],[[[19.273320355000067,59.529552599000056],[19.277066010000055,59.52739912000004],[19.273929722000048,59.52482495500004],[19.268550762000075,59.52724904400003],[19.273320355000067,59.529552599000056]]],[[[19.02365999500006,59.788817866000045],[19.02764095400005,59.787182433000055],[19.024775860000034,59.78425736200006],[19.01905202000006,59.78612617200008],[19.02365999500006,59.788817866000045]]],[[[18.54791732500007,59.18063808200003],[18.544847728000036,59.17883004200007],[18.539412795000032,59.18134621200005],[18.544863993000035,59.18353076500006],[18.54791732500007,59.18063808200003]]],[[[18.086204550000048,58.94981916000006],[18.09001078800003,58.94821743000006],[18.087052495000023,58.94521157600008],[18.081465843000046,58.94706528300003],[18.086204550000048,58.94981916000006]]],[[[18.664947446000042,59.19276840300006],[18.66397762300005,59.18905596600007],[18.659821926000063,59.189248074000034],[18.662498190000065,59.19453690800003],[18.665579863000062,59.19518926600006],[18.664947446000042,59.19276840300006]]],[[[19.193945461000055,59.71561782300006],[19.19713384000005,59.71384675400003],[19.192806851000057,59.71037483100008],[19.189260774000047,59.713030049000054],[19.193945461000055,59.71561782300006]]],[[[18.86166706100005,59.49096417100003],[18.865967340000054,59.49047030300005],[18.86296053800004,59.48639673800005],[18.85776429400005,59.488242471000035],[18.86166706100005,59.49096417100003]]],[[[18.97812286800007,59.39828322900007],[18.98163335600003,59.396243852000055],[18.978079337000054,59.39371801600004],[18.972794082000064,59.396136924000075],[18.97812286800007,59.39828322900007]]],[[[18.70921246200004,59.09800036000007],[18.704650596000022,59.10064229100004],[18.711880484000062,59.10063082400006],[18.70921246200004,59.09800036000007]]],[[[19.214741211000046,59.42469646200004],[19.21774247700006,59.42534614500005],[19.217198521000057,59.41907085300005],[19.21283168800005,59.42016880400007],[19.214741211000046,59.42469646200004]]],[[[18.53612769700004,59.127129566000065],[18.54039657100003,59.12611203100005],[18.536417096000037,59.12252426400005],[18.531736214000034,59.124505413000065],[18.53612769700004,59.127129566000065]]],[[[18.43048010900003,59.11824812400005],[18.434330103000036,59.11493820700008],[18.43002082000004,59.11313417300005],[18.427020355000025,59.11726760600004],[18.43048010900003,59.11824812400005]]],[[[19.271705489000055,59.629329305000056],[19.275304513000037,59.62644880300007],[19.27158182900007,59.624424505000036],[19.267103673000065,59.62745990700006],[19.271705489000055,59.629329305000056]]],[[[18.710333407000064,59.391613782000036],[18.714390949000062,59.39008471600005],[18.710567533000074,59.38687046400008],[18.70592445400007,59.389276445000064],[18.710333407000064,59.391613782000036]]],[[[18.261908533000053,59.06604046700005],[18.265712015000076,59.06505799900003],[18.261783601000047,59.06131189000007],[18.257125338000037,59.063022886000056],[18.261908533000053,59.06604046700005]]],[[[18.698472281000022,59.38107891700008],[18.702123862000064,59.37998163600008],[18.69794262000005,59.37631833100005],[18.693476559000032,59.37843778600006],[18.698472281000022,59.38107891700008]]],[[[18.822699061000037,59.36799414600006],[18.824137239000038,59.366407423000055],[18.819288092000022,59.365257116000066],[18.81585960700005,59.369186565000064],[18.822699061000037,59.36799414600006]]],[[[19.267895404000058,59.61518012600004],[19.27166178400006,59.61475033200003],[19.268211893000057,59.610395882000034],[19.263430975000063,59.61168445700008],[19.267895404000058,59.61518012600004]]],[[[19.073875061000024,59.79398479500003],[19.077616470000066,59.79046141900005],[19.069230968000056,59.79211748500006],[19.073875061000024,59.79398479500003]]],[[[18.817884210000045,59.67947548200004],[18.810160093000036,59.68020448300007],[18.814911007000035,59.68250104300006],[18.817884210000045,59.67947548200004]]],[[[19.233918248000066,59.73844998000004],[19.237501850000058,59.73709683300007],[19.233696733000045,59.73369069800003],[19.228944170000034,59.73538181400005],[19.233918248000066,59.73844998000004]]],[[[18.911430213000074,59.68496538800008],[18.91462313900007,59.68145136900006],[18.910155006000025,59.680199052000034],[18.906731561000072,59.68359580500004],[18.911430213000074,59.68496538800008]]],[[[19.31281997700006,59.745134592000056],[19.317483524000068,59.74640597500007],[19.32123774300004,59.74134471900004],[19.31281997700006,59.745134592000056]]],[[[19.441350422000028,59.60580271400005],[19.44437813600007,59.601082199000075],[19.440507527000022,59.59975754700008],[19.43777820400004,59.60161705100006],[19.441350422000028,59.60580271400005]]],[[[19.035289100000057,59.50734533000008],[19.037771340000063,59.50565386200003],[19.03446640900006,59.50179604900006],[19.03022641800004,59.503805801000055],[19.035289100000057,59.50734533000008]]],[[[18.56346065300005,59.21210204500005],[18.566769841000053,59.20831724300007],[18.55845148800006,59.210522283000046],[18.56346065300005,59.21210204500005]]],[[[18.488891253000077,59.02267467200005],[18.491485261000037,59.02013887000004],[18.487919525000052,59.01814253400005],[18.483746301000053,59.02023821800003],[18.488891253000077,59.02267467200005]]],[[[18.790377593000073,59.12118806800004],[18.784576337000033,59.11953347100007],[18.79047806600005,59.12564235900004],[18.790377593000073,59.12118806800004]]],[[[18.644982249000066,59.09635420500007],[18.65110932300007,59.09725473900005],[18.652716101000067,59.094085677000066],[18.644982249000066,59.09635420500007]]],[[[18.76580743200003,59.305863550000026],[18.77213903200004,59.30722570700004],[18.769759389000058,59.30352545000005],[18.76580743200003,59.305863550000026]]],[[[17.841761072000054,58.789001917000064],[17.849458292000065,58.782954516000075],[17.841761072000054,58.789001917000064]]],[[[18.788610332000076,59.37533565600006],[18.79215394000005,59.37258174600004],[18.788078658000074,59.37036590900004],[18.784139853000056,59.372399822000034],[18.788610332000076,59.37533565600006]]],[[[18.45292276300006,59.12227528900007],[18.457165202000056,59.121271198000045],[18.453692469000032,59.11768413700008],[18.450067571000034,59.118930472000045],[18.45292276300006,59.12227528900007]]],[[[19.127329777000057,59.73131318800006],[19.120077106000053,59.73012613600008],[19.123932326000045,59.733441267000046],[19.127329777000057,59.73372588900003],[19.127329777000057,59.73131318800006]]],[[[18.78589795000005,59.45917094600003],[18.788864034000028,59.45795170300005],[18.781544971000073,59.45773031300007],[18.78589795000005,59.45917094600003]]],[[[18.075156376000052,59.003374731000065],[18.076018833000035,59.00565254600008],[18.080375695000043,59.004028926000046],[18.075156376000052,59.003374731000065]]],[[[18.53400453300003,59.060302671000045],[18.53689814200004,59.05842340400005],[18.53480042800004,59.05576652000008],[18.531371731000036,59.05747551500008],[18.53400453300003,59.060302671000045]]],[[[19.038155575000076,59.687495942000055],[19.041581713000028,59.68698025000003],[19.04121124200003,59.683955178000076],[19.03662547700003,59.68427243100007],[19.038155575000076,59.687495942000055]]],[[[18.072815217000027,59.003868846000046],[18.075156376000052,59.003374731000065],[18.070650743000044,59.002180631000044],[18.072815217000027,59.003868846000046]]],[[[18.504666647000022,59.012341434000064],[18.505707278000045,59.00961702500007],[18.504666647000022,59.012341434000064]]],[[[18.763980165000078,59.306891362000044],[18.764121097000043,59.30428656700008],[18.761745532000077,59.30569679300004],[18.763980165000078,59.306891362000044]]],[[[18.46900908500004,58.98461730400004],[18.46593043300004,58.98526776300008],[18.46900908500004,58.98461730400004]]]]}},{"type":"Feature","properties":{"code":"D","name":"Södermanland","sourceCode":"SE122"},"geometry":{"type":"MultiPolygon","coordinates":[[[[17.14207540500007,59.51532360200008],[17.160241017000033,59.48634874100003],[17.182374379000066,59.479446333000055],[17.20910702900005,59.46254206900005],[17.29074864200004,59.446773387000064],[17.312363504000075,59.43830272800005],[17.33719770500005,59.44129015100003],[17.35349043100007,59.43806135300008],[17.36592405500005,59.41716850200004],[17.388603731000046,59.41358922500007],[17.38542557200003,59.396984160000045],[17.416126732000066,59.384140055000046],[17.41236789900006,59.36645544600003],[17.426082574000077,59.351962910000054],[17.33713690600007,59.35187358400003],[17.347381041000062,59.33533556500004],[17.35073569700006,59.32048384500007],[17.346221755000045,59.311687230000075],[17.34902805300004,59.302609414000074],[17.34782083700003,59.28058486300006],[17.34157927900003,59.27352891800007],[17.31208041700006,59.26610412900004],[17.305464088000065,59.25812651500007],[17.30726915200006,59.252399929000035],[17.27579660600003,59.24392949000003],[17.26700119000003,59.22788891600004],[17.24706993600006,59.220851190000076],[17.246952176000036,59.20167473600003],[17.260945701000026,59.19674771700005],[17.268324504000077,59.18539223700003],[17.26341194300005,59.18063226400005],[17.298755569000036,59.16330192200007],[17.309005720000073,59.14995025800005],[17.320226709000053,59.14213942900005],[17.322567654000068,59.12816767600003],[17.31264804400007,59.08013854400008],[17.32544744000006,59.07078027400007],[17.320271974000036,59.059699],[17.32124003800004,59.04934296500005],[17.330320251000046,59.042069584000046],[17.333799270000043,59.03384772000004],[17.34431951700003,59.02932675200003],[17.376836765000064,58.98299799700004],[17.38355395600007,58.98504520300003],[17.436741976000064,58.981157996000036],[17.44234752600005,58.984023265000076],[17.44842137300003,58.99359551200007],[17.51038551000005,58.982202302000076],[17.552659066000047,58.98237039600008],[17.54626167200007,58.96812213000004],[17.559440772000073,58.95272902700003],[17.57239609800007,58.95085240700007],[17.581742992000045,58.94093338200008],[17.605093492000037,58.93369917500007],[17.604770726000027,58.93029904300005],[17.59341380500007,58.92571684500007],[17.58884686400006,58.91936422300006],[17.618763267000077,58.90766312300008],[17.62113461100006,58.90113449300003],[17.61647734400003,58.89033125900005],[17.53902584700006,58.89058516800003],[17.55715142300005,58.86686916000008],[17.57128220000004,58.85754794800005],[17.571867565000048,58.84383115800006],[17.568597746000023,58.84027947700008],[17.526067823000062,58.85186570400003],[17.49540180400004,58.871624017000045],[17.461864148000075,58.887378830000046],[17.46493646400006,58.877663065000036],[17.477375851000033,58.86392939800004],[17.48992542700006,58.85606614800008],[17.505417631000057,58.83525803900005],[17.499205189000065,58.831672006000076],[17.48057496100006,58.83460695300005],[17.478676430000064,58.822664004000046],[17.468514463000076,58.81804849700006],[17.465360969000074,58.81013345900004],[17.489167249000047,58.79547735500006],[17.498414441000023,58.78506988400005],[17.483424034000052,58.78121607500003],[17.46439846100003,58.78634578200007],[17.448945914000035,58.78677676900003],[17.429309188000047,58.79402804300008],[17.405027957000073,58.79062750700007],[17.38810082200007,58.793570430000045],[17.381329613000048,58.78946845000007],[17.381577194000045,58.78539724500007],[17.391483669000024,58.77851102000005],[17.391154517000075,58.745357295000076],[17.37419199200002,58.74546232600005],[17.35580163700007,58.755887391000044],[17.333868650000056,58.74761215900003],[17.299940824000032,58.75564886500007],[17.294944112000053,58.74786567600006],[17.284353812000063,58.74073723400005],[17.294573728000046,58.73446106200004],[17.298517274000062,58.74033230600003],[17.30752534900006,58.74128071200005],[17.31408090000002,58.735681389000035],[17.31338353800004,58.731544704000044],[17.307174549000024,58.72858948700008],[17.283281117000058,58.72804847300006],[17.266711129000043,58.723173994000035],[17.22566672000005,58.727370660000076],[17.198955770000055,58.73540777100004],[17.18769444700007,58.72610021700007],[17.17257321900007,58.72723045600003],[17.166385582000032,58.72252629700006],[17.162867016000064,58.72836795200004],[17.152213973000073,58.72180967000003],[17.127689200000077,58.731008674000066],[17.106838244000073,58.75703073200003],[17.088514275000023,58.76674862500005],[17.088869440000053,58.75327485300005],[17.085689625000043,58.74628548100003],[17.068195814000035,58.746993574000044],[17.052334375000044,58.742053972000065],[17.03461738200002,58.743108679000045],[17.032192477000024,58.74050542700007],[17.066324490000056,58.73234308200006],[17.093985485000076,58.73633183000004],[17.103314674000046,58.73269676700005],[17.108353631000057,58.72549525000005],[17.094697506000045,58.71824580900005],[17.092220906000023,58.711238956000045],[17.081902023000055,58.70596524900003],[17.07775201000004,58.69811188300008],[17.032719925000038,58.69678739700004],[17.06037092300005,58.690217061000055],[17.07947916200004,58.689118895000036],[17.10636825200004,58.69010040000006],[17.121743534000075,58.69765606400006],[17.138610244000063,58.69806369600008],[17.14982779500002,58.69439520200007],[17.154624644000023,58.688582334000046],[17.134773085000063,58.67941115200006],[17.14152623900003,58.656136454000034],[17.13158455300004,58.655561566000074],[17.12555883400006,58.660779311000056],[17.10568188700006,58.66366932100004],[17.103923594000037,58.661259947000076],[17.114427716000023,58.65416929200006],[17.10655588000003,58.64840230500005],[17.085583160000056,58.65268299500008],[17.078413659000034,58.64896461500007],[17.076576239000076,58.653684991000034],[17.08249987100004,58.662047990000076],[17.07355726700007,58.667283603000044],[17.05237611800004,58.65754394000004],[17.050756293000063,58.66427661900008],[17.045092107000073,58.667837373000054],[17.047358055000075,58.67316955300004],[17.022948923000058,58.67785334100006],[17.000140851000026,58.67526727400008],[16.997094364000077,58.680577939000045],[16.97996861300004,58.67671605500004],[16.95374117800003,58.677507167000044],[16.94368922700005,58.66967331600006],[16.948341136000067,58.66613672500006],[16.969577757000025,58.66265234000008],[17.014390801000047,58.66371189400007],[17.027969247000044,58.65658031600003],[17.038798737000036,58.65551193700003],[17.039878100000067,58.650403451000045],[17.02799761400007,58.645856250000065],[17.030649759000028,58.63660556100007],[17.02554129600003,58.630683239000064],[17.011417338000058,58.626031391000026],[16.973188675000074,58.62380372300004],[16.921020213000077,58.61050990700005],[16.906684538000036,58.610659414000054],[16.87213675600003,58.61794597200003],[16.81275779200007,58.62084487200008],[16.798667266000052,58.62546438600003],[16.773643794000066,58.623566819000075],[16.74944724900007,58.62694507500004],[16.75128919200006,58.634158608000064],[16.724635066000076,58.648610543000075],[16.707580419000067,58.66649653200005],[16.695176210000056,58.673603299000035],[16.655760754000028,58.680466480000064],[16.642257009000048,58.67931746600004],[16.620307541000045,58.690903682000055],[16.59207100800006,58.69624318000007],[16.542529496000043,58.70023647200003],[16.437245521000023,58.69747196000003],[16.414673434000065,58.70282189100004],[16.387355221000064,58.703117690000056],[16.377031785000042,58.714192644000036],[16.372992242000066,58.740110721000065],[16.36676658700003,58.75352616400005],[16.33005187300006,58.77682446600005],[16.301621427000043,58.77263267300003],[16.299719012000025,58.77673865300005],[16.306984815000078,58.79047644100007],[16.28755023800005,58.80396532600008],[16.262260441000024,58.832062319000045],[16.192146808000075,58.83948796000004],[16.177282684000033,58.859942397000054],[16.114915263000057,58.88460373600003],[16.10361513600003,58.88585607200008],[16.099184523000076,58.89777456500008],[16.092110126000023,58.901666926000075],[16.093597052000064,58.90525457400008],[16.089151643000037,58.91206700400005],[16.07933591400007,58.92005039800006],[15.994053314000041,58.93702324100008],[15.928030797000076,58.96039306500006],[15.910426913000038,58.96300001700007],[15.883847737000053,58.978844253000034],[15.880825160000029,58.988811885000075],[15.868513843000073,58.99156777400003],[15.870718057000033,58.99857304200003],[15.867970697000032,59.001664970000036],[15.842380065000043,59.01466177300006],[15.816482606000022,59.01928604600005],[15.807869416000074,59.016786886000034],[15.80526833600004,59.001952499000026],[15.783507676000056,58.984829399000034],[15.779778259000068,58.969227784000054],[15.765807001000042,58.965477941000074],[15.761577880000061,58.95655610500006],[15.741118338000035,58.952987963000055],[15.734249618000035,58.971152576000065],[15.72103830900005,58.98889602000003],[15.700523599000064,58.98482878300007],[15.688550256000042,58.98683433900004],[15.686749384000052,58.98191862200008],[15.664339619000032,58.98280457900006],[15.651469624000072,58.99542211200003],[15.655031303000044,59.01108231000006],[15.627893862000064,59.01246569800003],[15.621857326000054,59.015727232000074],[15.619788649000043,59.02353898700005],[15.628585968000039,59.02564134200003],[15.638660765000054,59.03333827300003],[15.633908673000064,59.03713986300005],[15.641862647000039,59.054470295000044],[15.685331266000048,59.066058644000066],[15.71174826600003,59.079263049000076],[15.714318896000066,59.08674780600006],[15.698591837000038,59.094163578000064],[15.705111081000041,59.10030851400006],[15.739650966000056,59.105951307000055],[15.778206406000038,59.10464224700007],[15.792232186000035,59.10975545600007],[15.789861483000038,59.115597577000074],[15.794035529000041,59.123915381000074],[15.788098864000062,59.132785365000075],[15.796737108000059,59.13901380200008],[15.761593005000066,59.19794847800006],[15.89356809800006,59.23037703000006],[15.868530272000044,59.27605641900004],[15.867650230000038,59.28400617800003],[15.874913827000057,59.28113899200008],[15.882143246000055,59.29965839600004],[15.905886701000043,59.299116291000075],[15.91469644600005,59.31516031000007],[15.93909863500005,59.32393852100006],[15.939248055000064,59.33533033500004],[15.945271160000061,59.34448571900003],[15.993255891000047,59.35913090400004],[16.03611256000005,59.36749879300004],[16.07720725100006,59.35302690100008],[16.155411022000067,59.34717866600005],[16.210874562000072,59.35956865000003],[16.262705236000045,59.36333048500006],[16.271182882000062,59.37213159000004],[16.27708801700004,59.387577959000055],[16.290867870000056,59.39750452800007],[16.250717602000066,59.414445052000076],[16.249635670000032,59.43561311800005],[16.25725350700003,59.45328141300007],[16.299882024000055,59.45751906800007],[16.323183439000047,59.453638298000044],[16.373408622000056,59.46704963500008],[16.386515433000056,59.46679061400005],[16.405096163000053,59.46036203400007],[16.421211822000032,59.46053974000006],[16.640814936000027,59.48473598700008],[16.665907614000048,59.49187513900006],[16.702745734000075,59.48767111300003],[16.722753786000055,59.48977107300004],[16.759501792000037,59.50206187100008],[16.834235209000042,59.49866488400005],[16.893857420000074,59.47980873000006],[16.93214667700005,59.48515248600006],[16.947512537000023,59.49171301800004],[16.964910420000024,59.52132412200007],[16.998748075000037,59.51196091700007],[17.029148290000023,59.50945287400003],[17.04640645300003,59.51613959400004],[17.064638179000042,59.51227443600004],[17.084626959000047,59.53002769600005],[17.117654860000073,59.526095619000046],[17.14207540500007,59.51532360200008]]],[[[17.322512191000044,58.60119130800007],[17.318899154000064,58.59942674000007],[17.313697820000073,58.60212388800005],[17.318562026000052,58.60403999300007],[17.322512191000044,58.60119130800007]]],[[[16.89477965800006,58.610130507000065],[16.889028475000032,58.60663565900006],[16.882285787000058,58.60893544100003],[16.890136131000077,58.61195878700005],[16.89477965800006,58.610130507000065]]],[[[16.874526528000047,58.61440611900008],[16.870715020000034,58.61066361400003],[16.864568920000067,58.612366232000056],[16.870162951000054,58.61572714500005],[16.874526528000047,58.61440611900008]]],[[[17.164809297000033,58.64378688200003],[17.160767950000036,58.641485610000075],[17.155722912000044,58.64362056400006],[17.160500454000044,58.64592126000008],[17.164809297000033,58.64378688200003]]],[[[17.18263734900006,58.64412823600003],[17.178542372000038,58.641486126000075],[17.173627719000024,58.64350476200008],[17.179046989000028,58.645999422000045],[17.18263734900006,58.64412823600003]]],[[[17.15266838100007,58.64401308500004],[17.14799187400007,58.641787142000055],[17.14041396700003,58.645864749000054],[17.148459892000062,58.647711955000034],[17.15266838100007,58.64401308500004]]],[[[17.17397171600004,58.65838671300003],[17.170315981000044,58.651411249000034],[17.16107807800006,58.656343966000065],[17.168438283000057,58.66100537900007],[17.175003790000062,58.66035600100008],[17.17397171600004,58.65838671300003]]],[[[17.075093885000058,58.658220553000035],[17.066246213000056,58.65948073900006],[17.069933416000026,58.661836625000035],[17.075093885000058,58.658220553000035]]],[[[17.197593382000036,58.65979407900005],[17.193136293000066,58.65692000700005],[17.189678524000044,58.659531521000076],[17.194129607000036,58.66205077800004],[17.197593382000036,58.65979407900005]]],[[[17.183201530000076,58.663706148000074],[17.18176915500004,58.656834236000066],[17.175891981000063,58.65741938100007],[17.183201530000076,58.663706148000074]]],[[[16.988396692000038,58.66832209300003],[16.984207765000065,58.66583439000004],[16.979504793000046,58.66802550800003],[16.98494180700004,58.67039654600006],[16.988396692000038,58.66832209300003]]],[[[17.17717848500007,58.66809272300003],[17.173949770000036,58.667834791000075],[17.175951545000032,58.67337037000004],[17.18122273000006,58.67258336700007],[17.17717848500007,58.66809272300003]]],[[[17.167451096000036,58.664978818000066],[17.162291395000068,58.66398068900003],[17.149336427000037,58.67033131000005],[17.160679776000052,58.674646590000066],[17.17097676000003,58.66566084800007],[17.167451096000036,58.664978818000066]]],[[[17.552535200000023,58.68778686400003],[17.54856408200004,58.68633316100005],[17.544062974000042,58.68934488900004],[17.549771209000028,58.69087361900006],[17.552535200000023,58.68778686400003]]],[[[17.47725850200004,58.680577939000045],[17.478539873000045,58.67881427900005],[17.47319995600003,58.67902015700008],[17.46581386400004,58.68519044200008],[17.467027315000053,58.69184090300007],[17.47648534800004,58.68781126600004],[17.473907331000078,58.68519044200008],[17.47725850200004,58.680577939000045]]],[[[17.252451875000077,58.69748767100003],[17.24783819700002,58.695658680000065],[17.241165342000045,58.69937454600006],[17.248069969000028,58.70150623900008],[17.252451875000077,58.69748767100003]]],[[[17.506661485000052,58.70428831700008],[17.501965944000062,58.70407116400003],[17.49836534900004,58.70805407300003],[17.504436550000037,58.70839009500003],[17.506661485000052,58.70428831700008]]],[[[17.119929633000027,58.70825259500003],[17.115098012000033,58.70658674300006],[17.109618444000034,58.70925230900008],[17.114934817000062,58.71132206200008],[17.119929633000027,58.70825259500003]]],[[[17.304354971000066,58.70934228400006],[17.30078392000007,58.70750540500006],[17.29544092900005,58.71009612800003],[17.30030443800007,58.71207235400004],[17.304354971000066,58.70934228400006]]],[[[17.24140575000007,58.709355119000065],[17.233056305000048,58.71155605100006],[17.238091698000062,58.71312184400006],[17.24140575000007,58.709355119000065]]],[[[17.17831496100007,58.70990949600008],[17.17384511800003,58.70888892000005],[17.168539520000024,58.712401742000054],[17.175116221000053,58.714056252000034],[17.17831496100007,58.70990949600008]]],[[[17.26920737200004,58.71983844200008],[17.27822742500007,58.71234529100008],[17.251597825000033,58.716968895000036],[17.258903676000045,58.720367123000074],[17.26920737200004,58.71983844200008]]],[[[17.182021339000073,58.720334147000074],[17.177847326000062,58.71803163800007],[17.172962261000066,58.720343713000034],[17.177841116000025,58.72248557700004],[17.182021339000073,58.720334147000074]]],[[[17.29733023500006,58.71957983000004],[17.290031002000035,58.71535246900004],[17.28026708300007,58.71856956800008],[17.290611133000027,58.722858073000054],[17.29733023500006,58.71957983000004]]],[[[17.209610517000044,58.715990472000044],[17.205087758000047,58.71359292000005],[17.19361718400006,58.72091746400008],[17.196727613000064,58.722930820000045],[17.209610517000044,58.715990472000044]]],[[[17.233767460000024,58.72063062900003],[17.22966642600005,58.71854263600005],[17.224659289000044,58.72086216900004],[17.229525507000062,58.72297614300004],[17.233767460000024,58.72063062900003]]],[[[17.324705204000054,58.72285919700005],[17.32143527200003,58.71798610800005],[17.31678621800006,58.719283947000065],[17.324705204000054,58.72285919700005]]],[[[17.40261812500006,58.72346019000008],[17.397949289000053,58.72318330000007],[17.401248165000027,58.728960433000054],[17.40477382100005,58.72806127300004],[17.40261812500006,58.72346019000008]]],[[[17.41139508400005,58.72563732300006],[17.405666796000048,58.72490018500008],[17.41041853200005,58.73050609100005],[17.41139508400005,58.72563732300006]]],[[[17.531542323000053,58.72938469300004],[17.521420773000045,58.72864257800006],[17.526026095000077,58.73251210800004],[17.531542323000053,58.72938469300004]]],[[[17.122428872000057,58.72983067700005],[17.115370049000035,58.73042248500008],[17.118472033000046,58.73295581700006],[17.122428872000057,58.72983067700005]]],[[[17.422213615000032,58.73003784300005],[17.41115039700003,58.73014855500003],[17.416057258000023,58.73479915400003],[17.422213615000032,58.73003784300005]]],[[[17.50292909600006,58.73347497600008],[17.498736500000064,58.73051076200005],[17.49184370000006,58.73238820800003],[17.49805808800005,58.73552820100008],[17.50292909600006,58.73347497600008]]],[[[17.40465518600007,58.737717932000066],[17.400128020000068,58.732423296000036],[17.388337097000033,58.733391382000036],[17.39877666900003,58.74279623700005],[17.408733695000024,58.742487854000046],[17.40465518600007,58.737717932000066]]],[[[17.405225889000064,58.75575874000003],[17.40560526300004,58.75016199200007],[17.401344954000024,58.75141724400004],[17.399889935000033,58.755315703000065],[17.405225889000064,58.75575874000003]]],[[[17.578568991000054,58.75071668100003],[17.570545081000034,58.744835995000074],[17.558018505000064,58.75105336100006],[17.57050603500005,58.75631281600005],[17.578568991000054,58.75071668100003]]],[[[17.555205914000055,58.76105503200006],[17.550397776000068,58.757432065000046],[17.54620409300003,58.75905461000008],[17.555205914000055,58.76105503200006]]],[[[17.48458931600004,58.76298215600008],[17.512988474000053,58.74857703500004],[17.516250764000063,58.73455478200003],[17.51208084800004,58.73180182300007],[17.503160363000063,58.73971762000008],[17.47173843300004,58.74228315200003],[17.470208549000063,58.739462615000036],[17.478436823000038,58.73408419000003],[17.469405923000068,58.72937851200004],[17.481398111000033,58.72000864900008],[17.485955689000036,58.71081186400005],[17.480931876000056,58.705639414000075],[17.466565452000054,58.702661523000074],[17.46008004500004,58.71588709700006],[17.447845161000032,58.71942173300005],[17.436812646000078,58.72921001600008],[17.43766279600004,58.73188801900005],[17.444648285000028,58.732864171000074],[17.44653257300007,58.741451099000074],[17.424092547000043,58.74744984500006],[17.430853119000062,58.75500849200006],[17.443209257000035,58.75951738300006],[17.464693907000026,58.75501673000008],[17.466992724000022,58.770702363000055],[17.472952887000076,58.77501713700008],[17.48458931600004,58.76298215600008]]],[[[17.515309439000077,58.77357347700007],[17.510860252000043,58.77244185500007],[17.508206872000073,58.776060080000036],[17.511872268000047,58.77701927900006],[17.515309439000077,58.77357347700007]]],[[[17.514420907000044,58.78365583000004],[17.51481328500006,58.77903376100005],[17.509268010000028,58.78029779000008],[17.508369127000037,58.78517742500003],[17.514420907000044,58.78365583000004]]],[[[17.543044959000042,58.78782321800003],[17.539436299000045,58.78571371400005],[17.536982822000027,58.79042796300007],[17.540951334000056,58.79171856600004],[17.543044959000042,58.78782321800003]]],[[[17.52780980400007,58.79080358900006],[17.523661829000048,58.789490439000076],[17.51927868000007,58.79365594200004],[17.52357842200007,58.795377012000074],[17.52780980400007,58.79080358900006]]],[[[17.55417854800004,58.797133615000064],[17.548424226000066,58.79600186700003],[17.555016137000052,58.806548847000045],[17.556771953000066,58.799832569000046],[17.55417854800004,58.797133615000064]]],[[[17.53863656300007,58.802446058000044],[17.534689924000077,58.80086920700006],[17.517370435000032,58.806572893000066],[17.521641205000037,58.81052820200006],[17.53323914400005,58.808459009000046],[17.53863656300007,58.802446058000044]]],[[[17.519116008000026,58.80181372000004],[17.516073395000035,58.791191180000055],[17.511489812000036,58.79457592800003],[17.514346060000037,58.80129229000005],[17.50132995000007,58.80553075700004],[17.499698892000026,58.81602934800003],[17.511385585000028,58.81261955600007],[17.519116008000026,58.80181372000004]]],[[[17.686492577000024,58.80743583700007],[17.70311057400005,58.80361452800008],[17.706868086000043,58.79909689100003],[17.693580997000026,58.796134850000044],[17.680862052000066,58.802094012000055],[17.676130672000056,58.800929876000055],[17.675688972000046,58.80629554500007],[17.665387476000035,58.80319273300006],[17.649085040000045,58.80950760500008],[17.64744314400002,58.81458695800006],[17.63849117700005,58.81756595000007],[17.635658195000076,58.82342047100008],[17.61825590500007,58.82731568100007],[17.61400719100004,58.83225567000005],[17.62629855800003,58.83297852600003],[17.630377141000054,58.82896750200007],[17.678115645000048,58.81357622100006],[17.686492577000024,58.80743583700007]]],[[[17.651865891000057,58.84601904300007],[17.647234359000038,58.84247383700006],[17.640159138000058,58.84444280100007],[17.647019472000068,58.84788419800003],[17.651865891000057,58.84601904300007]]],[[[17.598671212000056,58.84265424800003],[17.602258525000025,58.83630435600003],[17.595781788000068,58.83753143500007],[17.584924649000072,58.848000882000065],[17.59560980200007,58.848073240000076],[17.598671212000056,58.84265424800003]]],[[[17.619953526000074,58.84868260400003],[17.61310615900004,58.84479199300006],[17.60392188000003,58.84820081600003],[17.613973937000026,58.85185690800006],[17.619953526000074,58.84868260400003]]],[[[17.622395420000032,58.85962064900008],[17.61829070400006,58.857197889000076],[17.61332737300006,58.859090808000076],[17.61873399800004,58.861673317000054],[17.622395420000032,58.85962064900008]]],[[[17.60082735800006,58.86020139500005],[17.59027543800005,58.855357567000055],[17.57827451000003,58.86132372600008],[17.594909871000027,58.86555055600007],[17.60082735800006,58.86020139500005]]],[[[17.622821851000026,58.87489807800006],[17.614929177000022,58.87142329200003],[17.608304934000046,58.87646766800003],[17.61473052900004,58.88316292900004],[17.622821851000026,58.87489807800006]]],[[[17.58192335700005,58.878965985000036],[17.57093554900007,58.87055319700005],[17.556719658000077,58.87748939800008],[17.551168113000074,58.88395951700005],[17.558124589000045,58.88791354500006],[17.572118045000025,58.88853355300006],[17.58192335700005,58.878965985000036]]],[[[17.640094125000076,58.89404375400005],[17.635176191000028,58.890995702000055],[17.628036721000058,58.892963390000034],[17.634571207000022,58.896188926000036],[17.640094125000076,58.89404375400005]]]]}},{"type":"Feature","properties":{"code":"X","name":"Gävleborg","sourceCode":"SE313"},"geometry":{"type":"MultiPolygon","coordinates":[[[[15.925494327000024,62.27706566300003],[16.01813149700007,62.258690107000064],[16.23029172400004,62.23451602200004],[16.436217206000038,62.23626197100003],[16.521782935000033,62.23285904100004],[16.64165140500006,62.21264883300006],[16.79751832900007,62.20201890800007],[16.890899583000078,62.17575616800008],[16.942970175000028,62.17069267900007],[16.948762265000028,62.165939551000065],[16.963298432000045,62.16285625200004],[16.979262214000073,62.16455961500003],[17.03294927500002,62.159976820000054],[17.06989869100005,62.16325081000008],[17.11819447700003,62.15580698100007],[17.144489758000077,62.15715541600008],[17.16084166400003,62.16252470500007],[17.20153222400006,62.16180457100006],[17.222362400000065,62.15037526100008],[17.316731365000066,62.15646061100006],[17.48929991500006,62.13695038700007],[17.474487812000064,62.12384282700003],[17.474811014000068,62.11435336200003],[17.466116399000043,62.096567409000045],[17.46924757200003,62.08739176300003],[17.460746440000037,62.08153911200003],[17.45950787700002,62.071064283000055],[17.439496836000046,62.068675720000044],[17.433778048000022,62.06362750800008],[17.434935577000033,62.05876971600003],[17.454644613000028,62.05575248000008],[17.463052057000027,62.04840082900006],[17.465438821000077,62.04273849000003],[17.46151390600005,62.03293517100008],[17.453463414000055,62.02872387300005],[17.429873548000046,62.028280608000046],[17.41666576800003,62.019823787000064],[17.453076389000046,62.00663605200003],[17.457300668000073,62.00154436300005],[17.43110118000004,61.98976258400006],[17.39524122100005,61.993809835000036],[17.387599308000063,61.988216083000054],[17.395488619000048,61.98201945500006],[17.379309026000044,61.96438180100006],[17.379911544000038,61.951501472000075],[17.36745628600005,61.949774965000074],[17.354857455000058,61.95566348300008],[17.346548159000065,61.95152252100007],[17.350755675000073,61.94105155500006],[17.34607246300004,61.93244638600004],[17.334187116000066,61.92643325500006],[17.34147328100005,61.92016261100008],[17.340019512000026,61.91244420900006],[17.348786912000037,61.90093073200006],[17.347750019000046,61.89521975000008],[17.362439385000073,61.886591741000075],[17.363275825000073,61.87466628100003],[17.35558669200003,61.866422259000046],[17.31369886400006,61.856786697000075],[17.31128252700006,61.853247475000046],[17.33993937200006,61.83954516300008],[17.345087413000044,61.81952481800005],[17.36484086400003,61.81525712200005],[17.394128297000066,61.815848378000055],[17.409591141000078,61.810880258000054],[17.407613394000066,61.80623886900008],[17.382755401000054,61.79208313500004],[17.376577928000074,61.78079899700003],[17.380429680000077,61.76733391600004],[17.38061400500004,61.74409916800005],[17.390017100000023,61.72977865900003],[17.39153979200006,61.72082269200007],[17.45172073300006,61.729427169000076],[17.497549164000077,61.71408524700007],[17.512009100000057,61.694192110000074],[17.50136522100007,61.65453373000008],[17.48242082400003,61.626470819000076],[17.465663199000062,61.62267021500003],[17.445956796000075,61.623239573000035],[17.406858243000045,61.64369511800004],[17.386923610000053,61.660898477000046],[17.354408001000024,61.69844727600008],[17.331608347000042,61.71136961700006],[17.32654076600005,61.71016158100008],[17.319552686000065,61.69736318500003],[17.335133737000035,61.675773151000044],[17.333727469000053,61.670082156000035],[17.326616091000062,61.668249133000074],[17.28355875500006,61.680447505000075],[17.280263771000023,61.686790004000045],[17.283384055000056,61.69815284200007],[17.254021616000045,61.708911122000075],[17.235821375000057,61.72303529900006],[17.200632428000063,61.72188694400006],[17.174084549000042,61.71745157200007],[17.113397331000044,61.71896244000004],[17.110136716000056,61.71146239700005],[17.19671038100006,61.69757887700007],[17.238458969000078,61.68110427600004],[17.24683944700007,61.674501389000056],[17.24914241400006,61.66812038000006],[17.245045638000022,61.66060146700005],[17.234069632000057,61.65561013100006],[17.230060304000062,61.64513409500006],[17.210086192000063,61.63759003200005],[17.200106481000034,61.64027822600008],[17.202195166000024,61.64905021100003],[17.183806884000035,61.652345249000064],[17.165981413000054,61.648798842000076],[17.16326076000007,61.63635983300003],[17.153890830000023,61.63071673300004],[17.130668675000038,61.629908115000035],[17.114162916000055,61.636592492000034],[17.109796490000065,61.64449417700007],[17.104944058000058,61.641515294000044],[17.114697587000023,61.62049955800006],[17.140077017000067,61.61703895800008],[17.172811678000073,61.620355301000075],[17.19665447700004,61.61845714100008],[17.230570042000068,61.60914747700008],[17.232805106000058,61.603510001000075],[17.22711881500004,61.598115360000065],[17.211120364000067,61.59741718100008],[17.165685601000064,61.60811505800007],[17.14968133900004,61.60702357400004],[17.126736874000073,61.611167143000046],[17.08168223800004,61.60825345400008],[17.086082758000032,61.60557586300007],[17.123577056000045,61.60202043700008],[17.128756166000073,61.598484736000046],[17.129699564000077,61.59386424500008],[17.117792176000023,61.585158711000076],[17.06739398800005,61.57856906300003],[17.065748256000063,61.57605909800003],[17.08271800600005,61.57084707200005],[17.12033096300007,61.57010687400003],[17.127945805000024,61.561874626000076],[17.174826369000073,61.55625900800004],[17.184141526000076,61.55213469500006],[17.177316440000027,61.54811324800005],[17.108565549000048,61.55141823500003],[17.09167656900007,61.54484634600004],[17.13428934500007,61.52488806500003],[17.157119548000026,61.517968633000066],[17.154259335000063,61.51369793200007],[17.123519174000023,61.51035350700005],[17.128678818000026,61.50436940000003],[17.156709203000048,61.49234717000007],[17.165651284000035,61.48500401100006],[17.162119750000045,61.47801293500004],[17.141191709000054,61.46779325400007],[17.138766058000044,61.457100066000066],[17.14543321600007,61.44905065000006],[17.169591962000027,61.43403897600007],[17.17884762400007,61.43550201900007],[17.18994144100003,61.442211299000064],[17.198680317000026,61.44198659700004],[17.204128057000048,61.43704711100003],[17.204033319000075,61.42492187600004],[17.19724355900007,61.42160239000003],[17.162173014000075,61.41760272700003],[17.131099470000038,61.42284568500003],[17.11271745700003,61.41396702000003],[17.08997176200006,61.42045528700004],[17.08965680500006,61.40966110000005],[17.095341305000034,61.39659248600003],[17.11163822800006,61.379094835000046],[17.12596016300006,61.37065680400008],[17.135844139000028,61.35666917700007],[17.16344115800007,61.345388340000056],[17.20009538900007,61.34121360100005],[17.20262526600004,61.32809043700007],[17.22755088300005,61.32009025500008],[17.241759917000024,61.30661019400003],[17.23253734700006,61.301573173000065],[17.210354476000077,61.30572063200003],[17.18477573100006,61.30261999800007],[17.189965694000023,61.29848325900008],[17.23116402200003,61.28816006000005],[17.23416541000006,61.283660772000076],[17.218441953000024,61.27854541500005],[17.182551664000073,61.27875691200006],[17.13567247700007,61.29375970800004],[17.168801132000056,61.26489469300003],[17.18914705000003,61.252520908000065],[17.192911226000035,61.241008125000064],[17.20162156500004,61.22879153200006],[17.193899092000038,61.22010292400006],[17.170456408000064,61.22111028100005],[17.140401478000058,61.204630019000035],[17.149527963000025,61.19662592000003],[17.174891553000066,61.18988077200004],[17.182258884000078,61.183024698000054],[17.161171248000073,61.15117760100003],[17.178901489000054,61.127239056000064],[17.16868972000003,61.10737418100007],[17.188978031000033,61.09560447100006],[17.19409661700007,61.087202680000075],[17.18380809000007,61.079084057000046],[17.17651551800003,61.066920534000076],[17.16118167700006,61.05531656000005],[17.158526305000066,61.045604009000044],[17.16764216400003,61.03543601600006],[17.180257098000027,61.02899004800008],[17.182430793000037,61.02300290100004],[17.152300155000034,61.00959620400005],[17.14938887200003,61.00396649000004],[17.225571396000078,61.012507525000046],[17.24329232300005,61.00683852000003],[17.231134695000037,60.99775027100003],[17.220031284000072,60.997740297000064],[17.197612115000027,60.98948871400006],[17.17235445600005,60.98590049300003],[17.161526927000068,60.97598934500007],[17.157779337000022,60.96642183500006],[17.141757467000048,60.956459883000036],[17.141559543000028,60.94654540300007],[17.14987280400004,60.93677452500003],[17.12516209300003,60.91094369500007],[17.117258725000056,60.91081223500004],[17.11634482100004,60.915849034000075],[17.109675652000078,60.91610123100003],[17.091758939000044,60.91141531800008],[17.07450460700005,60.89979097000008],[17.085905825000054,60.89563215900006],[17.13548860900005,60.89261099000004],[17.15710654000003,60.88316605800003],[17.167876876000037,60.88316834600005],[17.175993050000045,60.88964888000004],[17.165273627000033,60.90078503500007],[17.16386859100004,60.91613053400005],[17.143932979000056,60.919231971000045],[17.13993222000005,60.922934084000076],[17.15206422500006,60.93531552800005],[17.161413650000043,60.93506130600008],[17.162127981000026,60.92826050800005],[17.201559726000028,60.924593249000054],[17.20175450100004,60.92153985300007],[17.194660379000027,60.916006922000065],[17.19602952100007,60.91064940900003],[17.210752617000026,60.90746614800008],[17.230178850000073,60.89299468200005],[17.254823651000038,60.88085532000008],[17.289565571000026,60.87731048000006],[17.310393614000077,60.884001073000036],[17.328487578000022,60.88236500900007],[17.327197179000052,60.87575503700003],[17.31592493100004,60.86951213300006],[17.28310942300004,60.86722644100007],[17.26606940100004,60.869791501000066],[17.27380983200004,60.85375596000006],[17.285418083000025,60.84710811900004],[17.289957851000054,60.83777731500004],[17.25381079700003,60.828362482000045],[17.245518713000024,60.821731208000074],[17.24278675900007,60.81361356900004],[17.252249923000022,60.80717679700007],[17.291807739000035,60.80513038600003],[17.28546721500004,60.777626016000056],[17.30692926200004,60.76952844400006],[17.32339264500007,60.77023323800006],[17.335391970000046,60.76097256400004],[17.34440025600003,60.76202255600003],[17.34775651900003,60.755649196000036],[17.315640049000024,60.73872877400004],[17.311249333000035,60.730810130000066],[17.283088660000033,60.72719322700004],[17.247721386000023,60.70710059100003],[17.22360412200004,60.69904788200006],[17.21012599900007,60.68911761600003],[17.19606529500004,60.68646770000004],[17.180877534000047,60.68899311600006],[17.17401929500005,60.68507047800006],[17.199282279000045,60.67787088600005],[17.234823031000076,60.68946609800008],[17.282611832000043,60.68737453300008],[17.290200543000026,60.68215957900003],[17.283312866000074,60.67433408800008],[17.305919948000053,60.66026909900006],[17.374541838000027,60.65247750800006],[17.349098353000045,60.58637591100006],[17.303156803000036,60.51069911500008],[17.297931753000057,60.46664104400003],[17.287695168000027,60.44684203800006],[17.257576413000038,60.42572174700007],[17.25359362200004,60.434085810000056],[17.218673445000036,60.433337480000034],[17.21640502100007,60.41969859400007],[17.194337134000023,60.40844372300006],[17.18947453000004,60.383648641000036],[17.197314961000075,60.377136335000046],[17.198040108000043,60.367307382000035],[17.209491514000035,60.363226815000075],[17.19653659900007,60.34512134900007],[17.196565779000025,60.31053475200008],[17.19247788000007,60.30071242100007],[17.17704018300003,60.29791244300003],[17.164575652000053,60.28868504600007],[17.13747052900004,60.28909694600003],[17.105678659000034,60.280792097000074],[17.114189121000038,60.26980187700008],[17.08152622700004,60.25935006700007],[17.057922181000038,60.27276994700003],[17.002029320000076,60.274898499000074],[16.996205848000045,60.27878550600008],[16.990982202000055,60.28825754500008],[16.977695592000032,60.29591358400006],[16.963100449000024,60.29335055000007],[16.960284605000027,60.29041306000005],[16.96166605600007,60.28750996300005],[16.92911353900007,60.287250533000076],[16.908588542000075,60.28176538800005],[16.91256216100004,60.27045926300008],[16.90374513000006,60.26756816500006],[16.886515227000075,60.25233801100006],[16.88781745800003,60.24536187500007],[16.897558426000046,60.24406869200004],[16.904372077000062,60.23756860700007],[16.850820527000053,60.22418453900008],[16.840793397000027,60.21762183900006],[16.814687078000077,60.21514634000005],[16.800256354000055,60.20908940800007],[16.797433855000065,60.19959701700003],[16.77601209200003,60.19018170500004],[16.750332829000058,60.18898466700006],[16.73286629000006,60.194746215000066],[16.703831018000074,60.19572060300004],[16.69877374200007,60.20908940800007],[16.69164267800005,60.21513005200006],[16.629045332000032,60.23882293400004],[16.614456182000026,60.27829002900006],[16.578731719000075,60.298499926000034],[16.54250681800005,60.34037011200007],[16.516490974000078,60.35552604900005],[16.477304391000075,60.36609654100005],[16.425082917000054,60.37893301500003],[16.407243410000035,60.376933929000074],[16.392463974000066,60.379619509000065],[16.338770001000057,60.418921080000075],[16.32880205200007,60.43224262000007],[16.285217309000075,60.46968025700005],[16.277362378000078,60.48342830000007],[16.25464494700003,60.48669423300004],[16.26926983800007,60.49130165300005],[16.269231111000067,60.493876630000045],[16.25460121800006,60.497110113000076],[16.190587108000045,60.53665930900007],[16.171236933000046,60.559448788000054],[16.161948734000077,60.58072609300007],[16.13595594800006,60.60967994600003],[16.201598881000052,60.61461644500008],[16.238455354000052,60.62371747600008],[16.31506486400002,60.68792407700005],[16.316739022000036,60.69094303800006],[16.310956176000047,60.70373368000003],[16.312149385000055,60.70748893000007],[16.335303284000076,60.72722476600006],[16.34634440800005,60.72610249000007],[16.376645094000025,60.74716375000003],[16.38511104500003,60.76489816900005],[16.38656258800006,60.786064098000054],[16.25878950200007,60.86018316800005],[16.131170311000062,60.99192044600005],[15.921567218000064,61.00754544800003],[15.763084334000041,61.049991445000046],[15.680510780000077,61.114210480000054],[15.656339485000046,61.21681260400004],[15.545372089000068,61.27951974800004],[15.44064985500006,61.33265482200005],[15.302880095000035,61.42433142700003],[15.20453331400006,61.50415801000008],[15.151608628000076,61.59619507900004],[15.091183848000071,61.48403157800004],[14.96770930100007,61.49313823500006],[14.946124260000033,61.489570713000035],[14.900305727000045,61.496051469000065],[14.780265694000036,61.49231498200004],[14.72965417100005,61.49602102800003],[14.715090776000068,61.48901700600004],[14.693904810000049,61.490128],[14.680363773000067,61.48632434000007],[14.668493497000043,61.49130913600004],[14.666473404000044,61.496912585000075],[14.657354526000063,61.50228756700005],[14.670467708000047,61.51952468600007],[14.673390470000072,61.52843040100004],[14.66846231900007,61.54582444700003],[14.658514624000077,61.552195346000076],[14.655175240000062,61.561241436000046],[14.673989255000038,61.57460619300008],[14.678060728000048,61.58534951900003],[14.67327361100007,61.59117587800006],[14.447561669000038,61.59494802200004],[14.498550075000026,61.62659779900008],[14.514808737000067,61.72452466300007],[14.52138168700003,61.730403988000035],[14.51719483100004,61.73694532600007],[14.524710851000066,61.783173040000065],[14.533313558000032,61.78571787800007],[14.670583786000066,61.89499783700006],[14.682473521000077,61.900383962000035],[14.688034360000074,61.899672458000055],[14.700537506000046,61.87842210200006],[14.766784921000067,61.81788635600003],[14.803610301000049,61.79578389200003],[14.851882333000049,61.784831577000034],[14.854312809000078,61.78678725000003],[14.843450673000063,61.80157326900007],[14.805671927000049,61.81931344800006],[14.760567173000027,61.863230343000055],[14.806430702000057,61.88508918200006],[14.86298537700003,61.828555073000075],[14.867475570000067,61.80985848000006],[14.928256281000074,61.82205461900003],[14.923077651000028,61.84206738000006],[14.906602245000045,61.877232598000035],[14.907877494000047,61.879963298000064],[15.043112098000051,61.86629002800004],[15.04639482400006,61.86213776200003],[15.048231893000036,61.82338560200003],[15.091915174000064,61.81931029600008],[15.108650081000064,61.846127255000056],[15.088622408000049,61.89434258800003],[15.11485116800003,61.89629202000003],[15.11397411200005,61.93488481400004],[15.135777356000062,61.95130241100003],[15.111766318000036,61.95876558600003],[15.094948061000025,61.99669666700004],[15.24100826700004,62.049294202000056],[15.342089981000072,62.091606021000075],[15.41792596700003,62.11314020100008],[15.429153033000034,62.14748635600006],[15.40277332100004,62.182246520000035],[15.399085683000067,62.19533596700006],[15.355113771000049,62.21619995700007],[15.327339682000058,62.272083534000046],[15.381724732000066,62.297771527000066],[15.506926416000056,62.337997544000075],[15.614001414000029,62.34337244800008],[15.925494327000024,62.27706566300003]],[[15.367375548000041,62.01788834000007],[15.386906768000074,62.01025725200003],[15.404373540000051,62.01223158400006],[15.382473555000047,62.031508244000065],[15.356648776000043,62.026989427000046],[15.367375548000041,62.01788834000007]]],[[[17.428747867000027,61.55488885600005],[17.457441067000047,61.55060884100004],[17.468308957000033,61.54173024600004],[17.461003401000028,61.53720743300005],[17.415290182000035,61.53945945700008],[17.395144951000077,61.53672077500005],[17.389964,61.53952965700006],[17.391799424000055,61.54835910800006],[17.389658903000054,61.55203690900004],[17.37906914000007,61.54174809600005],[17.38200302100006,61.536950270000034],[17.37072988600005,61.536054008000065],[17.36498092200003,61.54146741200003],[17.360440243000028,61.55593367500006],[17.36405829200004,61.561158883000076],[17.371081313000047,61.56228664100007],[17.39812885300006,61.55652009900007],[17.428747867000027,61.55488885600005]]],[[[17.245652113000062,61.02658331400005],[17.241720919000045,61.020638914000074],[17.21291142900003,61.02169511900007],[17.202126115000056,61.02770123100004],[17.222732713000028,61.04712741700007],[17.255419235000033,61.03989802800004],[17.248958652000056,61.03184169100007],[17.243611566000027,61.030270673000075],[17.245652113000062,61.02658331400005]]],[[[17.324013663000073,60.80954129100007],[17.345806539000023,60.79336632400003],[17.332753121000053,60.78690111800006],[17.314116487000035,60.789081002000046],[17.303524871000036,60.787135643000056],[17.296668574000023,60.79136319000003],[17.292890991000036,60.798932155000045],[17.30542785600005,60.80693825800006],[17.324013663000073,60.80954129100007]]],[[[17.500399689000062,61.96252664700006],[17.509684179000033,61.958553076000044],[17.531793440000058,61.957599525000035],[17.538055213000064,61.95199931700006],[17.533315225000024,61.94611800300004],[17.522502428000053,61.94567695100005],[17.49452050700006,61.95674447500005],[17.491122852000046,61.94621426200007],[17.476495519000025,61.94286347000008],[17.471527232000028,61.94712044800008],[17.46897797400004,61.95522965400005],[17.476672002000043,61.95919799400008],[17.491828190000035,61.95814821300007],[17.49738097900007,61.96381859300004],[17.500399689000062,61.96252664700006]]],[[[17.277978159000043,61.55279707600005],[17.270419269000058,61.552456008000036],[17.26271769300007,61.55713976100003],[17.263359475000073,61.565337999000064],[17.268461799000022,61.56781334300007],[17.266791515000023,61.57510437900004],[17.290552714000057,61.57331231900008],[17.30051457600007,61.566995603000066],[17.298705478000045,61.56277106700003],[17.29241262900007,61.56147899300004],[17.28934272600003,61.55330986200005],[17.277978159000043,61.55279707600005]]],[[[17.324897961000033,61.14750579200006],[17.320227507000027,61.142571747000034],[17.30629396200004,61.15227437800007],[17.30216824200005,61.16368265800003],[17.324748842000076,61.17236968900005],[17.33619784800004,61.16811616800004],[17.32925368800005,61.16209408200007],[17.324897961000033,61.14750579200006]]],[[[17.541585111000074,61.72181767700005],[17.53441439000005,61.712307173000056],[17.519529354000042,61.71840340800003],[17.515706800000032,61.72355641300004],[17.519129661000022,61.72894449300003],[17.535875584000053,61.73387892400007],[17.554300803000046,61.73176623900008],[17.557029982000074,61.72258757600008],[17.541585111000074,61.72181767700005]]],[[[17.382491857000048,61.62615267000007],[17.37271363800005,61.62516610900008],[17.352626661000045,61.63556345200004],[17.35585992800003,61.64223697600005],[17.365176637000047,61.648267986000064],[17.368355576000056,61.64689741800004],[17.369107058000054,61.64148746600006],[17.382761205000065,61.63616243600006],[17.385125988000027,61.62975115800003],[17.382491857000048,61.62615267000007]]],[[[17.323826277000023,60.67954966900004],[17.318772800000033,60.67331963400005],[17.295484430000045,60.677132534000066],[17.318983659000025,60.69385710500006],[17.326916357000073,60.69341488600003],[17.331590737000056,60.68912186400007],[17.323826277000023,60.67954966900004]]],[[[17.334871618000022,61.55286698100008],[17.323978045000047,61.54880219200004],[17.31627168600005,61.55398182500005],[17.31234577300006,61.56604516800007],[17.329688145000034,61.567106729000045],[17.334967611000025,61.561499],[17.334871618000022,61.55286698100008]]],[[[17.180352006000078,61.599555500000065],[17.196528913000066,61.59100418500003],[17.181805647000033,61.58404751200004],[17.162896464000028,61.59472744200008],[17.180352006000078,61.599555500000065]]],[[[17.19867713900004,61.56881375100005],[17.18407450600006,61.57764837000008],[17.205252278000046,61.58165063200005],[17.215884086000074,61.57257473300007],[17.19867713900004,61.56881375100005]]],[[[17.445028407000052,60.74108306100004],[17.43052334600003,60.74432903600007],[17.434155780000026,60.74901610000006],[17.446464235000064,60.75008096700003],[17.447909872000025,60.75449996600008],[17.455261579000023,60.74762709400005],[17.450431543000036,60.74134511700004],[17.445028407000052,60.74108306100004]]],[[[17.338914,60.720232700000054],[17.35535603900007,60.71390139700003],[17.344659818000025,60.707861828000034],[17.326008406000028,60.712858219000054],[17.338914,60.720232700000054]]],[[[17.38506787400007,61.61413324000006],[17.38177016000003,61.61117766800004],[17.369371726000054,61.61485423500005],[17.362332510000044,61.62061956400004],[17.372316844000068,61.623846607000075],[17.388593202000038,61.61729281000004],[17.38506787400007,61.61413324000006]]],[[[17.269972265000035,61.06649379500004],[17.278657363000036,61.060408876000054],[17.27006208800003,61.054589932000056],[17.257492461000027,61.06005768800003],[17.269972265000035,61.06649379500004]]],[[[17.34614014600004,61.56364834700008],[17.356499235000058,61.558187316000044],[17.35034365000007,61.551778787000046],[17.33625764100003,61.558699570000044],[17.34614014600004,61.56364834700008]]],[[[17.28284767400004,61.24283275400006],[17.290036445000055,61.23837874900005],[17.28758391300005,61.23676852800003],[17.27868835000004,61.24054567400003],[17.273937569000054,61.235397883000076],[17.263941464000027,61.235555472000044],[17.267201568000075,61.24050948000007],[17.28284767400004,61.24283275400006]]],[[[17.636068555000065,62.01771401500008],[17.640971922000062,62.01655933100005],[17.631210958000054,62.00663961400005],[17.62223044800004,62.013598512000044],[17.636068555000065,62.01771401500008]]],[[[17.226823512000067,61.36735565300006],[17.234056709000072,61.359323611000036],[17.224750336000056,61.358643],[17.21405646200003,61.36760745100008],[17.226823512000067,61.36735565300006]]],[[[17.31923239100007,60.71896065200008],[17.32581520800005,60.71076936000003],[17.321475974000066,60.707700069000055],[17.311470694000036,60.71104246300007],[17.314383685000053,60.71688357700003],[17.31923239100007,60.71896065200008]]],[[[17.32757028700007,61.66224373600005],[17.336240341000064,61.65447228000005],[17.328497065000022,61.65314860900003],[17.317537929000025,61.65973157800005],[17.32757028700007,61.66224373600005]]],[[[17.170982852000066,61.44716310000007],[17.17827016800004,61.43843018500007],[17.171959853000033,61.437097539000035],[17.16139955500006,61.44351407100004],[17.170982852000066,61.44716310000007]]],[[[17.264747870000065,61.007595871000035],[17.253616795000028,61.00469989000004],[17.24976115100003,61.01101307300007],[17.261672958000077,61.01332840900005],[17.264747870000065,61.007595871000035]]],[[[17.18129495900007,61.16425846300007],[17.18767252300006,61.155939035000074],[17.17905575800006,61.15438370600003],[17.17336539400003,61.16458916100004],[17.18129495900007,61.16425846300007]]],[[[17.292076181000027,60.83090483700005],[17.301646995000056,60.82513570300006],[17.29631278100004,60.822785260000046],[17.282776813000055,60.82704554400004],[17.292076181000027,60.83090483700005]]],[[[17.178312101000074,61.539017914000055],[17.18757895500005,61.53882691100006],[17.194951021000065,61.53303764100008],[17.172340313000063,61.53596918200003],[17.178312101000074,61.539017914000055]]],[[[17.332216708000033,61.35135543300004],[17.339355712000042,61.34573633700006],[17.331662384000026,61.34351388400006],[17.322590797000032,61.34871309000005],[17.332216708000033,61.35135543300004]]],[[[17.243368606000047,61.232949689000066],[17.244433205000064,61.22809066000008],[17.234350234000033,61.225559686000054],[17.231486417000042,61.228990820000035],[17.239579425000045,61.23389677100005],[17.243368606000047,61.232949689000066]]],[[[17.339360132000024,61.69221418900008],[17.34333176000007,61.68595525300003],[17.335418262000076,61.68529682500008],[17.331079256000066,61.69064041900003],[17.338139906000038,61.694137158000046],[17.339360132000024,61.69221418900008]]],[[[17.503294994000044,61.99399061200006],[17.510452155000053,61.992129627000054],[17.504136193000022,61.98652105100007],[17.494834146000073,61.988980825000056],[17.503294994000044,61.99399061200006]]],[[[17.163608298000042,61.56934368000003],[17.170196872000076,61.56399288500006],[17.163093909000054,61.56210771000008],[17.154026144000056,61.567311035000046],[17.163608298000042,61.56934368000003]]],[[[17.230754534000027,61.24163910500005],[17.225087450000046,61.23584165600005],[17.21609156200003,61.23902197100006],[17.226110709000068,61.24340530600006],[17.230754534000027,61.24163910500005]]],[[[17.168781194000076,60.94764146800003],[17.166310391000025,60.94362135300008],[17.156485719000045,60.94408722400004],[17.162954687000024,60.949786507000056],[17.168781194000076,60.94764146800003]]],[[[17.302154033000022,60.84548617300004],[17.30893743300004,60.843047],[17.30416427800003,60.83901214800005],[17.29521857900005,60.84138646200006],[17.302154033000022,60.84548617300004]]],[[[17.268658381000023,60.82708226500006],[17.27510088500003,60.82408779700006],[17.269479322000052,60.82098899200008],[17.261210512000048,60.82350290200003],[17.268658381000023,60.82708226500006]]],[[[17.176279454000053,61.636660680000034],[17.176117137000062,61.63255907100006],[17.16982738200005,61.63309616200007],[17.172663207000028,61.64052957800004],[17.17643750900004,61.64065459900007],[17.176279454000053,61.636660680000034]]],[[[17.178369846000066,60.97926332800006],[17.170120465000025,60.98124451000007],[17.17741535500005,60.98430184000006],[17.182935848000056,60.98139596800007],[17.178369846000066,60.97926332800006]]],[[[17.14147218000005,61.53324420300004],[17.14563576300003,61.53014581900004],[17.141049499000076,61.52763040600007],[17.133602445000065,61.53127886000004],[17.14147218000005,61.53324420300004]]],[[[17.168784257000027,61.58747391800006],[17.159484176000035,61.58733461000003],[17.15689683000005,61.589947761000076],[17.168784257000027,61.58747391800006]]],[[[17.263922066000077,61.002386483000066],[17.26949573400003,61.00531846500007],[17.277101326000036,61.003748047000045],[17.269195058000037,61.00008512200003],[17.263922066000077,61.002386483000066]]],[[[17.16334362200007,60.89279335600003],[17.16725219800003,60.88912761000006],[17.16194678100004,60.88756266900003],[17.15659673600004,60.89087138200006],[17.16334362200007,60.89279335600003]]],[[[17.302047173000062,61.56024118400006],[17.307022173000064,61.558670404000054],[17.302529353000068,61.55515217200008],[17.29640465400007,61.55717557000003],[17.302047173000062,61.56024118400006]]],[[[17.18572127500005,60.96098894100004],[17.190144604000068,60.96125235100004],[17.18797067500003,60.95590088600005],[17.181612354000038,60.95663767600007],[17.18572127500005,60.96098894100004]]],[[[17.190628718000028,60.94690449900003],[17.195803141000056,60.94443635200008],[17.190525819000072,60.94147742100006],[17.186185521000027,60.94576507600004],[17.190628718000028,60.94690449900003]]],[[[17.38140592600007,61.52265912200005],[17.385722486000077,61.52088697500005],[17.381553049000047,61.51770606300005],[17.37559843100007,61.519712438000056],[17.38140592600007,61.52265912200005]]],[[[17.145244698000056,61.59307974200004],[17.150061356000037,61.591362238000045],[17.146248360000072,61.588375746000054],[17.139704059000053,61.589904611000065],[17.145244698000056,61.59307974200004]]],[[[17.284529462000023,61.258291917000065],[17.28943879800005,61.25679981700006],[17.286309811000024,61.25336482600005],[17.280509688000052,61.25344350000006],[17.284529462000023,61.258291917000065]]],[[[17.467087734000074,61.73826666700006],[17.46964915600006,61.73507344300003],[17.460350275000053,61.736582577000036],[17.467087734000074,61.73826666700006]]],[[[17.17522735400007,61.62838593300006],[17.179215098000043,61.62569078300004],[17.175663478000047,61.62373013500007],[17.17050600300007,61.62614767300005],[17.17522735400007,61.62838593300006]]],[[[17.24261976200006,61.366995994000035],[17.245526965000067,61.36382857800004],[17.240802965000057,61.36258341000007],[17.23730089700007,61.36605794500008],[17.24261976200006,61.366995994000035]]],[[[17.28163488000007,61.07423231800004],[17.28576931400005,61.07166228600005],[17.28217838200004,61.069696357000055],[17.276796615000023,61.072308633000034],[17.28163488000007,61.07423231800004]]],[[[17.15503598500004,61.374146249000034],[17.160344375000022,61.370596997000064],[17.150817737000068,61.371854830000075],[17.15503598500004,61.374146249000034]]],[[[17.194153726000025,61.166866190000064],[17.197276053000053,61.16292184500003],[17.190012998000043,61.16456501500005],[17.19013381800005,61.16708707500004],[17.194153726000025,61.166866190000064]]],[[[17.20191105300006,61.58391696600006],[17.195824155000025,61.58582318900005],[17.199836855000058,61.58815448000007],[17.204426976000036,61.58549276600007],[17.20191105300006,61.58391696600006]]],[[[17.225306018000026,60.69611927500006],[17.22720305200005,60.691430092000076],[17.220027344000073,60.69463691000004],[17.225306018000026,60.69611927500006]]],[[[17.55934292300003,60.732075863000034],[17.56307904700003,60.72995619000005],[17.559867626000027,60.72742924500005],[17.55442531800003,60.72969329000006],[17.55934292300003,60.732075863000034]]],[[[17.275364956000033,61.10004803700008],[17.278298670000027,61.09627262200007],[17.27347659800006,61.09489612400006],[17.271649387000025,61.09949870300005],[17.275364956000033,61.10004803700008]]],[[[17.29327259300004,61.11036958700004],[17.29736928600005,61.10890948900004],[17.29383111100003,61.10595333900005],[17.288344082000037,61.108030417000066],[17.29327259300004,61.11036958700004]]],[[[17.402792746000046,60.770372191000035],[17.406410855000047,60.76762159200007],[17.40250663300003,60.76579934300008],[17.39762659400003,60.76824871100007],[17.402792746000046,60.770372191000035]]],[[[17.251395012000046,61.22905513000006],[17.255415679000066,61.22846759200007],[17.246996938000052,61.22405115200007],[17.251395012000046,61.22905513000006]]],[[[17.45946854300007,60.727758892000054],[17.463040576000026,60.72496829500005],[17.453917154000067,60.72553823000004],[17.45946854300007,60.727758892000054]]],[[[17.303413851000073,61.65865953800005],[17.30793631800003,61.660037318000036],[17.31118389900007,61.653977001000044],[17.303413851000073,61.65865953800005]]],[[[17.431286301000057,61.81584763600006],[17.43417613300005,61.81209954900004],[17.425692300000037,61.81418406900008],[17.431286301000057,61.81584763600006]]],[[[17.546874299000024,60.73114873500003],[17.551304406000042,60.728342154000075],[17.54186980700007,60.729369588000054],[17.546874299000024,60.73114873500003]]],[[[17.24388422000004,61.354764946000046],[17.247804081000027,61.35384365200008],[17.243760893000058,61.35023576700007],[17.238832115000037,61.35151551300004],[17.24388422000004,61.354764946000046]]],[[[17.144641463000028,61.46424518400005],[17.14864891800005,61.46203842700004],[17.144364405000033,61.45950127100008],[17.140115303000073,61.46155403000006],[17.144641463000028,61.46424518400005]]],[[[17.246234125000058,61.24630020600006],[17.251037034000035,61.243817869000054],[17.24771882600004,61.241419860000065],[17.24291691800005,61.243333231000065],[17.246234125000058,61.24630020600006]]],[[[17.252878827000075,61.095981367000036],[17.25640588600004,61.09360811400006],[17.25219465200007,61.09152503400003],[17.247387205000052,61.093839443000036],[17.252878827000075,61.095981367000036]]],[[[17.307148307000034,61.67186006500003],[17.311253699000076,61.66756250800006],[17.302760913000043,61.66994034800007],[17.307148307000034,61.67186006500003]]],[[[17.225784818000022,61.62167533500008],[17.229099031000032,61.61787245900007],[17.220826786000032,61.62006061200003],[17.225784818000022,61.62167533500008]]],[[[17.185423197000034,61.63327403100004],[17.188972517000025,61.63114521700004],[17.184774511000057,61.62879444300006],[17.179943610000066,61.63099526800005],[17.185423197000034,61.63327403100004]]],[[[17.356329016000075,61.90185342800004],[17.360764261000043,61.90030778900007],[17.35863801000005,61.897231386000044],[17.35287123200004,61.898633206000056],[17.356329016000075,61.90185342800004]]],[[[17.170686112000055,61.52743387900006],[17.17453232200006,61.52500242000008],[17.170916758000033,61.52277237900006],[17.165870443000074,61.52512745700005],[17.170686112000055,61.52743387900006]]],[[[17.309702534000053,60.71641707600003],[17.311410850000073,60.71474549800007],[17.30781804000003,60.71281122900007],[17.303086803000042,60.71510149900007],[17.309702534000053,60.71641707600003]]],[[[17.299232751000034,61.66814694900006],[17.302626419000035,61.66572063800004],[17.299010328000065,61.66352642000004],[17.29388889100005,61.66561502600007],[17.299232751000034,61.66814694900006]]],[[[17.39554785200005,61.79020438400005],[17.398483742000053,61.78755863400005],[17.392082585000026,61.78878517100003],[17.39554785200005,61.79020438400005]]],[[[17.39843973400002,61.78718689300007],[17.401103816000045,61.786423427000045],[17.39843973400002,61.78718689300007]]]]}},{"type":"Feature","properties":{"code":"C","name":"Uppsala","sourceCode":"SE121"},"geometry":{"type":"MultiPolygon","coordinates":[[[[17.369768188000023,60.65266060200008],[17.39625746200005,60.646358477000035],[17.409121678000076,60.65131287400004],[17.430607528000053,60.64676721200004],[17.437921560000063,60.62975379400007],[17.455444928000077,60.64017096300006],[17.47434760300007,60.64248797000005],[17.485718982000037,60.64745816700008],[17.492045631000053,60.64523963000005],[17.497708588000023,60.649420821000035],[17.536829581000063,60.65097355300003],[17.600175096000044,60.647349604000055],[17.614139997000052,60.64295128700007],[17.615609259000053,60.63421426600007],[17.628552761000037,60.62561939600005],[17.651181577000045,60.62932307900007],[17.665479623000067,60.62357479500008],[17.66345699200002,60.61850664500008],[17.631205780000073,60.61447990500005],[17.62559283300004,60.600930222000045],[17.597678810000048,60.59333205300004],[17.591944239000043,60.587609271000076],[17.59222038100006,60.58148145800004],[17.634661446000052,60.55687611400003],[17.634525762000067,60.55342391800008],[17.62523840800003,60.548628216000054],[17.623894488000076,60.54474401400006],[17.641510640000035,60.53759069700004],[17.645904659000053,60.527058632000035],[17.66025365400003,60.51452197000003],[17.675594922000073,60.50798626900007],[17.685808373000043,60.509480806000056],[17.687458785000047,60.516674875000035],[17.680883520000066,60.52579990100003],[17.683211491000066,60.531320564000055],[17.69065125900005,60.52463269500004],[17.708737606000057,60.517150865000076],[17.71379134400007,60.50728054400008],[17.726253163000024,60.50461409300004],[17.732151396000063,60.51798588000008],[17.728558030000045,60.52528863900005],[17.721411200000034,60.53055809700004],[17.72893317000006,60.53754125700004],[17.726433986000075,60.54978028200003],[17.72930096700003,60.55581691100008],[17.745618382000032,60.54654211500008],[17.77742440000003,60.56816121700007],[17.807717810000042,60.570737558000076],[17.83347869200003,60.58182230500006],[17.897428512000033,60.59413535600004],[17.919506585000022,60.59552684800008],[17.939538799000047,60.60145417000007],[17.98613999500003,60.60125097900004],[18.002437678000035,60.59277455200004],[18.006346991000044,60.58328628800007],[18.014482720000046,60.57663884400006],[18.005404854000062,60.569473051000045],[18.014197641000067,60.55278610400006],[18.013069278000046,60.54093567100006],[18.018782353000063,60.52928730000008],[18.01422653000003,60.52273965300003],[18.000631258000055,60.51713945400007],[17.998654943000076,60.51177794000006],[18.037928536000038,60.49697256500008],[18.04734601900003,60.49031104000005],[18.056819107000024,60.49479581800006],[18.06996533800003,60.493188159000056],[18.07593720500006,60.47819195800008],[18.08625196500003,60.464319842000066],[18.089926396000067,60.46355809000005],[18.087710111000035,60.470392082000046],[18.092766502000075,60.468877631000055],[18.093765251000036,60.45987768100008],[18.10249654000006,60.453919563000056],[18.114182406000054,60.43146658000006],[18.12477376100003,60.42786524100006],[18.142686140000023,60.427365198000075],[18.147639753000078,60.420691169000065],[18.145831292000025,60.41496463700008],[18.166620644000034,60.411769968000044],[18.171365194000032,60.40665200700005],[18.18175513500006,60.406501399000035],[18.189904540000043,60.39877351200005],[18.212376970000037,60.39952941800004],[18.23198025100004,60.381856869000046],[18.235450263000075,60.38973433400008],[18.247213001000034,60.38126979700007],[18.255735532000074,60.38137292500005],[18.259563207000042,60.38897785800003],[18.265025276000074,60.383648641000036],[18.277913863000038,60.380701542000054],[18.281606917000033,60.37635758700003],[18.28096108400007,60.370091036000076],[18.269069510000065,60.375696592000054],[18.263893376000055,60.36803755100004],[18.244974082000056,60.35948530700006],[18.245216339000024,60.35483196900003],[18.253227326000058,60.34581393000008],[18.230677428000035,60.341434664000076],[18.232158393000077,60.33636671100004],[18.254012857000077,60.32824681500006],[18.257997096000054,60.336137749000045],[18.266795561000038,60.33845330400004],[18.279640578000055,60.35455294900004],[18.312823699000035,60.355806776000065],[18.313223738000033,60.367441100000065],[18.32242493600006,60.36435694200003],[18.33956213500005,60.34911675700005],[18.36635057700005,60.34876650600006],[18.371153280000044,60.34449114100005],[18.386437655000066,60.34011402900006],[18.390428041000064,60.334411628000055],[18.423785199000065,60.33624791900007],[18.438627359000066,60.340561464000075],[18.456282737000038,60.33847651500008],[18.463021753000078,60.33375655400005],[18.470714444000066,60.32103256700003],[18.46918091400005,60.31208626200004],[18.49183107700003,60.30434113800004],[18.49711798000004,60.29920947800008],[18.49518858500005,60.294999751000034],[18.500629152000045,60.292149477000066],[18.50494433500006,60.28442981100005],[18.523441865000052,60.28998249300008],[18.535948676000032,60.28178962700008],[18.542190918000074,60.28704812900003],[18.554974839000067,60.283104785000035],[18.561885559000075,60.27539274900005],[18.55981501900004,60.26946626600005],[18.562884591000056,60.26373885700008],[18.592886191000048,60.25203176700006],[18.60790834000005,60.253601693000064],[18.614909390000037,60.230890791000036],[18.599255392000032,60.22239587000007],[18.587451900000076,60.220767539000065],[18.528740222000067,60.22225737500003],[18.531079357000067,60.21769524500007],[18.545240109000076,60.21339596100006],[18.554704997000044,60.206159057000036],[18.54873967800006,60.20106021300006],[18.554944358000057,60.18940466200007],[18.53603018000007,60.19085927700007],[18.500567492000073,60.20525077100007],[18.47150683600006,60.22788368200003],[18.473064322000027,60.23217711800004],[18.427341199000068,60.24965376100005],[18.39436892300006,60.27407987300006],[18.367768330000047,60.27705829900003],[18.35619594800005,60.28152908000004],[18.355555594000066,60.28833981900004],[18.36330354000006,60.293940113000076],[18.335096443000054,60.309553735000065],[18.32409449100004,60.30998703300003],[18.320264456000075,60.31466061500004],[18.312299560000042,60.315202869000075],[18.31376238200005,60.30914940800005],[18.325679666000042,60.30152562900008],[18.33532195400005,60.28755499300007],[18.34462737800004,60.287351741000066],[18.379657257000076,60.26446131600005],[18.38189352300003,60.25890335400004],[18.42564560200003,60.23934933100003],[18.44044791700003,60.22325894700003],[18.465788152000073,60.21655149900005],[18.476065713000025,60.20945994700003],[18.478478813000038,60.20601981800007],[18.476583253000058,60.20303449700003],[18.462583564000056,60.19713907200003],[18.46519128400007,60.19007311000007],[18.45233470200003,60.19174617200008],[18.44527856800005,60.17830566300006],[18.494932807000055,60.16661771000008],[18.503141349000032,60.15545877800008],[18.513265769000043,60.148089052000046],[18.495350065000025,60.13743227000003],[18.49679714900003,60.12393532500005],[18.491957305000028,60.103436473000045],[18.464422093000053,60.08141710700005],[18.452017453000053,60.07653631200003],[18.444837723000035,60.05881147100007],[18.412697338000044,60.04721985900005],[18.388929490000066,60.04247310900007],[18.397085625000045,60.03559807800008],[18.46842495800007,60.00666889100006],[18.471565532000056,60.00254667000007],[18.466841459000022,59.99668801100006],[18.450148243000058,59.99243187900004],[18.431707879000044,59.982856051000056],[18.428294277000077,59.96698381700003],[18.422421848000056,59.95832306400007],[18.39956225700007,59.95575497500005],[18.387561005000066,59.948447454000075],[18.379603510000038,59.93323962100004],[18.392650953000043,59.91888080500007],[18.40254180000005,59.89551217500008],[18.385044304000075,59.881269125000074],[18.365796402000058,59.87368763200004],[18.362010971000075,59.86469559300008],[18.335091873000067,59.86304052400004],[18.272952632000056,59.850276672000064],[18.254871114000025,59.83476017800007],[18.218009943000027,59.828184203000035],[18.19436147600004,59.83079317000005],[18.133012303000044,59.81892391900004],[18.11952412200003,59.80284353500008],[18.11567718400005,59.78181524300004],[18.10500182900006,59.76626559300007],[18.107515375000048,59.75833631200004],[18.092754914000068,59.750594095000054],[18.084495676000074,59.73902091500008],[18.04958318100006,59.743695528000046],[18.047183577000055,59.737549552000075],[18.04262890600006,59.73633373300004],[18.021028736000062,59.744480200000055],[18.00102404000006,59.73577027300007],[18.002339857000038,59.731697507000035],[17.999254198000074,59.72918720900003],[17.98406700700002,59.72797194900005],[17.975520542000027,59.72284926200007],[17.954708288000063,59.71825553600007],[17.945898731000057,59.712093863000064],[17.89507803200007,59.70938688000007],[17.868530256000042,59.69946073500006],[17.847884720000025,59.69642871600007],[17.833921666000037,59.690181016000054],[17.832427922000022,59.68225175900005],[17.818705387000023,59.67852293200008],[17.79471348800007,59.686931095000034],[17.77776208000006,59.68932023000008],[17.75882504200007,59.66421689600003],[17.75189701900007,59.66031669600005],[17.74076294300005,59.664974639000036],[17.72860466900005,59.66397650000005],[17.72089343600004,59.68305203600005],[17.680080512000075,59.691081936000046],[17.629102545000023,59.69300442800005],[17.629890961000058,59.68116685900003],[17.62449615400004,59.67461058400005],[17.59566750600004,59.66377502800003],[17.577895547000026,59.66326246700004],[17.572942649000026,59.65968851000008],[17.575675957000044,59.65426348400007],[17.59143775700005,59.64873894300007],[17.570092660000057,59.63811727400008],[17.535234136000042,59.633314950000056],[17.51505841900007,59.62181308500004],[17.512465949000045,59.612446731000034],[17.52003152700007,59.60785994500003],[17.528085920000024,59.58936634600008],[17.58109048500006,59.55962832100005],[17.58040519900004,59.549396724000076],[17.57045934200005,59.54218530600008],[17.54724837300006,59.54372744800003],[17.539708207000047,59.53652908300006],[17.527146810000033,59.531089903000066],[17.51260760400004,59.51619694300007],[17.46571765500005,59.50755310200003],[17.502683726000043,59.460014501000046],[17.504667503000064,59.44153590900004],[17.453519302000075,59.445916424000075],[17.436952345000066,59.44160307300007],[17.42648375400006,59.42617052000003],[17.43122216100005,59.39741201100003],[17.416126732000066,59.384140055000046],[17.38542557200003,59.396984160000045],[17.388603731000046,59.41358922500007],[17.36592405500005,59.41716850200004],[17.35349043100007,59.43806135300008],[17.33719770500005,59.44129015100003],[17.312363504000075,59.43830272800005],[17.29074864200004,59.446773387000064],[17.20910702900005,59.46254206900005],[17.182374379000066,59.479446333000055],[17.160241017000033,59.48634874100003],[17.14207540500007,59.51532360200008],[17.117654860000073,59.526095619000046],[17.084626959000047,59.53002769600005],[17.064638179000042,59.51227443600004],[17.04640645300003,59.51613959400004],[17.029148290000023,59.50945287400003],[16.998748075000037,59.51196091700007],[16.964910420000024,59.52132412200007],[16.921486393000066,59.54902658800006],[16.916639333000035,59.56542024200007],[16.886960542000054,59.60516770800007],[16.863538688000062,59.643315235000046],[16.853241593000064,59.667638372000056],[16.82386587700006,59.69029076700008],[16.81333164800003,59.710082707000026],[16.782603030000075,59.71953821400007],[16.78265640500007,59.731047026000056],[16.776761322000027,59.74478831300007],[16.728748592000045,59.77734756900003],[16.75958286300005,59.79476617600005],[16.769100682000044,59.80356796500007],[16.807079802000032,59.81785320600005],[16.803828217000046,59.82542255800007],[16.81412486100004,59.837330518000044],[16.80390862300004,59.845607993000044],[16.827415193000036,59.85979932200007],[16.80299864400007,59.869582827000045],[16.79768533300006,59.88187060000007],[16.780987606000053,59.888860399000066],[16.773677521000025,59.89545792000007],[16.778663865000055,59.905447663000075],[16.80093050000005,59.909798898000076],[16.794479774000024,59.94227557900007],[16.781299715000046,59.953685205000056],[16.76542180900003,59.950345696000056],[16.76075547100004,59.952435355000034],[16.771650623000028,59.96448083200005],[16.784235118000026,59.96325181600008],[16.788189033000037,59.96556700300005],[16.773643794000066,59.97348514200007],[16.740140804000077,59.98186562600006],[16.731647588000044,60.00054004800006],[16.718137902000024,60.00658202800008],[16.71686494000005,60.01190731100007],[16.72407319200005,60.026879904000054],[16.725735094000072,60.04193855700004],[16.715542904000074,60.05283112200004],[16.709225525000022,60.06701932000004],[16.694763589000047,60.08178629200006],[16.710318302000076,60.089965617000075],[16.707644720000076,60.10659007000004],[16.729241390000027,60.11321185600008],[16.73026694500004,60.12294992000005],[16.743055019000053,60.137370099000066],[16.731172472000026,60.16850550500004],[16.718986206000068,60.18401751500005],[16.703831018000074,60.19572060300004],[16.73286629000006,60.194746215000066],[16.750332829000058,60.18898466700006],[16.77601209200003,60.19018170500004],[16.797433855000065,60.19959701700003],[16.800256354000055,60.20908940800007],[16.814687078000077,60.21514634000005],[16.840793397000027,60.21762183900006],[16.850820527000053,60.22418453900008],[16.904372077000062,60.23756860700007],[16.897558426000046,60.24406869200004],[16.88781745800003,60.24536187500007],[16.886515227000075,60.25233801100006],[16.90374513000006,60.26756816500006],[16.91256216100004,60.27045926300008],[16.908588542000075,60.28176538800005],[16.92911353900007,60.287250533000076],[16.96166605600007,60.28750996300005],[16.960284605000027,60.29041306000005],[16.963100449000024,60.29335055000007],[16.977695592000032,60.29591358400006],[16.990982202000055,60.28825754500008],[16.996205848000045,60.27878550600008],[17.002029320000076,60.274898499000074],[17.057922181000038,60.27276994700003],[17.08152622700004,60.25935006700007],[17.114189121000038,60.26980187700008],[17.105678659000034,60.280792097000074],[17.13747052900004,60.28909694600003],[17.164575652000053,60.28868504600007],[17.17704018300003,60.29791244300003],[17.19247788000007,60.30071242100007],[17.196565779000025,60.31053475200008],[17.19653659900007,60.34512134900007],[17.209491514000035,60.363226815000075],[17.198040108000043,60.367307382000035],[17.197314961000075,60.377136335000046],[17.18947453000004,60.383648641000036],[17.194337134000023,60.40844372300006],[17.21640502100007,60.41969859400007],[17.218673445000036,60.433337480000034],[17.25359362200004,60.434085810000056],[17.257576413000038,60.42572174700007],[17.287695168000027,60.44684203800006],[17.297931753000057,60.46664104400003],[17.303156803000036,60.51069911500008],[17.349098353000045,60.58637591100006],[17.374541838000027,60.65247750800006],[17.369768188000023,60.65266060200008]]],[[[18.50542523000007,60.370261836000054],[18.508991813000023,60.36066631400007],[18.51810660600006,60.350999811000065],[18.529567946000043,60.35601269000006],[18.537587744000064,60.36907731100007],[18.55425383000005,60.36410116900004],[18.56881816500004,60.347920997000074],[18.585893373000033,60.338993007000056],[18.564675949000048,60.33215441400006],[18.561143910000055,60.32707421200007],[18.580005136000068,60.319166531000064],[18.58441932100004,60.30876985600008],[18.59673901900004,60.313450025000066],[18.60285421800006,60.30924270700007],[18.582968236000056,60.30017002000005],[18.58414462500002,60.29018300600006],[18.580671471000073,60.287619420000055],[18.558461709000028,60.30350974300006],[18.532507397000074,60.31036755200006],[18.510089494000056,60.32623338900004],[18.49257020700003,60.32937168300003],[18.47144632800007,60.34294505500003],[18.432563796000068,60.355111031000035],[18.406782900000053,60.36907280000008],[18.39913328700004,60.38236276900005],[18.395321035000052,60.39921829100007],[18.383718271000077,60.41774073500005],[18.390381717000025,60.43220261300007],[18.38733479600006,60.44385198800006],[18.392654373000028,60.45345000900005],[18.393745284000033,60.46333345200003],[18.382335306000073,60.480723830000045],[18.371565314000065,60.49001133200005],[18.36842021900003,60.49882043300005],[18.376522265000062,60.50256585400007],[18.400252942000066,60.505171060000066],[18.423417576000077,60.49920816400004],[18.436152004000064,60.489580782000075],[18.453800810000075,60.45524777800006],[18.481237685000053,60.43289566400006],[18.47742895500005,60.42759878800007],[18.464821864000044,60.42537770000007],[18.470622793000075,60.41821596700004],[18.464866915000073,60.411458167000035],[18.47515870600006,60.400641162000056],[18.477772987000037,60.38843913900007],[18.50542523000007,60.370261836000054]]],[[[18.644494645000066,60.29173822200005],[18.650340155000038,60.28321207200008],[18.670817385000078,60.273265319000075],[18.676041315000077,60.26343523000003],[18.673680739000076,60.25737588900006],[18.66791134300007,60.255839380000054],[18.63879213200005,60.26660737700007],[18.613820041000054,60.26752648200005],[18.59502361600005,60.279889999000034],[18.601735704000077,60.28578152300008],[18.610616461000063,60.28586014200005],[18.63558242700003,60.27831715700006],[18.634317519000035,60.28321207200008],[18.621209202000045,60.29600490900003],[18.626223561000074,60.297192102000054],[18.644494645000066,60.29173822200005]]],[[[18.61342546800006,60.191249861000074],[18.595739326000057,60.18986536800003],[18.57628223200004,60.19884693700004],[18.564445557000056,60.20932478100008],[18.592032708000033,60.21393148100003],[18.614516189000028,60.20760128000006],[18.628779673000054,60.19829891000006],[18.61342546800006,60.191249861000074]]],[[[18.521273042000075,60.17116568600005],[18.52719572700005,60.169413140000074],[18.52257805200003,60.16413479800008],[18.512730524000062,60.16725075700003],[18.505330163000053,60.17577748900004],[18.476790434000065,60.18386666300006],[18.48575422300007,60.19416672600005],[18.503225764000035,60.19830583800007],[18.533438899000032,60.18555185400004],[18.51660120400004,60.176620522000064],[18.521273042000075,60.17116568600005]]],[[[18.411403106000023,60.51801558500006],[18.41249894500004,60.51418751600005],[18.409102269000073,60.51172298300003],[18.391854129000023,60.51183221500003],[18.372582730000033,60.51546629100005],[18.36253494400006,60.52208701700005],[18.39501195300005,60.53216783100004],[18.408202757000026,60.52919528800004],[18.411403106000023,60.51801558500006]]],[[[18.66108080500004,60.20908940800007],[18.662137003000055,60.206642223000074],[18.658514670000045,60.205370619000064],[18.644780611000044,60.20908940800007],[18.645651065000038,60.21427377600003],[18.64239701300005,60.218147172000045],[18.62179387200007,60.22985505500003],[18.626333557000066,60.23617049500007],[18.64239701300005,60.230159840000056],[18.650468370000056,60.22364402800008],[18.650548095000033,60.21992249900006],[18.656229634000056,60.21896668000005],[18.66108080500004,60.20908940800007]]],[[[18.700373915000057,60.24736543200004],[18.688828670000078,60.24588516800003],[18.68014685000003,60.249060033000035],[18.690492789000075,60.26113221300005],[18.691093198000033,60.265687669000044],[18.708533552000063,60.25890335400004],[18.700373915000057,60.24736543200004]]],[[[18.662050056000055,60.18987879800005],[18.66826891200003,60.18310883100003],[18.640029135000077,60.18058713000005],[18.637238226000022,60.18250653600006],[18.640756946000067,60.18616176300003],[18.635856924000052,60.19257946600004],[18.646096888000045,60.19526176900007],[18.662050056000055,60.18987879800005]]],[[[18.45863620700004,60.23469205400005],[18.466127091000033,60.22254015500005],[18.460640412000032,60.220249444000046],[18.45197963100003,60.22242598400004],[18.435876731000064,60.23528132800004],[18.45863620700004,60.23469205400005]]],[[[17.707534880000026,60.52618904700006],[17.699985166000033,60.52418043300008],[17.69931722700005,60.52930059700003],[17.692288718000043,60.53305516300003],[17.69848381500003,60.54180988300004],[17.70783452300003,60.53881385100004],[17.71241376100005,60.52748708100006],[17.707534880000026,60.52618904700006]]],[[[18.628928012000074,60.167197273000056],[18.62325803300007,60.16647171000005],[18.601565402000062,60.17738256400003],[18.622701109000047,60.17870966500004],[18.634039490000077,60.16785136700008],[18.628928012000074,60.167197273000056]]],[[[18.674683940000023,60.21151327800004],[18.67743933400004,60.20727599800006],[18.667779718000077,60.20636863900006],[18.665082107000046,60.22430629000007],[18.676447178000046,60.21975008000004],[18.674683940000023,60.21151327800004]]],[[[18.697169479000024,60.29109930700008],[18.699883482000075,60.28550041500006],[18.707930694000027,60.28904640500008],[18.70742328500006,60.28095715400008],[18.70352141500007,60.27788743200006],[18.697464267000043,60.27863737200005],[18.692452401000025,60.29026533800004],[18.697169479000024,60.29109930700008]]],[[[18.55413139500007,60.41237637800003],[18.560766320000027,60.410285771000076],[18.55486465300004,60.40596814200006],[18.543812444000025,60.40796884500003],[18.547043775000077,60.41874049200004],[18.553067232000046,60.41740801800006],[18.55413139500007,60.41237637800003]]],[[[18.638741911000068,60.30199371900005],[18.634605591000025,60.30044262500007],[18.622428201000048,60.30599093200004],[18.633578322000062,60.310583834000056],[18.64370222100007,60.30385380400003],[18.638741911000068,60.30199371900005]]],[[[17.667970104000062,60.54227528900003],[17.658252197000024,60.54100548200006],[17.656345932000022,60.54617729800003],[17.664959382000063,60.55041595900008],[17.67233596500006,60.54888282500008],[17.667970104000062,60.54227528900003]]],[[[17.94030267000005,60.60459355900008],[17.932381686000042,60.60434305100006],[17.92654123600005,60.612733122000066],[17.94069974000007,60.612067453000066],[17.94375358800005,60.607810649000044],[17.94030267000005,60.60459355900008]]],[[[18.187873187000037,60.43589752000008],[18.194384897000077,60.43422361900008],[18.183691212000042,60.42541537400007],[18.175892158000067,60.429631716000074],[18.187873187000037,60.43589752000008]]],[[[18.462272748000032,60.47839626200005],[18.451107312000033,60.48380935300003],[18.459583902000077,60.488807519000034],[18.46454724700004,60.47935387400008],[18.462272748000032,60.47839626200005]]],[[[17.551870474000054,60.65585991300003],[17.54865055700003,60.65296648100008],[17.538966454000047,60.656085302000065],[17.54914761200007,60.66137952400004],[17.555982630000074,60.659555115000046],[17.551870474000054,60.65585991300003]]],[[[18.564469211000073,60.36649503600006],[18.556911564000075,60.36551822100006],[18.558542148000072,60.37368752500004],[18.566972315000044,60.37567063300003],[18.564469211000073,60.36649503600006]]],[[[18.544763928000066,60.18271329000004],[18.553501164000068,60.178680288000066],[18.547855054000024,60.17351012900008],[18.539291269000046,60.179752388000054],[18.544763928000066,60.18271329000004]]],[[[18.48972357200006,60.44858161900004],[18.495489575000022,60.44640313600007],[18.486811325000076,60.44061693800006],[18.47828232300003,60.443094795000036],[18.48972357200006,60.44858161900004]]],[[[18.51421616300007,60.30076843300003],[18.503023381000048,60.301625810000075],[18.51205863100006,60.307237471000064],[18.51910829700006,60.30513235700005],[18.51421616300007,60.30076843300003]]],[[[18.616426701000023,60.426280030000044],[18.62200861200006,60.419066273000055],[18.613915029000054,60.41711580900005],[18.61008632000005,60.42201735400005],[18.616426701000023,60.426280030000044]]],[[[18.725304590000064,60.275856315000055],[18.732108423000057,60.27408701200005],[18.726722361000043,60.26871502100005],[18.717287551000027,60.27100944700004],[18.725304590000064,60.275856315000055]]],[[[18.618980822000026,60.30362295500004],[18.611239700000056,60.30795649200007],[18.61881151500006,60.31274311300007],[18.622877370000026,60.31184553800006],[18.618980822000026,60.30362295500004]]],[[[18.53659712800004,60.29724093900006],[18.525986550000027,60.299452915000074],[18.53460824700005,60.30332952800006],[18.540346792000037,60.30046795000004],[18.53659712800004,60.29724093900006]]],[[[18.58743647500006,60.18756162800008],[18.59316326800007,60.18490390100004],[18.585508125000047,60.181172580000066],[18.577775186000054,60.18461098900008],[18.58743647500006,60.18756162800008]]],[[[18.64239701300005,60.364927873000056],[18.637328824000065,60.36555229800007],[18.64239701300005,60.37408869600006],[18.646734207000065,60.370435660000055],[18.64239701300005,60.364927873000056]]],[[[18.592571230000033,60.37320960200003],[18.598005111000077,60.370821007000075],[18.592736498000022,60.36735657600008],[18.585238783000023,60.37000726600007],[18.592571230000033,60.37320960200003]]],[[[18.48337993000007,60.48643861700003],[18.486118840000074,60.483934901000055],[18.474864447000073,60.484115314000064],[18.48080962800003,60.48878820400006],[18.48337993000007,60.48643861700003]]],[[[18.195146239000053,60.42726466100004],[18.195982150000077,60.41823361300004],[18.188306733000047,60.420412069000065],[18.195146239000053,60.42726466100004]]],[[[18.098379199000078,60.470060595000064],[18.104703725000036,60.47118257600005],[18.108672779000074,60.46441768700004],[18.098379199000078,60.470060595000064]]],[[[18.199244907000036,60.41004068400008],[18.19705709400006,60.40738849500008],[18.186840003000043,60.40833928400008],[18.19000034800007,60.41174958500005],[18.199244907000036,60.41004068400008]]],[[[17.962695352000026,60.62164340100003],[17.967418230000078,60.61695970100004],[17.961666129000037,60.616228601000046],[17.95574646800003,60.619807800000046],[17.962695352000026,60.62164340100003]]],[[[18.543192800000043,60.476749589000065],[18.547944010000037,60.473633438000036],[18.54289766900007,60.47167689000008],[18.53624346600003,60.47497160800003],[18.543192800000043,60.476749589000065]]],[[[18.852797485000053,60.30403934900005],[18.857708049000053,60.29935572000005],[18.854019340000036,60.29798070900006],[18.84748737700005,60.30137865200004],[18.852797485000053,60.30403934900005]]],[[[18.558282150000025,60.39955668300007],[18.563173531000075,60.398250517000065],[18.559438233000037,60.39443785800006],[18.552883209000072,60.39608315300006],[18.558282150000025,60.39955668300007]]],[[[18.200051830000064,60.40893328400006],[18.20502009100005,60.412749389000055],[18.208425870000042,60.410361581000075],[18.20659966100004,60.40700939700008],[18.200051830000064,60.40893328400006]]],[[[17.50467437900005,60.65652411100007],[17.50882614300002,60.65652159200005],[17.50513311000003,60.65144335500008],[17.500067095000077,60.65326824300007],[17.50467437900005,60.65652411100007]]],[[[17.94798253500005,60.613707727000076],[17.951328579000062,60.61388872300006],[17.949862,60.60858506400007],[17.94449116900006,60.60897342800007],[17.94798253500005,60.613707727000076]]],[[[18.61817604500004,60.39757467100003],[18.613804471000037,60.39732368800003],[18.616503563000038,60.40315059400007],[18.62059656100007,60.40000433000006],[18.61817604500004,60.39757467100003]]],[[[18.514007078000077,60.164645395000036],[18.518403180000064,60.15966033800004],[18.514478783000072,60.15888534800007],[18.511167863000026,60.16247405100006],[18.514007078000077,60.164645395000036]]],[[[18.083413059000065,60.53403843800004],[18.087063658000034,60.53124110300007],[18.08315951700007,60.52944461900006],[18.078306738000038,60.531717625000056],[18.083413059000065,60.53403843800004]]],[[[18.61107478100007,60.29603534100005],[18.615224573000035,60.29345079600006],[18.61167662400004,60.29147500900007],[18.606291729000077,60.29409583700004],[18.61107478100007,60.29603534100005]]],[[[18.143364297000062,60.45740949200007],[18.147100184000067,60.456149777000064],[18.14316713100004,60.45233031200007],[18.139108373000056,60.45491565400005],[18.143364297000062,60.45740949200007]]],[[[18.242636530000027,60.393925566000064],[18.245255136000026,60.38960191600006],[18.237338755000053,60.39271435400008],[18.242636530000027,60.393925566000064]]],[[[18.62361935000007,60.258970745000056],[18.62583111600003,60.25620851100007],[18.62253886900004,60.25472332500004],[18.617516900000055,60.25813515800007],[18.62361935000007,60.258970745000056]]],[[[18.659355407000078,60.385225899000034],[18.66233872500004,60.382311505000075],[18.658751902000063,60.38043446700004],[18.65401894000007,60.38311487000004],[18.659355407000078,60.385225899000034]]],[[[18.283842422000077,60.367100908000054],[18.28292851300006,60.35922584700006],[18.28068194100007,60.361258932000055],[18.283842422000077,60.367100908000054]]],[[[18.15973863200003,60.47693106100007],[18.163405674000046,60.475044180000054],[18.159393489000024,60.47236616100008],[18.154508862000057,60.47427772600008],[18.15973863200003,60.47693106100007]]],[[[18.246226585000045,60.39524956100007],[18.252152548000026,60.39490499100003],[18.250894844000072,60.39032296100004],[18.246226585000045,60.39524956100007]]],[[[17.646051166000063,60.63678479500004],[17.64854321200005,60.63372931600003],[17.643304697000076,60.63240646200006],[17.640508968000063,60.63561243400005],[17.646051166000063,60.63678479500004]]],[[[18.02114694000005,60.55495682800006],[18.015735859000074,60.557931204000056],[18.02114694000005,60.55908022300008],[18.023418830000026,60.55595287500006],[18.02114694000005,60.55495682800006]]],[[[17.655674800000043,60.54169188800006],[17.65796410400003,60.53787870200006],[17.654653164000024,60.53655265900005],[17.65062514400006,60.540454888000056],[17.655674800000043,60.54169188800006]]],[[[17.627294951000067,60.64173653900008],[17.63083249500005,60.64196693100007],[17.63108210100006,60.63723882100004],[17.625841301000037,60.637240543000075],[17.627294951000067,60.64173653900008]]],[[[18.630369792000067,60.253532232000055],[18.63379400100007,60.24900433800008],[18.625544395000077,60.25198704400003],[18.630369792000067,60.253532232000055]]],[[[18.586383813000054,60.43493159700006],[18.590501863000043,60.430849343000034],[18.58173070400005,60.433141480000074],[18.586383813000054,60.43493159700006]]],[[[18.675115848000075,60.17753753800008],[18.678778625000064,60.17533488400005],[18.675550233000024,60.172815256000035],[18.670233087000042,60.175348513000074],[18.675115848000075,60.17753753800008]]],[[[18.66799573700007,60.23707046900006],[18.67211282100004,60.23461125500006],[18.667939567000076,60.232591470000045],[18.66310691600006,60.23480843800007],[18.66799573700007,60.23707046900006]]],[[[18.492738872000075,60.319144906000076],[18.495243307000067,60.31594030100007],[18.490478147000033,60.31484167700006],[18.48686594800006,60.31784182400003],[18.492738872000075,60.319144906000076]]],[[[18.52314147900006,60.45932889300008],[18.52688710900003,60.459170923000045],[18.52634792500004,60.454915967000034],[18.520598896000024,60.45524162100003],[18.52314147900006,60.45932889300008]]],[[[18.473521834000053,60.32871906400004],[18.478311590000033,60.32478862000005],[18.469807950000074,60.32692531500004],[18.473521834000053,60.32871906400004]]],[[[18.569634759000053,60.36414615700005],[18.574309132000053,60.36138452700004],[18.56578842500005,60.36092292200004],[18.569634759000053,60.36414615700005]]],[[[18.579553145000034,60.38296357200005],[18.583426806000034,60.38062031800007],[18.579043300000023,60.37846654700007],[18.574485975000073,60.380897606000076],[18.579553145000034,60.38296357200005]]],[[[17.674074365000024,60.52506314700008],[17.67640347200006,60.52364466700004],[17.67469656000003,60.52005003800008],[17.66957943400007,60.52217699900007],[17.674074365000024,60.52506314700008]]],[[[18.130207558000052,60.462964240000076],[18.133409178000022,60.46039601100006],[18.12966113600004,60.45829964300003],[18.124762590000046,60.46042468300004],[18.130207558000052,60.462964240000076]]],[[[17.984960526000066,60.64021192100006],[17.989084225000056,60.63877206500007],[17.985556720000034,60.635794969000074],[17.980098852000026,60.63766411200004],[17.984960526000066,60.64021192100006]]],[[[18.85654016700005,60.295143746000065],[18.86078905200003,60.29150041200006],[18.852099171000077,60.293433434000065],[18.85654016700005,60.295143746000065]]],[[[18.490057018000073,60.46512661200006],[18.484781248000047,60.46671452900006],[18.492011879000074,60.46942872800008],[18.490057018000073,60.46512661200006]]],[[[18.112351422000074,60.458390758000064],[18.115163688000052,60.45691100500005],[18.110482240000067,60.45189591700006],[18.108622682000032,60.45576917800008],[18.112351422000074,60.458390758000064]]],[[[17.69028750500007,60.54680783300006],[17.69426164600003,60.54565073100008],[17.690139792000025,60.54228548700007],[17.685285044000068,60.54398003500006],[17.69028750500007,60.54680783300006]]],[[[18.540844967000055,60.38472407100005],[18.543676644000072,60.38104393800006],[18.53524987000003,60.38371429800003],[18.540844967000055,60.38472407100005]]],[[[18.621774445000028,60.43273802300007],[18.62590779900006,60.430405964000045],[18.621727643000042,60.42824914000005],[18.616919618000054,60.430440539000074],[18.621774445000028,60.43273802300007]]],[[[18.580043895000074,60.39521434100004],[18.582907901000056,60.39310680500006],[18.579649217000053,60.390631488000054],[18.574127132000058,60.39337927000008],[18.580043895000074,60.39521434100004]]],[[[18.157947982000053,60.441256174000046],[18.152293077000024,60.44573553200007],[18.157947982000053,60.441256174000046]]],[[[17.448378671000057,60.64319906700007],[17.450620765000053,60.64564074200007],[17.453426018000073,60.64403549300005],[17.448378671000057,60.64319906700007]]],[[[18.49745716700005,60.30848803100008],[18.495013335000067,60.30645608600008],[18.492057833000047,60.30938922200005],[18.49745716700005,60.30848803100008]]],[[[18.503572811000026,60.30671836600004],[18.49761195600007,60.30684931900004],[18.503572811000026,60.30671836600004]]],[[[17.44580485700004,60.64440539800006],[17.448378671000057,60.64319906700007],[17.44283351100006,60.64292361400004],[17.44580485700004,60.64440539800006]]]]}},{"type":"Feature","properties":{"code":"AC","name":"Västerbotten","sourceCode":"SE331"},"geometry":{"type":"MultiPolygon","coordinates":[[[[18.052461578000077,65.58217592100004],[18.078642236000064,65.57958241700004],[18.102071479000074,65.59451305000005],[18.146604569000033,65.58895093000007],[18.143417142000033,65.57665246300007],[18.158389861000046,65.57441693700008],[18.17811775200005,65.57705659300007],[18.179433777000042,65.56569706300007],[18.19537740900006,65.55522894500007],[18.23097051900004,65.54308305200004],[18.250587533000044,65.53224942600008],[18.34184033500003,65.49477651500007],[18.426157533000037,65.49679276900008],[18.495943491000048,65.47739650900007],[18.50558046200007,65.47292214600003],[18.523499764000064,65.45293137400006],[18.535865193000063,65.44887960100004],[18.62581672400006,65.43499919800007],[18.701762124000027,65.43867207200003],[18.720768031000034,65.43677376400007],[18.746373362000043,65.42305087200003],[18.74569888700006,65.41360077300004],[18.752396883000074,65.40493672900004],[18.772524375000046,65.39577606700004],[18.81094983500003,65.38668240500004],[18.834323941000036,65.37239931800008],[18.87048859300006,65.37202256300003],[18.934812657000066,65.34679077300007],[18.97690358600005,65.34108613400008],[19.009337178000067,65.33260064400008],[19.017119122000054,65.32773307800005],[19.02166910400007,65.31271131300008],[19.032963946000052,65.30784347900004],[19.097462182000072,65.30443892900007],[19.132344094000075,65.29182627600005],[19.16591578500004,65.28578068700006],[19.20527575600005,65.27140618000004],[19.231562075000056,65.26560046200007],[19.258030657000063,65.25447716700006],[19.269919065000067,65.24353758600006],[19.251052823000066,65.23871199300004],[19.243738386000075,65.22596303200004],[19.248045070000046,65.21621075000007],[19.262853952000057,65.20732218600006],[19.33791178000007,65.18688949300008],[19.34219142200004,65.17743481800005],[19.364334971000062,65.16583700900003],[19.392038284000023,65.14297492700007],[19.431771754000067,65.15328991200005],[19.437085798000055,65.14890996500003],[19.482486417000075,65.16155252300007],[19.478735121000057,65.16545904600008],[19.61049779600006,65.20009854900007],[19.694609507000052,65.25298702200007],[19.70655854200004,65.25303159600003],[19.710736791000045,65.25631517500005],[19.70687132100005,65.25930148200007],[19.708947572000056,65.26218730000005],[19.89438229600006,65.38066855300008],[19.99940763500007,65.36589403600004],[20.003592411000056,65.37082387900006],[20.026823269000033,65.36527361500004],[20.037589310000044,65.35759189700008],[20.806112848000055,65.20933263700005],[21.263197175000073,65.16406837400007],[21.321747637000044,65.13549383700007],[21.48849855700007,65.08486387100004],[21.54357937900005,65.06294135400003],[21.53514440200007,65.05725972500005],[21.516346594000026,65.06432270500005],[21.503556955000022,65.05851091200003],[21.477717099000074,65.05966814700008],[21.458735968000042,65.06918888100006],[21.44610133300006,65.06647483800003],[21.44543725400007,65.05466928400006],[21.44994699700004,65.04581319500005],[21.465908048000074,65.04026064200008],[21.473824105000062,65.03355678600008],[21.484919114000036,65.03931767300003],[21.507021619000056,65.03923608500003],[21.52794930500005,65.03438395900008],[21.532947551000063,65.02905216800008],[21.51955505500007,65.02112172100004],[21.507088922000037,65.02199464400007],[21.502856417000032,65.01584609300005],[21.49468487000007,65.01268426000007],[21.475400716000024,65.01572127700007],[21.466524597000046,65.02733944600004],[21.457672667000054,65.01553769700007],[21.415450689000068,65.01334252700008],[21.385902801000043,65.01813926200003],[21.393096437000054,65.00941224600007],[21.386163189000058,64.99314374500005],[21.368795672000033,64.99182833400005],[21.358123540000065,64.98343477800006],[21.35972017100005,64.97340206000007],[21.37435447100006,64.96595911500003],[21.37771029000004,64.95857649900006],[21.35432734500006,64.95646186600004],[21.326988508000056,64.96181327800008],[21.28240743400005,64.95650330600006],[21.23206399000003,64.94205834300004],[21.22996514700003,64.93506817400004],[21.24676711500007,64.92256364300005],[21.22991203600003,64.91284041000006],[21.233702505000053,64.90368714500005],[21.22956463500003,64.89484790600005],[21.22231527200006,64.89278086400003],[21.20491477400003,64.89846663700007],[21.19974115200006,64.89532679900003],[21.21000355500007,64.88439551300007],[21.20878922600008,64.87428930600004],[21.211969616000033,64.86522744200005],[21.20058702800003,64.86212538700005],[21.17678972300007,64.86424305700007],[21.165469321000046,64.86182672400008],[21.163808291000066,64.85205025500005],[21.172068721000073,64.83951669000004],[21.157770095000046,64.83111009600003],[21.14734042200007,64.81777115800003],[21.10163572400006,64.82487301200007],[21.086107987000048,64.83108196500007],[21.05370485700007,64.84840901000007],[21.053653772000075,64.85951024900004],[21.050576455000055,64.86283854400006],[21.02218724000005,64.85728768800004],[21.018270529000063,64.84634709700003],[21.01142302900007,64.84082515900008],[21.021683154000073,64.82859872600005],[21.052511624000033,64.82139826200006],[21.087778221000065,64.80647936400004],[21.10489603700006,64.80505194900007],[21.113442003000046,64.79457037700007],[21.107384727000067,64.79028727600007],[21.079622205000078,64.78937678100004],[21.082748751000054,64.78543259400004],[21.136951614000054,64.77597812400006],[21.176451764000035,64.77481877700006],[21.200479375000043,64.77953653400004],[21.234582707000072,64.77908935000005],[21.26845144300006,64.76921794100008],[21.286872981000045,64.75808821200008],[21.292675174000067,64.75121343000006],[21.288315115000046,64.74723035800008],[21.24177245900006,64.74520839400003],[21.21944357600006,64.73688111600006],[21.236534537000068,64.71626251800006],[21.271031320000077,64.69707858100003],[21.286279929000045,64.68472120500007],[21.286572044000025,64.68100530400005],[21.282589828000027,64.67948217100007],[21.255514867000045,64.68396966500006],[21.247731233000025,64.68229290700003],[21.253227536000054,64.67722896400005],[21.275744187000043,64.66945037700003],[21.27698468500006,64.66488412800004],[21.266728458000046,64.66548141100003],[21.22835379000003,64.68228218400003],[21.187432560000047,64.69375481300006],[21.163638711000033,64.70596309500007],[21.155579301000046,64.70466581300008],[21.147490747000063,64.69801060900005],[21.148663342000077,64.69506679100004],[21.155599076000044,64.69806705000008],[21.160654968000074,64.69573045700008],[21.157856051000067,64.69091769900007],[21.148792643000036,64.69248267400008],[21.150990291000028,64.68574186200004],[21.15806975600003,64.68426815000004],[21.16877445700004,64.69035862100003],[21.178102015000036,64.69068736600008],[21.192908148000072,64.68317906400006],[21.200339444000065,64.67077089400004],[21.179587671000036,64.66845274100007],[21.144624063000037,64.67664291400007],[21.119311,64.69060532800006],[21.11190773000004,64.68283648700003],[21.132543062000025,64.67330821900003],[21.17196182300006,64.66591590600007],[21.200187845000073,64.65602028800004],[21.224962052000024,64.65340004700005],[21.232964968000033,64.64648711200005],[21.245240972000033,64.61960054800005],[21.244047194000075,64.61554568800005],[21.23714084900007,64.61471328600004],[21.239592857000048,64.61004930500008],[21.287778220000064,64.60416719400007],[21.30428480300003,64.58888082000004],[21.31658251500005,64.58286646100004],[21.33936656000003,64.58460418200008],[21.337115260000076,64.59145877600008],[21.327646865000077,64.59631632500003],[21.32896349400005,64.59915231600007],[21.34681688300003,64.59685448500005],[21.36796938300006,64.60269735700007],[21.383309851000035,64.59851423800006],[21.414814423000053,64.56838960900006],[21.427483352000024,64.56190930600008],[21.435853635000058,64.56323999100005],[21.45075840100003,64.57902334600004],[21.47144387800006,64.57471789400006],[21.47867634000005,64.56823617700007],[21.47309058700006,64.55350963000006],[21.480880067000044,64.54291569600008],[21.487050948000046,64.54109180400008],[21.484806646000038,64.54597493700004],[21.49206564800005,64.54710032100007],[21.49664537700005,64.54321072700003],[21.49136864700006,64.54075956900004],[21.492715720000035,64.53874749800008],[21.508028551000052,64.53391198400004],[21.540834001000064,64.53286762600004],[21.547388272000035,64.52900984100006],[21.550368798000022,64.52303898000008],[21.544534878000036,64.51799590900004],[21.52439446300008,64.52170050200004],[21.502805266000053,64.51048751300004],[21.47331834700003,64.51812977700007],[21.46749823300007,64.53555110400004],[21.451390307000054,64.54502438600008],[21.42457268900006,64.53250885600005],[21.412235916000043,64.52268879400003],[21.41172103400004,64.51717866000007],[21.41709860700007,64.51219993500007],[21.446572805000073,64.51528923500007],[21.468823762000056,64.50793858200007],[21.474775589000046,64.47475756100005],[21.468635437000046,64.46208872600005],[21.473764945000028,64.45369677200006],[21.49187050100005,64.44642678900004],[21.50726992500006,64.44694596300008],[21.512868624000077,64.45091609700006],[21.51956974600006,64.46524420400004],[21.536209746000054,64.47110778900003],[21.547034030000077,64.46828180400007],[21.55945332300007,64.45918897000007],[21.572341965000078,64.45883183700005],[21.577148946000023,64.46393942400005],[21.574819922000074,64.47574819200008],[21.57780335700005,64.47855805800003],[21.60380157800006,64.45729966000005],[21.609883797000066,64.44862443600005],[21.604095956000037,64.43766888900007],[21.582383159000074,64.43486246700007],[21.55949836900004,64.42578774400005],[21.54991790200006,64.41823592800006],[21.53333086300006,64.41785623500004],[21.512291294000022,64.41087497200004],[21.497883768000065,64.39574031200004],[21.494495983000036,64.38624956400008],[21.472483323000063,64.37632221100006],[21.461470638000037,64.35458778300006],[21.441251082000065,64.35023675600007],[21.41646129000003,64.35355957400003],[21.406040489000077,64.32796597900006],[21.390248753000037,64.32299428000005],[21.37242277100006,64.32368240900007],[21.35196694600006,64.31709874900008],[21.335141083000053,64.29615729400007],[21.315916173000062,64.30051787800005],[21.283130048000032,64.28846054100006],[21.273135314000058,64.28765010100005],[21.264614730000062,64.29267987200006],[21.255834278000066,64.30885668800005],[21.251262145000055,64.31151760000006],[21.24480856200006,64.29217960100004],[21.212775244000056,64.27609902600005],[21.207363548000046,64.26757448800004],[21.20642230900006,64.25819071500007],[21.177961108000034,64.25045703000006],[21.170039279000036,64.23243462700003],[21.156481832000054,64.22271317500008],[21.14349457700007,64.21967602900003],[21.128626475000033,64.20406882900005],[21.09912339600004,64.20406375400006],[21.096683694000035,64.20656483100004],[21.098996648000025,64.21011010600006],[21.080277444000046,64.22019148100003],[21.07485704000004,64.20433592200004],[21.054171558000064,64.19503900900008],[21.047588046000044,64.18269175600005],[21.023959559000048,64.16252187100008],[20.99134588100003,64.15538555100005],[20.975593187000072,64.15669472100006],[20.970444022000038,64.14391141100003],[20.94976090600005,64.12669948500007],[20.960951802000068,64.12178838100004],[20.963128789000052,64.11711071500008],[20.955763415000035,64.08665452700006],[20.93700749800007,64.07726928900007],[20.940860255000075,64.06251477200004],[20.93966137600006,64.05573425900008],[20.921843456000033,64.04423569300008],[20.90743432200003,64.04160161400006],[20.902713530000028,64.03583419500006],[20.91429124800004,64.01422030900005],[20.900951237000072,63.99948648900005],[20.905230816000028,63.99296622900005],[20.903967632000047,63.98609414500004],[20.89459011200006,63.987855936000074],[20.88723003700005,63.97778787700008],[20.86380093200006,63.97794837200007],[20.851701052000067,63.96584934900005],[20.849364559000037,63.95360484400004],[20.82919473800007,63.94355550000006],[20.800812781000047,63.94328847600008],[20.796195752000074,63.923477511000044],[20.79702771500007,63.90764333700008],[20.772285648000036,63.87610123300004],[20.758053958000062,63.86664886400007],[20.73023353900004,63.86273793600003],[20.731515192000074,63.85721313600004],[20.721581747000073,63.841100046000065],[20.690132086000062,63.85278575700005],[20.672430502000054,63.850329542000054],[20.66325014000006,63.84510465900007],[20.65976114600005,63.83594017100006],[20.662748204000025,63.83008339100007],[20.682569283000078,63.82843660300006],[20.694856836000042,63.82195191000005],[20.678265014000033,63.811702850000074],[20.664607183000044,63.796669621000035],[20.647513826000022,63.796889699000076],[20.61338665900007,63.81322268500003],[20.611543384000072,63.80801306400008],[20.606820965000054,63.81196257100004],[20.566609905000064,63.80065135900003],[20.558560190000037,63.77926755300007],[20.56079629900006,63.76641012300007],[20.57032646600004,63.74872818500006],[20.571660149000024,63.73575868800003],[20.566898751000053,63.72843161600008],[20.553727124000034,63.730335729000046],[20.548061776000054,63.725185415000055],[20.545473506000064,63.728269957000066],[20.550370912000062,63.73394350500007],[20.533420266000064,63.74182838100006],[20.52342877700005,63.77702301200003],[20.520775967000077,63.80926813700006],[20.503290401000072,63.827212082000074],[20.495053735000056,63.829477147000034],[20.484057696000036,63.78675734800004],[20.458015983000053,63.76387713000008],[20.443796029000055,63.75813126500003],[20.435779247000028,63.74943625800006],[20.432582039000067,63.738670494000075],[20.433964699000057,63.714678742000046],[20.41567847700003,63.684533600000066],[20.403463593000026,63.68937770200006],[20.393229718000043,63.67855098800004],[20.36329330500007,63.691487005000056],[20.340753970000037,63.68805211300008],[20.342472444000066,63.69499988100006],[20.355321065000055,63.70996043200006],[20.372594126000024,63.71916029100004],[20.375186702000065,63.72353833900007],[20.355699505000075,63.74138267200004],[20.33578062600003,63.75215420400008],[20.324376185000062,63.766313266000054],[20.31589606700004,63.76498083100006],[20.312368864000064,63.77289739500003],[20.310037659000045,63.76657049900007],[20.311602249000032,63.75063522100004],[20.30566052200004,63.734868633000076],[20.319501151000054,63.715745524000056],[20.322571116000063,63.70253287700007],[20.31056729100004,63.684849145000044],[20.30927998800007,63.66614578800005],[20.30146658900003,63.659240072000046],[20.284954769000024,63.65831305800003],[20.266163625000047,63.66727949800003],[20.25210994300005,63.66959616400004],[20.254012516000046,63.682162488000074],[20.251578438000024,63.69620374900006],[20.254706095000074,63.70807230300005],[20.25159112700004,63.71237520600005],[20.22783135000003,63.68508213100006],[20.229990745000066,63.672792549000064],[20.219749104000073,63.65875379900007],[20.17253243300007,63.659339284000055],[20.14184289800005,63.65422516400008],[20.116117038000027,63.65386485300007],[20.062484378000022,63.67060230100003],[20.02432443300006,63.668405774000064],[20.005370065000022,63.659822234000046],[19.99864001000003,63.64809520700004],[19.997506173000033,63.63455380700003],[20.004765574000032,63.61831859400007],[20.003601520000075,63.612383703000035],[19.97015861400007,63.61086780000005],[19.934773888000052,63.61945009400006],[19.92392280200005,63.61661573300006],[19.910671904000026,63.606898552000075],[19.89546341600004,63.61014489000007],[19.857423508000068,63.588226476000045],[19.822218658000054,63.55593240500008],[19.795664498000065,63.55359673800007],[19.77073064700005,63.53959591200004],[19.744051875000025,63.53627443100004],[19.748720542000058,63.53501539200005],[19.751933691000033,63.52679369800006],[19.74038990500003,63.52123215000006],[19.729434224000045,63.52786099100007],[19.727787248000027,63.51225816800007],[19.732645151000042,63.50516805600006],[19.75522563900006,63.490392092000036],[19.76127685800003,63.46706364000005],[19.745658130000038,63.46264241300008],[19.739704390000043,63.45364148400006],[19.733169030000056,63.46021420400007],[19.723974269000053,63.45994658300003],[19.708425609000074,63.45305422000007],[19.69849901400005,63.44309796200008],[19.68155209100007,63.437700118000066],[19.67147890600006,63.44120360200003],[19.66234598400007,63.434271796000075],[19.651525040000024,63.43188479100007],[19.639196790000028,63.450719208000066],[19.62286026000004,63.44949235200005],[19.62432318900005,63.46452890200004],[19.602065624000033,63.48270071500008],[19.59657798300003,63.49310696400005],[19.598622413000044,63.50381117000006],[19.58847620000006,63.50483775600003],[19.579135590000078,63.52543359200007],[19.557875463000073,63.53096268200005],[19.544288963000042,63.530507285000056],[19.52670216200005,63.53658830000006],[19.502898388000062,63.55821954500004],[19.478797778000057,63.56871520200008],[19.449124390000065,63.570791357000076],[19.442017312000075,63.56540047100003],[19.442265849000023,63.54845656500004],[19.45190681500003,63.53509532100003],[19.43848131900006,63.52944064500008],[19.434130418000052,63.52348453400003],[19.451855632000047,63.50714125800005],[19.47216861900006,63.496036020000076],[19.495805267000037,63.49471831100004],[19.502856808000047,63.49068738200003],[19.50118971200004,63.485546758000055],[19.473878008000042,63.473571039000035],[19.46997837500004,63.466215273000046],[19.487884073000032,63.45010123700007],[19.492064071000073,63.45215032400006],[19.49432179400003,63.46179189500003],[19.523729123000066,63.44379985100005],[19.519225662000053,63.44133565700008],[19.50189990000007,63.44417965200006],[19.502860827000063,63.43927097100004],[19.51008971400006,63.43305045100004],[19.501411904000065,63.42916448800008],[19.504035626000075,63.41764350900007],[19.501783937000027,63.410385534000056],[19.481721073000074,63.419006566000064],[19.45108252500006,63.42659050200007],[19.43560747600003,63.43878230300004],[19.446408044000066,63.44614856700008],[19.446983835000026,63.44979712500003],[19.425212919000046,63.46018146700004],[19.382164377000038,63.46019123200006],[19.37241711100006,63.46626765500008],[19.37352448200005,63.455628035000075],[19.369709842000077,63.452295219000064],[19.362203325000053,63.46152583000003],[19.36455715200003,63.47805535200007],[19.35029705200003,63.49886194700008],[19.338649377000024,63.492346688000055],[19.329798596000046,63.49426966300007],[19.327300082000022,63.49003595700003],[19.33138933300006,63.48498646400003],[19.341750931000036,63.48436299500008],[19.35383193000007,63.47878049000008],[19.352882952000073,63.46466776500006],[19.361190847000046,63.449206289000074],[19.356482543000027,63.44120320700006],[19.348538318000067,63.440686897000035],[19.342680904000076,63.445400964000044],[19.33979453200004,63.459403690000045],[19.32414638700004,63.45356787900005],[19.307960570000034,63.45903577300004],[19.302205558000026,63.47611451500006],[19.286483881000038,63.46973750700005],[19.19093915600007,63.56976260000005],[19.18072994000005,63.59746064500007],[19.042461563000074,63.68977755700007],[18.997320154000022,63.73089591400003],[18.969196672000066,63.73358901100005],[18.94957566200003,63.72897341000004],[18.96057683300006,63.75840740600006],[18.95877035700005,63.761131446000036],[18.898109341000065,63.78227996800007],[18.819811092000066,63.773380418000045],[18.800674539000056,63.78196709300005],[18.80624729300007,63.78838740500004],[18.75763627300006,63.81019200800006],[18.717302476000043,63.806961038000054],[18.704129100000046,63.80969645300007],[18.700931101000037,63.815247646000046],[18.681760482000072,63.82101292600004],[18.63833250700003,63.82576953000006],[18.592354941000053,63.82295339900003],[18.48660675800005,63.842704996000066],[18.474699728000076,63.86290072700007],[18.476885966000054,63.86767506700005],[18.453409156000077,63.88693734600008],[18.43777930600004,63.89530285200004],[18.427317713000036,63.90744698300006],[18.42576936300003,63.91876649500006],[18.410987698000042,63.921617827000034],[18.407774139000026,63.92485697300003],[18.42237728200007,63.93363296700005],[18.464177500000062,63.93292418600004],[18.46315256200006,63.94344746500008],[18.473591869000074,63.954847904000076],[18.473668047000046,63.96489677500006],[18.45281174300004,63.98107233400003],[18.40565324800008,63.99566256700007],[18.058854912000072,63.93911339400006],[17.731569209000043,63.879936085000054],[17.317031790000044,63.908160914000064],[16.878244549000044,63.949932078000074],[16.718954069000063,64.02787808000005],[16.221601822000025,64.26202480500007],[16.166670280000062,64.26129780700006],[16.144774804000065,64.26682360600006],[16.126614569000026,64.26124334000008],[16.106416093000064,64.26243369300005],[16.039170397000078,64.25017153600004],[16.020571279000023,64.26775303000005],[16.02358025500007,64.27644390900008],[16.02047107900006,64.33324182600006],[15.862294433000045,64.37391765000007],[15.85922206600003,64.37622546900008],[15.864083736000055,64.38109228900004],[15.861360872000034,64.38370625000005],[15.75780456800004,64.40622416200006],[15.740600972000038,64.40555882700005],[15.702842690000068,64.53632295800003],[15.638155365000046,64.51840651600003],[15.644656225000062,64.44842545800003],[15.580967551000072,64.44461929200003],[15.576753685000028,64.46036708600008],[15.554760316000056,64.48698456800008],[15.555091128000072,64.49682675600008],[15.541560032000064,64.50549421400007],[15.542069858000048,64.51807084300003],[15.522840875000043,64.53081441800003],[15.442670918000033,64.55680612100008],[15.426994771000068,64.58230818800007],[15.414586653000072,64.58008713100003],[15.371717357000023,64.58415127500007],[15.315832834000048,64.61979697600003],[15.301047151000034,64.62458695400005],[15.25464794900006,64.62981890500004],[15.246664759000055,64.63495060300005],[15.33878524100004,64.64795650000008],[15.33109475200007,64.67039305700007],[15.287363759000073,64.68436275900007],[15.262373919000026,64.70180580800007],[15.185824621000052,64.73978895500005],[15.142475155000056,64.74620656400003],[15.13197918700007,64.75202942800007],[15.064957210000046,64.75183319500007],[15.03713203500007,64.75854281600004],[15.030146555000044,64.76661839100007],[15.029477567000072,64.77903184400003],[15.034638550000068,64.78627498000003],[15.034028815000056,64.79112501000003],[15.020700438000063,64.80663037300008],[14.977338474000021,64.84433068700008],[14.933845447000067,64.85727066200008],[14.880469062000031,64.86457194100007],[14.841836057000023,64.87772738000007],[14.844791615000076,64.88388369300003],[14.841607069000077,64.89098448700008],[14.811819636000052,64.90474264200003],[14.77786911800007,64.91300646700006],[14.779370497000059,64.92075345800004],[14.77607865300007,64.93946937100003],[14.752089598000055,64.95387213700008],[14.73190918000006,64.95479021200003],[14.715702777000047,64.96060032200006],[14.701122498000075,64.99014297800005],[14.617139120000047,65.00203696900007],[14.325984923000021,65.11891597000005],[14.378750582000066,65.24710250400005],[14.50630443700004,65.31048208400006],[14.499089405000063,65.52221134800004],[14.54122389400004,65.69928999400008],[14.62461703300005,65.81328894600006],[14.584527760000071,65.90150639900003],[14.57287640900006,65.95838996700007],[14.518127780000043,66.13247067300006],[15.037305723000031,66.15407304300004],[15.482659234000039,66.28201063400007],[15.453994737000073,66.34523350300003],[15.769008694000036,66.29115298000005],[16.22952559400005,66.14140237500004],[16.52233306000005,66.05453091000004],[16.605514484000025,66.04417638600006],[16.773240045000023,66.03128538400006],[16.98039114100004,65.95264130700008],[17.67465399500003,65.65702791200005],[17.848386789000074,65.62444301600004],[18.030603574000054,65.60243995400003],[18.03323762200006,65.58782948800007],[18.052461578000077,65.58217592100004]]],[[[19.531964278000032,63.422435043000064],[19.526802587000077,63.42066824200003],[19.52252037100004,63.42723287800004],[19.529351032000022,63.430151229000046],[19.531964278000032,63.422435043000064]]],[[[19.67683609200003,63.43726075600006],[19.67445450400004,63.43331661500008],[19.668743654000025,63.43394228000005],[19.67683609200003,63.43726075600006]]],[[[19.71887823700007,63.44124153100006],[19.716108743000063,63.43943396900005],[19.713762978000034,63.44195975000008],[19.714818103000027,63.447136268000065],[19.717618537000078,63.44677510400004],[19.71887823700007,63.44124153100006]]],[[[19.434859152000058,63.447964581000065],[19.43292576600004,63.44533145000008],[19.42676877300005,63.44653237500006],[19.431317273000047,63.45008720000004],[19.434859152000058,63.447964581000065]]],[[[19.73563370900007,63.45221593400004],[19.735690995000027,63.445184072000075],[19.72974741200005,63.44576564000005],[19.731152519000034,63.45171857000008],[19.73563370900007,63.45221593400004]]],[[[19.409936404000064,63.44569547100008],[19.403416612000058,63.44116447300007],[19.398615362000044,63.44261578700008],[19.400975884000047,63.454128386000036],[19.410769739000045,63.45556428000003],[19.409936404000064,63.44569547100008]]],[[[19.774523775000034,63.46509537900005],[19.77156676100003,63.46197805200006],[19.765894608000053,63.46337341600008],[19.770658152000067,63.46647256800003],[19.774523775000034,63.46509537900005]]],[[[19.61891631900005,63.46071194700005],[19.615175202000046,63.459850919000075],[19.613308368000048,63.46431437400008],[19.616233306000026,63.467686782000044],[19.61964398400005,63.46701089000004],[19.61891631900005,63.46071194700005]]],[[[19.785181932000057,63.46497576400003],[19.78191732600004,63.46078275700006],[19.780065035000064,63.46258685000004],[19.780486110000027,63.477384080000036],[19.783269650000022,63.47951641000003],[19.786708497000063,63.47708992100007],[19.785181932000057,63.46497576400003]]],[[[19.511133323000024,63.47839580800007],[19.507619201000068,63.47645473400007],[19.50290890800005,63.47913442500004],[19.508149631000038,63.48131304200007],[19.511133323000024,63.47839580800007]]],[[[19.889282841000067,63.478110651000065],[19.882921237000062,63.47374753500003],[19.87894723100004,63.48467502700004],[19.891251176000026,63.492372284000055],[19.899047394000036,63.48578351000003],[19.898970530000042,63.47882931600003],[19.889282841000067,63.478110651000065]]],[[[19.900942244000078,63.49810033600005],[19.902910129000077,63.49048869300003],[19.897744271000022,63.49762074800003],[19.900942244000078,63.49810033600005]]],[[[19.552041074000044,63.484837335000066],[19.54115119200003,63.484159025000054],[19.538161753000054,63.49200698200008],[19.54292083200005,63.49834611400007],[19.55480912300004,63.485009751000064],[19.552041074000044,63.484837335000066]]],[[[19.87458427000007,63.50057948300008],[19.868162976000065,63.49221698900004],[19.86319227000007,63.499513895000064],[19.875163658000076,63.50599591500003],[19.87458427000007,63.50057948300008]]],[[[19.86627670200005,63.50481104700003],[19.862759735000054,63.504414920000045],[19.86471544500006,63.51044911400004],[19.869414579000022,63.510184174000074],[19.86882042600007,63.50509755500008],[19.86627670200005,63.50481104700003]]],[[[19.459427511000058,63.51053617500003],[19.45391477900006,63.51463417000008],[19.45812386700004,63.515224258000046],[19.46177386000005,63.51161081300006],[19.459427511000058,63.51053617500003]]],[[[19.96438560100006,63.53244562700007],[19.957099689000074,63.535733219000065],[19.963242466000054,63.53747187700003],[19.96438560100006,63.53244562700007]]],[[[19.85502191300003,63.54253119300006],[19.854025301000036,63.53656428800008],[19.848621106000053,63.54206402600005],[19.85502191300003,63.54253119300006]]],[[[19.874372385000072,63.53925790000005],[19.872608240000034,63.53607808500004],[19.865737096000032,63.54702306900003],[19.881486807000044,63.559031194000056],[19.883894261000023,63.54956379100008],[19.879104939000058,63.54778817700003],[19.874372385000072,63.53925790000005]]],[[[19.873549464000064,63.559194912000066],[19.870321038000043,63.55430203100008],[19.86787425400007,63.56180539300004],[19.874339562000046,63.56636131400006],[19.873549464000064,63.559194912000066]]],[[[19.86837000500003,63.569859457000064],[19.860563136000053,63.56468060200007],[19.85628435500007,63.57069065300004],[19.869054435000066,63.575037930000065],[19.86837000500003,63.569859457000064]]],[[[20.022888529000056,63.58131387000003],[20.018828419000045,63.57868250400003],[20.014040349000027,63.58080584100003],[20.019326032000038,63.58327116700008],[20.022888529000056,63.58131387000003]]],[[[19.89515235600004,63.58579517700008],[19.88843167500005,63.57910283500007],[19.885172968000063,63.58685798100004],[19.892350673000067,63.589921864000075],[19.89515235600004,63.58579517700008]]],[[[20.015930940000032,63.59714005600006],[20.015638855000077,63.59097256500007],[20.00906469100005,63.597239055000045],[20.015930940000032,63.59714005600006]]],[[[20.796671899000046,63.59724014300008],[20.79269507600003,63.59556976300007],[20.78801764700006,63.598159355000064],[20.793762171000026,63.600118698000074],[20.796671899000046,63.59724014300008]]],[[[19.92719808000004,63.61140127900006],[19.925609074000022,63.60496840700006],[19.922650675000057,63.611579918000075],[19.92719808000004,63.61140127900006]]],[[[20.766546879000032,63.61731782700008],[20.765074594000055,63.61352018000008],[20.759295361000056,63.61376278200004],[20.763198601000056,63.61816462500008],[20.766546879000032,63.61731782700008]]],[[[20.77720743200007,63.60835652000003],[20.776761950000036,63.59924994600004],[20.761680554000066,63.59204379300007],[20.749127643000065,63.592253705000076],[20.742965708000042,63.59679712700006],[20.756497179000064,63.608557706000056],[20.757403904000057,63.60157630800006],[20.763312536000058,63.60106579200004],[20.768803965000075,63.60804175200008],[20.77034741500006,63.616519839000034],[20.78169874200006,63.61869434400006],[20.785846406000076,63.60958084200007],[20.77720743200007,63.60835652000003]]],[[[20.791163862000076,63.620319650000056],[20.79044544800007,63.61673798900006],[20.784319510000046,63.62186223800006],[20.791163862000076,63.620319650000056]]],[[[20.82004247900005,63.63279936500004],[20.816059305000067,63.63024705400005],[20.81063647800005,63.63266883700004],[20.815907164000066,63.634910938000075],[20.82004247900005,63.63279936500004]]],[[[20.812941721000072,63.63886619200008],[20.806618299000036,63.63882793400006],[20.81269696000004,63.64379192900003],[20.812941721000072,63.63886619200008]]],[[[20.269698215000062,63.66090309400005],[20.27489894000007,63.656363200000044],[20.268444422000073,63.64918234800007],[20.253325721000067,63.65627816400007],[20.25627117500005,63.660702994000076],[20.269698215000062,63.66090309400005]]],[[[20.322467689000064,63.65638504600008],[20.315045688000055,63.65842263800005],[20.32167828100006,63.663205223000034],[20.32888611800007,63.661047265000036],[20.322467689000064,63.65638504600008]]],[[[20.824837332000072,63.66421123600003],[20.82163103000005,63.659685780000075],[20.81680801400006,63.660593866000056],[20.824837332000072,63.66421123600003]]],[[[20.41529434100005,63.67158990300004],[20.412596547000078,63.667803133000064],[20.407764090000057,63.67089949100006],[20.41529434100005,63.67158990300004]]],[[[20.861732283000038,63.67535311900008],[20.870443950000038,63.67524560100003],[20.873312817000055,63.67235399000003],[20.870402460000037,63.66330491600007],[20.861732283000038,63.66093137400003],[20.84340520300003,63.64492943300007],[20.823581559000047,63.640881155000045],[20.81457290000003,63.64451717600008],[20.817607357000043,63.64977416600004],[20.861732283000038,63.67535311900008]]],[[[20.382132659000035,63.67392268600008],[20.378442113000062,63.67158711600007],[20.372909934000063,63.673686359000044],[20.378128365000066,63.67610343800004],[20.382132659000035,63.67392268600008]]],[[[20.33980174900006,63.67765834200003],[20.338987596000038,63.671926332000055],[20.33440397000004,63.67262635800006],[20.33980174900006,63.67765834200003]]],[[[20.89374641300003,63.68133037100006],[20.891924980000056,63.67737492100008],[20.885759935000067,63.67842877100003],[20.89374641300003,63.68133037100006]]],[[[20.24784094900002,63.68391241900008],[20.24354342600003,63.67759451500007],[20.23938308700008,63.68045822700003],[20.24317119400007,63.68467436900005],[20.24784094900002,63.68391241900008]]],[[[20.43607663000006,63.69390130000005],[20.433301241000038,63.68942807900004],[20.427674422000052,63.68952365400003],[20.431421224000076,63.69402426900007],[20.43607663000006,63.69390130000005]]],[[[20.443454038000027,63.70081980000003],[20.44027621400005,63.69945957700003],[20.43750337800003,63.702391711000075],[20.441503803000046,63.70591581200006],[20.443454038000027,63.70081980000003]]],[[[20.35002522900004,63.72003819200006],[20.348939447000078,63.70985785700003],[20.340972987000043,63.70991256800005],[20.343536284000038,63.720127269000045],[20.35002522900004,63.72003819200006]]],[[[20.33300101900005,63.74302479200003],[20.328161326000043,63.741229357000066],[20.32267106300003,63.744438657000046],[20.32926965300004,63.74602814000008],[20.33300101900005,63.74302479200003]]],[[[20.594854760000032,63.748009066000066],[20.58853963400003,63.74211094200007],[20.582754530000045,63.74708775200003],[20.587250958000027,63.75319994800003],[20.594854760000032,63.748009066000066]]],[[[20.854086798000026,63.751834777000056],[20.84849714300003,63.75104469000007],[20.854345229000046,63.75667361200004],[20.854086798000026,63.751834777000056]]],[[[20.327370680000058,63.74932923600005],[20.324207759000046,63.74909343300004],[20.323306822000063,63.75640670300004],[20.326500640000063,63.75756569600003],[20.327370680000058,63.74932923600005]]],[[[20.50205487900007,63.76393854100007],[20.495241864000036,63.76236977000008],[20.502212781000026,63.77206238500008],[20.50205487900007,63.76393854100007]]],[[[20.517795427000067,63.77854579900003],[20.51584075200003,63.768868739000084],[20.50739608300006,63.77807555000004],[20.512492890000033,63.78093537700005],[20.517795427000067,63.77854579900003]]],[[[20.600257826000075,63.789668980000044],[20.595761958000026,63.784996070000034],[20.58732832800007,63.786578673000065],[20.593592127000022,63.791403916000036],[20.600257826000075,63.789668980000044]]],[[[20.57211713600003,63.78280403200006],[20.564304681000067,63.78251627100008],[20.570831913000063,63.79104204500004],[20.577754431000074,63.79154551200003],[20.575938601000075,63.782944791000034],[20.57211713600003,63.78280403200006]]],[[[20.63438264900003,63.79267016500006],[20.630921399000044,63.78876145500004],[20.62478784700005,63.79006184500008],[20.62988045000003,63.79380630400004],[20.63438264900003,63.79267016500006]]],[[[20.630133045000036,63.80152483900008],[20.627318310000078,63.79540279000008],[20.62186353800007,63.79625669400008],[20.630133045000036,63.80152483900008]]],[[[20.689290020000044,63.79869578500006],[20.686349377000056,63.79740477000007],[20.68950385100004,63.801783027000056],[20.689290020000044,63.79869578500006]]],[[[20.611511757000073,63.79756855900007],[20.604717591000053,63.79690678400004],[20.60819759800006,63.80362559400004],[20.612405780000074,63.80451728200006],[20.611511757000073,63.79756855900007]]],[[[20.684058562000075,63.80357741800003],[20.67830151000004,63.80284240800006],[20.681449882000038,63.80752210500003],[20.685321828000042,63.80589555900008],[20.684058562000075,63.80357741800003]]],[[[20.696501942000054,63.80380270900008],[20.69014104400003,63.80212845500006],[20.687332558000037,63.804896204000045],[20.692199324000057,63.811718306000046],[20.700799853000035,63.811998868000046],[20.696501942000054,63.80380270900008]]],[[[20.909053651000022,63.80704319800003],[20.924688908000064,63.79193591600006],[20.93163703600004,63.79672173400007],[20.936194819000036,63.79434383700004],[20.933347413000035,63.78085467200003],[20.942048971000077,63.77303330600006],[20.937360457000068,63.76755],[20.939103782000075,63.75945007900003],[20.931847780000055,63.75192586400004],[20.93497925500003,63.746668294000074],[20.930261441000027,63.73714185700004],[20.93510660100003,63.72317695500004],[20.919237999000075,63.700193237000065],[20.90414037900007,63.69450207700004],[20.89946133500007,63.68731812500005],[20.88229221100005,63.68436940200007],[20.880434696000066,63.69308153600008],[20.85625124300003,63.68083720000004],[20.87221175800005,63.735671238000066],[20.889337303000048,63.75309663400003],[20.907647061000034,63.75597262000008],[20.91336416100006,63.76120964000006],[20.89183156000007,63.764365473000055],[20.874777486000028,63.74633018800006],[20.864331831000072,63.744299323000064],[20.856673495000052,63.76209965500004],[20.831994429000076,63.763134396000055],[20.827425662000053,63.776531111000054],[20.836207315000024,63.79094031100004],[20.85372565700004,63.79969839900008],[20.861732283000038,63.80768649300006],[20.87181845300006,63.806347362000054],[20.891796492000026,63.81351144000007],[20.909053651000022,63.80704319800003]]],[[[21.016323,63.80971096700006],[21.002247760000046,63.79980842600003],[20.985701058000075,63.80482212700008],[21.003862126000058,63.81367568400003],[21.016323,63.80971096700006]]],[[[20.945634659000063,63.81470317800006],[20.941441518000033,63.81193330900004],[20.935020027000064,63.81436672500007],[20.94153073600006,63.81702290700008],[20.945634659000063,63.81470317800006]]],[[[20.846950261000075,63.90755411200007],[20.844461145000025,63.90433144900004],[20.838158231000023,63.90562937700008],[20.842795022000075,63.90886834300005],[20.846950261000075,63.90755411200007]]],[[[20.92760140300004,64.01772625600006],[20.92443378200005,64.01338450100008],[20.919795469000064,64.01381741600005],[20.92355752900005,64.01901522400004],[20.92760140300004,64.01772625600006]]],[[[20.919695071000035,64.03032445800005],[20.91586621600004,64.02837759800008],[20.910974796000062,64.03071661700005],[20.916014938000046,64.03299788800007],[20.919695071000035,64.03032445800005]]],[[[20.987121614000046,64.14341552200005],[20.98059470800007,64.14042715600004],[20.975488743000028,64.14203127300004],[20.981087412000022,64.14643899400005],[20.987121614000046,64.14341552200005]]],[[[21.11373953100008,64.16756852000003],[21.107123511000054,64.16289499900006],[21.102602257000058,64.16516202900004],[21.105606590000036,64.17336824300003],[21.112106683000036,64.17401468500003],[21.11373953100008,64.16756852000003]]],[[[21.12219760000005,64.19148650300008],[21.112335124000026,64.18853794500006],[21.103333016000022,64.19366697700008],[21.115213346000075,64.19666540700007],[21.12219760000005,64.19148650300008]]],[[[21.224603208000076,64.26289345600003],[21.220972604000053,64.26097125600006],[21.21567181300003,64.26355138900004],[21.22053171300007,64.26552134000008],[21.224603208000076,64.26289345600003]]],[[[21.234028570000078,64.26270039200006],[21.22553676800004,64.26341852800005],[21.230141236000065,64.26588390700005],[21.234028570000078,64.26270039200006]]],[[[21.36240609300006,64.30223372400008],[21.356186226000034,64.29935163000005],[21.34974638700004,64.30478042800007],[21.354518682000048,64.30866636900004],[21.36240609300006,64.30223372400008]]],[[[21.427706632000024,64.32124345400007],[21.423374627000044,64.31979613800007],[21.419061106000072,64.32372521700006],[21.427706632000024,64.32124345400007]]],[[[21.483874697000033,64.45867835900003],[21.48639522800005,64.45395827900006],[21.477888541000027,64.46015728900005],[21.483874697000033,64.45867835900003]]],[[[21.503393919000075,64.59656512900006],[21.496505933000037,64.59213675300003],[21.488110923000022,64.59679159000007],[21.497908292000034,64.60073775500007],[21.503393919000075,64.59656512900006]]],[[[21.321774315000027,64.67555843100007],[21.320114002000025,64.67185769500003],[21.317282974000022,64.67286490500004],[21.318811715000038,64.67837730900004],[21.321774315000027,64.67555843100007]]],[[[21.343053230000066,64.67914391900007],[21.345123268000066,64.67245375000005],[21.337246411000024,64.67873387600008],[21.343053230000066,64.67914391900007]]],[[[21.318884688000026,64.68176128000005],[21.312709614000028,64.67940773000004],[21.304983995000043,64.68270809300003],[21.31305909200006,64.68549119200003],[21.318884688000026,64.68176128000005]]],[[[21.311987868000074,64.68894814700008],[21.307443418000048,64.68712992100006],[21.300624955000046,64.69036722100003],[21.307853502000057,64.69211832900004],[21.311987868000074,64.68894814700008]]],[[[21.29143943300005,64.69339303100003],[21.287792188000026,64.69177638100007],[21.282806595000068,64.69445356600005],[21.28826881300006,64.69639167000008],[21.29143943300005,64.69339303100003]]],[[[21.040003436000063,64.83567561000007],[21.034356384000034,64.83887358800007],[21.039283639000075,64.84013694600003],[21.042637676000027,64.83572702700008],[21.040003436000063,64.83567561000007]]],[[[21.032117924000033,64.84180549100006],[21.027396483000075,64.83823955300005],[21.020088917000066,64.83988718100005],[21.02659460700005,64.84346361900003],[21.032117924000033,64.84180549100006]]],[[[21.19610502000006,64.85356974800004],[21.192079456000045,64.85185340900006],[21.186906583000052,64.85432261900007],[21.192445561000056,64.85631296700006],[21.19610502000006,64.85356974800004]]],[[[21.29142770800007,64.87882861400004],[21.284064682000064,64.87357473000003],[21.266822279000053,64.87788279300008],[21.251177333000044,64.87531490900005],[21.23538101500003,64.88248622000003],[21.246746031000043,64.88816791300007],[21.24849997700005,64.90157560200004],[21.254739932000064,64.90773610200006],[21.282452705000026,64.89699185800004],[21.29142770800007,64.87882861400004]]],[[[21.316342215000077,64.93849942600008],[21.312212384000077,64.93591828300003],[21.30744086900006,64.93795795300008],[21.312819266000076,64.94048805600005],[21.316342215000077,64.93849942600008]]],[[[21.35155093700007,64.93710917900006],[21.343338541000037,64.93896542300007],[21.348174388000075,64.94084280700008],[21.35155093700007,64.93710917900006]]],[[[21.313466134000066,64.94997605100008],[21.308567851000078,64.94525472500004],[21.301849506000053,64.94832906800008],[21.30621876500004,64.95296627500005],[21.313466134000066,64.94997605100008]]],[[[21.402044465000074,64.98615887100004],[21.395284570000058,64.98544208800007],[21.39042130200005,64.99199460600005],[21.401014193000037,64.99168947900006],[21.402044465000074,64.98615887100004]]],[[[21.53805281900003,65.03539284300007],[21.526604511000073,65.04131417300005],[21.539319181000053,65.04652965400004],[21.54845212600003,65.03836094100006],[21.53805281900003,65.03539284300007]]],[[[21.494979519000026,65.04359398100007],[21.490278515000057,65.04193561100004],[21.484539614000028,65.04444614400006],[21.490167745000065,65.04716725800006],[21.494979519000026,65.04359398100007]]],[[[21.471127899000066,65.04652259000005],[21.46206271500006,65.04726015200004],[21.467461782000044,65.04935307000005],[21.471127899000066,65.04652259000005]]],[[[21.52963501000005,65.05062942400008],[21.52485990200006,65.04878775800006],[21.51874554500006,65.05197923500003],[21.52534281900006,65.05375860700008],[21.52963501000005,65.05062942400008]]]]}},{"type":"Feature","properties":{"code":"K","name":"Blekinge","sourceCode":"SE221"},"geometry":{"type":"MultiPolygon","coordinates":[[[[15.597814945000039,56.475130070000034],[15.638435865000076,56.45685182200003],[15.655965019000064,56.46099574400006],[15.678540648000023,56.42508574500005],[15.735166316000061,56.41437191500006],[15.764004433000025,56.38321317100008],[15.773762995000027,56.37961745100006],[15.778129569000043,56.36828504500005],[15.80395487900006,56.343869933000065],[15.823594379000042,56.33046314400008],[15.845286453000028,56.32207287700004],[15.907377022000048,56.31590925000006],[15.943075872000065,56.31831572800007],[15.962538090000066,56.31229631000008],[15.97059684800007,56.31311208600005],[15.974035,56.30607212900003],[15.981790663000027,56.300803261000055],[16.009296106000022,56.29813856900006],[16.017622145000075,56.301506036000035],[16.017826393000064,56.30905430000007],[16.02128213800006,56.31257704400008],[16.040967342000044,56.32156426000006],[16.049756804000026,56.32184840800005],[16.053199002000042,56.29682468400006],[16.040172519000066,56.27304528900004],[16.037933716000055,56.25056945000006],[16.022252601000048,56.243064133000075],[15.994608841000058,56.20513738200003],[15.974908983000034,56.20144218900003],[15.963639913000065,56.19487109200003],[15.951753970000027,56.17849636500006],[15.910096464000048,56.14727580700003],[15.885947948000023,56.11549501600007],[15.844396748000065,56.07894827600006],[15.837475625000025,56.08124259600004],[15.816779857000029,56.09925034200006],[15.79383322700005,56.10199675200005],[15.785207921000051,56.10828504300008],[15.793914432000065,56.12584692900003],[15.818026188000033,56.14801942500003],[15.822803965000048,56.16140800800008],[15.820178598000041,56.16689515300004],[15.798031919000039,56.161920913000074],[15.790433889000042,56.148068712000054],[15.784818070000028,56.147368122000046],[15.781146739000064,56.152300668000066],[15.779836227000033,56.14624725300007],[15.758774895000045,56.14289406200004],[15.748908562000054,56.14883739700008],[15.747622637000063,56.155739794000056],[15.730600897000045,56.15667986600005],[15.719996731000037,56.169739682000056],[15.70277407900005,56.16587495700003],[15.693783229000076,56.16848928300004],[15.69010313900003,56.17356109700006],[15.696268621000058,56.17673907400007],[15.69333497200006,56.18201933700004],[15.673676156000056,56.17873376700004],[15.674502202000042,56.17304515900008],[15.681161788000054,56.165885357000036],[15.680054340000027,56.162707682000075],[15.668468862000054,56.16559883200006],[15.659615932000065,56.17332729300006],[15.65065009600005,56.16507866200004],[15.64040992400004,56.164783697000075],[15.637365072000023,56.173202066000044],[15.646774039000036,56.18371031200007],[15.642827617000023,56.18818085400005],[15.60286233100004,56.17168957100006],[15.592697183000041,56.159750132000056],[15.578821606000076,56.158044493000034],[15.569663736000052,56.16320461200007],[15.56763382500003,56.170551825000075],[15.578496407000046,56.16931305300005],[15.592818186000045,56.18885693800007],[15.602199037000048,56.194333002000064],[15.599780887000065,56.203049356000065],[15.59210282600003,56.20676477400008],[15.564143909000052,56.19072192300007],[15.540832692000038,56.186185857000055],[15.524623510000026,56.17170247800004],[15.493374104000054,56.17411138300008],[15.489280811000071,56.17120763400004],[15.492350230000056,56.16660042900003],[15.489370032000068,56.15784373900004],[15.482263155000055,56.15199358000007],[15.469411444000059,56.15436683400003],[15.464184534000026,56.16438818900008],[15.455978971000036,56.15723838100007],[15.45530158300005,56.15183290700003],[15.461758403000033,56.13852343600007],[15.460101294000026,56.12744634400008],[15.456360121000046,56.12340360300004],[15.458258163000039,56.127741101000026],[15.452366300000051,56.13849713800005],[15.447028853000063,56.13845749800004],[15.445969630000036,56.14326199700008],[15.43992539900006,56.14636762900005],[15.432049671000073,56.145041064000054],[15.425033597000038,56.135416028000066],[15.418597282000064,56.13606737100008],[15.424011583000038,56.15635685500007],[15.439730466000071,56.16097535100005],[15.450514241000064,56.16793093100006],[15.426734903000067,56.17853886100005],[15.405853887000035,56.17883948900004],[15.390572915000064,56.17227631500003],[15.384926927000038,56.165599333000046],[15.382224392000069,56.15056541100006],[15.36984116800005,56.13601854800004],[15.36115731800004,56.128471113000046],[15.34949474900003,56.124439703000064],[15.334749174000024,56.13007670800005],[15.304418275000046,56.128006490000075],[15.290765589000046,56.13607187800005],[15.291324694000025,56.143932964000044],[15.312084996000067,56.155432277000045],[15.302605993000043,56.174280543000066],[15.286350695000067,56.17185371700003],[15.265419703000077,56.17698043000007],[15.245761377000065,56.16290864200005],[15.216106617000037,56.15583596700003],[15.185063565000064,56.15730621700004],[15.173275836000073,56.15352967800004],[15.151172855000027,56.153878278000036],[15.145436262000032,56.15645918300004],[15.141122668000037,56.16330625900008],[15.125590761000069,56.16448517400005],[15.119166496000048,56.15321702700004],[15.108896815000037,56.14952472900006],[15.067212081000037,56.157746313000075],[15.066621926000039,56.16322380300005],[15.073403547000055,56.17480977200006],[15.060168507000071,56.18900632100008],[15.056603857000027,56.18097674400008],[15.046273506000034,56.18536897400003],[15.033800259000031,56.17855934500005],[15.01763823300007,56.18616583100004],[15.018589474000066,56.18064807700006],[15.030502740000031,56.16697697800004],[15.023706205000053,56.15084322800004],[15.003036507000047,56.15581208100008],[14.993121598000073,56.16498354400005],[14.981369804000053,56.16894216500003],[14.936131463000038,56.15804402900005],[14.923030495000035,56.158585294000034],[14.910595239000031,56.16314502500006],[14.890930582000067,56.153886079000074],[14.867348080000056,56.16264782400003],[14.860230029000036,56.15510842800006],[14.86350254000007,56.14676489000004],[14.857533193000052,56.14932271100008],[14.853492828000071,56.14114247400005],[14.83869921400003,56.13760020800004],[14.834260652000069,56.14054657300005],[14.831983820000062,56.149674434000076],[14.817632031000073,56.15767073000006],[14.795723677000069,56.15102833200007],[14.784415190000061,56.155706303000045],[14.775915574000066,56.153745134000076],[14.769567024000025,56.15988744400005],[14.754424392000033,56.14975301000004],[14.737745482000037,56.15829051900005],[14.722481209000023,56.15691998300008],[14.693763528000034,56.16496918000007],[14.683102194000071,56.16159395600005],[14.67391671200005,56.14747874900007],[14.676116912000055,56.12750875200004],[14.68056606500005,56.12206010800003],[14.695064827000067,56.12050395600005],[14.692921271000046,56.108591981000075],[14.707643777000044,56.10015463900004],[14.71566215100006,56.10029287500004],[14.71895167300005,56.093158387000074],[14.727397494000058,56.09034550500007],[14.72749185400005,56.07956349700004],[14.72256498300004,56.07262955400006],[14.725968225000031,56.06287858500008],[14.729983134000065,56.061241093000035],[14.738887584000054,56.064316004000034],[14.741496124000037,56.05777904900003],[14.754874909000023,56.05556410200006],[14.760334268000065,56.04400416500005],[14.774748245000069,56.042001319000065],[14.78062150200003,56.03353039400008],[14.770218317000058,56.02184535500004],[14.722357345000034,55.99454613700004],[14.71238382100006,55.99716277400006],[14.715018764000035,56.006843666000066],[14.710952618000022,56.01136028800005],[14.700560808000034,56.01227295800004],[14.670097265000038,55.99091790300008],[14.661852801000066,55.99922083200005],[14.642529552000042,55.99654189800003],[14.639330759000075,56.00384569700003],[14.635384687000055,56.005519657000036],[14.622967139000025,56.00347720500008],[14.612455493000027,55.99775469100007],[14.608331140000075,56.01795482400007],[14.600006204000067,56.02018751300005],[14.585696808000023,56.01791497700003],[14.583858993000035,56.02000512800004],[14.599686356000063,56.036382666000065],[14.596190380000053,56.04441229100007],[14.603487936000022,56.05552690500008],[14.594766700000037,56.05473731300003],[14.584858965000024,56.04789153200005],[14.576393221000046,56.02907434600007],[14.57039547200003,56.03151338100008],[14.563380747000053,56.026946731000066],[14.557444045000068,56.029033380000044],[14.553397123000025,56.05168141100006],[14.54862448700004,56.05269247500007],[14.549464808000039,56.05843530400006],[14.546399422000036,56.061317657000075],[14.55328224300007,56.06706695100007],[14.556555073000027,56.08302786400003],[14.578342779000025,56.09806360200008],[14.578818566000052,56.11136795600004],[14.585186509000039,56.12928423000005],[14.580259967000075,56.14016059700003],[14.582150442000057,56.150730844000066],[14.578384418000041,56.16301697100005],[14.58060383000003,56.172578428000065],[14.565192722000063,56.21368480900003],[14.565440354000032,56.22424089100008],[14.53261823500003,56.223011188000044],[14.515243069000064,56.21746382300006],[14.468103950000057,56.23787221100008],[14.464263370000026,56.23576075200003],[14.464164521000043,56.22589181600006],[14.442975809000075,56.22898088200003],[14.428089288000024,56.24827006500004],[14.434122014000025,56.25148299300008],[14.427014431000032,56.260605386000066],[14.428806941000062,56.28900222700008],[14.408224240000038,56.29358208900004],[14.406679946000054,56.30365854300004],[14.390576534000047,56.30181902600003],[14.405700435000028,56.33589543900007],[14.413853303000053,56.36542114700006],[14.419181508000065,56.369785215000036],[14.420485849000045,56.38426642300004],[14.413979115000075,56.39440644000007],[14.414513360000058,56.399579258000074],[14.47203569800007,56.40834590800006],[14.488394846000062,56.42522173000003],[14.498420872000054,56.44386923300004],[14.506911890000026,56.44765382800006],[14.51466946000005,56.46003693000006],[14.612871305000056,56.43843203200004],[14.621311080000055,56.42522173000003],[14.652510396000025,56.40379555700008],[14.664409811000041,56.40076101400007],[14.684925754000062,56.38695598500004],[14.751092038000024,56.38033809600006],[14.759063877000074,56.38307384800004],[14.777539214000058,56.382309408000026],[14.802507818000038,56.37402017100004],[14.851190660000043,56.36442456800006],[14.860486257000048,56.359247939000056],[14.904135647000032,56.36224184900004],[14.93124958900006,56.383571611000036],[14.962875594000025,56.40090853800007],[14.971042628000077,56.41035517900008],[14.979763623000053,56.43241295400003],[14.989491214000054,56.44022367800005],[15.004489845000023,56.44619067900004],[15.031961013000057,56.45054600800006],[15.050410605000025,56.43867221000005],[15.052209262000076,56.45220670600003],[15.127214562000063,56.45457391600007],[15.134145292000028,56.44525168900003],[15.146146097000042,56.43673725500008],[15.185147561000065,56.42791425900003],[15.211774571000035,56.43820780000004],[15.21800968100007,56.45164784100007],[15.208841360000065,56.457908703000044],[15.210770212000057,56.459701317000054],[15.246930215000077,56.46413682800005],[15.263290547000054,56.46999595400007],[15.278375500000038,56.46522701100008],[15.287017581000043,56.456917615000066],[15.319917664000059,56.45589271500006],[15.363503653000066,56.482375958000034],[15.366445086000056,56.49228384700007],[15.385626427000034,56.500175444000035],[15.408496814000046,56.49714599400005],[15.426447167000049,56.49096176100005],[15.436713626000028,56.49399566100004],[15.447689358000048,56.48371914900008],[15.46821471100003,56.48649492700008],[15.499919481000063,56.47432482600004],[15.510223310000072,56.47629109400003],[15.513238097000055,56.48058478300004],[15.51125083100004,56.49219073000006],[15.526967220000074,56.50288688000006],[15.545452245000035,56.50282618700004],[15.582884319000073,56.49534005000004],[15.586830275000068,56.49171133500005],[15.587148266000042,56.48352364800007],[15.597814945000039,56.475130070000034]]],[[[14.842000032000044,56.00042574500003],[14.83374649500007,56.014818682000055],[14.83587840000007,56.019078069000045],[14.84835165100003,56.01733960000007],[14.857126691000076,56.01022505200007],[14.857404445000043,56.00588969100005],[14.842000032000044,56.00042574500003]]],[[[14.556233877000068,56.02110086300007],[14.555875761000038,56.01519623300004],[14.550213289000055,56.016075371000056],[14.551971218000062,56.020291212000075],[14.556233877000068,56.02110086300007]]],[[[14.553574781000066,56.029638721000026],[14.548913302000074,56.02728026200003],[14.544688782000037,56.03130981700008],[14.552215826000065,56.033205603000056],[14.553574781000066,56.029638721000026]]],[[[15.807314278000035,56.031269423000026],[15.800966595000034,56.020615329000066],[15.790257532000055,56.01392027800006],[15.783303963000037,56.013955199000065],[15.774539803000039,56.01933709600007],[15.780135977000043,56.02747866000004],[15.785572373000036,56.026739020000036],[15.783547590000069,56.03072099500008],[15.785686554000051,56.03291481400004],[15.789677999000048,56.029345084000056],[15.79726684600007,56.03387570500007],[15.807314278000035,56.031269423000026]]],[[[14.541377306000072,56.035750352000036],[14.53782439500003,56.03163222300003],[14.533806163000065,56.03463724200003],[14.541377306000072,56.035750352000036]]],[[[15.81444175300004,56.050404755000045],[15.805866905000073,56.04114575300008],[15.801352156000064,56.04768341300007],[15.79734415300004,56.045152794000046],[15.793166275000033,56.04740366500005],[15.807661927000026,56.05382063900004],[15.81444175300004,56.050404755000045]]],[[[15.786764954000034,56.058159500000045],[15.783163866000052,56.05538629600005],[15.779440339000075,56.05762227100007],[15.782542937000073,56.06084937300005],[15.786764954000034,56.058159500000045]]],[[[15.829739460000042,56.05697154200004],[15.823008689000062,56.054962886000055],[15.815538020000076,56.06020115500007],[15.824866587000031,56.061960843000065],[15.829739460000042,56.05697154200004]]],[[[15.773186370000076,56.05243888700005],[15.772211223000056,56.04766707400006],[15.764027254000041,56.048596055000075],[15.759555189000025,56.056836350000026],[15.767196401000035,56.06455455400004],[15.775459934000025,56.06356440900004],[15.773186370000076,56.05243888700005]]],[[[15.812487151000028,56.057823806000044],[15.805838164000022,56.05581446600007],[15.798462194000024,56.05921746900003],[15.806280655000023,56.06467032900008],[15.814939947000028,56.05856504700006],[15.812487151000028,56.057823806000044]]],[[[15.732368592000057,56.06081248300006],[15.725433655000074,56.06233809400004],[15.736892627000032,56.064926839000066],[15.732368592000057,56.06081248300006]]],[[[15.743081093000058,56.06800353500006],[15.738385700000038,56.066881558000034],[15.732203210000023,56.071272528000065],[15.736566164000067,56.07422300500008],[15.743081093000058,56.06800353500006]]],[[[15.786654960000021,56.06863458200007],[15.777926708000052,56.06673975000007],[15.773778434000064,56.06928365400006],[15.772253018000072,56.075741735000065],[15.79191441100005,56.07345104400008],[15.786654960000021,56.06863458200007]]],[[[15.726650595000024,56.07739211000006],[15.715182797000068,56.07003314200006],[15.710524926000062,56.07725281000006],[15.728336296000066,56.08233213900007],[15.726650595000024,56.07739211000006]]],[[[15.743689737000068,56.09214174400006],[15.734047782000061,56.09361882700006],[15.739510066000037,56.09547320300004],[15.743689737000068,56.09214174400006]]],[[[15.723268382000072,56.08826981100003],[15.714027964000024,56.09047968900006],[15.718816680000032,56.09680469300008],[15.726583958000049,56.09272377500008],[15.723268382000072,56.08826981100003]]],[[[15.784451920000038,56.091428774000065],[15.778785526000036,56.08302786400003],[15.77413124700007,56.08302786400003],[15.769468722000056,56.08799136700003],[15.766722038000069,56.08640373700007],[15.769076081000037,56.077139224000064],[15.741549306000024,56.07283976300005],[15.740419324000072,56.07598331600008],[15.751235605000034,56.08748355800003],[15.764004433000025,56.09115587300005],[15.774730422000061,56.09941877400007],[15.78009682100003,56.09893603000006],[15.784451920000038,56.091428774000065]]],[[[15.739967341000067,56.10238461300003],[15.736691123000071,56.09984934700003],[15.731206803000077,56.10201112200008],[15.736227873000075,56.10443530900005],[15.739967341000067,56.10238461300003]]],[[[15.750439663000066,56.10645821600008],[15.748046056000078,56.10198566300005],[15.742606029000058,56.10211229400005],[15.750439663000066,56.10645821600008]]],[[[15.507126377000077,56.100676296000074],[15.493964696000035,56.09066618700007],[15.485306540000067,56.090673063000054],[15.492397560000029,56.09959123100003],[15.493382140000051,56.109071682000035],[15.507126377000077,56.100676296000074]]],[[[15.592192585000078,56.106505577000064],[15.589856134000058,56.10395739900008],[15.584865561000072,56.10733214800007],[15.58961892900004,56.109490967000056],[15.592192585000078,56.106505577000064]]],[[[15.747160934000021,56.11120416400007],[15.740027148000024,56.10836255100003],[15.735236170000064,56.11338436900007],[15.747160934000021,56.11120416400007]]],[[[14.705631226000037,56.11868441800004],[14.698362484000029,56.121825227000045],[14.704366694000043,56.122612694000054],[14.705631226000037,56.11868441800004]]],[[[15.676551763000077,56.11582144600004],[15.686443844000053,56.114865242000064],[15.693397079000022,56.120337438000035],[15.71319946500006,56.111775977000036],[15.725617820000025,56.11436043800006],[15.726128071000062,56.12037533900008],[15.733538434000025,56.11755640800004],[15.73317355200004,56.11400003700004],[15.726377314000047,56.11127260400008],[15.72552388300005,56.10605175400008],[15.714744389000032,56.10170907600008],[15.69995433300005,56.10707910100007],[15.692058768000038,56.105222096000034],[15.696393193000063,56.09859639000007],[15.704935293000062,56.09599784800008],[15.700928572000066,56.090141593000055],[15.705470457000047,56.08319722300007],[15.701068754000062,56.07489626800003],[15.696393193000063,56.07385841800004],[15.687322208000069,56.07358911400007],[15.676652861000036,56.079929777000075],[15.665652787000056,56.08030382100003],[15.637124662000076,56.098689457000035],[15.654977374000055,56.12342681800004],[15.670449715000075,56.123199783000075],[15.676551763000077,56.11582144600004]]],[[[15.490606025000034,56.12088074600007],[15.482887047000077,56.104819950000035],[15.469041737000055,56.09513349200006],[15.462942252000062,56.09523616400003],[15.46115997000004,56.099490099000036],[15.442357203000029,56.10001351000005],[15.439714484000035,56.105904441000064],[15.439371450000067,56.11116520200005],[15.447097324000026,56.10901210600008],[15.449081052000054,56.11626102000008],[15.457454293000069,56.11686825100003],[15.462372634000076,56.12064272900005],[15.468960737000032,56.11840607000005],[15.480217553000045,56.12373097400007],[15.490606025000034,56.12403445400008],[15.490606025000034,56.12088074600007]]],[[[14.981324732000076,56.120493743000054],[14.972239217000038,56.11116820400008],[14.968178671000032,56.11628724500008],[14.958228803000054,56.11780950600007],[14.95272406500004,56.12267134800004],[14.972244212000078,56.12041168600007],[14.980331413000044,56.12425777400006],[14.982964142000071,56.12217646400006],[14.981324732000076,56.120493743000054]]],[[[15.547938700000032,56.12469824400006],[15.563504938000051,56.12461470000005],[15.567053497000074,56.11925909000007],[15.560597820000055,56.10268221600006],[15.544930837000038,56.09852607600004],[15.521687579000059,56.102937213000075],[15.51608466500005,56.11321079800007],[15.531788973000062,56.12943153900005],[15.547938700000032,56.12469824400006]]],[[[15.431727268000031,56.126562050000075],[15.427840999000068,56.124239927000076],[15.42461531500004,56.127699592000056],[15.428253700000027,56.12984725500007],[15.431727268000031,56.126562050000075]]],[[[14.994602929000052,56.128072933000055],[14.988116684000033,56.12599726000008],[14.983392611000056,56.13120465000003],[14.989915858000074,56.13354611500006],[14.994602929000052,56.128072933000055]]],[[[15.631114781000065,56.10427407600008],[15.621492639000053,56.10078594000004],[15.613605712000037,56.10161153800004],[15.609098612000025,56.097925591000035],[15.598082653000063,56.10223561300006],[15.595479577000049,56.108728306000046],[15.617495899000062,56.12835007400008],[15.630810150000059,56.13404322800005],[15.63686025000004,56.131699266000055],[15.630924033000042,56.12084433700005],[15.633999088000053,56.10941963100004],[15.631114781000065,56.10427407600008]]],[[[15.38627783000004,56.13671228000004],[15.383477291000077,56.13272785800007],[15.377923293000038,56.13359710800006],[15.38627783000004,56.13671228000004]]],[[[15.794893707000028,56.13618093400004],[15.79077972600004,56.13406981500003],[15.785095714000022,56.13707973800007],[15.791024853000067,56.13893417000003],[15.794893707000028,56.13618093400004]]],[[[15.769086819000051,56.11310927900007],[15.771997846000033,56.10582096300004],[15.754698520000034,56.10894881400003],[15.744747389000054,56.11830155400003],[15.732693504000054,56.12168544300005],[15.71889146500007,56.13030282100004],[15.71473710600003,56.13590063800007],[15.732356808000077,56.139595936000035],[15.759986597000022,56.131065645000035],[15.77399330000003,56.130563006000045],[15.77624236500003,56.12570145400008],[15.767602431000057,56.11682573000007],[15.769086819000051,56.11310927900007]]],[[[14.989109326000062,56.137553628000035],[14.984449725000047,56.13511812100006],[14.976879671000063,56.13892208800007],[14.986239354000077,56.14161328100005],[14.991220700000042,56.138657213000045],[14.989109326000062,56.137553628000035]]],[[[15.22214746000003,56.14128175600007],[15.214636323000036,56.142559290000065],[15.223167927000077,56.14340482100005],[15.22214746000003,56.14128175600007]]],[[[15.506312192000053,56.144541814000036],[15.502928906000022,56.141201745000046],[15.497274703000073,56.14278007400003],[15.506312192000053,56.144541814000036]]],[[[14.996965946000046,56.14118281100008],[14.989922122000053,56.14266930000008],[14.994632602000024,56.14545611300008],[14.996965946000046,56.14118281100008]]],[[[15.075626622000073,56.143975227000055],[15.072625856000059,56.141112778000036],[15.067213732000027,56.143322315000034],[15.072439618000033,56.14589436000006],[15.075626622000073,56.143975227000055]]],[[[15.918433513000025,56.145997167000075],[15.914632364000056,56.14003110500005],[15.911263575000078,56.143453],[15.918433513000025,56.145997167000075]]],[[[14.987169392000055,56.146213525000064],[14.982287413000051,56.14339391000004],[14.97822638200006,56.146261165000055],[14.987169392000055,56.146213525000064]]],[[[14.968161093000049,56.14139164200003],[14.964650277000032,56.137875687000076],[14.957542228000023,56.14204018000004],[14.961652706000052,56.14814659700005],[14.968161093000049,56.14139164200003]]],[[[15.415191733000029,56.14324514400005],[15.415954033000048,56.14026190200008],[15.404306255000051,56.142102023000064],[15.409954577000065,56.14872066100003],[15.413804751000043,56.148673064000036],[15.415191733000029,56.14324514400005]]],[[[15.153473804000043,56.149165683000035],[15.151224768000077,56.143719385000054],[15.146381740000038,56.146371249000026],[15.153473804000043,56.149165683000035]]],[[[15.013286317000052,56.14900053500003],[15.013897383000028,56.14485645800005],[15.010094947000027,56.14522299500004],[15.007413029000077,56.149824108000075],[15.013286317000052,56.14900053500003]]],[[[15.496066417000065,56.148753947000046],[15.491226831000063,56.145443252000064],[15.487053527000057,56.14801450700003],[15.496066417000065,56.148753947000046]]],[[[15.172229816000026,56.14736766100003],[15.167440743000043,56.14007179200007],[15.153854972000033,56.14511687100003],[15.159686255000054,56.15135865600007],[15.172229816000026,56.14736766100003]]],[[[14.959755048000034,56.14992379700004],[14.956917431000022,56.146464509000054],[14.952338373000032,56.147997874000055],[14.956212848000064,56.15172179000007],[14.959755048000034,56.14992379700004]]],[[[15.249724623000077,56.15122470600005],[15.24676456800006,56.147657252000045],[15.241233935000025,56.14908232100004],[15.249724623000077,56.15122470600005]]],[[[15.592059747000064,56.14882988200003],[15.584118337000064,56.15138005800003],[15.589129264000064,56.15290757100007],[15.592059747000064,56.14882988200003]]],[[[14.942204394000044,56.15164527500008],[14.937952215000053,56.147517383000036],[14.933926832000054,56.15207542500008],[14.942204394000044,56.15164527500008]]],[[[14.966646271000059,56.153829399000074],[14.949928954000029,56.154536532000066],[14.95668770800006,56.15787760400008],[14.966646271000059,56.153829399000074]]],[[[14.981673257000068,56.156504486000074],[14.977629238000077,56.154142181000054],[14.97277501700006,56.15620373300004],[14.978007018000028,56.15868938800003],[14.981673257000068,56.156504486000074]]],[[[15.040028936000056,56.157058247000066],[15.036555343000032,56.15499590700006],[15.031141440000056,56.157439440000076],[15.035852624000029,56.15956596800004],[15.040028936000056,56.157058247000066]]],[[[14.696361379000052,56.15625487800003],[14.691687684000044,56.15392906000005],[14.687218087000076,56.15940507100004],[14.69293824600004,56.15989082100003],[14.696361379000052,56.15625487800003]]],[[[15.504471796000075,56.156669745000045],[15.496199445000059,56.15653622800005],[15.491078789000028,56.16001981900007],[15.50688440500005,56.15935091600005],[15.504471796000075,56.156669745000045]]],[[[15.402011179000056,56.14533570800006],[15.394079193000039,56.14829124800008],[15.391939363000063,56.15644359500004],[15.394565675000024,56.16109133400005],[15.405522249000057,56.15674865100004],[15.406452104000039,56.15107121600005],[15.402011179000056,56.14533570800006]]],[[[15.256768941000075,56.16086915500006],[15.252238351000074,56.156240542000035],[15.24843001000005,56.16005447400005],[15.256768941000075,56.16086915500006]]],[[[15.693882744000064,56.15819787600003],[15.690473188000055,56.15715428700008],[15.688713343000074,56.16076857000007],[15.692948886000067,56.16372840500003],[15.693882744000064,56.15819787600003]]],[[[15.40617230600003,56.16261312100005],[15.401715412000044,56.16177647900008],[15.399975551000068,56.166130312000064],[15.408697223000047,56.16572830700005],[15.40617230600003,56.16261312100005]]],[[[15.285732729000074,56.16372377500005],[15.281680713000071,56.16136486700003],[15.27664207600003,56.165651396000044],[15.28298344700005,56.167006653000044],[15.285732729000074,56.16372377500005]]],[[[15.271071410000047,56.169170560000055],[15.268192920000047,56.15913523300003],[15.262165161000041,56.16476660200004],[15.271071410000047,56.169170560000055]]],[[[15.520531651000056,56.16643272200008],[15.515751288000047,56.16401024600003],[15.50877700500007,56.16557901900006],[15.507284413000036,56.16934512100005],[15.515644690000045,56.16997880300005],[15.520531651000056,56.16643272200008]]],[[[15.431379181000068,56.16878887000007],[15.422029770000051,56.16776478300005],[15.419523235000042,56.171366653000064],[15.421394339000074,56.173505343000045],[15.437194993000048,56.171366653000064],[15.431379181000068,56.16878887000007]]],[[[15.407626095000069,56.17362465200006],[15.403493532000027,56.169706793000046],[15.398546289000024,56.17102747000007],[15.40234306900004,56.17437604400004],[15.407626095000069,56.17362465200006]]],[[[15.053941848000022,56.165391965000026],[15.050920246000032,56.161542531000066],[15.047405421000065,56.16486886600006],[15.048018981000041,56.16889185200006],[15.04258320200006,56.17155350200005],[15.04292683600005,56.17574946900004],[15.05304708500006,56.173502986000074],[15.053941848000022,56.165391965000026]]],[[[15.55870053500007,56.183033583000054],[15.555310147000057,56.18071284500007],[15.549929419000023,56.183234508000055],[15.555054385000062,56.18531886200003],[15.55870053500007,56.183033583000054]]],[[[16.06149812800004,56.27468132700005],[16.061229506000075,56.26248798700004],[16.05444444400007,56.26563980600008],[16.04807347800005,56.25960271900004],[16.044042114000035,56.26301582700006],[16.04874953500007,56.27282069900008],[16.06149812800004,56.27468132700005]]],[[[16.063628030000075,56.28503860400008],[16.061703445000035,56.27928490000005],[16.058126724000033,56.279491920000055],[16.05905752600006,56.28395150800003],[16.063628030000075,56.28503860400008]]],[[[16.06500638500006,56.29483425600006],[16.066819889000044,56.28852844800008],[16.059393817000057,56.293208494000055],[16.06500638500006,56.29483425600006]]]]}},{"type":"Feature","properties":{"code":"M","name":"Skåne","sourceCode":"SE224"},"geometry":{"type":"MultiPolygon","coordinates":[[[[14.167198477000056,56.49917811200004],[14.179288334000034,56.49476510800008],[14.203067024000063,56.49615519000008],[14.235021174000053,56.49202981600007],[14.268918086000042,56.50609373100008],[14.275027582000064,56.50436097900007],[14.279704405000075,56.49817195300005],[14.317051414000048,56.49373385700005],[14.342654115000073,56.485455013000035],[14.434840264000059,56.470349687000066],[14.456770794000022,56.47198169200004],[14.473043700000062,56.46478063400008],[14.51466946000005,56.46003693000006],[14.506911890000026,56.44765382800006],[14.498420872000054,56.44386923300004],[14.488394846000062,56.42522173000003],[14.47203569800007,56.40834590800006],[14.414513360000058,56.399579258000074],[14.413979115000075,56.39440644000007],[14.420485849000045,56.38426642300004],[14.419181508000065,56.369785215000036],[14.413853303000053,56.36542114700006],[14.405700435000028,56.33589543900007],[14.390576534000047,56.30181902600003],[14.406679946000054,56.30365854300004],[14.408224240000038,56.29358208900004],[14.428806941000062,56.28900222700008],[14.427014431000032,56.260605386000066],[14.434122014000025,56.25148299300008],[14.428089288000024,56.24827006500004],[14.442975809000075,56.22898088200003],[14.464164521000043,56.22589181600006],[14.464263370000026,56.23576075200003],[14.468103950000057,56.23787221100008],[14.515243069000064,56.21746382300006],[14.53261823500003,56.223011188000044],[14.565440354000032,56.22424089100008],[14.565192722000063,56.21368480900003],[14.58060383000003,56.172578428000065],[14.578384418000041,56.16301697100005],[14.582150442000057,56.150730844000066],[14.580259967000075,56.14016059700003],[14.585186509000039,56.12928423000005],[14.578818566000052,56.11136795600004],[14.578342779000025,56.09806360200008],[14.556555073000027,56.08302786400003],[14.55328224300007,56.06706695100007],[14.546399422000036,56.061317657000075],[14.53753006100004,56.05925976000003],[14.531815606000066,56.041866105000054],[14.515052259000072,56.03662301900005],[14.509301323000045,56.03861168800006],[14.498407808000024,56.03205281100003],[14.473836368000036,56.036325083000065],[14.467959197000027,56.02600447100008],[14.46354625500004,56.02581592900003],[14.461685862000024,56.02164475200004],[14.465662424000072,56.01368813000005],[14.446877794000045,56.005162245000065],[14.450565706000077,55.99765849900007],[14.437092845000052,56.00012437700008],[14.43354348400004,55.99245292300003],[14.420533093000074,55.99145775000005],[14.41945170300005,55.98703220800007],[14.41254336000003,55.98639398100005],[14.409435148000057,55.978380850000065],[14.411357999000074,55.97152653900008],[14.386347064000063,55.97357606000003],[14.376877126000068,55.95960288900005],[14.36482531200005,55.95688926500003],[14.351920633000077,55.96191029500005],[14.334671507000053,55.95443019100003],[14.321792206000055,55.93749343800005],[14.322294138000075,55.93338414200008],[14.328608444000054,55.93061350600004],[14.322516675000031,55.92355359100003],[14.326207386000021,55.92015942200004],[14.27320839500004,55.89692697600003],[14.248397404000059,55.87368646200008],[14.219262569000023,55.82854325300008],[14.203466293000076,55.78974238100005],[14.194158403000074,55.74835565800004],[14.194477980000045,55.73008919800003],[14.204992407000077,55.70160520200005],[14.225529022000046,55.68907535100004],[14.256497523000064,55.68044493600007],[14.271719505000021,55.67261589800006],[14.277669761000027,55.663908707000076],[14.277854494000053,55.64164399400005],[14.284564343000056,55.61887193000007],[14.296357018000037,55.61319255800004],[14.313490693000062,55.59589341800006],[14.33063093100003,55.58769967600006],[14.342150571000047,55.56584043700008],[14.360205791000055,55.55437430500007],[14.355458826000074,55.533397655000044],[14.348227477000023,55.52295424200008],[14.347539254000026,55.50956727000005],[14.327594764000025,55.49945575100003],[14.318193220000069,55.49142673000006],[14.316067625000073,55.485507486000074],[14.304642173000047,55.483858170000076],[14.284926402000053,55.47355164800007],[14.273620350000044,55.45578417100006],[14.239091365000036,55.43557384700006],[14.203202612000041,55.39004325600007],[14.191133174000072,55.38238395500008],[14.155264688000045,55.37693380600007],[14.082840762000046,55.385333296000056],[14.054973817000075,55.38120466400005],[13.969374340000059,55.42329386200004],[13.935069417000022,55.432577379000065],[13.902273150000042,55.43507751200008],[13.873114921000024,55.432415725000055],[13.83642599500007,55.419029556000055],[13.825209298000061,55.42561402700005],[13.81485790000005,55.42648851000007],[13.790678960000037,55.42421053000004],[13.714520779000054,55.426899466000066],[13.675815903000057,55.41685107100005],[13.641292255000053,55.41712440300006],[13.624700207000046,55.41218136400005],[13.611362704000044,55.40425402400007],[13.594283672000074,55.38805770300007],[13.564315774000022,55.384170880000056],[13.540670490000025,55.38713149800003],[13.510225020000064,55.38589986800008],[13.480974944000025,55.379808464000064],[13.443167379000045,55.36631236100004],[13.422939290000045,55.354806342000074],[13.391759227000023,55.35000143100007],[13.36042941900007,55.33736471100008],[13.27421025600006,55.34406889500008],[13.203397496000036,55.36339335500003],[13.154524439000056,55.37146959200004],[13.143447993000052,55.36804981000006],[13.132826358000045,55.37252797300005],[13.100978608000048,55.375618229000054],[13.07571402800005,55.36796753300007],[12.965674782000065,55.40201827200008],[12.950322400000061,55.39981679200008],[12.921892015000026,55.38591270200004],[12.908243652000067,55.38667761500005],[12.88473424600005,55.396954770000036],[12.855386640000063,55.39196885100006],[12.810717800000077,55.37834589300007],[12.828251813000065,55.41485275100007],[12.83240875100006,55.412331780000045],[12.839316960000076,55.424240033000046],[12.846264641000062,55.42497095200008],[12.860199167000076,55.43888156600008],[12.866494827000054,55.43586127700007],[12.871801969000046,55.42080107000004],[12.888881127000047,55.41027137300006],[12.92839804700003,55.40935277400007],[12.947362326000075,55.41758707300005],[12.951333867000073,55.423155404000056],[12.95093435800004,55.43488344500008],[12.943480008000051,55.45701842600005],[12.952547787000071,55.45608133700006],[12.967914483000072,55.43963575400005],[12.970010529000035,55.442360525000026],[12.968540181000037,55.45762033300008],[12.937830478000024,55.49633302700005],[12.930304953000075,55.50171187800004],[12.919643130000054,55.51811600600007],[12.903944136000064,55.52278321500006],[12.90869843400003,55.53588086500008],[12.903577540000072,55.55667568100006],[12.896693369000047,55.562763165000035],[12.896065793000048,55.56730274200004],[12.912252139000032,55.57908192900004],[12.921535308000045,55.59124115100008],[12.963642162000042,55.604567141000075],[12.977021602000036,55.61682892600004],[12.999005775000057,55.615842402000055],[12.999541609000062,55.624144486000034],[13.008954090000032,55.63602669100004],[13.051029006000022,55.64048687500008],[13.050679377000051,55.65209977400008],[13.06284170500004,55.66962316000007],[13.053551829000071,55.69342729600004],[13.04516989800004,55.70082895300004],[12.996725747000028,55.72652424700004],[12.995887193000044,55.72967563900005],[12.97111112400006,55.725518356000066],[12.959443584000041,55.72779663600005],[12.955505465000044,55.72994439900003],[12.95922336600006,55.74178376500004],[12.953519421000067,55.74790787000006],[12.943024121000064,55.748394620000056],[12.923388212000077,55.74184994800004],[12.904091487000073,55.75176943000008],[12.907935442000053,55.761782391000054],[12.92703158200004,55.773696732000076],[12.932164832000069,55.78425068800004],[12.93181757800005,55.80259370700003],[12.918679804000021,55.82518403300003],[12.903999776000035,55.84251024800005],[12.87444262200006,55.86059171800008],[12.854925566000077,55.85710235100004],[12.848180586000069,55.859766197000056],[12.834571155000049,55.85460644300008],[12.824868264000031,55.86213904500005],[12.815025483000056,55.862736201000075],[12.817437349000045,55.87186390100004],[12.805936565000025,55.89260797900005],[12.80372026200007,55.91392710200006],[12.783386413000073,55.93584333200005],[12.771207511000057,55.941125026000066],[12.75970752400002,55.952881586000046],[12.754680139000072,55.97688495800003],[12.747741105000046,55.98925963800008],[12.730440188000046,56.00097184600003],[12.704355108000073,56.00995316400008],[12.675551141000028,56.06563],[12.625447816000076,56.10580220800006],[12.603136733000042,56.118537006000054],[12.585597325000037,56.13733223400004],[12.567995698000061,56.14694321400003],[12.555448584000032,56.179466165000065],[12.553384571000038,56.19575825000004],[12.538411549000045,56.205696673000034],[12.541852727000048,56.21781234200006],[12.531589157000042,56.24422877400008],[12.489189919000069,56.285743231000026],[12.456631519000041,56.29534322000006],[12.451485173000037,56.30139729800004],[12.46586082400006,56.302393290000055],[12.514940059000025,56.29459867800006],[12.575370883000062,56.275202156000034],[12.593088373000057,56.27279698700005],[12.607733077000034,56.26611798300007],[12.656282549000025,56.25558399600004],[12.668143059000045,56.24881208700003],[12.674055077000048,56.23825287900007],[12.688966747000052,56.23111625900003],[12.697168090000048,56.22179280100005],[12.713879999000028,56.22517392200007],[12.723185038000054,56.23195938500004],[12.741813082000021,56.22694820100003],[12.747359145000075,56.23127740800004],[12.767204883000034,56.21952098000003],[12.785417471000073,56.21787449100003],[12.788758704000031,56.223240694000026],[12.816709587000048,56.23977505700003],[12.82890427500007,56.25373116800006],[12.836033956000051,56.26942141600006],[12.826652962000026,56.28249542600008],[12.766728077000039,56.30310966600007],[12.761813053000026,56.307634646000054],[12.762640930000032,56.31457711300004],[12.754841999000064,56.33088671000007],[12.746572251000032,56.337130427000034],[12.743055815000048,56.35069651200007],[12.734346617000028,56.362263186000064],[12.708011079000073,56.36703786500004],[12.683604335000041,56.381886173000055],[12.639919236000026,56.38915382000005],[12.628511574000072,56.39405336800007],[12.622674184000061,56.403534335000074],[12.62090676500003,56.421328635000066],[12.631787635000023,56.42997729900003],[12.635055826000041,56.43746499500003],[12.658760794000045,56.45513764600008],[12.678953230000047,56.454209519000074],[12.704783748000068,56.470215849000056],[12.727366422000046,56.47183050500007],[12.748446748000049,56.46765408700003],[12.854623513000035,56.430716148000045],[12.879816401000028,56.43746499500003],[12.899312826000028,56.44900450400007],[12.941463587000044,56.44001396700003],[12.952543669000022,56.44185244200003],[12.956358893000072,56.44063186400007],[12.955663393000066,56.43092055200003],[12.965045073000056,56.42672759300007],[12.959368073000064,56.41375009400008],[12.969015971000033,56.41047434700005],[12.957096242000034,56.39539258100007],[12.967323383000064,56.38884748800007],[12.950137865000045,56.36926254100007],[12.974132474000044,56.36649690200005],[12.980463878000023,56.35846357300005],[13.073830740000062,56.351608577000036],[13.127225899000052,56.35529343200005],[13.14655523600004,56.353370522000034],[13.168399754000063,56.34312812700006],[13.182575867000025,56.33999989600005],[13.188194570000064,56.32529451900007],[13.195943885000077,56.32357004800008],[13.229141839000022,56.33293661100004],[13.25237437100003,56.34956468900003],[13.253203948000078,56.35861786500004],[13.30568814000003,56.38526015200006],[13.34591683900004,56.39042297300006],[13.38658427100006,56.41421787400003],[13.43757284700007,56.41900081600005],[13.462636497000062,56.428188617000046],[13.500667368000052,56.40630083800005],[13.517511355000067,56.41156913400005],[13.541818972000044,56.404333733000044],[13.580354568000075,56.40941249100007],[13.595955336000031,56.415250455000034],[13.603362615000037,56.41263093600003],[13.629615598000044,56.41816532900003],[13.69616777300007,56.42474751800006],[13.76015437500007,56.44406486000008],[13.792846431000044,56.44789618400006],[13.875895010000022,56.43778549100006],[13.890118759000075,56.45163493500007],[13.899837369000068,56.45596752100005],[13.926631189000034,56.45830041000005],[13.95250203200004,56.46663141200003],[14.02462600900003,56.47032558600006],[14.05380864600005,56.499321062000035],[14.064815185000043,56.52580150500006],[14.09160765100006,56.532195742000056],[14.117782829000078,56.52433008500003],[14.119851874000062,56.51482588500005],[14.126440141000046,56.50758098400007],[14.148331409000036,56.506064913000046],[14.167198477000056,56.49917811200004]]],[[[12.817728781000028,55.35900380800007],[12.81338381200004,55.355170326000064],[12.806140742000025,55.35675236700007],[12.812700760000041,55.360472265000055],[12.817728781000028,55.35900380800007]]],[[[12.805144814000073,55.363577099000054],[12.800826503000053,55.361887273000036],[12.803869439000039,55.369515060000026],[12.805144814000073,55.363577099000054]]],[[[12.840636767000035,55.42889123700007],[12.838935327000058,55.42464989500007],[12.834213576000025,55.42650450300005],[12.837191376000021,55.43028357000003],[12.840636767000035,55.42889123700007]]],[[[12.944029232000048,55.45985181400005],[12.939689032000047,55.45913170500006],[12.936698800000045,55.46360147400003],[12.942298117000064,55.463301355000056],[12.944029232000048,55.45985181400005]]],[[[12.824492892000023,55.850156482000045],[12.81524902600006,55.84909126200006],[12.81093217800003,55.85237663600003],[12.824675157000058,55.85825786200007],[12.824492892000023,55.850156482000045]]],[[[12.718402665000042,55.89227424200004],[12.700531485000056,55.89041967300005],[12.669415399000059,55.91231869400008],[12.666482773000041,55.919535275000044],[12.701051276000044,55.92004207300005],[12.724956390000045,55.90739733500004],[12.718402665000042,55.89227424200004]]],[[[14.447580050000056,55.96613842600004],[14.439024988000028,55.96718309200003],[14.443799574000025,55.96941572600008],[14.447580050000056,55.96613842600004]]],[[[14.45305787600006,55.97614603900007],[14.448914375000072,55.97358077700005],[14.444028908000064,55.97552672200004],[14.449448259000064,55.97808618300007],[14.45305787600006,55.97614603900007]]],[[[14.457062652000047,55.98636759700008],[14.458614161000071,55.979964933000076],[14.453109090000055,55.986065057000076],[14.457062652000047,55.98636759700008]]],[[[12.563671191000026,56.44886878400007],[12.56629033400003,56.443623383000045],[12.576323482000078,56.44477200600005],[12.582495545000029,56.43833327800007],[12.57647621600006,56.43372784500008],[12.561711864000074,56.430549478000046],[12.556281460000037,56.44035652000008],[12.541938395000045,56.45054688700003],[12.556594954000047,56.45555084700004],[12.563671191000026,56.44886878400007]]]]}},{"type":"Feature","properties":{"code":"E","name":"Östergötland","sourceCode":"SE123"},"geometry":{"type":"MultiPolygon","coordinates":[[[[15.928030797000076,58.96039306500006],[15.994053314000041,58.93702324100008],[16.07933591400007,58.92005039800006],[16.089151643000037,58.91206700400005],[16.093597052000064,58.90525457400008],[16.092110126000023,58.901666926000075],[16.099184523000076,58.89777456500008],[16.10361513600003,58.88585607200008],[16.114915263000057,58.88460373600003],[16.177282684000033,58.859942397000054],[16.192146808000075,58.83948796000004],[16.262260441000024,58.832062319000045],[16.28755023800005,58.80396532600008],[16.306984815000078,58.79047644100007],[16.299719012000025,58.77673865300005],[16.301621427000043,58.77263267300003],[16.33005187300006,58.77682446600005],[16.36676658700003,58.75352616400005],[16.372992242000066,58.740110721000065],[16.377031785000042,58.714192644000036],[16.387355221000064,58.703117690000056],[16.414673434000065,58.70282189100004],[16.437245521000023,58.69747196000003],[16.542529496000043,58.70023647200003],[16.620307541000045,58.690903682000055],[16.642257009000048,58.67931746600004],[16.655760754000028,58.680466480000064],[16.695176210000056,58.673603299000035],[16.707580419000067,58.66649653200005],[16.724635066000076,58.648610543000075],[16.75128919200006,58.634158608000064],[16.74944724900007,58.62694507500004],[16.70714911700003,58.62771093900005],[16.628712547000077,58.637494565000054],[16.595196013000077,58.63763865000004],[16.473141025000075,58.65554749800003],[16.39004800600003,58.657982434000076],[16.335523425000076,58.66565354100004],[16.278042463000077,58.66656830100004],[16.23137179400004,58.660664946000054],[16.233617534000075,58.65761782200008],[16.25383928900004,58.65273814900007],[16.26417116600004,58.644491068000036],[16.263413037000078,58.63913499900008],[16.254390340000043,58.63188249500007],[16.224535223000032,58.63131669000006],[16.191547938000042,58.63833322800008],[16.187131368000053,58.63524519500004],[16.183946451000054,58.62271627200005],[16.18784462800005,58.61768321100004],[16.19255628700006,58.627617857000075],[16.20020450000004,58.629624023000076],[16.240234780000037,58.62232221700003],[16.26364958700003,58.61062353400007],[16.305433632000074,58.60784147900006],[16.315167363000057,58.609972725000034],[16.320400618000065,58.616633525000054],[16.33597043700007,58.61922796700003],[16.34196997600003,58.62924074800003],[16.350601358000063,58.629515121000054],[16.383002280000028,58.61607867200007],[16.39004800600003,58.59510782800004],[16.404157544000043,58.58879696000008],[16.42637273400004,58.597004036000044],[16.43151147100002,58.62742344000003],[16.44817465400007,58.63542284700003],[16.492939027000034,58.628168283000036],[16.535093284000027,58.61691109100008],[16.55220093500003,58.62114298600005],[16.552385265000055,58.628289246000065],[16.555584957000065,58.63086621400004],[16.59484928100005,58.62790434400006],[16.65785580100004,58.616315436000036],[16.746455019000052,58.58661863300006],[16.748617024000055,58.58932184500003],[16.74288931700005,58.600032902000066],[16.776919856000063,58.60049057500004],[16.791247105000025,58.59277512400007],[16.78844545100003,58.581567852000035],[16.77885760600003,58.573568238000064],[16.782972553000036,58.56525121700008],[16.79171452500003,58.56551808200004],[16.798430161000056,58.56009889400008],[16.836282657000027,58.55162917200005],[16.839264350000064,58.545996512000045],[16.830803810000077,58.54051207700007],[16.850169334000043,58.536393014000055],[16.855403468000077,58.53097114500008],[16.851915220000024,58.52442789200006],[16.892991652000035,58.51065969400008],[16.921263630000055,58.49391927000005],[16.935814400000027,58.49243717200005],[16.943308484000056,58.48282515500006],[16.92531348400007,58.47320083300008],[16.90275460600003,58.47519986600008],[16.871793441000023,58.472684369000035],[16.84534190900007,58.445851893000054],[16.81781453600007,58.440402895000034],[16.77657854100005,58.44038120400006],[16.745849538000073,58.42295673400008],[16.72861935000003,58.42772549000006],[16.711862804000077,58.42472791200004],[16.677435589000027,58.43485588000004],[16.655989671000043,58.435822106000046],[16.628170733000047,58.44493835900005],[16.588896849000037,58.44559186100008],[16.487575368000023,58.48209047700004],[16.48347499700003,58.48132279100008],[16.483477520000065,58.47670462000008],[16.479733545000045,58.47537140400004],[16.426466143000027,58.48382577700005],[16.42057311700006,58.48147489400003],[16.416482556000062,58.47504709600008],[16.462338957000043,58.47065861400006],[16.519622467000033,58.451268078000055],[16.554283793000025,58.44468093900008],[16.563691547000076,58.43970647200007],[16.56845549600007,58.43278113400004],[16.604345239000054,58.43856840800004],[16.62574142400007,58.42257366700005],[16.646959727000024,58.420924573000036],[16.66721090300007,58.40740137300003],[16.708719216000077,58.396501295000064],[16.717535146000046,58.38292310600008],[16.713969989000077,58.36763386800004],[16.71646867900006,58.36276847900007],[16.735647578000055,58.359148093000044],[16.74839772300004,58.369906908000075],[16.77886989700005,58.371198492000076],[16.788036034000072,58.359641070000066],[16.791961,58.34230456300003],[16.779998387000035,58.32789235900003],[16.74171655200007,58.34276746200004],[16.714370313000074,58.335326234000036],[16.669930518000058,58.33826449800006],[16.732054075000065,58.31408040100007],[16.804805671000054,58.31301930200004],[16.815257315000053,58.304458674000045],[16.80900895600007,58.298471145000065],[16.790455957000063,58.29009861900005],[16.80609925600004,58.27986303100005],[16.807120500000053,58.275243243000034],[16.776515980000056,58.27637393100008],[16.75246610000005,58.27161344900003],[16.738844436000022,58.26360951600003],[16.71533106800007,58.267321733000074],[16.706994173000055,58.265848220000066],[16.713871986000072,58.26101550000004],[16.744845229000077,58.25199708500003],[16.756356277000066,58.241383307000035],[16.77110203700005,58.24413316500005],[16.805771852000078,58.23621052200008],[16.807236491000026,58.231569953000076],[16.80101427200003,58.22436765500004],[16.802118611000026,58.21716921700005],[16.819644437000022,58.21657272400006],[16.815460373000064,58.20061166000005],[16.843993788000034,58.19144810700004],[16.847383055000023,58.17517740900007],[16.833227763000025,58.16819302400006],[16.80327925200004,58.16786194000008],[16.806565430000035,58.16195523400006],[16.820757713000035,58.15378568500006],[16.823359194000034,58.13418410200006],[16.80471786800007,58.12923002800005],[16.773162599000045,58.112736279000046],[16.766825719000053,58.115560207000044],[16.76972994600004,58.11934959900003],[16.767816750000065,58.12184368100003],[16.749204899000063,58.123759773000074],[16.718511057000057,58.14349357600008],[16.624640765000038,58.19049317200006],[16.628532120000045,58.18433831300007],[16.709297976000073,58.138525988000026],[16.707865233000064,58.123124490000066],[16.723420885000053,58.121958849000066],[16.73347818700006,58.11106066200006],[16.748743153000078,58.102099089000035],[16.74797490000003,58.09312626500008],[16.797288824000077,58.07341246000004],[16.81021983200003,58.06184012800003],[16.79840223100007,58.04843740600006],[16.79069921300004,58.04627863500008],[16.769447763000073,58.05067890000004],[16.771865295000055,58.067958255000065],[16.747748139000066,58.07040746200005],[16.734645983000064,58.067139987000076],[16.738446913000075,58.058349659000044],[16.74641649000006,58.05347373600006],[16.74580341500007,58.04427824800007],[16.768334158000073,58.029191816000036],[16.76833811000006,58.020316104000074],[16.774127828000076,58.00890985400008],[16.765981362000048,58.00868252500004],[16.74286870700007,58.01661795500007],[16.72619456600006,58.01289964000006],[16.708128687000055,58.01778983400004],[16.69956033400007,58.011352318000036],[16.700282704000074,58.00652688300005],[16.720187488000022,58.00594961200005],[16.726316043000054,58.00091584300003],[16.711495494000076,57.99607118800003],[16.681897090000064,58.00442828700005],[16.67186028200007,58.01458304000005],[16.664111975000026,58.03383818000003],[16.656602233000058,58.02511559700008],[16.65405038800003,58.00693869000003],[16.657023975000072,58.00160111200006],[16.66673079700007,57.996029702000044],[16.656201045000046,57.99316229500005],[16.627238646000023,58.00388693000008],[16.627225382000063,58.01285356600005],[16.60358454200002,58.03465573900007],[16.602747693000026,58.04478784400004],[16.59714600500007,58.04967426300004],[16.60239380300004,58.056516126000076],[16.566903154000045,58.08548785800008],[16.567434235000064,58.098107483000035],[16.55305148700006,58.10701372700004],[16.529776146000074,58.11353937500007],[16.495558682000024,58.09289991300005],[16.486425325000027,58.091069204000064],[16.467020452000042,58.098618016000046],[16.45555869800006,58.111135397000055],[16.43143872400003,58.11437675700006],[16.41223059300006,58.12826572500006],[16.391628410000067,58.12941755700007],[16.386095112000078,58.13361761300007],[16.359289154000066,58.12902041400008],[16.332130591000066,58.11728661500007],[16.303982137000048,58.124534449000066],[16.28403099700006,58.13646307500005],[16.263859104000062,58.14131555100005],[16.23958780600003,58.13493358800008],[16.235697166000023,58.12909293400003],[16.21520698300003,58.11724662100005],[16.208302866000054,58.10627987600003],[16.191295852000053,58.10361432500008],[16.177353222000022,58.10919889000007],[16.169840333000025,58.10234647900006],[16.16606229300004,58.09105395700004],[16.177488652000022,58.06621494400008],[16.17558034700005,58.06363249800006],[16.149061849000077,58.06159661700008],[16.12630111900006,58.08497923600004],[16.11746439600006,58.085016050000036],[16.081108452000024,58.071496538000076],[16.06632163200004,58.06956448500006],[16.02765056900006,58.073180843000046],[16.012678108000046,58.08453350600007],[16.004877433000047,58.08567799200006],[15.988188597000033,58.075251878000074],[15.996962589000077,58.06755151400006],[16.01224860600007,58.061476620000064],[16.015222176000066,58.05410474000007],[15.996942213000068,58.03536395100008],[15.995392310000057,58.02180157000004],[16.025150116000077,58.009085981000055],[16.052596107000056,57.987982990000035],[16.084154004000027,57.97879605000003],[16.055152802000066,57.96279146000006],[16.041578568000034,57.96146780400005],[16.030347017000054,57.95465902900003],[16.019354087000067,57.94259578000003],[16.029542656000046,57.92163172800008],[16.04925843600006,57.912055172000066],[16.059227861000068,57.90199047400006],[16.05746990500006,57.89231178700004],[16.06543348400004,57.874267452000026],[16.031300819000023,57.861346119000075],[15.96559759400003,57.82350720900007],[15.940813538000043,57.80459925000008],[15.912339339000027,57.81656144300007],[15.893370097000059,57.82881202600004],[15.855190442000037,57.82831702100003],[15.824658119000048,57.817071070000054],[15.804155063000053,57.83197350200004],[15.766844186000071,57.850972424000076],[15.735903675000031,57.850083322000046],[15.706419410000024,57.857147602000055],[15.67607719800003,57.85900654000005],[15.657783873000028,57.85643267000006],[15.640126532000068,57.84983576900004],[15.620739333000074,57.85441493600007],[15.601773786000024,57.85375559900007],[15.605525464000038,57.831439368000076],[15.597814945000039,57.82122027500003],[15.54310836600007,57.78833397200003],[15.553176304000033,57.77307165800005],[15.535715714000048,57.76959455400004],[15.525024273000042,57.76322241100007],[15.512919624000062,57.76765121200003],[15.499697525000045,57.758777069000075],[15.48736869000004,57.76198370800006],[15.478573693000044,57.75565364100004],[15.43416484200003,57.74562575500005],[15.450777248000065,57.73255220300007],[15.441835922000053,57.727259840000045],[15.444016774000033,57.71687263900003],[15.421051158000068,57.70487941700003],[15.405657320000046,57.70808813600007],[15.358446038000068,57.70643630400008],[15.331657819000043,57.70014901300004],[15.283248100000037,57.71514498700003],[15.276661414000046,57.70974715600005],[15.26175328100004,57.706550433000075],[15.179189785000062,57.71003664300008],[15.17837591700004,57.70542179000006],[15.158379116000049,57.70591228100005],[15.137711780000075,57.71531927900003],[15.128358685000023,57.71631255400007],[15.128176222000036,57.726323387000036],[15.119465998000067,57.74400742200004],[15.090463240000076,57.77059660400005],[15.069178451000028,57.822569712000075],[15.075338195000029,57.839189014000056],[15.067253466000068,57.84776831200003],[15.03958422200003,57.86039470900005],[15.031598271000064,57.868369606000044],[15.021301920000042,57.88785928400006],[15.010604950000072,57.89231178700004],[14.996427728000072,57.90601048600007],[14.998166145000027,57.91369959700006],[15.00961195900004,57.924121471000035],[15.004385125000056,57.93274303100003],[14.990928925000048,57.94125891300007],[15.016516973000023,57.95600069400007],[15.012064173000056,57.98733850000008],[15.020891595000023,57.99012642400004],[15.066047518000062,57.98595327400005],[15.07250149600003,57.98852265900007],[15.080027080000036,57.99752842000004],[15.07363693800005,58.01509899100006],[15.063876951000054,58.025570095000035],[15.029915611000035,58.048761537000075],[15.037663457000065,58.058327173000066],[15.007710349000035,58.10003229400007],[15.004489845000023,58.11029027400008],[14.995883055000036,58.119862616000034],[14.978109446000076,58.13075588000004],[14.980609960000038,58.14884177300007],[14.970172066000032,58.14928496600004],[14.95596155800007,58.14475949600006],[14.948195732000045,58.13868980900003],[14.930710442000077,58.13477282300005],[14.892384394000032,58.136130414000036],[14.889713433000054,58.128423772000076],[14.892040187000077,58.125125866000076],[14.899515535000035,58.12082978500007],[14.909329913000022,58.12296769000005],[14.915567095000029,58.11920979800004],[14.912012085000072,58.11186944500008],[14.898068452000075,58.11102104400004],[14.888805646000037,58.10018435600006],[14.89480478400003,58.092310257000065],[14.893439514000022,58.08646429600003],[14.890334912000071,58.08543671000007],[14.88199717200007,58.090063745000066],[14.811399098000038,58.082953994000036],[14.768007349000072,58.08582052600008],[14.764427503000036,58.095109842000056],[14.757047543000056,58.10272132800003],[14.723477624000054,58.098008468000046],[14.660208089000037,58.100390093000044],[14.64685651600007,58.09587959300006],[14.594735229000037,58.09826637400005],[14.574292356000058,58.106915693000076],[14.548935345000075,58.10624783900005],[14.538023493000026,58.11301865200005],[14.469232641000076,58.13109845900004],[14.416710245000047,58.18724050800006],[14.522268943000029,58.35743709400003],[14.67352093200003,58.509967955000036],[14.778936290000047,58.64599260500006],[14.806636062000052,58.66488312400003],[14.930087354000023,58.69624154400003],[14.954543125000043,58.69285951300003],[14.971956196000065,58.684675424000034],[15.002425892000076,58.69683853200007],[15.013287848000061,58.70487641700004],[15.034404757000061,58.70581327700006],[15.04829817700005,58.72196131900006],[15.054292528000076,58.73806426500005],[15.069386271000042,58.75582247800003],[15.082612462000043,58.76485887000007],[15.09289562300006,58.764168674000075],[15.098574412000062,58.76842367000006],[15.113031101000047,58.77106341400008],[15.119129089000069,58.78184789900007],[15.129546469000047,58.786795193000046],[15.123220982000078,58.793859514000076],[15.138718749000077,58.81812403100008],[15.167394228000035,58.81074034800008],[15.19871863700007,58.81501053300008],[15.218030806000058,58.82871897600006],[15.218320035000033,58.84096072400007],[15.244110378000073,58.840134798000065],[15.263839837000035,58.86364764500007],[15.27600762700007,58.86273350000005],[15.294833734000065,58.85074510700008],[15.324446118000026,58.85765704600004],[15.329073663000031,58.84821458200008],[15.346552650000035,58.829326550000076],[15.380869670000038,58.84615374800006],[15.405429888000072,58.842209181000044],[15.414739781000037,58.833265906000065],[15.418841634000046,58.808555410000054],[15.427860728000041,58.81443092500007],[15.428292228000032,58.82212383800004],[15.453825167000048,58.824189054000044],[15.443246185000078,58.86307268400003],[15.511862931000053,58.86400912100004],[15.552769200000057,58.86980079700004],[15.563429149000058,58.89312262200008],[15.586853071000064,58.89891261200006],[15.592503706000059,58.90567081800003],[15.591936805000046,58.909729449000054],[15.562301988000058,58.93794613400007],[15.559378631000072,58.956557986000064],[15.59073591300006,58.96004441200006],[15.62812585000006,58.98219494700004],[15.63827979000007,58.974681254000075],[15.674256262000029,58.975198196000065],[15.686749384000052,58.98191862200008],[15.688550256000042,58.98683433900004],[15.700523599000064,58.98482878300007],[15.72103830900005,58.98889602000003],[15.734249618000035,58.971152576000065],[15.741118338000035,58.952987963000055],[15.761577880000061,58.95655610500006],[15.765807001000042,58.965477941000074],[15.779778259000068,58.969227784000054],[15.783507676000056,58.984829399000034],[15.80526833600004,59.001952499000026],[15.807869416000074,59.016786886000034],[15.816482606000022,59.01928604600005],[15.842380065000043,59.01466177300006],[15.867970697000032,59.001664970000036],[15.870718057000033,58.99857304200003],[15.868513843000073,58.99156777400003],[15.880825160000029,58.988811885000075],[15.883847737000053,58.978844253000034],[15.910426913000038,58.96300001700007],[15.928030797000076,58.96039306500006]]],[[[16.813741935000053,58.41122982100006],[16.818860364000045,58.39826651900006],[16.852200752000044,58.40177662100007],[16.857255680000037,58.397666869000034],[16.854754515000025,58.390808195000034],[16.84142275100004,58.38028800300003],[16.846530985000072,58.37257723100004],[16.833540585000037,58.36962291400005],[16.82957779800006,58.36582113000003],[16.83733879500005,58.350468394000075],[16.85885945600006,58.33742999700007],[16.880033453000067,58.33072414900005],[16.90518097200004,58.33756792300005],[16.916932705000022,58.33387857900004],[16.90187416300006,58.32257406900004],[16.876190378000047,58.316633600000046],[16.844596091000028,58.32040123300004],[16.828977429000076,58.330236038000066],[16.815045401000077,58.332461256000045],[16.81055651500003,58.33690319700003],[16.80924533500007,58.34669951700005],[16.798393985000075,58.36745298300008],[16.784716675000027,58.38146086000006],[16.788075480000032,58.39427367500008],[16.779406840000036,58.40770477900003],[16.806411616000048,58.41562914600007],[16.813741935000053,58.41122982100006]]],[[[16.85968472600007,58.27154827600003],[16.85687825100007,58.26729906700007],[16.846868570000026,58.27144343800006],[16.82770418100006,58.26502181700005],[16.830474994000042,58.27329307100007],[16.850134634000028,58.28187769200008],[16.83669774400005,58.28725921200004],[16.825162015000046,58.28739226700003],[16.822086350000063,58.298118817000045],[16.827876459000038,58.30406356600008],[16.825977710000075,58.31058222900003],[16.84307968400003,58.31244875400006],[16.88892875500005,58.29711299200005],[16.887935859000038,58.29280109600006],[16.875730866000026,58.28577448800007],[16.880978493000043,58.27912194500004],[16.873574847000043,58.27419867100008],[16.85968472600007,58.27154827600003]]],[[[16.947959097000023,58.50949747400006],[16.98018455700003,58.49722186500003],[16.993599654000036,58.49787486800005],[16.997070179000048,58.493151701000045],[16.981490507000046,58.485429357000044],[16.963992903000076,58.48487718900003],[16.94373425200007,58.496467421000034],[16.945924665000064,58.501819124000065],[16.933307445000025,58.50779230100005],[16.90553612800005,58.513143451000076],[16.897240703000023,58.51872036600008],[16.894634006000047,58.52704013200008],[16.907168702000035,58.52914355200005],[16.92281133800003,58.52552594600007],[16.928785461000075,58.51659705700007],[16.947959097000023,58.50949747400006]]],[[[16.818811895000067,58.101133796000056],[16.82432146600007,58.09669637800005],[16.838158373000056,58.10159325500007],[16.84128732000005,58.09790822800005],[16.840989602000036,58.08812355100008],[16.836852821000036,58.08546179500007],[16.828681474000064,58.091378304000045],[16.80001266900007,58.092926257000045],[16.783504939000068,58.10282097000004],[16.784787849000054,58.11173095700008],[16.790827446000037,58.11638691300004],[16.818372365000073,58.12019230000004],[16.825473009000063,58.111374811000076],[16.818811895000067,58.101133796000056]]],[[[16.91809796000007,58.26963848500003],[16.88542117700007,58.24580425200003],[16.870591508000075,58.24826793900007],[16.860082172000034,58.256999446000066],[16.88911992100003,58.276226113000064],[16.89211820400004,58.275523124000074],[16.89356949200004,58.26631688300006],[16.91521648400004,58.28333009600004],[16.92420037000005,58.28303352800003],[16.91809796000007,58.26963848500003]]],[[[16.946521569000026,58.18433831300007],[16.93535081400006,58.179502212000045],[16.91481293000004,58.18361893800005],[16.906835106000074,58.19537126000006],[16.91981323600004,58.20199433000005],[16.936259578000033,58.20208284000006],[16.946521569000026,58.18433831300007]]],[[[16.930828407000035,58.22664120700006],[16.94180893200007,58.223610948000044],[16.948016136000035,58.22738530700008],[16.956001325000045,58.22596143700008],[16.949539023000057,58.21962968300005],[16.93681858800005,58.22162431400005],[16.910977953000042,58.21676314500007],[16.917807969000023,58.22667829400007],[16.913758159000054,58.231988097000055],[16.915235172000052,58.235508020000054],[16.93097603600006,58.23139209500005],[16.930828407000035,58.22664120700006]]],[[[16.932035143000064,58.258310288000075],[16.921047427000076,58.24694914500003],[16.915133525000044,58.25204019800003],[16.91133609800005,58.24660677500003],[16.906453961000068,58.24577258900007],[16.90361067500004,58.24908235200007],[16.91133609800005,58.25933939300006],[16.924355908000052,58.26805888100006],[16.933273646000032,58.26308830100004],[16.932035143000064,58.258310288000075]]],[[[17.02463524700005,58.25861740300007],[17.00300069900004,58.24998676800004],[16.99513451300004,58.251277178000066],[17.025266403000046,58.267522489000044],[17.037077074000024,58.26848867600006],[17.04229039100005,58.26533068900005],[17.038309517000073,58.26005371600007],[17.02463524700005,58.25861740300007]]],[[[16.969552231000023,58.41811499600004],[16.960534369000072,58.41454365100003],[16.944943402000035,58.42164286800005],[16.96726475500003,58.432997337000074],[16.974884432000067,58.43053654600004],[16.969552231000023,58.41811499600004]]],[[[16.682220992000055,58.413845439000056],[16.675720326000032,58.41316547900004],[16.65496316100007,58.42452573300005],[16.658690377000028,58.42956970800003],[16.66432577200004,58.43058880400008],[16.682463185000074,58.42241153400005],[16.685111991000042,58.41716393300004],[16.682220992000055,58.413845439000056]]],[[[16.88364228000006,58.41143806200006],[16.888292343000046,58.41221162200003],[16.896403743000064,58.401308494000034],[16.894487936000075,58.399079878000066],[16.888120290000074,58.40264398200003],[16.873887508000053,58.39854141400008],[16.863731975000064,58.40337044900008],[16.871654161000038,58.40944378200004],[16.88364228000006,58.41143806200006]]],[[[16.867117999000072,58.34571218700006],[16.860047820000034,58.34831665000007],[16.88695562500004,58.36161150400005],[16.89393817900003,58.35841187900007],[16.882276492000074,58.347155591000046],[16.867117999000072,58.34571218700006]]],[[[16.891016342000057,58.20098285800003],[16.895796027000074,58.19649308400005],[16.883708284000022,58.182980617000055],[16.86823828100006,58.193028550000065],[16.87776630600007,58.19401353500007],[16.891016342000057,58.20098285800003]]],[[[16.89292966100004,58.36671090800007],[16.881906939000032,58.36485469400003],[16.873547143000053,58.37294323900005],[16.88975122100004,58.37658725400007],[16.89818407200005,58.371753486000046],[16.89292966100004,58.36671090800007]]],[[[16.834769195000035,58.413400756000044],[16.829244895000045,58.408061029000066],[16.81613776300003,58.42078139700004],[16.822086350000063,58.422655199000076],[16.839887159000057,58.41834772500005],[16.834769195000035,58.413400756000044]]],[[[16.78537733400003,58.272601431000055],[16.804124856000044,58.26676159700003],[16.796659829000077,58.26073562800008],[16.78087416300002,58.26186724200005],[16.78537733400003,58.272601431000055]]],[[[16.837973031000047,58.125593353000056],[16.83437952500003,58.12773162800005],[16.83242635000005,58.13947286500007],[16.850869337000063,58.138843921000046],[16.837973031000047,58.125593353000056]]],[[[16.80779655200007,58.00488534200008],[16.798930754000025,58.00304848300004],[16.784295628000052,58.011352318000036],[16.79637490500005,58.01530900400007],[16.80980138900003,58.00530071400004],[16.80779655200007,58.00488534200008]]],[[[16.946819541000025,58.31488800500006],[16.948450277000063,58.310989422000034],[16.940599319000057,58.314108634000036],[16.934461570000053,58.30983930700006],[16.941630519000057,58.32791067900007],[16.948425987000064,58.32593494000008],[16.946819541000025,58.31488800500006]]],[[[16.325420244000043,58.65128317500006],[16.337115355000037,58.64547545500005],[16.34425568300003,58.64879089800007],[16.341891169000064,58.64466494000004],[16.32784017000006,58.64207694500004],[16.311802707000027,58.646862819000035],[16.325420244000043,58.65128317500006]]],[[[16.732138358000043,58.40955132500005],[16.743541660000062,58.40839187300003],[16.737033866000047,58.39225401300007],[16.72760224900003,58.394990618000065],[16.73181343300007,58.39945618400003],[16.732138358000043,58.40955132500005]]],[[[16.864212121000037,58.242308224000055],[16.867776470000024,58.237152509000055],[16.850194015000056,58.23596738400005],[16.84652343700003,58.24506566000008],[16.852180559000033,58.248367382000026],[16.854450943000074,58.24365124800005],[16.864212121000037,58.242308224000055]]],[[[16.97627226700007,58.28204052700005],[16.98379949400004,58.27725916300005],[16.975482702000022,58.27073647700007],[16.968522135000057,58.27152187000007],[16.96526483100007,58.27610984300003],[16.97627226700007,58.28204052700005]]],[[[16.779734033000068,58.43805833600004],[16.79136365900007,58.434935729000074],[16.781239437000067,58.42614857700005],[16.772678622000058,58.42998989800003],[16.779734033000068,58.43805833600004]]],[[[16.88061364300006,58.41484266000003],[16.876712370000064,58.41215454500008],[16.863797669000064,58.41545309300005],[16.874935575000052,58.421647231000065],[16.88588747700004,58.418476518000034],[16.88061364300006,58.41484266000003]]],[[[16.95358890400007,58.32028004300008],[16.96361059900005,58.31302330900007],[16.95901723000003,58.30946912600007],[16.948945620000075,58.31065061600003],[16.95358890400007,58.32028004300008]]],[[[16.80267499000007,58.32142821700006],[16.799427167000033,58.319358418000036],[16.79261355400007,58.32142821700006],[16.792356718000065,58.32419344300007],[16.79939570500005,58.32754843400005],[16.805965654000033,58.32522295800004],[16.80267499000007,58.32142821700006]]],[[[16.97123559000005,58.26016547800003],[16.962122587000067,58.25175297100003],[16.954927508000026,58.25772396600007],[16.97123559000005,58.26016547800003]]],[[[16.973561037000024,58.16940779500004],[16.98300657300007,58.166131921000044],[16.982701621000047,58.15821972300006],[16.977054949000035,58.15932818600004],[16.973561037000024,58.16940779500004]]],[[[16.963666484000044,58.23208201300008],[16.95378474900002,58.23328518300008],[16.959015470000054,58.240628713000035],[16.967013716000054,58.23323673200008],[16.963666484000044,58.23208201300008]]],[[[16.984687778000023,58.43298940500006],[16.973072837000075,58.43815822800008],[16.975600437000026,58.44090964000003],[16.98175233300003,58.440257435000035],[16.987001219000035,58.43366810800006],[16.984687778000023,58.43298940500006]]],[[[16.831312625000066,58.27921648600005],[16.820840819000068,58.279476514000066],[16.830025336000062,58.28541316500008],[16.836622585000043,58.28367570700004],[16.831312625000066,58.27921648600005]]],[[[16.937972633000072,58.17081140700003],[16.944209260000036,58.164521980000075],[16.937201452000068,58.16355792100006],[16.928676007000035,58.16850046600007],[16.937972633000072,58.17081140700003]]],[[[16.78872932300004,58.090675615000066],[16.785585640000022,58.08813050200007],[16.773854158000063,58.095480588000044],[16.781859736000058,58.09552683000004],[16.78872932300004,58.090675615000066]]],[[[16.987749472000075,58.155202616000054],[16.98986123700007,58.14839959900007],[16.983220731000074,58.14678156400004],[16.979382933000068,58.15177218500003],[16.987749472000075,58.155202616000054]]],[[[16.404258621000054,58.63014308400005],[16.41056317600004,58.626735591000056],[16.402998642000057,58.62355374500004],[16.394832352000037,58.62754570000004],[16.404258621000054,58.63014308400005]]],[[[16.715995458000066,58.32944930200006],[16.721954314000072,58.324253783000074],[16.71540803700003,58.32255328000008],[16.707164989000034,58.32754728100008],[16.715995458000066,58.32944930200006]]],[[[16.860707252000054,58.12124886200007],[16.859983698000065,58.117360122000036],[16.853573605000065,58.118450695000035],[16.864432891000035,58.12846723000007],[16.860707252000054,58.12124886200007]]],[[[16.966570019000073,58.52870125700008],[16.973494365000022,58.52418116200005],[16.967377615000032,58.52202265000005],[16.957979960000046,58.52585915600008],[16.966570019000073,58.52870125700008]]],[[[16.862599147000026,58.10775869300005],[16.863492372000053,58.10105762900008],[16.85776626300003,58.10025477600004],[16.85444705200007,58.10759034300003],[16.862599147000026,58.10775869300005]]],[[[16.963147332000062,58.19779188900003],[16.96442236100006,58.19538723100004],[16.953700224000045,58.194236584000066],[16.95159927800006,58.19975590000007],[16.963147332000062,58.19779188900003]]],[[[17.013473270000077,58.222959150000065],[17.017251257000055,58.22144132300008],[17.010744613000043,58.217203064000046],[17.001051983000025,58.21887673600003],[17.013473270000077,58.222959150000065]]],[[[16.85246485500005,58.12721527600007],[16.84497458100003,58.12592856900005],[16.84895509300003,58.13296382700008],[16.85386836400005,58.13478900300004],[16.85246485500005,58.12721527600007]]],[[[16.909591859000045,58.19951718300007],[16.903065197000046,58.198882146000074],[16.91133609800005,58.208005299000035],[16.909591859000045,58.19951718300007]]],[[[16.872450644000025,58.39270668100005],[16.874093215000073,58.38579525500006],[16.866314588000023,58.38515774200005],[16.869225740000047,58.39226327500006],[16.872450644000025,58.39270668100005]]],[[[16.93557148800005,58.54051207700007],[16.934822836000023,58.53631380200005],[16.932035967000047,58.53671693600006],[16.929886383000053,58.54473309400004],[16.93624101000006,58.54426661300005],[16.93557148800005,58.54051207700007]]],[[[16.977141910000057,58.18433831300007],[16.975223026000037,58.180012816000044],[16.96983700100003,58.18396952400008],[16.976186847000065,58.18759400700003],[16.978448841000045,58.18728436200007],[16.977141910000057,58.18433831300007]]],[[[16.84661684100007,58.26859845300004],[16.852430095000045,58.26716651900006],[16.847558501000037,58.26313393600003],[16.839718369000025,58.264681849000056],[16.84661684100007,58.26859845300004]]],[[[16.979257419000078,58.42339240600006],[16.982781148000072,58.42253233300005],[16.978937605000056,58.41500055100005],[16.97466318900007,58.42023195500008],[16.979257419000078,58.42339240600006]]],[[[16.89238117800005,58.39464873400004],[16.89961733100006,58.39435263000007],[16.89646158900007,58.38733944100005],[16.893907931000058,58.38751033600005],[16.89238117800005,58.39464873400004]]],[[[16.943757520000077,58.53828176900004],[16.93667086800002,58.53718354000006],[16.94011666700004,58.54351553600003],[16.945365480000078,58.54380714300004],[16.943757520000077,58.53828176900004]]],[[[16.927179952000074,58.39460233600005],[16.929451391000043,58.38959293000005],[16.92623027700006,58.38756325800006],[16.92028715300006,58.39145244800005],[16.927179952000074,58.39460233600005]]],[[[16.915648469000075,58.38025497700005],[16.92111108200004,58.37589664400008],[16.915108713000052,58.373138693000044],[16.911905870000055,58.377078434000055],[16.915648469000075,58.38025497700005]]],[[[16.96690373000007,58.33307029900004],[16.97193810500005,58.33128987400005],[16.966728617000058,58.32721443400004],[16.960988041000064,58.32983253400005],[16.96690373000007,58.33307029900004]]],[[[16.899932791000026,58.18433831300007],[16.902597013000047,58.17924038400008],[16.90066657600005,58.17733700300005],[16.893356975000074,58.18069277900008],[16.899932791000026,58.18433831300007]]],[[[16.97412139100004,58.24177711900006],[16.97857747300003,58.23956318200004],[16.974069580000048,58.23656320900005],[16.967151435000062,58.239062302000036],[16.97412139100004,58.24177711900006]]],[[[16.975710727000035,58.39751406200003],[16.980975940000064,58.39625961100006],[16.976860516000045,58.39240161400005],[16.96990087300003,58.39412141500003],[16.975710727000035,58.39751406200003]]],[[[16.938177030000077,58.40462227900008],[16.93997704900005,58.39716750700006],[16.93359277600007,58.40205470800004],[16.938177030000077,58.40462227900008]]],[[[16.865672017000065,58.17985981700008],[16.87026677500006,58.17729077700005],[16.86652516600003,58.174621642000034],[16.859456369000043,58.176794434000044],[16.865672017000065,58.17985981700008]]],[[[16.533264804000055,58.62977010600008],[16.53808380600003,58.62772024600008],[16.52564303400004,58.63058420400006],[16.533264804000055,58.62977010600008]]],[[[16.911625425000068,58.17305079400006],[16.91613181500003,58.17035974500004],[16.911329713000043,58.16826731200007],[16.90495591800004,58.17120797100006],[16.911625425000068,58.17305079400006]]],[[[16.87744681500004,58.46298296500004],[16.881107582000027,58.45997190000003],[16.877256272000068,58.457929558000046],[16.870796185000074,58.461373207000065],[16.87744681500004,58.46298296500004]]],[[[17.011531370000057,58.50431935200004],[17.017057515000033,58.50205063200008],[17.01339099300003,58.499526023000044],[17.006246330000067,58.50206220900003],[17.011531370000057,58.50431935200004]]],[[[16.839117273000056,58.165076801000055],[16.844044628000063,58.16526109100005],[16.840781239000023,58.16025791700008],[16.834689661000027,58.16123020300006],[16.839117273000056,58.165076801000055]]],[[[16.975177322000036,58.54693770200004],[16.979537855000046,58.54569589400006],[16.97607748400003,58.54180396300006],[16.97020065600003,58.54384039900003],[16.975177322000036,58.54693770200004]]],[[[16.924103595000076,58.457859330000076],[16.928392234000057,58.454054764000034],[16.918890454000064,58.45486309000006],[16.924103595000076,58.457859330000076]]],[[[16.841091885000026,58.24339122300006],[16.836984991000065,58.24328817500003],[16.839502091000043,58.249466821000055],[16.843250178000062,58.24953599000003],[16.841091885000026,58.24339122300006]]],[[[16.885742693000054,58.24255942000008],[16.890877157000034,58.24204050900005],[16.887523565000038,58.23793443000005],[16.881684607000068,58.23951805200005],[16.885742693000054,58.24255942000008]]],[[[17.038102684000023,58.22358259500004],[17.04109547400003,58.220770068000036],[17.037699503000056,58.217460654000035],[17.033417885000063,58.22024840500006],[17.038102684000023,58.22358259500004]]],[[[16.85239535900007,58.15960369900006],[16.84785654600006,58.161572860000035],[16.855958658000077,58.16337767600004],[16.85239535900007,58.15960369900006]]],[[[16.91149332400005,58.320465985000055],[16.913810925000064,58.31958319700004],[16.912349246000076,58.31406752400005],[16.906797235000056,58.318026571000075],[16.91149332400005,58.320465985000055]]],[[[16.881296915000064,58.17667774100005],[16.883184222000068,58.17366924300006],[16.87950623200004,58.17040349300004],[16.87651522500005,58.175828428000045],[16.881296915000064,58.17667774100005]]],[[[17.054034450000074,58.27080267000008],[17.058220343000073,58.26901490800003],[17.05356931500006,58.26621680100004],[17.048242894000055,58.26824942700006],[17.054034450000074,58.27080267000008]]],[[[16.933272543000044,58.28594377700006],[16.928057032000027,58.28485514400006],[16.930608248000055,58.29021681300003],[16.93489984000007,58.29025072200005],[16.933272543000044,58.28594377700006]]],[[[16.846847727000068,58.120332921000056],[16.850911908000057,58.118013304000044],[16.846774872000026,58.11570809600005],[16.84150076700007,58.11796068800004],[16.846847727000068,58.120332921000056]]],[[[16.90630793100007,58.40319665000004],[16.910515519000057,58.40016318100004],[16.90128336500004,58.40076951000003],[16.90630793100007,58.40319665000004]]],[[[16.991589127000054,58.224152934000074],[16.995816329000036,58.22190041600004],[16.991878158000077,58.21949688600006],[16.986567914000034,58.22198510700008],[16.991589127000054,58.224152934000074]]],[[[16.811792429000036,58.26525903100003],[16.815596001000074,58.263138756000046],[16.81176990800003,58.260636101000046],[16.806301708000035,58.26269882400004],[16.811792429000036,58.26525903100003]]],[[[16.910378605000062,58.34696004400007],[16.914035355000067,58.34489356000006],[16.910802383000032,58.34229346600006],[16.905084223000074,58.34429782500007],[16.910378605000062,58.34696004400007]]],[[[16.768141470000046,58.39866008900003],[16.77197361700007,58.395646999000064],[16.76281762800005,58.39651997000004],[16.768141470000046,58.39866008900003]]],[[[16.726744721000046,57.993969596000056],[16.73030598300005,57.99163911000005],[16.726823540000055,57.98933117000007],[16.721324839000033,57.99169745700004],[16.726744721000046,57.993969596000056]]],[[[16.92891431000004,58.378314085000056],[16.926378819000035,58.373992936000036],[16.922555643000067,58.37616577600005],[16.92528971100006,58.379900175000046],[16.92891431000004,58.378314085000056]]],[[[16.85608423700006,58.54522267400006],[16.859816839000075,58.54233282700005],[16.85097665400002,58.54280725400008],[16.85608423700006,58.54522267400006]]],[[[16.95331211100006,58.37157065900004],[16.948300897000024,58.37155453100007],[16.951330507000023,58.37632264200005],[16.955026566000072,58.375787596000066],[16.95331211100006,58.37157065900004]]],[[[17.019349592000026,58.342735262000076],[17.018297915000062,58.337662805000036],[17.01473168900003,58.33999906100007],[17.019349592000026,58.342735262000076]]],[[[16.842169025000032,58.20934312800006],[16.847088916000075,58.20454805500003],[16.837744765000025,58.20846496000007],[16.842169025000032,58.20934312800006]]],[[[16.964476911000077,58.396010912000065],[16.967782343000067,58.39165615700006],[16.964137295000057,58.39033176500004],[16.960918191000076,58.39567832800003],[16.964476911000077,58.396010912000065]]],[[[16.838645506000034,58.14301191000004],[16.833709830000032,58.14312337800004],[16.83886754300005,58.14899114000008],[16.838645506000034,58.14301191000004]]],[[[16.991306101000077,58.212050601000044],[16.985497017000057,58.212050601000044],[16.993116635000035,58.21554209000004],[16.991306101000077,58.212050601000044]]],[[[16.395218872000044,58.622600513000066],[16.398355157000026,58.61857610900006],[16.39026965100004,58.62111425900008],[16.395218872000044,58.622600513000066]]],[[[17.00886625100003,58.318569790000026],[17.01217132200003,58.31733827200003],[17.00704256000006,58.31351388200005],[17.00336665800006,58.31505332000006],[17.00886625100003,58.318569790000026]]],[[[16.990298121000023,58.24346731700007],[16.994409378000057,58.24121374500004],[16.990117828000052,58.23906393800007],[16.985243342000047,58.241141594000055],[16.990298121000023,58.24346731700007]]],[[[16.881821353000078,58.38357939000008],[16.88554208900007,58.381364457000075],[16.882328504000043,58.37888705800003],[16.87693280600007,58.38146125500003],[16.881821353000078,58.38357939000008]]],[[[16.78129979000005,58.03376152900006],[16.786187304000066,58.03451090000004],[16.789078133000032,58.02979577100007],[16.78129979000005,58.03376152900006]]],[[[16.809551191000025,58.573773524000046],[16.812534147000065,58.57134327300008],[16.809174777000067,58.56859420400008],[16.80481978100005,58.57238826500003],[16.809551191000025,58.573773524000046]]],[[[16.82865402500005,58.084925389000034],[16.83163099500007,58.082504560000075],[16.827512291000062,58.08021728300008],[16.823334978000048,58.08363441700004],[16.82865402500005,58.084925389000034]]],[[[16.96001114300003,58.17052319100003],[16.963680883000052,58.167830421000076],[16.960686339000063,58.16566293600005],[16.955403514000068,58.167655067000055],[16.96001114300003,58.17052319100003]]],[[[16.989431741000033,58.45290141800007],[16.991924531000052,58.44646669600007],[16.988075070000036,58.44640589800008],[16.986629721000043,58.45085684000003],[16.989431741000033,58.45290141800007]]],[[[16.898048334000066,58.41058316300007],[16.90244653600007,58.40888548200007],[16.897846551000043,58.406098744000076],[16.893407884000055,58.40797073400006],[16.898048334000066,58.41058316300007]]],[[[16.86733578700006,58.427328095000064],[16.869607392000034,58.42480866400007],[16.86372223500007,58.42316197400004],[16.861533806000068,58.42666638900005],[16.86733578700006,58.427328095000064]]],[[[16.898351670000068,58.42567195500004],[16.902966179000032,58.42343373300008],[16.89589294700005,58.420748322000065],[16.898351670000068,58.42567195500004]]],[[[16.780472923000048,58.021766968000065],[16.784856492000074,58.02002667700003],[16.780846960000076,58.01742519600003],[16.77560624000006,58.01952931100004],[16.780472923000048,58.021766968000065]]],[[[16.830594812000072,58.12061002100006],[16.833952794000027,58.11821771700005],[16.83032388400005,58.115949801000056],[16.82528299100005,58.11801593600006],[16.830594812000072,58.12061002100006]]],[[[16.65375496000007,58.43285257300005],[16.656755831000055,58.43000773500006],[16.652905694000026,58.42823800700006],[16.648172272000068,58.43087803600008],[16.65375496000007,58.43285257300005]]],[[[16.87721298100007,58.58836860500003],[16.87023865900005,58.59072810100008],[16.875492742000063,58.59239921200003],[16.87721298100007,58.58836860500003]]],[[[16.950981592000062,58.387314024000034],[16.955166345000066,58.385370117000036],[16.95276381000002,58.382595190000075],[16.94725749400004,58.38367113100003],[16.950981592000062,58.387314024000034]]],[[[16.843532648000064,58.22917842600003],[16.847381,58.226122677000035],[16.843657630000052,58.22465835200006],[16.838414538000052,58.22756730300006],[16.843532648000064,58.22917842600003]]],[[[16.86958456900004,58.22789895500006],[16.87490882000003,58.228491586000075],[16.876488469000037,58.224219865000066],[16.871911184000055,58.22424471900007],[16.86958456900004,58.22789895500006]]],[[[16.973773212000026,58.25258843000006],[16.967816285000026,58.25192600100007],[16.977135592000025,58.25655676500003],[16.973773212000026,58.25258843000006]]],[[[16.960871102000056,58.56103790700007],[16.96409389400003,58.55952508200005],[16.96035547300005,58.556152077000036],[16.955724928000052,58.55847621100003],[16.960871102000056,58.56103790700007]]],[[[16.99379346300003,58.320228135000036],[16.995693544000062,58.31728456500008],[16.99115364200003,58.315271944000074],[16.98909893700005,58.32018793800006],[16.99379346300003,58.320228135000036]]],[[[16.749570438000035,58.39388847400005],[16.74198715700004,58.39584021100006],[16.745096253000042,58.39777412500007],[16.749570438000035,58.39388847400005]]],[[[16.90232736200005,58.55259416500007],[16.90644555800003,58.55232101800004],[16.902975944000048,58.54794748000006],[16.898157165000043,58.549491825000075],[16.90232736200005,58.55259416500007]]],[[[16.769152148000046,58.39290513800006],[16.77290086100004,58.390789219000055],[16.769670073000043,58.388257716000055],[16.764216418000046,58.39081191500003],[16.769152148000046,58.39290513800006]]],[[[16.97995151600003,58.41227198000007],[16.983206162000045,58.40753496900004],[16.978951250000023,58.40743980900004],[16.97564946800003,58.41136722600004],[16.97995151600003,58.41227198000007]]],[[[16.917431442000066,58.56170578500007],[16.92145929700007,58.56085094000008],[16.917749225000023,58.55709029700006],[16.912868497000034,58.55865514300007],[16.917431442000066,58.56170578500007]]],[[[16.778541121000046,58.40004221200007],[16.78179470500004,58.398459623000065],[16.778177318000076,58.39532261800008],[16.77315068100006,58.39722882900003],[16.778541121000046,58.40004221200007]]],[[[16.902735688000064,58.537914568000076],[16.90614890200004,58.53555772900006],[16.902536849000057,58.533332407000046],[16.897333528000047,58.535331702000065],[16.902735688000064,58.537914568000076]]],[[[17.02371370700007,58.41282804200006],[17.026807442000063,58.40878061700005],[17.02343211300007,58.40742084900006],[17.019490511000072,58.411566392000054],[17.02371370700007,58.41282804200006]]],[[[16.966140899000038,58.405469277000066],[16.96232208600003,58.40707931700007],[16.966826179000066,58.41134806900004],[16.966140899000038,58.405469277000066]]],[[[16.935440173000075,58.45774796300003],[16.937285904000078,58.453995262000035],[16.932849094000062,58.45349431000005],[16.929743279000036,58.45718497800004],[16.935440173000075,58.45774796300003]]],[[[16.951679029000047,58.48357553900007],[16.955371287000048,58.48275593300008],[16.95401602100003,58.47878660300006],[16.948728620000054,58.47910285800003],[16.951679029000047,58.48357553900007]]],[[[16.91616663600007,58.32933277800004],[16.919885823000072,58.32527219900004],[16.911706641000023,58.32595615500003],[16.91616663600007,58.32933277800004]]],[[[16.905040305000057,58.35226947900003],[16.907388913000034,58.34992578600003],[16.903577813000027,58.34663609300003],[16.900224792000074,58.34991912300006],[16.905040305000057,58.35226947900003]]],[[[16.783802414000036,58.42152727000007],[16.788171411000064,58.41974029900007],[16.783926072000042,58.417026985000064],[16.77921298800004,58.41947296300003],[16.783802414000036,58.42152727000007]]],[[[16.730783592000023,58.338152484000034],[16.732890820000023,58.33295341300004],[16.727325584000027,58.33314322400008],[16.730783592000023,58.338152484000034]]],[[[16.870843683000032,58.144117433000076],[16.87515228600006,58.14101866900006],[16.866252743000075,58.141630715000076],[16.870843683000032,58.144117433000076]]],[[[16.990544914000054,58.31178861500007],[16.994188429000076,58.31066171800006],[16.99146414100005,58.306994994000036],[16.986366368000063,58.30755854500006],[16.990544914000054,58.31178861500007]]],[[[16.91880264100007,58.40093962000003],[16.91100878700007,58.40121048000003],[16.919864566000058,58.40294579200008],[16.91880264100007,58.40093962000003]]],[[[16.830699416000073,58.318481622000036],[16.834939466000037,58.31631867900006],[16.830791548000036,58.314062912000054],[16.825807418000068,58.316355068000064],[16.830699416000073,58.318481622000036]]],[[[16.87771957500007,58.53052586000007],[16.880845071000067,58.52782715400008],[16.877126434000047,58.52579652800006],[16.872363019000034,58.52822178800005],[16.87771957500007,58.53052586000007]]],[[[16.979511609000042,58.32710409200007],[16.982497009000042,58.32607920500004],[16.979867398000067,58.32133993700006],[16.975645373000077,58.32367714800006],[16.979511609000042,58.32710409200007]]],[[[16.815386750000073,58.29157764800004],[16.819532426000023,58.28905998600004],[16.816010993000077,58.287028056000054],[16.81061753700004,58.28939734200003],[16.815386750000073,58.29157764800004]]],[[[16.948784104000026,58.174028511000074],[16.949048322000067,58.16911695400006],[16.94231510000003,58.17208216700004],[16.948784104000026,58.174028511000074]]],[[[16.874599362000026,58.128608815000064],[16.868934747000026,58.13039143700007],[16.878279545000055,58.13089182500005],[16.874599362000026,58.128608815000064]]],[[[16.903898077000065,58.455360763000044],[16.908213227000033,58.45326585400005],[16.904161932000022,58.45094468700006],[16.899091718000022,58.45301102700006],[16.903898077000065,58.455360763000044]]],[[[16.90360140200005,58.31667699800005],[16.90720482300003,58.314258660000064],[16.90309052300006,58.31219239500007],[16.898226932000057,58.31442745600003],[16.90360140200005,58.31667699800005]]],[[[16.899318463000043,58.38082303700003],[16.902819002000058,58.379198289000044],[16.899423673000058,58.37596762800007],[16.894531665000045,58.378151771000034],[16.899318463000043,58.38082303700003]]],[[[16.82439949600007,58.58784860900005],[16.827652004000072,58.58554892500007],[16.821962167000038,58.58344439800004],[16.819277557000078,58.58647249100005],[16.82439949600007,58.58784860900005]]],[[[16.858156042000076,58.14467994100005],[16.862451011000076,58.144283322000035],[16.859350712000037,58.14021972200004],[16.85418712300003,58.14136221500007],[16.858156042000076,58.14467994100005]]],[[[16.718147620000025,58.01137245800004],[16.71439710100003,58.008611098000074],[16.709620912000048,58.010575903000074],[16.715006110000047,58.01316459600008],[16.718147620000025,58.01137245800004]]],[[[16.859816839000075,58.54233282700005],[16.864292185000068,58.54428777800007],[16.86858882100006,58.541106839000065],[16.859816839000075,58.54233282700005]]],[[[16.739257681000026,58.323077684000054],[16.74882198100005,58.32116856200008],[16.74058103400006,58.31969528600007],[16.739257681000026,58.323077684000054]]]]}},{"type":"Feature","properties":{"code":"T","name":"Örebro","sourceCode":"SE124"},"geometry":{"type":"MultiPolygon","coordinates":[[[[14.934201999000038,60.049629905000074],[15.012724254000034,60.056714311000064],[15.034403361000045,60.03979348200005],[15.044433817000026,60.04222346900008],[15.048558024000044,60.04896971200003],[15.07159299400007,60.04369214500008],[15.125337571000046,60.00851838900007],[15.206131024000058,60.001579476000074],[15.228501453000035,59.97569309000005],[15.354786922000073,59.894386531000066],[15.363845769000022,59.87812800900008],[15.368832680000025,59.874984590000054],[15.373625809000032,59.87715551400004],[15.440801905000058,59.84880151600004],[15.442804653000053,59.843547072000035],[15.452513886000077,59.83708852900003],[15.446602004000056,59.827813555000034],[15.454378769000073,59.82089780600006],[15.438141822000034,59.805381863000036],[15.430270474000054,59.802891903000045],[15.427034025000069,59.79568524300004],[15.500975126000071,59.79789995300007],[15.50685429300006,59.795333862000064],[15.512308825000048,59.78767077200007],[15.512911443000064,59.778135371000076],[15.529686240000046,59.76106208500005],[15.527023376000045,59.752049998000075],[15.549307033000048,59.726546452000036],[15.544330650000063,59.716288718000044],[15.550152971000045,59.69894812400008],[15.539017289000071,59.69096216600008],[15.529663006000021,59.689306083000076],[15.53143353400003,59.68537751300005],[15.525086821000059,59.67640093400007],[15.523646517000032,59.667188933000034],[15.513521894000064,59.65270685300004],[15.515937117000021,59.64137739500006],[15.521801870000047,59.63437294200003],[15.548037467000029,59.62851621300007],[15.615958771000066,59.62913020900004],[15.619452558000035,59.62320941200005],[15.62327786700007,59.59811479900003],[15.634567571000048,59.595120433000034],[15.636609234000048,59.59175610400007],[15.632995787000027,59.573343109000064],[15.626353348000066,59.57230016400007],[15.627539229000035,59.54650165600003],[15.634050166000065,59.52101342200007],[15.661556920000066,59.52487548600004],[15.676633983000045,59.535595612000066],[15.703062516000045,59.53860977000005],[15.712606405000031,59.52587910300008],[15.719396438000047,59.508901121000065],[15.690347173000077,59.49500844600004],[15.688434864000044,59.47825850500004],[15.712034191000043,59.47498872800003],[15.71640153800007,59.449874358000045],[15.729183053000042,59.43249175500006],[15.730122135000045,59.40955577200003],[15.629949620000048,59.40421126800004],[15.622873256000048,59.397571232000075],[15.605081859000052,59.39612931000005],[15.598952280000049,59.37445055200004],[15.611557893000054,59.35913090400004],[15.617344786000046,59.34661202400008],[15.633351437000044,59.32938613600004],[15.630641831000048,59.314403404000075],[15.612766436000072,59.288658663000035],[15.689562777000049,59.26892950000007],[15.728852780000068,59.22594309800007],[15.783851841000057,59.22649522200004],[15.761593005000066,59.19794847800006],[15.796737108000059,59.13901380200008],[15.788098864000062,59.132785365000075],[15.794035529000041,59.123915381000074],[15.789861483000038,59.115597577000074],[15.792232186000035,59.10975545600007],[15.778206406000038,59.10464224700007],[15.739650966000056,59.105951307000055],[15.705111081000041,59.10030851400006],[15.698591837000038,59.094163578000064],[15.714318896000066,59.08674780600006],[15.71174826600003,59.079263049000076],[15.685331266000048,59.066058644000066],[15.641862647000039,59.054470295000044],[15.633908673000064,59.03713986300005],[15.638660765000054,59.03333827300003],[15.628585968000039,59.02564134200003],[15.619788649000043,59.02353898700005],[15.621857326000054,59.015727232000074],[15.627893862000064,59.01246569800003],[15.655031303000044,59.01108231000006],[15.651469624000072,58.99542211200003],[15.664339619000032,58.98280457900006],[15.686749384000052,58.98191862200008],[15.674256262000029,58.975198196000065],[15.643783433000067,58.97402947300003],[15.62812585000006,58.98219494700004],[15.59073591300006,58.96004441200006],[15.559378631000072,58.956557986000064],[15.562301988000058,58.93794613400007],[15.591936805000046,58.909729449000054],[15.592503706000059,58.90567081800003],[15.586853071000064,58.89891261200006],[15.563429149000058,58.89312262200008],[15.552769200000057,58.86980079700004],[15.511862931000053,58.86400912100004],[15.443246185000078,58.86307268400003],[15.453825167000048,58.824189054000044],[15.428292228000032,58.82212383800004],[15.427860728000041,58.81443092500007],[15.418841634000046,58.808555410000054],[15.414739781000037,58.833265906000065],[15.405429888000072,58.842209181000044],[15.380869670000038,58.84615374800006],[15.346552650000035,58.829326550000076],[15.329073663000031,58.84821458200008],[15.324446118000026,58.85765704600004],[15.294833734000065,58.85074510700008],[15.27600762700007,58.86273350000005],[15.263839837000035,58.86364764500007],[15.244110378000073,58.840134798000065],[15.218320035000033,58.84096072400007],[15.218030806000058,58.82871897600006],[15.19871863700007,58.81501053300008],[15.167394228000035,58.81074034800008],[15.138718749000077,58.81812403100008],[15.123220982000078,58.793859514000076],[15.129546469000047,58.786795193000046],[15.119129089000069,58.78184789900007],[15.113031101000047,58.77106341400008],[15.098574412000062,58.76842367000006],[15.09289562300006,58.764168674000075],[15.082612462000043,58.76485887000007],[15.069386271000042,58.75582247800003],[15.054292528000076,58.73806426500005],[15.04829817700005,58.72196131900006],[15.034404757000061,58.70581327700006],[15.013287848000061,58.70487641700004],[15.002425892000076,58.69683853200007],[14.971956196000065,58.684675424000034],[14.954543125000043,58.69285951300003],[14.930087354000023,58.69624154400003],[14.919524455000044,58.69455846100004],[14.806636062000052,58.66488312400003],[14.778936290000047,58.64599260500006],[14.699301123000055,58.69795557000003],[14.690608133000069,58.71210909000007],[14.694374569000047,58.721557500000074],[14.691086246000054,58.739677431000075],[14.622904662000053,58.73682794300004],[14.62465446400006,58.694932695000034],[14.57752898900003,58.68164922900007],[14.538599046000058,58.67632015600003],[14.536732463000021,58.680063604000054],[14.55435902000005,58.70469600700005],[14.54698531200006,58.716396959000065],[14.536731644000042,58.714760212000044],[14.526729260000025,58.72241521400008],[14.516744715000073,58.72303434100007],[14.503383703000054,58.71346264200008],[14.476974237000036,58.71421628100006],[14.471113093000042,58.72261794600007],[14.475887597000053,58.74006009200008],[14.470083466000062,58.78051808300006],[14.439816183000062,58.792519266000056],[14.420837619000054,58.79486107100007],[14.384944186000041,58.829695496000056],[14.385886277000054,58.84386525500008],[14.369841819000044,58.84420910300008],[14.361728284000037,58.850118147000046],[14.378557349000062,58.86488380700007],[14.395304080000074,58.86375299300005],[14.386847526000054,58.87605214800004],[14.391762036000046,58.881705648000036],[14.373719445000063,58.884188520000066],[14.357573431000048,58.89861081200007],[14.339586805000067,58.89717326700003],[14.324296075000063,58.90449326800007],[14.319747200000052,58.92238785600006],[14.287484942000049,58.94936331200006],[14.295995033000054,59.012779426000066],[14.323185435000028,59.06120681900006],[14.335516612000049,59.07293401000004],[14.339009996000073,59.08314013800003],[14.337638666000032,59.09725196900007],[14.296982359000026,59.12524380900004],[14.299594553000077,59.13850695000008],[14.289601591000064,59.15994769100007],[14.29026981800007,59.18382216800006],[14.29527977500004,59.19957709700003],[14.288752256000066,59.21578788100004],[14.288331534000065,59.22817924700007],[14.306557964000035,59.24701603800003],[14.30535926500005,59.263724522000075],[14.309685541000022,59.27818391100004],[14.306367106000039,59.28585112600007],[14.317569166000055,59.30069202400006],[14.330294337000055,59.32695010000003],[14.336579262000043,59.33123013800008],[14.354119809000053,59.33141904800004],[14.361090933000071,59.344717020000076],[14.364659251000035,59.36211007400004],[14.362969074000034,59.36726440000007],[14.375106850000066,59.36898491800008],[14.376995733000058,59.38243023400008],[14.395480181000039,59.39537527200008],[14.40764482700007,59.41145404500003],[14.417035542000065,59.413199544000065],[14.467377505000059,59.44014192800006],[14.437592421000033,59.46221254100004],[14.42061996700005,59.484177302000035],[14.399088907000078,59.50115725400008],[14.392179786000042,59.51387101000006],[14.436354375000064,59.54174484600003],[14.475906403000067,59.52899139500005],[14.460128159000021,59.599439862000054],[14.438062159000026,59.63715128900003],[14.426730280000072,59.66436420800005],[14.433406281000032,59.68438161100005],[14.418692779000025,59.70526825200005],[14.402115743000024,59.74164882500003],[14.406276585000057,59.75675120200003],[14.43337497500005,59.77250616900005],[14.416096717000073,59.82044869300006],[14.421253512000021,59.85036169500006],[14.419883020000043,59.88144298200007],[14.414847260000045,59.89146003400003],[14.420276202000025,59.90186576500008],[14.400187750000043,59.91103910100003],[14.384488995000027,59.90881953200005],[14.36658182900004,59.91303633400008],[14.359640994000074,59.92008041200006],[14.35810821900003,59.93146367300005],[14.33706956900005,59.94970965400006],[14.451650585000039,59.97355682300008],[14.437155332000032,60.02616110200006],[14.753790971000058,59.99715809700007],[14.738959216000069,60.08018567000005],[14.80834273000005,60.109640600000034],[14.845691317000046,60.104160672000035],[14.838401447000024,60.09365935800008],[14.840960793000022,60.08642316800007],[14.862748278000026,60.07911554700007],[14.901064784000027,60.05252266500008],[14.934201999000038,60.049629905000074]]]]}},{"type":"Feature","properties":{"code":"BD","name":"Norrbotten","sourceCode":"SE332"},"geometry":{"type":"MultiPolygon","coordinates":[[[[20.548636559000045,69.05996854600005],[20.62172293200007,69.04685603000007],[20.66168405700006,69.04329337500008],[20.70594596600006,69.04368941900003],[20.77331176100006,69.03265408800007],[20.806901612000047,69.01996472100006],[20.83537891700007,68.99640726300004],[20.879014892000043,68.98621901700005],[20.91097190100004,68.96814270900006],[20.911336899000048,68.95910815100007],[20.891850849000036,68.94266279000004],[20.867069514000036,68.94303676700008],[20.847096950000036,68.93580350100007],[20.853095057000075,68.92464496500008],[20.88012689900006,68.91771309200004],[20.899724125000034,68.90184244900007],[20.880965751000076,68.89354759000008],[20.902661790000025,68.89161442100004],[20.916510560000063,68.89686173600006],[20.932574870000053,68.89833174600005],[20.954041247000077,68.89679444800004],[20.963786523000067,68.89178579000003],[20.981097070000033,68.89185537900005],[20.99580158200007,68.89619910900007],[21.031635116000075,68.88269481400005],[21.047588992000044,68.88113143700008],[21.07075564400003,68.87306330400008],[21.082654153000078,68.86392534200007],[21.12575396400007,68.85390566400008],[21.146725626000034,68.84020124200003],[21.171454753000035,68.83328252000007],[21.187795933000075,68.82461206900007],[21.235950263000063,68.81255017500007],[21.251558127000067,68.80272997000003],[21.26993784800004,68.78060423400007],[21.298508782000056,68.76319504400004],[21.32391270100004,68.75955553300008],[21.36266789700005,68.76689410700004],[21.389337521000073,68.76398434400005],[21.41009437200006,68.74848487400004],[21.40691352300007,68.73706061700005],[21.41266297800007,68.73120628400005],[21.41241653900005,68.72429475200005],[21.419827527000052,68.71654177900007],[21.41544145000006,68.71047699200005],[21.422767063000038,68.69541497600005],[21.468049565000058,68.68191787700005],[21.51074939700004,68.67601568000003],[21.55441206300003,68.67694468500008],[21.58181954400004,68.66847489300005],[21.617379398000026,68.66393128200008],[21.62950811500008,68.65469778300007],[21.649887308000075,68.65019062700003],[21.66563603900005,68.64055863300007],[21.696216210000046,68.63221901100007],[21.706646040000066,68.62649513100007],[21.71003580000007,68.61814444400005],[21.701043367000068,68.61403160900005],[21.699650588000054,68.60946999100008],[21.70216187500006,68.59737294900003],[21.706325786000036,68.59507617600008],[21.73142950500005,68.58942067200007],[21.778012181000065,68.58600049100005],[21.839448773000072,68.59091545800004],[21.858445204000077,68.58880705100006],[21.866265922000025,68.58433953500008],[21.88941463200007,68.58364329400007],[21.943373218000033,68.55773842800005],[21.966337662000058,68.55123943200005],[21.988594892000037,68.53578030200003],[22.004597645000047,68.53258034900006],[21.998433903000034,68.52096972700008],[22.00770847800004,68.51057475500005],[22.011918869000056,68.50028560900006],[22.04486989800006,68.48000475900005],[22.116602657000044,68.48129538300003],[22.129438695000033,68.47213584400004],[22.15020826600005,68.47049961100004],[22.194005465000032,68.47999616900006],[22.222269566000023,68.47376462400007],[22.250388677000046,68.48142630300003],[22.281319560000043,68.47876011900007],[22.29861700600003,68.48360874200006],[22.34679222500006,68.48194517500008],[22.35000483700003,68.48018115400004],[22.342028535000054,68.46930469500006],[22.34775859900003,68.46367390600005],[22.34340664800004,68.45825789500003],[22.34322960000003,68.44504328000005],[22.361229867000077,68.44734272900007],[22.39605259600006,68.46355076700007],[22.411138093000034,68.46652100700004],[22.435233707000066,68.46422010100008],[22.439399080000044,68.45856661300007],[22.46898573800007,68.44170567800006],[22.505278383000075,68.44219784300003],[22.534804871000063,68.43490535000007],[22.554421796000042,68.43421304000003],[22.575731933000043,68.42217909200008],[22.615297519000023,68.42740881500004],[22.624281963000044,68.43406741200005],[22.637297201000024,68.43438826700003],[22.64256092100004,68.43166794300004],[22.640246373000025,68.42171914400006],[22.645260326000027,68.41748451900008],[22.678413909000028,68.41112636200006],[22.68955297900004,68.40614612400003],[22.68777286200003,68.39990570300006],[22.723620414000038,68.39447149500006],[22.734513268000057,68.38547707500004],[22.764315234000037,68.38511949800005],[22.798384369000075,68.39339388700006],[22.841884481000022,68.38391422800004],[22.845046934000038,68.38084994800005],[22.83549137700004,68.37184669600003],[22.836752121000075,68.36536409100006],[22.892983051000044,68.34854787300003],[22.915497779000077,68.33439057400005],[22.970352240000068,68.33225801600008],[22.978472069000077,68.32410577600007],[22.988230475000023,68.31987336900005],[23.035661510000068,68.30735094300007],[23.057528443000024,68.30658243800008],[23.06981728900007,68.29886794200007],[23.06435439100005,68.28575996100005],[23.065566671000056,68.27922139300006],[23.07830103200007,68.26666820200006],[23.10790505400007,68.25373768300005],[23.141094552000027,68.24733855100004],[23.151248931000055,68.23372851800008],[23.14300301800006,68.21917756800008],[23.14457189700005,68.21202049700008],[23.141482578000023,68.20583476800005],[23.16113516000007,68.19630038500003],[23.149093411000024,68.18999101400004],[23.142185470000072,68.18117872800008],[23.146330456000044,68.17053084700007],[23.141627008000057,68.15332435700003],[23.15429336400007,68.13639190000004],[23.167484397000067,68.13307487100008],[23.199363109000046,68.13962049500003],[23.210621856000046,68.14552233700005],[23.25041709900006,68.14937962900007],[23.260481869000046,68.15663478200008],[23.284081385000036,68.15559805000004],[23.292723167000077,68.15027789100003],[23.30430325100008,68.14883459800006],[23.319034816000055,68.13699630800005],[23.328460629000062,68.12338853800003],[23.327470921000042,68.11662205500005],[23.338043147000064,68.10075779800007],[23.359756505000064,68.08507733300007],[23.37285742000006,68.06136768900006],[23.383983339000054,68.05669558500006],[23.389625171000034,68.04773934900004],[23.40900380000005,68.04170453800003],[23.44864117000003,68.03569830400005],[23.46318592800003,68.03064455700007],[23.46667734600004,68.02210205600005],[23.475672028000076,68.01781318800005],[23.532399719000068,68.00586829100007],[23.54198507700005,67.99026185900004],[23.572846671000036,67.97327673900003],[23.603829665000035,67.97140184000006],[23.64601691400003,67.96271535700004],[23.650580895000076,67.95935180700008],[23.652846562000036,67.95069095200006],[23.662399441000048,67.94267718800006],[23.64762876700007,67.92871934100003],[23.643652639000038,67.91858843800003],[23.636749181000027,67.91409713900003],[23.596370695000076,67.90299809400005],[23.581389944000023,67.89382663800006],[23.552599224000062,67.89723389500006],[23.54278154600007,67.89107675500003],[23.512306312000078,67.88115432700005],[23.494232117000024,67.86254449500007],[23.48834265800008,67.84846242900005],[23.47916819900007,67.84120668400004],[23.480626699000027,67.82733974600006],[23.474003073000063,67.81615296900003],[23.479964721000044,67.80190312700006],[23.492721110000048,67.79012939200004],[23.484603744000026,67.77523477000005],[23.49060735300003,67.76417815300005],[23.49056582700007,67.75485825600003],[23.47705456400007,67.73974230300007],[23.485135807000063,67.72997911900006],[23.478506965000065,67.72056979400003],[23.482696800000042,67.71040919000006],[23.479975479000075,67.70181430500003],[23.49031187500003,67.69524251800004],[23.490897166000025,67.68833374900004],[23.496879716000024,67.68064775000005],[23.494329032000053,67.66383856700003],[23.51346540700007,67.64764285800004],[23.534817056000065,67.63566358800006],[23.542054824000047,67.62479478900008],[23.55505823900006,67.61927754300007],[23.540217229000064,67.60400995800006],[23.54377080300003,67.58633192800005],[23.541760142000044,67.58130907900005],[23.508603239000024,67.56425456700003],[23.48495842600005,67.56657618100007],[23.45864954800004,67.56203285700008],[23.458066057000053,67.55820099500005],[23.465565883000068,67.55059057300008],[23.480955420000043,67.54203735700008],[23.48116800100007,67.53667624400003],[23.47197561400003,67.52932407000003],[23.43852392900004,67.51820518300008],[23.429577641000037,67.50693620800007],[23.407853422000073,67.50101807900006],[23.396011816000055,67.48522382800007],[23.41067230300007,67.46882816800007],[23.497607642000048,67.44654739400005],[23.513497751000045,67.44838367300008],[23.531900352000036,67.45937848000005],[23.543033671000046,67.46129646900005],[23.669187715000078,67.44313259900008],[23.711256800000058,67.44537989400004],[23.755491292000045,67.43512130900007],[23.763631633000045,67.42846090200004],[23.752008799000066,67.41965324400007],[23.750893690000055,67.40792297400003],[23.731444726000063,67.39526408700004],[23.72080975800003,67.39188081400005],[23.718182669000043,67.38769724800005],[23.71913235900007,67.38478807000007],[23.734044837000056,67.37878629500005],[23.730546882000056,67.36861082300004],[23.739846336000028,67.35765134400003],[23.73998697500008,67.35021239100007],[23.758851209000056,67.34859811900003],[23.774110603000054,67.33905022200008],[23.77136684100003,67.33477771200006],[23.75728373800007,67.32857074000003],[23.755212051000058,67.32383706200005],[23.749895082000023,67.32156241700005],[23.72962985600003,67.28858274900006],[23.719146134000027,67.28222796500006],[23.691758582000034,67.28365876200007],[23.62841368100004,67.27262804400004],[23.60966752300004,67.27368005200003],[23.581880312000067,67.27007155400008],[23.562192694000032,67.26101088700005],[23.56738205700003,67.25199096800003],[23.552628626000057,67.24774994500007],[23.56151109800004,67.23701918500007],[23.547624678000034,67.22500498900007],[23.569170539000027,67.22088261600004],[23.594769404000033,67.20752354500007],[23.58640945700006,67.19951712900007],[23.587074899000072,67.19081895900007],[23.55973750800007,67.18142697600007],[23.552667830000075,67.17011265900004],[23.621098989000075,67.12526766800005],[23.62975392100003,67.11488303500005],[23.65614143600004,67.10155018700004],[23.666093206000028,67.08535988000006],[23.664491853000072,67.07711996700004],[23.67242315200008,67.06559875800008],[23.712061695000045,67.04408231000008],[23.71633874200006,67.03499848500007],[23.726049471000067,67.03103045900008],[23.73737522400006,67.01896666700003],[23.763103320000027,67.00402753200007],[23.799077235000027,66.99017828500007],[23.80043763200007,66.98382034200006],[23.816697410000074,66.97859025200006],[23.829460736000044,66.96144257300006],[23.85973055100004,66.95439396500007],[23.866250412000056,66.93579454800005],[23.865407186000027,66.91973269900006],[23.889546327000062,66.90711748800004],[23.915754958000036,66.88829123800008],[23.936711264000053,66.88214953300007],[23.968756143000064,66.84949208100005],[23.97308759300006,66.83995342500003],[23.98390289300005,66.83279736400004],[23.99464314100004,66.81974054100004],[23.988915217000056,66.81189737200003],[23.987272259000065,66.80309519600007],[23.977215774000058,66.79749338900007],[23.982188462000067,66.78995522500003],[23.979577475000042,66.78527617200007],[23.95610957100007,66.78277366100008],[23.928193140000076,66.79438407700007],[23.914052955000045,66.79551983800008],[23.90833047500007,66.79236104900008],[23.915035999000054,66.77869600600008],[23.914871795000067,66.77229397000008],[23.891288506000024,66.76908291500007],[23.880248754000036,66.76328573800004],[23.877544190000037,66.75375833200007],[23.88655626700006,66.74920870000005],[23.89024627400005,66.73856946200004],[23.906660833000046,66.72135394200006],[23.895818034000058,66.71074007600004],[23.896609839000064,66.70558991100006],[23.88879620000006,66.69461179200005],[23.886118775000057,66.67572392700004],[23.874384417000044,66.67041123400003],[23.86524183000006,66.65385868100003],[23.871254432000057,66.64259484700005],[23.87033949100004,66.62998252200003],[23.88448951600003,66.61518121900008],[23.87653666700004,66.60235501700004],[23.87724197600005,66.58152946500007],[23.856442530000038,66.55752763400005],[23.836016579000045,66.55403375200007],[23.787175603000037,66.53603945000003],[23.785888129000057,66.53248177800003],[23.797049490000063,66.52111859400003],[23.792965148000064,66.51663257800004],[23.763224043000037,66.51054644300007],[23.750320558000055,66.50480633100005],[23.740866805000053,66.50405699400005],[23.730300216000046,66.50797905900004],[23.725042329000075,66.49819947000003],[23.714985892000072,66.49229174100003],[23.718562934000033,66.47704068100006],[23.688677643000062,66.47334163400006],[23.65641735500003,66.45988157200003],[23.65052917400004,66.45424892000005],[23.648020117000044,66.44096619400005],[23.643517374000055,66.43572502300003],[23.644188865000046,66.42438489500006],[23.65672549800007,66.41355553500006],[23.666641823000077,66.39947958600004],[23.68356963900004,66.39283742200007],[23.688423111000077,66.38742144600008],[23.684444690000078,66.37640525800003],[23.657189859000027,66.35190298500004],[23.659598122000034,66.33435361000005],[23.65759375700003,66.32017001000008],[23.64631951800004,66.30264565400006],[23.672050587000058,66.27362573400006],[23.668525557000066,66.25947534900007],[23.69977343200003,66.24363144700004],[23.694455566000045,66.22878665500008],[23.705937279000068,66.21861833100007],[23.72324820700004,66.21442240300007],[23.72947425800004,66.20997755200005],[23.732798181000078,66.20488639400003],[23.726706101000048,66.19871876100007],[23.729037493000078,66.19527857100007],[23.782631053000046,66.18676198000003],[23.83003713100004,66.17080123300008],[23.861381968000046,66.16921773500007],[23.867464421000022,66.16566552200004],[23.89186223100006,66.16767058100004],[23.918014652000068,66.16113861700006],[23.92859991200004,66.15106909100007],[23.926463316000024,66.14538024500007],[23.915870208000058,66.13685669300008],[23.939397676000056,66.12021708100008],[23.937674704000074,66.11260086500005],[23.943987810000067,66.10414887400003],[23.937092265000047,66.09090492500007],[23.93952580900003,66.07715402900004],[23.97527462200003,66.05715940900006],[23.995241711000062,66.03656165500007],[24.045099080000057,66.00189773300008],[24.05183437000005,65.97534135000006],[24.040972660000023,65.96850151800004],[24.053125115000057,65.95272637800008],[24.074042942000062,65.94404311100004],[24.088743718000046,65.93145105400004],[24.113029072000074,65.92962513000003],[24.117507784000054,65.92572308900003],[24.110449749000054,65.91197166100005],[24.116708466000034,65.89718131800004],[24.132181966000076,65.88808962100006],[24.150539364000053,65.86418847100003],[24.130953586000032,65.86224031800003],[24.126016957000047,65.85746226900005],[24.125729113000034,65.85194859000006],[24.14325995400003,65.84190544700004],[24.155129182000053,65.81602703000004],[24.07686846300004,65.81074519800006],[24.071571310000024,65.81228172400006],[24.069169790000046,65.81847459200003],[24.05674857200006,65.81567576800006],[24.039728812000078,65.81798568500005],[24.027320231000033,65.81175673500007],[24.032556148000026,65.80894659800003],[24.029997345000027,65.80232644800003],[24.00948800200007,65.80200770200008],[24.00569091400007,65.79577809300008],[23.999928269000065,65.79335319200004],[23.976707903000033,65.80410580700004],[23.965393938000034,65.79692527100008],[23.933961579000027,65.79905690200007],[23.930299886000057,65.79238455500007],[23.937279044000036,65.77789342000005],[23.915353977000052,65.76873608500006],[23.88773195400006,65.77800600800003],[23.867882750000035,65.79684249500008],[23.851652348000073,65.80201786200007],[23.840861818000064,65.79785081900008],[23.83954637000005,65.78792907900004],[23.83421947100004,65.78043583500005],[23.821184854000023,65.77328212100008],[23.80571115200007,65.77279222800007],[23.77392983900006,65.77923232800003],[23.760079181000037,65.78696792600005],[23.774234939000053,65.79809212200007],[23.747710916000074,65.82247816800003],[23.72371085700007,65.83317761600006],[23.68672414200006,65.83573278300008],[23.677493380000044,65.83369686300006],[23.67112745700007,65.82840730300006],[23.667630479000024,65.80885503100006],[23.647118877000025,65.79580634600006],[23.630073588000073,65.79616613600007],[23.607526119000056,65.80877827000006],[23.601459571000078,65.80415967900007],[23.60619803700007,65.78745996600003],[23.59304125400007,65.78585462700005],[23.577589129000046,65.79088946400003],[23.568072047000044,65.78634373300008],[23.556556328000056,65.78962873000006],[23.556195934000073,65.79545397700008],[23.561783142000024,65.80606856000003],[23.55680815100004,65.81169637400006],[23.53666763700005,65.80798930700007],[23.503578386000072,65.81311098100008],[23.49163951500003,65.81047792000004],[23.478025068000022,65.79251055800006],[23.47468151000004,65.80889731000008],[23.485229024000034,65.83059483200003],[23.46505158800005,65.83755492000006],[23.459230191000074,65.83299625100005],[23.45441502700004,65.82145170000007],[23.43044407800005,65.81836244900006],[23.41483473200003,65.80608070700004],[23.415532449000068,65.79640172900008],[23.428985303000047,65.77710957400006],[23.42919779300007,65.77024510500007],[23.422134319000065,65.76283776000008],[23.430805468000074,65.75377852000008],[23.424906487000044,65.74494111800004],[23.411404050000044,65.74976573900005],[23.413451232000057,65.75837975800005],[23.399258263000036,65.75250923800007],[23.386678491000055,65.75292595100007],[23.38703339600005,65.75984766600004],[23.39846853100005,65.76256100400008],[23.399508249000064,65.76779388100005],[23.38053779100005,65.77547378000008],[23.37005539200004,65.78929135700008],[23.35655321300004,65.79103341200005],[23.350132452000025,65.80917328000004],[23.34139244100004,65.81921910000005],[23.29595008700005,65.79042937500003],[23.282740897000053,65.79355542300004],[23.266131225000038,65.80510213200006],[23.244922554000027,65.80792682200007],[23.228195718000052,65.81918118300007],[23.214695654000025,65.82060345400004],[23.199007246000065,65.81400881900004],[23.195193035000045,65.79930402300005],[23.197370100000057,65.79298077300007],[23.222248404000027,65.77325066100008],[23.20991738500004,65.76304747600005],[23.22720768100004,65.75901026500003],[23.245457223000074,65.74889136000007],[23.27167081300007,65.74309239100006],[23.288196473000028,65.72415100700005],[23.27111239100003,65.73416811500005],[23.257295945000067,65.73817833800007],[23.253681870000037,65.73203605900005],[23.25984762300004,65.71635422700007],[23.252971745000025,65.71297393400005],[23.231800728000053,65.72064281400003],[23.192777369000055,65.74680028000006],[23.181910521000077,65.75757903800007],[23.153049226000064,65.75692877600005],[23.144712205000076,65.75183637700007],[23.15613263000006,65.74460518200004],[23.147589056000072,65.73580458000004],[23.143145267000023,65.72267671800006],[23.13070327500003,65.71727189200004],[23.107796156000063,65.71326589900008],[23.093289668000068,65.70291374300007],[23.083933254000044,65.70744212200003],[23.078921766000065,65.71671006200006],[23.083488801000044,65.73877690200004],[23.051894617000073,65.75533893400006],[23.03881608300003,65.76735328600006],[23.03061714200004,65.76673777900004],[23.034147259000065,65.75770743700008],[23.03226612000003,65.75377159800007],[23.010381549000044,65.75283969800006],[22.95951102300006,65.76612937800007],[22.941332266000074,65.77633896600008],[22.915500115000043,65.78377270500005],[22.895161220000034,65.80211901100006],[22.891348806000053,65.80136583000007],[22.885919195000042,65.79223065100007],[22.84304441200004,65.79843658000004],[22.832240585000022,65.80788754700006],[22.837174477000076,65.81900299800003],[22.83427927500003,65.82603967100005],[22.806374280000057,65.83968626700005],[22.780822294000075,65.86091152700004],[22.765616830000056,65.86618458000004],[22.749686059000055,65.86599802300003],[22.70907707400005,65.88775814500008],[22.68968247500004,65.89033587300008],[22.675244459000055,65.90047432200004],[22.645448200000033,65.90535148500004],[22.63783175900005,65.90369102900007],[22.63821364100005,65.89784424700008],[22.65910118200003,65.88980762700004],[22.67692136900007,65.87780803300006],[22.686367973000074,65.86557104300005],[22.691579900000022,65.84428559000008],[22.711222263000025,65.82020035900007],[22.702924951000057,65.81318046200005],[22.706365436000056,65.79150275000006],[22.69333306300007,65.78175733000006],[22.691071905000058,65.75949774200006],[22.68535917300005,65.75554473200003],[22.670052935000058,65.75333413500005],[22.660389612000074,65.75572472500005],[22.659420012000055,65.75908047700005],[22.662064486000077,65.76597379300006],[22.674917176000065,65.77275244700007],[22.675076571000034,65.77746855300006],[22.61799888200005,65.80033914600006],[22.617027790000066,65.80423322700005],[22.62103871100004,65.80423322700005],[22.619032185000037,65.80730310200005],[22.603605912000035,65.80563854500008],[22.589050089000068,65.79762709400006],[22.561629088000075,65.79142569300006],[22.539831181000068,65.78035452400007],[22.51545104400003,65.77917167300006],[22.50791778400003,65.78238421600008],[22.504909045000034,65.78813466800005],[22.52057271500007,65.80373795500003],[22.522013148000042,65.81331101700005],[22.463264860000038,65.84508677000008],[22.456801747000043,65.85670859300006],[22.43706931400004,65.86085761000004],[22.403576668000028,65.86010322100003],[22.378465798000036,65.86553324200008],[22.35560589000005,65.86187222400008],[22.35463218700005,65.85589638200008],[22.36144417400004,65.84281090400003],[22.34905709800006,65.82839428200003],[22.362631530000044,65.80761042700004],[22.36442013800007,65.79847756800007],[22.32634666100006,65.80351599000005],[22.336649806000025,65.78583731800006],[22.31536365900007,65.78122561600003],[22.306577858000026,65.77509878500007],[22.324459751000063,65.76361173400005],[22.34254650400004,65.74649630800008],[22.341124601000047,65.73970435200005],[22.32127981800005,65.72779379700006],[22.31883749700006,65.72124955600003],[22.339544215000046,65.70486527400004],[22.357633642000053,65.69624369000007],[22.361560197000074,65.67268396300005],[22.34085641000007,65.66252732500004],[22.328485713000077,65.66303550800006],[22.296957604000056,65.68606207400006],[22.287674296000034,65.69888808000007],[22.27588580300005,65.70492663700003],[22.258302337000032,65.69425553800005],[22.256188786000052,65.67956310900007],[22.236848575000067,65.67144734500005],[22.235821974000032,65.65718003600006],[22.239943114000027,65.65007514200005],[22.254232915000046,65.64154608800004],[22.264574676000052,65.63096641600004],[22.282415637000042,65.62780746400006],[22.28390698800007,65.63168444300004],[22.265013802000055,65.64505880000007],[22.26359209000003,65.66308652200007],[22.271098163000033,65.66772877300008],[22.296957604000056,65.66859936700007],[22.30565268600003,65.66480207600006],[22.312807491000058,65.65693039200005],[22.31553328700005,65.63948729500004],[22.339407444000074,65.64135184900005],[22.370714505000024,65.63124047600007],[22.37643290500006,65.62632064900004],[22.377647984000077,65.62175650000006],[22.37479873500007,65.61837178100006],[22.34179026000004,65.61891142800005],[22.318032962000075,65.60013982400005],[22.37718454700007,65.57322261400003],[22.393155861000025,65.55636977900008],[22.394409735000067,65.54306816800005],[22.381746176000036,65.53972910700003],[22.324193508000064,65.55816431500006],[22.296957604000056,65.55954138300007],[22.262377179000055,65.56839751300004],[22.242718297000067,65.56956302500004],[22.22651159800006,65.57593767100008],[22.22519690400003,65.57254740300004],[22.228581520000034,65.56764405100006],[22.271452815000032,65.55989206300006],[22.284155010000063,65.55060086700007],[22.242778483000052,65.54821312800004],[22.20588988700007,65.55586581900008],[22.163751916000024,65.57709634300005],[22.12994149000008,65.57119946000006],[22.150254551000046,65.54848754400007],[22.16380834100005,65.54680184800003],[22.178409075000047,65.55062270800005],[22.18884138100003,65.54061287200005],[22.215439437000043,65.54751053300004],[22.258299694000073,65.53239888000007],[22.31934395600007,65.52218495700004],[22.33685059000004,65.50988997200005],[22.358926315000076,65.50278879000007],[22.360134694000067,65.49917717800008],[22.356313983000064,65.49446788000006],[22.338704496000048,65.49210787200008],[22.318988610000076,65.50278879000007],[22.274604815000032,65.51572128500004],[22.26687732000005,65.50852831800006],[22.268483967000066,65.49839616100007],[22.274041428000032,65.49097371900007],[22.28169749600005,65.48756691400007],[22.28401773400003,65.47935153900005],[22.275076098000056,65.47462281200006],[22.24835564800003,65.49348722800005],[22.218626950000044,65.50427370900007],[22.198718236000047,65.51754350000004],[22.18945794600006,65.52981522800007],[22.176388831000054,65.53647967800003],[22.158354302000077,65.53092027400004],[22.150305622000076,65.52083972000008],[22.138006133000033,65.51377525200007],[22.106324275000077,65.52155722900005],[22.079558021000025,65.52422043000007],[22.070623484000066,65.52006848300005],[22.065353653000045,65.51039734200003],[22.06095645700003,65.50830425100008],[22.036690978000024,65.51627125900006],[21.991857310000057,65.51489771400003],[21.869460391000075,65.53238470800005],[21.86578356900003,65.52443053300004],[21.854874533000043,65.51698068800005],[21.89357579600005,65.49754450600005],[21.89736108200003,65.49924494400005],[21.887189791000026,65.51101097400004],[21.898950262000028,65.51454330800004],[21.977953038000066,65.47218377300004],[22.016082819000076,65.47116232000008],[22.024800310000046,65.46778966700003],[22.008111057000065,65.45092734500008],[22.001148947000047,65.43075077200007],[21.98902656300004,65.41808056600007],[21.93785865500007,65.43692200100003],[21.911606994000067,65.43503833800008],[21.923592116000066,65.41393750000003],[21.917960427000025,65.39728941200008],[21.89368430600007,65.40441233200005],[21.87107112700005,65.40369122400006],[21.852047397000035,65.41032609900003],[21.820473204000052,65.39551925000006],[21.784148963000064,65.39863864100005],[21.771137786000054,65.40272221000004],[21.764821062000067,65.40091243000006],[21.766961321000053,65.39323921200008],[21.815161527000043,65.36249628200005],[21.819117939000023,65.35505669000008],[21.81037791500006,65.35159090800005],[21.76219424800007,65.36326291000006],[21.722395775000052,65.38373780900008],[21.706660656000054,65.37941227100004],[21.679494399000077,65.38345063400004],[21.663720371000068,65.39171904000005],[21.660879842000043,65.40064374900004],[21.656335298000045,65.40404921100003],[21.617360441000073,65.40220785100007],[21.596986747000074,65.40873144900007],[21.583051873000045,65.41990247200005],[21.566890408000063,65.41921701100006],[21.565445856000053,65.40502886100006],[21.578112332000046,65.39250143500004],[21.63331332300004,65.36394618800006],[21.634133703000032,65.35238681300007],[21.62968814800007,65.34750629300004],[21.590250592000075,65.35542382300008],[21.579035039000075,65.37726611400007],[21.54867684800007,65.39370173000003],[21.511320487000035,65.39758583700007],[21.513495169000066,65.38718114500006],[21.522796131000064,65.37879774700008],[21.512110557000028,65.37345777500008],[21.485310232000074,65.38584113200005],[21.465095292000058,65.38765980000005],[21.45550221700006,65.38403756100007],[21.460893257000066,65.37545896300003],[21.47914587100007,65.37074746800005],[21.482234659000028,65.36622434400005],[21.47211207400005,65.36048318500008],[21.44660383300004,65.35997597500005],[21.447410971000068,65.35559408600005],[21.475763261000054,65.34460046100003],[21.50234034500005,65.35182165900005],[21.51479995400007,65.35088907200003],[21.52297082000007,65.34650190700006],[21.521784040000057,65.33914396800003],[21.50252313200008,65.33072343900005],[21.503202604000023,65.32191119800007],[21.53086933000003,65.32766223600004],[21.54694835400005,65.33781182000007],[21.559071327000026,65.34042962000007],[21.586850644000037,65.33184655000008],[21.591951478000055,65.33572055900004],[21.596000554000057,65.33213187500007],[21.607944822000036,65.33438967700005],[21.62425856400006,65.33159632700006],[21.62854483600006,65.32635400100008],[21.627774896000062,65.32094229700004],[21.613084739000044,65.31632],[21.61146028400003,65.31166938300004],[21.624176514000055,65.30209752300004],[21.64862780900006,65.29423276400007],[21.67017822500003,65.29951032000008],[21.674575584000024,65.31966225600007],[21.701759554000034,65.31050460600005],[21.70416757600003,65.30181429500004],[21.675943503000042,65.28666372400005],[21.664711633000024,65.26516776100004],[21.646563040000046,65.25549930200003],[21.64457476000007,65.24627776000005],[21.66477029400005,65.23136587100004],[21.681072372000074,65.22772519700004],[21.696934703000068,65.22963750200006],[21.72505546900004,65.21960390300006],[21.73530908600003,65.20690104100004],[21.731844979000073,65.20083871800006],[21.68055447300003,65.21210300300004],[21.648659937000048,65.23095156200003],[21.608497889000034,65.24474328800005],[21.592404204000047,65.24428571100003],[21.538966655000024,65.23366674400006],[21.524252466000064,65.23489894600004],[21.521014625000078,65.23960730200008],[21.52662336000003,65.25174429500004],[21.525694162000036,65.26198953200003],[21.48612769300007,65.28007112500006],[21.470936514000073,65.31059774900007],[21.417310144000055,65.31595057600003],[21.385790883000027,65.33546140500005],[21.346973551000076,65.35276154600007],[21.33171472500004,65.36482532400004],[21.311765320000063,65.36381983200005],[21.295172517000026,65.34392787900003],[21.257776985000078,65.33676050500003],[21.27231418200006,65.32545107600004],[21.30872665800007,65.31849440800005],[21.350620251000066,65.31829688300007],[21.378844575000073,65.32384269300007],[21.429707010000072,65.29976493200007],[21.444664766000074,65.28896004100005],[21.46553568400003,65.28522953500004],[21.482581629000038,65.25549950100003],[21.532177597000043,65.22217207000006],[21.536195561000056,65.20552329400005],[21.551927662000026,65.19391454300006],[21.583814956000026,65.15246168300007],[21.579649780000068,65.14025961400006],[21.523943902000042,65.13675846100006],[21.528952213000025,65.12442200600003],[21.530459604000043,65.10733657100008],[21.514094218000025,65.08827722400008],[21.52155212300005,65.08046465500007],[21.540743144000032,65.07108194400007],[21.54357937900005,65.06294135400003],[21.48849855700007,65.08486387100004],[21.321747637000044,65.13549383700007],[21.263197175000073,65.16406837400007],[20.806112848000055,65.20933263700005],[20.037589310000044,65.35759189700008],[20.026823269000033,65.36527361500004],[20.003592411000056,65.37082387900006],[19.99940763500007,65.36589403600004],[19.89438229600006,65.38066855300008],[19.708947572000056,65.26218730000005],[19.70687132100005,65.25930148200007],[19.710736791000045,65.25631517500005],[19.70655854200004,65.25303159600003],[19.694609507000052,65.25298702200007],[19.61049779600006,65.20009854900007],[19.478735121000057,65.16545904600008],[19.482486417000075,65.16155252300007],[19.437085798000055,65.14890996500003],[19.431771754000067,65.15328991200005],[19.392038284000023,65.14297492700007],[19.364334971000062,65.16583700900003],[19.34219142200004,65.17743481800005],[19.33791178000007,65.18688949300008],[19.262853952000057,65.20732218600006],[19.248045070000046,65.21621075000007],[19.243738386000075,65.22596303200004],[19.251052823000066,65.23871199300004],[19.269919065000067,65.24353758600006],[19.258030657000063,65.25447716700006],[19.231562075000056,65.26560046200007],[19.20527575600005,65.27140618000004],[19.16591578500004,65.28578068700006],[19.132344094000075,65.29182627600005],[19.097462182000072,65.30443892900007],[19.032963946000052,65.30784347900004],[19.02166910400007,65.31271131300008],[19.017119122000054,65.32773307800005],[19.009337178000067,65.33260064400008],[18.97690358600005,65.34108613400008],[18.934812657000066,65.34679077300007],[18.87048859300006,65.37202256300003],[18.834323941000036,65.37239931800008],[18.81094983500003,65.38668240500004],[18.772524375000046,65.39577606700004],[18.752396883000074,65.40493672900004],[18.74569888700006,65.41360077300004],[18.746373362000043,65.42305087200003],[18.720768031000034,65.43677376400007],[18.701762124000027,65.43867207200003],[18.62581672400006,65.43499919800007],[18.535865193000063,65.44887960100004],[18.523499764000064,65.45293137400006],[18.50558046200007,65.47292214600003],[18.495943491000048,65.47739650900007],[18.426157533000037,65.49679276900008],[18.34184033500003,65.49477651500007],[18.250587533000044,65.53224942600008],[18.23097051900004,65.54308305200004],[18.19537740900006,65.55522894500007],[18.179433777000042,65.56569706300007],[18.17811775200005,65.57705659300007],[18.158389861000046,65.57441693700008],[18.143417142000033,65.57665246300007],[18.146604569000033,65.58895093000007],[18.102071479000074,65.59451305000005],[18.073822138000025,65.57875048300008],[18.03323762200006,65.58782948800007],[18.030603574000054,65.60243995400003],[17.848386789000074,65.62444301600004],[17.67465399500003,65.65702791200005],[16.98039114100004,65.95264130700008],[16.773240045000023,66.03128538400006],[16.605514484000025,66.04417638600006],[16.52233306000005,66.05453091000004],[16.22952559400005,66.14140237500004],[15.769008694000036,66.29115298000005],[15.453994737000073,66.34523350300003],[15.37815531900003,66.48353468100004],[15.451865438000027,66.52425987500004],[15.622148781000021,66.59503689500008],[15.992052067000031,66.87203714200007],[16.039823520000027,66.91283244200008],[16.19370357200006,66.98238191600007],[16.386969183000076,67.04708415800008],[16.404099434000045,67.20497459500007],[16.090917801000046,67.43607035800005],[16.159330048000072,67.51906199000007],[16.407630177000044,67.53407099100008],[16.49474656900003,67.59445502700004],[16.556431662000023,67.64759726200003],[16.737076564000063,67.91263681200007],[16.929850213000066,67.97732202800006],[17.18050829500004,68.05046102200004],[17.28152408400007,68.11881504100006],[17.664173840000046,68.03846985100006],[17.899761712000043,67.96937207200006],[18.149557824000055,68.19814958200004],[18.10167391600004,68.40526266300003],[18.125925245000076,68.53651595600007],[18.405619740000077,68.58087084100003],[18.487419184000032,68.55575071100003],[18.621555287000035,68.50771895200006],[18.987906389000045,68.51612179200004],[19.917594119000057,68.35716074400005],[19.982485127000075,68.38999225400005],[20.21600572400007,68.48896371300003],[20.027658668000072,68.53058059200004],[19.937502470000027,68.55793951100003],[20.052247373000057,68.59106843000006],[20.202426208000077,68.66593665500005],[20.335297997000055,68.80374456500004],[20.306699208000055,68.92474424900007],[20.238507472000038,68.95578823800008],[20.06004763100003,69.04575893300006],[20.548636559000045,69.05996854600005]]],[[[22.95708969800006,65.73822359900004],[22.96646243600003,65.73203605900005],[22.964951244000076,65.72781372200006],[22.939231576000054,65.72997004400008],[22.93413845400005,65.72688724800008],[22.986469618000058,65.70618476100003],[22.98862039100004,65.69438175200008],[22.983318987000075,65.69258980700005],[22.969274873000074,65.70040230000006],[22.962655742000038,65.70028395800006],[22.95856017600005,65.68997640900005],[22.960021177000044,65.68074782000008],[22.969421629000067,65.66999505000007],[22.947808704000067,65.66861778300006],[22.93872331700004,65.67300979600003],[22.925790241000072,65.68790147800007],[22.90113714900008,65.70286603300008],[22.881160451000028,65.70481864900006],[22.883146599000042,65.70854757600006],[22.877847135000025,65.71485376300006],[22.876090842000053,65.72481045800004],[22.882068084000025,65.73797059800006],[22.890530429000023,65.74208382200004],[22.922990362000064,65.74443762800007],[22.95708969800006,65.73822359900004]]],[[[23.71816127900007,65.75238178300003],[23.72318410300005,65.74577946500006],[23.73137781500003,65.74788639900004],[23.745653460000028,65.73883580100005],[23.750449340000046,65.74130164100006],[23.758282897000072,65.73978013500005],[23.776838350000048,65.75136024400007],[23.788321284000062,65.74245394900004],[23.794764198000053,65.75065238400003],[23.804431478000026,65.74386483700005],[23.79762704700005,65.73111864600003],[23.785801297000035,65.72658942100003],[23.78045681100008,65.71716926000005],[23.76669873900005,65.71158193400004],[23.75908141900004,65.70285727600003],[23.74307957900004,65.69811097200005],[23.722645097000054,65.70473607100007],[23.68839146700003,65.70986319100007],[23.680324506000034,65.72004486700007],[23.677442529000075,65.73922651200007],[23.68015097800003,65.74641051100008],[23.686723796000024,65.75056833900004],[23.69872877000006,65.73700906800008],[23.710847530000024,65.73758949700004],[23.71816127900007,65.75238178300003]]],[[[22.602172477000067,65.59624621700004],[22.599368447000074,65.58974066100006],[22.60916039500006,65.58982277200005],[22.632801200000074,65.59813187600008],[22.646000224000034,65.59369821700005],[22.650852556000075,65.59784323200006],[22.656022285000063,65.59284525100003],[22.641158501000064,65.57790319800006],[22.61785966900004,65.57450332600007],[22.615974918000063,65.56021309600004],[22.598014143000057,65.55418848900007],[22.57688453800006,65.55750586500005],[22.567938221000077,65.55422151900007],[22.54505460100006,65.56124469000008],[22.531762240000035,65.56919256200007],[22.52585105600008,65.57811466400005],[22.543654407000076,65.58216447000007],[22.566580214000055,65.57788753500006],[22.576106754000023,65.57994703000003],[22.581632014000036,65.59187378200005],[22.559697294000046,65.59994736900006],[22.554233558000078,65.60603635400008],[22.55925590100003,65.61181184000003],[22.577358383000046,65.61945212300003],[22.59494049700004,65.61634192100007],[22.611421018000044,65.60466143300005],[22.611554005000073,65.60041479500006],[22.602172477000067,65.59624621700004]]],[[[22.802255865000063,65.73203605900005],[22.816641256000025,65.70528300900008],[22.77778591400005,65.71025403700008],[22.759665074000054,65.70723485400003],[22.737023932000056,65.71463398400005],[22.726643452000076,65.72572342900008],[22.73622589100006,65.73203605900005],[22.73379735000003,65.73914333100004],[22.737627402000044,65.74925001700007],[22.735538226000074,65.76509054300004],[22.737495873000057,65.77047715900005],[22.741937730000075,65.77252411000006],[22.754882268000074,65.76707379900006],[22.760697494000055,65.75954273600007],[22.778842664000024,65.75675171500006],[22.79428590200007,65.74900886200004],[22.802255865000063,65.73203605900005]]],[[[22.219010748000073,65.44002392800007],[22.234490848000064,65.43426346200005],[22.230531239000072,65.42014589700005],[22.161644409000075,65.43013498800008],[22.144812519000027,65.43567167300006],[22.14215252500003,65.44117616700004],[22.143119632000037,65.45380283500003],[22.15583118400008,65.45974168900005],[22.14427568600007,65.46964854300006],[22.169894629000055,65.47896322900004],[22.216074012000036,65.46195638900008],[22.201640307000048,65.45222444400008],[22.219010748000073,65.44002392800007]]],[[[22.416822354000033,65.44514912500006],[22.373099723000053,65.43128096600003],[22.325102144000027,65.43213370000007],[22.28753196300005,65.42816196200005],[22.28154485300007,65.43539575600005],[22.292354212000077,65.44870120700006],[22.287574980000045,65.45524373500007],[22.289672771000028,65.45831944000008],[22.318014224000024,65.45157647900004],[22.320631110000022,65.44856053800004],[22.31763078800003,65.44191132600008],[22.333054540000035,65.43863777800004],[22.348021519000042,65.44051502100007],[22.359414928000035,65.45641973400006],[22.371612975000062,65.46447656000004],[22.390354785000056,65.46104255900008],[22.40224362400005,65.45440193200005],[22.42179288600005,65.45175347200006],[22.416822354000033,65.44514912500006]]],[[[21.85937144600007,65.25981736900007],[21.86734670000004,65.24845245600005],[21.856902168000033,65.24202945500008],[21.84342556200005,65.24575514300005],[21.844694719000074,65.25146124000008],[21.836181934000024,65.25553311600004],[21.81813861200004,65.24773513800005],[21.810517404000052,65.25298810100003],[21.789353720000065,65.25228798100005],[21.754309300000045,65.26442665800005],[21.758123743000056,65.28132122300008],[21.744228219000036,65.28691464100007],[21.779070266000076,65.28601036900005],[21.79713199100007,65.28246221700005],[21.824770288000025,65.26639579400006],[21.85937144600007,65.25981736900007]]],[[[22.57043181800003,65.49195364100007],[22.577763236000067,65.47812798900003],[22.559466231000044,65.47458265400007],[22.51952377300006,65.47726332900004],[22.505641843000035,65.48345145900004],[22.505232286000023,65.49591862800008],[22.500811072000033,65.50278879000007],[22.511436567000032,65.50814876200008],[22.52900009900003,65.50924235500008],[22.553919078000035,65.50382825100007],[22.57043181800003,65.49195364100007]]],[[[21.84889153100005,65.21163181300005],[21.85140178100005,65.19808830900007],[21.841516195000054,65.19495171200003],[21.815644384000052,65.20710618600003],[21.782305763000068,65.21688752100005],[21.76032295500005,65.23296200600004],[21.781879703000072,65.23744841800004],[21.827459764000025,65.22642231800006],[21.84889153100005,65.21163181300005]]],[[[22.807017203000044,65.55301886700005],[22.791308602000072,65.54863742200007],[22.80304774500007,65.54418957700005],[22.810535878000053,65.53405771900003],[22.79988658600007,65.52375712900005],[22.79546209600005,65.52700914700006],[22.794421578000026,65.53370807300007],[22.78939962100003,65.53137673200007],[22.77466681100003,65.54165823800008],[22.746044349000044,65.54992699800005],[22.78394914300003,65.55039380100004],[22.75819416400003,65.56424008000005],[22.764267240000038,65.56911995600007],[22.792975541000033,65.56958694200006],[22.808136588000025,65.55943450800004],[22.811280354000075,65.55420794600008],[22.807017203000044,65.55301886700005]]],[[[22.004695474000073,65.36837837300004],[21.999280257000066,65.36130248300003],[21.992436386000065,65.36216040800008],[21.98580779400004,65.36727328300003],[21.993765280000048,65.37132812900006],[21.976367942000024,65.37990306000006],[21.96812360900003,65.39018279100003],[21.97587026900004,65.39874327500007],[21.99299534900007,65.39795354300003],[22.01933578300003,65.38621184700008],[22.024369212000067,65.38059278300005],[22.024866805000045,65.37208733000006],[22.004695474000073,65.36837837300004]]],[[[22.61467393500004,65.51765568300004],[22.602310147000026,65.51114957500005],[22.56187912000007,65.51753018200003],[22.54894470100004,65.52537386200004],[22.54560933500005,65.54032366800004],[22.557835031000025,65.53983272200003],[22.60765592300004,65.52445734700007],[22.61467393500004,65.51765568300004]]],[[[21.790167414000052,65.32955379700007],[21.80431483800004,65.32581315000004],[21.82120283300003,65.31640499200006],[21.81652284200004,65.31437086200003],[21.80484958900007,65.31758206600006],[21.77247025500003,65.31655300500006],[21.752686034000078,65.32352400900004],[21.74464630700004,65.33311901600007],[21.759545380000077,65.33476673600006],[21.790167414000052,65.32955379700007]]],[[[22.65020444000004,65.53864186100003],[22.63753385800004,65.54141962300008],[22.645286174000034,65.54685610300004],[22.646198173000073,65.55524518300007],[22.669875509000065,65.56457327700008],[22.68813913100007,65.56044667300006],[22.697644772000046,65.54808507400003],[22.660232774000065,65.54445560900007],[22.65020444000004,65.53864186100003]]],[[[23.770630178000033,65.57041360000005],[23.775028022000072,65.56430743700008],[23.755242520000024,65.56346658700005],[23.72838656400006,65.57142948200004],[23.722874313000034,65.57906783800007],[23.737521720000075,65.58430320600007],[23.744341923000036,65.59748494900003],[23.75193829600005,65.60104089300006],[23.75039296400007,65.58452209400008],[23.770630178000033,65.57041360000005]]],[[[22.633732422000037,65.65651919100003],[22.61975230200005,65.65564382900004],[22.602267721000032,65.66116696600005],[22.61570199600004,65.67002469400006],[22.614318256000047,65.67977425700008],[22.622040593000065,65.68769241800004],[22.63313097100007,65.68418393500008],[22.641353280000033,65.67230548900005],[22.639275487000077,65.66056810600003],[22.633732422000037,65.65651919100003]]],[[[22.08910941700003,65.49037429100008],[22.081684893000045,65.49302833500008],[22.074545853000075,65.51383022300007],[22.081710370000053,65.51600008900004],[22.111241629000062,65.51184759700004],[22.122248280000065,65.50490958500006],[22.106177108000054,65.49979923400008],[22.10515500300005,65.49480693000004],[22.090482818000055,65.49465372700007],[22.08910941700003,65.49037429100008]]],[[[22.435523810000063,65.36565635000005],[22.430421212000056,65.35998753100006],[22.413987201000054,65.36101880200005],[22.40767194400007,65.37099759000006],[22.36833290900006,65.38938290500005],[22.374478116000034,65.39495759100004],[22.382593659000065,65.39505294100007],[22.39105150100005,65.38429596300006],[22.410220519000063,65.37684541900006],[22.435490851000054,65.37579818500006],[22.439504001000046,65.37007821200007],[22.435523810000063,65.36565635000005]]],[[[21.604827037000064,65.10105433800004],[21.609651565000036,65.09535750200007],[21.605729508000024,65.08664138200004],[21.58828819100006,65.08836516900004],[21.576190343000064,65.08462809500003],[21.56786590300004,65.08602154600004],[21.57232637100003,65.09174487500007],[21.57030297800003,65.10246492900006],[21.595772314000044,65.10447058300008],[21.604827037000064,65.10105433800004]]],[[[23.511464760000024,65.72914409200007],[23.515135705000034,65.71329607800004],[23.509899829000062,65.71102679300003],[23.48452637500003,65.72317843500008],[23.490329753000026,65.72964647300006],[23.488391035000063,65.73978221900006],[23.491365958000074,65.74487331700004],[23.511464760000024,65.72914409200007]]],[[[21.694058322000046,65.13879532000004],[21.69524756100003,65.13156963000006],[21.67805558200007,65.12948318900004],[21.653610900000047,65.13996263600006],[21.65804251700007,65.14522176100007],[21.655667436000044,65.15138463500006],[21.676908058000038,65.14936464700003],[21.68064741300003,65.14092299500004],[21.694058322000046,65.13879532000004]]],[[[22.710445807000042,65.50071615100006],[22.71255135000007,65.49475617000007],[22.69145681400005,65.49328404200003],[22.661805495000067,65.50705732300008],[22.66658784300006,65.51105386400008],[22.683583807000048,65.51016469200005],[22.710445807000042,65.50071615100006]]],[[[23.954267241000025,65.69592058300003],[23.96151733000005,65.70109186200006],[23.96861259700006,65.69382197200008],[23.986447653000027,65.69674639800007],[24.000191872000073,65.69410492200007],[24.001956050000047,65.69090235900006],[23.996311234000075,65.68548106300005],[23.98053485300005,65.68167337200003],[23.975641262000067,65.68523037000006],[23.964645734000044,65.68564346800008],[23.954267241000025,65.69592058300003]]],[[[23.784317007000027,65.65715092200003],[23.803388683000037,65.64276581400003],[23.80583421700004,65.63727706200007],[23.775304924000068,65.63856014100003],[23.76376577800005,65.64654430600007],[23.784317007000027,65.65715092200003]]],[[[22.737378523000075,65.47767661400007],[22.735968339000067,65.47009960800006],[22.728244003000043,65.47385525000004],[22.70759472800006,65.47175545800008],[22.701879294000037,65.47381742300007],[22.70616425700007,65.47767661400007],[22.714649419000068,65.47767661400007],[22.711510393000026,65.48312343300006],[22.718944582000063,65.48810145300007],[22.734292338000046,65.48852629600003],[22.73734504400005,65.49393166400006],[22.74223261800006,65.49139767800006],[22.735447887000078,65.48095251100005],[22.737378523000075,65.47767661400007]]],[[[22.71566300300003,65.51516891500006],[22.68843668200003,65.52063630600003],[22.688753217000055,65.52390852000008],[22.70730822300004,65.53172501200004],[22.72205444900004,65.52962606500006],[22.728553026000043,65.51877983600008],[22.71566300300003,65.51516891500006]]],[[[23.08769605200007,65.66196400300004],[23.07706140600004,65.66095764300007],[23.05248159100006,65.67230519400005],[23.06267930000007,65.68010200300006],[23.08813222200007,65.67475594200005],[23.092970517000026,65.66750309500003],[23.08769605200007,65.66196400300004]]],[[[22.066446948000078,65.39985621200003],[22.05291446600006,65.39709003300004],[22.03969212000004,65.39976440000004],[22.030586438000057,65.40707743600007],[22.040575920000038,65.41605770200005],[22.067837131000033,65.40840126200004],[22.066446948000078,65.39985621200003]]],[[[22.52788407500003,65.40788184300004],[22.53541344300004,65.40299629900005],[22.526944791000062,65.39735711000003],[22.50805225000005,65.39766967400004],[22.488489233000053,65.41078541100006],[22.494767014000047,65.41386697900003],[22.52788407500003,65.40788184300004]]],[[[22.423230163000028,65.70562030100007],[22.42467956100006,65.70179298400006],[22.408814219000078,65.69909370100004],[22.390482604000056,65.71051894600004],[22.401942991000055,65.71664145800008],[22.423360943000034,65.71787434600003],[22.423230163000028,65.70562030100007]]],[[[22.368538460000025,65.50992563600005],[22.35706824300007,65.52741202900006],[22.32675365800003,65.54188119700007],[22.331063895000057,65.54322066100008],[22.34402758300007,65.53864186100003],[22.38158958300005,65.52011044100004],[22.385241148000034,65.51374980900005],[22.368538460000025,65.50992563600005]]],[[[22.642443284000024,65.64662198100007],[22.65234042900005,65.63934077900007],[22.64702328900006,65.63206583300007],[22.617833862000055,65.63560322600006],[22.61230894700003,65.64445185300008],[22.63311937700007,65.64823258200005],[22.642443284000024,65.64662198100007]]],[[[22.77198167100005,65.66877254600007],[22.781089896000026,65.66466527200004],[22.78213382000007,65.66849941400005],[22.786891728000057,65.66872514900007],[22.798104557000045,65.65444450300004],[22.77845992700003,65.65223882400005],[22.75862750700003,65.66229978000007],[22.77198167100005,65.66877254600007]]],[[[21.913036909000027,65.52182278200007],[21.94343542000007,65.51355260000008],[21.958539978000033,65.51376070300006],[21.964438612000038,65.50756230800005],[21.946405973000026,65.50489162100007],[21.909180365000054,65.51985920100003],[21.913036909000027,65.52182278200007]]],[[[22.479846045000045,65.37873546100008],[22.480714714000044,65.37676411500007],[22.47469019500005,65.37405976300005],[22.462963165000076,65.37567026700003],[22.448060657000042,65.38750814700006],[22.454771054000048,65.39259486200007],[22.465510366000046,65.39010654500004],[22.479846045000045,65.37873546100008]]],[[[22.12482517500007,65.43536785300006],[22.13258673100006,65.42842680900003],[22.11939135600005,65.42931680400005],[22.114346865000073,65.42664032200008],[22.12655419200007,65.41747572700007],[22.112821283000073,65.41813086700006],[22.102603979000037,65.42693962800007],[22.109621779000065,65.42878984200007],[22.110436438000022,65.43866369900007],[22.113053896000054,65.43965928500006],[22.12482517500007,65.43536785300006]]],[[[22.01525950100006,65.49651827000008],[22.00997283600003,65.49539502900006],[21.98708197600007,65.50278879000007],[22.011485483000058,65.50825741000006],[22.021988856000064,65.50714385200007],[22.026388617000066,65.50278879000007],[22.01525950100006,65.49651827000008]]],[[[23.27548202400004,65.75112674500008],[23.267802695000057,65.74897530500004],[23.25345917100003,65.75156996000004],[23.244323793000035,65.75745420200008],[23.26840953800007,65.76445160000003],[23.278462257000058,65.75664121500006],[23.27548202400004,65.75112674500008]]],[[[22.843149767000057,65.73917571700008],[22.84416483600006,65.72621876800008],[22.833995636000054,65.72406973000005],[22.81502017400004,65.73203605900005],[22.821068741000033,65.73962625100006],[22.835643584000024,65.73292780700007],[22.835558972000058,65.74080857600006],[22.83982634800003,65.74323091800005],[22.843149767000057,65.73917571700008]]],[[[24.13778488500003,65.80326575700008],[24.111438218000046,65.78990643400005],[24.10478041400006,65.79034135300003],[24.101158960000078,65.79560941800008],[24.13545946000005,65.80890602000005],[24.139242538000076,65.80655048700004],[24.13778488500003,65.80326575700008]]],[[[23.233377464000057,65.78617882800006],[23.228429384000037,65.78430772600007],[23.20911503900004,65.79416723700007],[23.230867733000025,65.79890537700004],[23.24922430600003,65.79217126500004],[23.233377464000057,65.78617882800006]]],[[[22.494071382000072,65.63268250400006],[22.500137034000034,65.62670731100008],[22.48169202200006,65.62451489400007],[22.46491820500006,65.63472691200008],[22.470433182000022,65.63973731800007],[22.494071382000072,65.63268250400006]]],[[[23.020416070000067,65.66455446800006],[23.01547752500005,65.66301791400008],[22.99649964300005,65.67265276100005],[23.01811890500005,65.67716513000005],[23.036741137000035,65.66963376900003],[23.020416070000067,65.66455446800006]]],[[[21.659782119000056,65.34168655100007],[21.655584520000048,65.34124433700003],[21.638216747000058,65.35061162300008],[21.65586156300003,65.35416036300006],[21.674064263000048,65.34815699400008],[21.67845078000005,65.34365328100006],[21.659782119000056,65.34168655100007]]],[[[23.54620469100007,65.73964116100007],[23.558660361000022,65.71915966300003],[23.54847574000007,65.72052637500008],[23.528458159000024,65.73974413300004],[23.54620469100007,65.73964116100007]]],[[[22.396682937000037,65.78648643300005],[22.378244709000057,65.79948182500004],[22.395739983000055,65.80198432900005],[22.411535899000057,65.78992542700007],[22.396682937000037,65.78648643300005]]],[[[21.555664984000032,65.35822302300005],[21.551017760000036,65.35592862800007],[21.535167256000022,65.36866166800007],[21.555372529000067,65.37208221900005],[21.566873716000032,65.36375692100006],[21.555664984000032,65.35822302300005]]],[[[23.84248348500006,65.76166601200003],[23.84215688200004,65.75919502800008],[23.83143201300004,65.76362359200004],[23.84638312000004,65.77769842100008],[23.86374672200003,65.76731740800005],[23.842810831000065,65.76414261600007],[23.84248348500006,65.76166601200003]]],[[[21.81193606900007,65.38674616600008],[21.82155326000003,65.38077704100004],[21.80336668800004,65.37962424200003],[21.784029298000064,65.39082872000006],[21.799765840000077,65.39429989200005],[21.81193606900007,65.38674616600008]]],[[[22.71226824300004,65.66901808200004],[22.707589678000033,65.66779112600005],[22.69290856500004,65.67478411700006],[22.708492645000035,65.68228771900004],[22.71883985200003,65.67942653100005],[22.722943076000035,65.67300153100007],[22.71226824300004,65.66901808200004]]],[[[22.63636138800007,65.78116146400004],[22.640451934000055,65.77764933900005],[22.621235653000042,65.77381058600008],[22.608886815000062,65.77478579100006],[22.612885193000068,65.78359984600007],[22.632658621000076,65.78434064400005],[22.63636138800007,65.78116146400004]]],[[[22.460179572000072,65.35088723000007],[22.44859626400006,65.34938008300003],[22.440601410000056,65.35190918000006],[22.45913629000006,65.36410582400003],[22.473092492000035,65.36031984800007],[22.460179572000072,65.35088723000007]]],[[[21.902655994000042,65.18693564100005],[21.905852407000054,65.18627554400007],[21.90753670500004,65.18056679100005],[21.903923168000063,65.18113570800006],[21.902093153000067,65.18700902000006],[21.888969367000072,65.18806954500008],[21.873449489000052,65.19684527500004],[21.869667976000073,65.20273827700004],[21.87983603500004,65.20176871200005],[21.90034713800003,65.19138788100008],[21.902655994000042,65.18693564100005]]],[[[22.988300431000027,65.64146553500007],[22.98890606300006,65.63732268200005],[22.98399297800006,65.63664156800007],[22.96080199200003,65.65052800900008],[22.962997226000027,65.65511486400004],[22.969183545000078,65.65559332400005],[22.968925554000066,65.65148518000007],[22.981296447000034,65.64765680900007],[22.988300431000027,65.64146553500007]]],[[[22.38087346100008,65.59613667400004],[22.374586459000056,65.59539562800006],[22.364803245000076,65.60418364900005],[22.369272583000054,65.61269372400005],[22.380927688000043,65.60879853000006],[22.384393267000064,65.60146524300006],[22.38087346100008,65.59613667400004]]],[[[22.744277904000057,65.80588347100007],[22.75422427700005,65.79983125500007],[22.756642287000034,65.79498330000007],[22.74628599500005,65.79649918200005],[22.72386784500003,65.80838141100003],[22.726544878000027,65.81139411300006],[22.73534714500005,65.81131770000007],[22.744277904000057,65.80588347100007]]],[[[24.114538370000048,65.70819817000006],[24.104893583000035,65.70082579600006],[24.082872949000034,65.70564314400008],[24.101404840000043,65.71259470800004],[24.11101491200003,65.71149636000007],[24.114538370000048,65.70819817000006]]],[[[22.744748395000045,65.86147122200003],[22.760941466000077,65.85107002800004],[22.750934095000048,65.84794698200005],[22.73007195100007,65.85419467200006],[22.744748395000045,65.86147122200003]]],[[[22.477929688000074,65.80061081100007],[22.486303589000045,65.79960911400008],[22.48652168600006,65.79416885200004],[22.468007820000025,65.79865798500003],[22.460051788000044,65.81151021200003],[22.46937798400006,65.81500416700004],[22.473092265000048,65.80450938000007],[22.477929688000074,65.80061081100007]]],[[[23.448853839000037,65.79448903900004],[23.45208112200004,65.79310757400003],[23.44676286400005,65.78425583400008],[23.440689087000067,65.78489672100005],[23.43425259000003,65.79018777200008],[23.443376905000036,65.80291632400008],[23.447898817000066,65.80075697700005],[23.448853839000037,65.79448903900004]]],[[[21.893891361000044,65.34369562500007],[21.886854941000024,65.34133417600003],[21.873810194000043,65.34731288500006],[21.896045681000032,65.35343326000003],[21.904632218000074,65.34730029700006],[21.893891361000044,65.34369562500007]]],[[[22.08269603900004,65.48806452600007],[22.085043840000026,65.48416634300008],[22.080042668000033,65.48325693900006],[22.06703334100007,65.48633156600005],[22.05682862200007,65.49360572400008],[22.065204873000027,65.49670680900005],[22.08269603900004,65.48806452600007]]],[[[22.628013616000032,65.46212456800004],[22.63278959400003,65.45749102000008],[22.596773075000044,65.45768833200003],[22.61411177800005,65.46625807800007],[22.628013616000032,65.46212456800004]]],[[[23.824229614000046,65.66986136900005],[23.831733866000036,65.66712020500006],[23.835764658000073,65.65209682400007],[23.825083127000028,65.65496117000004],[23.818714405000037,65.66728349000005],[23.824229614000046,65.66986136900005]]],[[[22.78033236400006,65.79782385300007],[22.770340133000047,65.80008569500006],[22.759641663000025,65.81426228600003],[22.76829202700003,65.81229711600008],[22.77951557700004,65.80407435500007],[22.78033236400006,65.79782385300007]]],[[[24.098847436000028,65.80312089100005],[24.091347453000026,65.79870377900005],[24.07580256400007,65.80183138900003],[24.093461844000046,65.81007695300008],[24.10481615200007,65.80663616400005],[24.098847436000028,65.80312089100005]]],[[[22.866254656000024,65.71346421600003],[22.866428987000063,65.70927237700005],[22.855293480000057,65.70965330100006],[22.842883851000067,65.72018239600004],[22.849098669000057,65.72131711500003],[22.866254656000024,65.71346421600003]]],[[[21.721937771000057,65.13799667100005],[21.733891586000027,65.13152679700005],[21.719767181000066,65.12448957600003],[21.70989326700004,65.12691930300008],[21.721937771000057,65.13799667100005]]],[[[23.174814026000035,65.72597269400006],[23.164285231000065,65.73386322500005],[23.181306177000067,65.73786151300004],[23.184582300000045,65.72834514500005],[23.174814026000035,65.72597269400006]]],[[[24.127091634000067,65.71737757600005],[24.15063937900004,65.71809522600006],[24.162436503000038,65.71309433200008],[24.11823752500004,65.71349147000006],[24.127091634000067,65.71737757600005]]],[[[21.934946404000073,65.18049830300004],[21.920765750000044,65.18817831100006],[21.93561062200007,65.19186875400004],[21.94572960200003,65.18419588400008],[21.934946404000073,65.18049830300004]]],[[[24.05864278000007,65.73932645000008],[24.048427814000036,65.74075298500003],[24.048898611000027,65.74273973600003],[24.064736286000027,65.75028799300003],[24.069572122000068,65.74733212000007],[24.068644878000043,65.74273973600003],[24.05864278000007,65.73932645000008]]],[[[22.373928685000067,65.32018159000006],[22.37972082500005,65.31533280900004],[22.369541810000044,65.31237804200003],[22.353331216000072,65.32008004100004],[22.35558438100003,65.32233972600005],[22.373928685000067,65.32018159000006]]],[[[22.895816625000066,65.67906549600008],[22.901205279000067,65.67408825600006],[22.88948592400004,65.67206848400008],[22.877156356000057,65.67939766900008],[22.891622133000055,65.68293974600005],[22.895816625000066,65.67906549600008]]],[[[24.15009576700004,65.66658219000004],[24.135763003000022,65.67296444700008],[24.148774923000076,65.67737775800003],[24.16003167300005,65.67022978200004],[24.15009576700004,65.66658219000004]]],[[[22.403337657000066,65.60311916000006],[22.40933195200006,65.59812986100007],[22.401549359000057,65.59165968100007],[22.391312897000034,65.59618737200003],[22.396818214000064,65.60377835100007],[22.403337657000066,65.60311916000006]]],[[[22.466482015000054,65.67960122000005],[22.475578151000036,65.67199336600004],[22.46334644500007,65.66912619200008],[22.45219097100005,65.67551549200005],[22.466482015000054,65.67960122000005]]],[[[22.84017069500004,65.71541371200004],[22.84171408700007,65.70996919600003],[22.823979003000034,65.71558672700007],[22.821074874000033,65.72042960400006],[22.83114990000007,65.72231580400006],[22.84017069500004,65.71541371200004]]],[[[24.13628430400007,65.66333206800005],[24.12677996900004,65.66202751700007],[24.115535176000037,65.67045025700003],[24.131473022000023,65.67149629400006],[24.13628430400007,65.66333206800005]]],[[[22.643080981000026,65.47460655000003],[22.651257516000044,65.46758397000008],[22.64080599400006,65.46536683200003],[22.62818943600007,65.47257886900007],[22.643080981000026,65.47460655000003]]],[[[22.404205846000025,65.65731090000003],[22.40081146800003,65.65571171300007],[22.38931883500004,65.66029948900007],[22.40416261300004,65.66598438000005],[22.41287601500005,65.66139566000004],[22.404205846000025,65.65731090000003]]],[[[22.436887322000075,65.62366234800004],[22.44029081700006,65.61873204500006],[22.41373162600007,65.62190923200006],[22.427101297000036,65.62797007400007],[22.436887322000075,65.62366234800004]]],[[[23.958514266000066,65.79075340300005],[23.97097825700007,65.78758765500004],[23.963890846000027,65.78093512900006],[23.948676728000066,65.78491104100004],[23.958514266000066,65.79075340300005]]],[[[22.74688680500003,65.47363990000008],[22.739220423000063,65.48252197800008],[22.753212534000056,65.48467415400006],[22.75642519200005,65.47889656600006],[22.74688680500003,65.47363990000008]]],[[[22.677292081000076,65.49545333100008],[22.67898624000003,65.49419086900008],[22.654568590000054,65.49354440500008],[22.669328820000032,65.50138743500008],[22.677292081000076,65.49545333100008]]],[[[22.424247104000074,65.53864186100003],[22.425500707000026,65.53623029700003],[22.421029221000026,65.53493555800003],[22.408788995000066,65.53864186100003],[22.406514359000028,65.54392612900006],[22.410058614000036,65.54513687500008],[22.424247104000074,65.53864186100003]]],[[[23.890845915000057,65.76448254100006],[23.899242826000034,65.75886508900004],[23.891702519000034,65.75450374200005],[23.880237316000034,65.76013322700004],[23.890845915000057,65.76448254100006]]],[[[24.032172569000068,65.60358582200007],[24.02885511900007,65.60039729100004],[24.02474299800008,65.60244884600007],[24.032172569000068,65.61515613200004],[24.036770043000047,65.61560191000007],[24.038234807000038,65.61349941200007],[24.032172569000068,65.60358582200007]]],[[[22.457731269000078,65.60894111100004],[22.460903252000037,65.60490871900004],[22.44884983000003,65.60341183900005],[22.44499544200005,65.61105526300008],[22.457731269000078,65.60894111100004]]],[[[22.605747234000034,65.53543112900007],[22.60100196800005,65.53323106200003],[22.591875978000076,65.53638869200006],[22.598347730000057,65.54417680400007],[22.605747234000034,65.53543112900007]]],[[[21.556259185000044,65.09452708100008],[21.543507732000023,65.09651699000005],[21.555272141000046,65.10214402000008],[21.563128449000033,65.09942752700005],[21.556259185000044,65.09452708100008]]],[[[23.830167715000073,65.75858410700005],[23.81928764500003,65.75261664200008],[23.812901728000043,65.75934366900003],[23.82942765000007,65.76136701900003],[23.832334039000045,65.75977228500005],[23.830167715000073,65.75858410700005]]],[[[23.04024480700008,65.64710280700007],[23.045638670000073,65.64641974200003],[23.040296469000054,65.63524382000003],[23.036928681000063,65.63621727800006],[23.033549195000035,65.64362735300006],[23.04024480700008,65.64710280700007]]],[[[23.461660752000057,65.78261244300006],[23.47022914200005,65.77688500600004],[23.46199815500006,65.77416479200008],[23.45110360600006,65.77992450800008],[23.461660752000057,65.78261244300006]]],[[[22.66349110400006,65.68775760900007],[22.66744194100005,65.68247308800005],[22.658594064000056,65.67781353700008],[22.65390354500005,65.68638179000004],[22.66349110400006,65.68775760900007]]],[[[22.55103960400004,65.71779210200003],[22.547052491000045,65.71740254800005],[22.53949035000005,65.72325271300008],[22.550212412000064,65.72510914000003],[22.55702554100003,65.71837694800007],[22.55103960400004,65.71779210200003]]],[[[22.813073459000066,65.77272602800008],[22.80220143500003,65.77504418800004],[22.804985448000025,65.77897917000007],[22.813073459000066,65.77966207600008],[22.815857641000036,65.77730234700005],[22.813073459000066,65.77272602800008]]],[[[23.98301751200006,65.66405318100004],[23.990404046000037,65.65883993200003],[23.98229463900003,65.65586408700005],[23.972701646000075,65.66118005400006],[23.98301751200006,65.66405318100004]]],[[[24.038986015000035,65.65708130100006],[24.037659984000072,65.64976534100003],[24.026296983000066,65.65463650900006],[24.038986015000035,65.65708130100006]]],[[[24.052969708000035,65.76379090100005],[24.058919494000065,65.75881794700007],[24.049091603000022,65.75668009200007],[24.04101148700005,65.76182963300005],[24.052969708000035,65.76379090100005]]],[[[22.699373938000065,65.66166180000005],[22.70605314000005,65.65511121200007],[22.698470959000076,65.65358024900007],[22.689470889000063,65.65939252500004],[22.699373938000065,65.66166180000005]]],[[[21.820575148000046,65.29832972000008],[21.813845592000064,65.29649687400007],[21.806627500000047,65.30185180900003],[21.814214526000058,65.30418912000005],[21.820575148000046,65.29832972000008]]],[[[22.523464646000036,65.59218541300004],[22.508924886000045,65.59444030500003],[22.517861519000064,65.59895254400004],[22.526324912000064,65.59316570200008],[22.523464646000036,65.59218541300004]]],[[[23.55398779500007,65.52997667300008],[23.562661339000044,65.52734446100004],[23.55964939100005,65.52137752700008],[23.55102745800008,65.52321319400005],[23.55398779500007,65.52997667300008]]],[[[23.454375648000052,65.81099337900008],[23.45784750000007,65.80699060900008],[23.45142712300003,65.80645267200003],[23.44230363300005,65.81240099800004],[23.45165543300004,65.81412957100008],[23.454375648000052,65.81099337900008]]],[[[22.28683405700008,65.40085164900006],[22.29231834600006,65.39405755500007],[22.28585046300003,65.39334192400008],[22.277206470000067,65.39968312900004],[22.28683405700008,65.40085164900006]]],[[[24.037198722000028,65.79765433700004],[24.04106189600003,65.78860894200005],[24.034636679000073,65.78857232000007],[24.029985775000057,65.79374640600008],[24.037198722000028,65.79765433700004]]],[[[22.47926504800006,65.77222168000003],[22.48579361000003,65.76721715600007],[22.478236495000033,65.76409386500006],[22.472073269000077,65.76852505000005],[22.47926504800006,65.77222168000003]]],[[[23.811502977000032,65.61170894900005],[23.818316468000035,65.60656978700007],[23.811870172000056,65.60465503900008],[23.80293266900003,65.60918351700008],[23.811502977000032,65.61170894900005]]],[[[22.584876999000073,65.72235680500006],[22.59009788000003,65.72231235200007],[22.586937301000034,65.71807992000004],[22.57748380700008,65.72087795100003],[22.582471628000064,65.72871961300007],[22.584876999000073,65.72235680500006]]],[[[22.48921894500006,65.81111377000008],[22.49534144200004,65.80604109500007],[22.48887375000004,65.80421054700008],[22.47991986900007,65.80849397800006],[22.48921894500006,65.81111377000008]]],[[[23.259536409000077,65.78181595100006],[23.26590785700006,65.77789694500007],[23.259350978000043,65.77491250300005],[23.250389145000042,65.77825805000003],[23.259536409000077,65.78181595100006]]],[[[22.810264764000067,65.63462919600005],[22.817858431000047,65.63329434200006],[22.81250809200003,65.62791786100007],[22.803138114000035,65.63005340600006],[22.810264764000067,65.63462919600005]]],[[[23.591759281000066,65.74835131400005],[23.590673327000047,65.74345138300004],[23.584057766000058,65.74475955600008],[23.589050015000055,65.75334071200007],[23.59287729600004,65.75339591200003],[23.591759281000066,65.74835131400005]]],[[[22.354653781000025,65.60526666700008],[22.36020299000006,65.60106344000008],[22.353496261000032,65.59868123300004],[22.345767204000026,65.60296517400008],[22.354653781000025,65.60526666700008]]],[[[23.18969938200007,65.72164643800005],[23.183019857000033,65.72408727200008],[23.19033442700004,65.72898150500004],[23.18969938200007,65.72164643800005]]],[[[23.371958232000054,65.765215],[23.378891339000063,65.76287196000004],[23.375371009000048,65.75718370000004],[23.36870219800005,65.75964994200007],[23.371958232000054,65.765215]]],[[[22.567651288000036,65.73477889100008],[22.572850166000023,65.73066915300006],[22.56688855300007,65.72800744500006],[22.559491579000053,65.73188926000006],[22.567651288000036,65.73477889100008]]],[[[22.724771842000052,65.75305135400004],[22.717672789000062,65.75510536000007],[22.729533407000076,65.75974061500006],[22.724771842000052,65.75305135400004]]],[[[23.295610925000062,65.71246698200008],[23.30158910800003,65.70997989800003],[23.29579532400004,65.70605126200007],[23.287686032000067,65.70892797600004],[23.295610925000062,65.71246698200008]]],[[[23.517834637000078,65.74459106300003],[23.521682267000074,65.73948044400004],[23.515217732000053,65.73859821400004],[23.51044779500006,65.74192869700005],[23.517834637000078,65.74459106300003]]],[[[23.913329598000075,65.60850140100007],[23.91869932000003,65.61243109100008],[23.92500879200003,65.61041958100003],[23.922078447000047,65.60559843400006],[23.913329598000075,65.60850140100007]]],[[[21.870206839000048,65.38271644500003],[21.876519161000033,65.37916494600006],[21.870086577000052,65.37659595200006],[21.862468771000067,65.38050216800008],[21.870206839000048,65.38271644500003]]],[[[22.97685426700008,65.67999278500008],[22.982289175000062,65.67766376200007],[22.976327938000054,65.67404106100008],[22.968565777000038,65.67712092800008],[22.97685426700008,65.67999278500008]]],[[[22.91796301200003,65.64527497100005],[22.92259843000005,65.64108299100008],[22.916200230000072,65.63937613300004],[22.909604390000027,65.64327980000007],[22.91796301200003,65.64527497100005]]],[[[21.874623687000053,65.32860117900003],[21.87737395000005,65.32351754500007],[21.873715150000066,65.32121686900007],[21.866918458000043,65.32615923800006],[21.874623687000053,65.32860117900003]]],[[[24.115144502000078,65.72294495500006],[24.12118521600007,65.71897848800006],[24.11725259800005,65.71639749600007],[24.109474358000057,65.71778518500008],[24.115144502000078,65.72294495500006]]],[[[22.77384178400007,65.85187086700006],[22.766020112000035,65.85410687000007],[22.77247815000004,65.85746620600008],[22.77384178400007,65.85187086700006]]],[[[21.93178136800003,65.27921407400004],[21.938502176000043,65.27989946300005],[21.942048890000024,65.27352923900008],[21.937560173000065,65.27360261600006],[21.93178136800003,65.27921407400004]]],[[[22.757393403000037,65.46942526000004],[22.751850886000057,65.46884447600007],[22.754651946000024,65.47539081500008],[22.760776217000057,65.47422249900006],[22.757393403000037,65.46942526000004]]],[[[24.085570274000077,65.65381281000003],[24.091200638000032,65.65202936100007],[24.085829954000076,65.64845842600005],[24.078746514000045,65.65025907100005],[24.085570274000077,65.65381281000003]]],[[[22.903500372000053,65.66378550900004],[22.895857113000034,65.66699018500003],[22.903070970000044,65.66884770800004],[22.90793328500007,65.66543969600008],[22.903500372000053,65.66378550900004]]],[[[21.65589138300004,65.18262925600004],[21.66247443700007,65.18055048900004],[21.66405207500003,65.17617642500005],[21.65339928800006,65.18148041400008],[21.65589138300004,65.18262925600004]]],[[[22.61698007600006,65.47554326700003],[22.619377219000057,65.47308168200004],[22.608167328000036,65.47554326700003],[22.612814901000036,65.47767621800006],[22.61698007600006,65.47554326700003]]],[[[21.892979086000025,65.32128161200006],[21.897052346000066,65.31736143100005],[21.89173627400004,65.31619800800007],[21.885197117000075,65.31984379500005],[21.892979086000025,65.32128161200006]]],[[[24.075820381000028,65.66155857600006],[24.07961401500006,65.65824288900006],[24.07448154700006,65.65650081600006],[24.067863027000044,65.65990974700003],[24.075820381000028,65.66155857600006]]],[[[22.81417516700003,65.66932261100004],[22.818754761000037,65.66674210800005],[22.813550044000067,65.66416752900005],[22.806958875000078,65.66718232200003],[22.81417516700003,65.66932261100004]]],[[[24.142678058000058,65.62222627700004],[24.147184233000075,65.61879755600006],[24.142029533000027,65.61711897000004],[24.135507301000075,65.62068196300004],[24.142678058000058,65.62222627700004]]],[[[24.121321599000055,65.61872991900003],[24.126115137000056,65.61533005800004],[24.116074506000075,65.61327891900004],[24.121321599000055,65.61872991900003]]],[[[23.465811409000025,65.79983375000006],[23.46953764700004,65.80029004900007],[23.468036210000037,65.79404132900004],[23.46208954900004,65.79465324900008],[23.465811409000025,65.79983375000006]]],[[[23.449303589000067,65.76020178000005],[23.453502016000073,65.75701408500004],[23.44868247200003,65.75523917000004],[23.442664957000034,65.75860126400005],[23.449303589000067,65.76020178000005]]],[[[21.527583649000064,65.36398945700006],[21.53085532500006,65.35961906200004],[21.526606428000036,65.35872305800007],[21.521025817000066,65.36258714300004],[21.527583649000064,65.36398945700006]]],[[[22.41686930800006,65.64749912900004],[22.420507986000075,65.64504041400005],[22.41653062100005,65.64239253300008],[22.40983181000007,65.64470544600005],[22.41686930800006,65.64749912900004]]],[[[22.491607060000035,65.82019655900007],[22.489193826000076,65.81525201500006],[22.483669389000056,65.81850862200008],[22.491607060000035,65.82019655900007]]],[[[23.911895599000047,65.60939407600006],[23.913861009000072,65.60809307600005],[23.90650809500005,65.60578773700007],[23.901679053000066,65.60766966100005],[23.904761257000075,65.61079830900007],[23.911895599000047,65.60939407600006]]],[[[24.12624393400006,65.77396530400006],[24.11942760200003,65.77684223500006],[24.125623485000062,65.77930503200008],[24.12624393400006,65.77396530400006]]],[[[22.455416523000054,65.42000089800007],[22.45768805700004,65.41589371200007],[22.451635244000045,65.41568204600003],[22.44999220400007,65.42076918300006],[22.455416523000054,65.42000089800007]]],[[[23.26549120800007,65.77210764000006],[23.27081983900007,65.76740459500007],[23.260726185000067,65.76988316700005],[23.26549120800007,65.77210764000006]]],[[[22.388907234000044,65.82292515400007],[22.39311986100006,65.82001930700005],[22.388699450000047,65.81806230400008],[22.38282791000006,65.82103904300004],[22.388907234000044,65.82292515400007]]],[[[22.290962860000036,65.42483471100007],[22.295142523000038,65.42181462500008],[22.290225917000043,65.41997770100005],[22.28506051900007,65.42237334600003],[22.290962860000036,65.42483471100007]]],[[[23.95257579400004,65.58854112400007],[23.945989388000044,65.58807839400004],[23.954541986000038,65.59349285900004],[23.95257579400004,65.58854112400007]]],[[[22.709564854000064,65.77518929700005],[22.713864439000076,65.77342177100007],[22.709544183000048,65.77037123600007],[22.703833333000034,65.77218895300007],[22.709564854000064,65.77518929700005]]],[[[22.749234604000037,65.56470278900008],[22.75244845000003,65.56038601300003],[22.743134788000077,65.56368783100004],[22.749234604000037,65.56470278900008]]],[[[21.573259660000076,65.35919607600005],[21.573868941000057,65.35495890600004],[21.567408372000045,65.35548062400005],[21.569749054000056,65.35940958400005],[21.573259660000076,65.35919607600005]]],[[[22.760202699000047,65.60267307700008],[22.764611331000026,65.59977271100007],[22.759784783000043,65.59796484600008],[22.754680033000056,65.60068791500004],[22.760202699000047,65.60267307700008]]],[[[23.47356767900004,65.76763745900007],[23.47903534900007,65.76533619200006],[23.47567407100007,65.76262412800003],[23.469689713000037,65.76527309900007],[23.47356767900004,65.76763745900007]]],[[[21.691361483000037,65.34718088000005],[21.695641815000045,65.34514801000006],[21.691249094000057,65.34239410800006],[21.68587635800003,65.34468427500008],[21.691361483000037,65.34718088000005]]],[[[22.496053215000074,65.48312582000005],[22.499613743000054,65.47990492800005],[22.495239130000073,65.47841607600003],[22.490030880000063,65.48114228600008],[22.496053215000074,65.48312582000005]]],[[[22.600808476000054,65.72875204600007],[22.604938211000047,65.72681481500007],[22.603175403000023,65.72368517600006],[22.597216943000035,65.72394552000003],[22.600808476000054,65.72875204600007]]],[[[23.456399444000056,65.74823192600007],[23.46067353500007,65.74634615700006],[23.457691410000052,65.74331898700007],[23.45178820800004,65.74493386800003],[23.456399444000056,65.74823192600007]]],[[[24.097715953000034,65.68274357900003],[24.10176857400006,65.67947526900008],[24.09721083000005,65.67816179100004],[24.092129962000058,65.68129803700003],[24.097715953000034,65.68274357900003]]],[[[23.56301852200005,65.65898131900008],[23.56701071300006,65.65627715900007],[23.56283019500006,65.65436173600006],[23.557337097000072,65.65731353700005],[23.56301852200005,65.65898131900008]]],[[[22.381912637000028,65.72868904500007],[22.385573914000076,65.72562649400004],[22.375863018000075,65.72678393300004],[22.381912637000028,65.72868904500007]]],[[[24.061917253000047,65.63601894600004],[24.066243306000047,65.63421768200004],[24.06251184100006,65.63136022600008],[24.05684442200004,65.63319910600006],[24.061917253000047,65.63601894600004]]],[[[22.15178308700007,65.49291290000008],[22.15574569000006,65.49064137500005],[22.151610186000028,65.48819691100005],[22.146445175000053,65.49043759600005],[22.15178308700007,65.49291290000008]]],[[[23.303191696000056,65.78273384000005],[23.307079156000043,65.77844737700008],[23.302558391000048,65.77782462100004],[23.298651219000078,65.78151476500005],[23.303191696000056,65.78273384000005]]],[[[24.011390540000036,65.61530232600006],[24.015728592000073,65.61411644400005],[24.011907287000042,65.61062073100004],[24.006874995000032,65.61288697800006],[24.011390540000036,65.61530232600006]]],[[[24.116888025000037,65.74835131400005],[24.119888402000072,65.74495239200007],[24.11212660700005,65.74704581000003],[24.116888025000037,65.74835131400005]]],[[[23.950505968000073,65.69831623100004],[23.954267241000025,65.69592058300003],[23.95104899100005,65.69310729700004],[23.94648877700007,65.69590639300003],[23.950505968000073,65.69831623100004]]],[[[21.68640735200006,65.24670813600005],[21.690554336000048,65.24328713600005],[21.681846672000063,65.24453720800005],[21.68640735200006,65.24670813600005]]],[[[22.380361939000068,65.31135643800008],[22.38452890900004,65.31020317100007],[22.380877990000045,65.30673885600004],[22.37596344600007,65.30865914700007],[22.380361939000068,65.31135643800008]]],[[[22.206627816000037,65.39164131200005],[22.210643081000057,65.38858473900007],[22.20178723400005,65.38950790900003],[22.206627816000037,65.39164131200005]]],[[[23.000182136000035,65.65048207300003],[23.00363436400005,65.64685176300003],[22.99536544700004,65.64851088400007],[23.000182136000035,65.65048207300003]]],[[[22.48145381200004,65.50098872400008],[22.48527087700006,65.49694714300006],[22.47667251100006,65.49941325100008],[22.48145381200004,65.50098872400008]]],[[[21.881322177000072,65.29674685100008],[21.88435521300005,65.29266832600007],[21.876320270000065,65.29542438600004],[21.881322177000072,65.29674685100008]]],[[[22.092302909000068,65.39171542100007],[22.09657803400006,65.38948076600008],[22.09249585200007,65.38729282500003],[22.087455430000034,65.38946557700007],[22.092302909000068,65.39171542100007]]],[[[23.762934620000067,65.77997349600008],[23.766996437000046,65.77698372400005],[23.75812446900005,65.77776845800008],[23.762934620000067,65.77997349600008]]],[[[21.917062784000052,65.18992083600006],[21.920249484000067,65.18740860300005],[21.916467858000033,65.18526989700007],[21.911569499000052,65.18737236100003],[21.917062784000052,65.18992083600006]]],[[[22.468490506000023,65.76983495500008],[22.463236255000027,65.77237903300005],[22.468841917000077,65.77420242300008],[22.471895233000055,65.77133217700003],[22.468490506000023,65.76983495500008]]],[[[22.02145115600007,65.41569702600003],[22.02435287000003,65.41268768100008],[22.020426333000046,65.41119059400006],[22.015725709000037,65.41412286100007],[22.02145115600007,65.41569702600003]]],[[[21.828595896000024,65.29741469000004],[21.832226992000074,65.29520323500003],[21.828819832000022,65.29281483300008],[21.823449312000037,65.29532627400005],[21.828595896000024,65.29741469000004]]],[[[22.30454267500005,65.47054667300006],[22.307477366000057,65.46623334700007],[22.29940754300003,65.46938059600006],[22.30454267500005,65.47054667300006]]],[[[22.161820155000044,65.55998154900004],[22.164899782000077,65.55797742400006],[22.161697563000075,65.55525370000004],[22.156358135000062,65.55769111600006],[22.161820155000044,65.55998154900004]]],[[[22.049043251000057,65.44684870000003],[22.052751501000046,65.44408242600008],[22.043725109000036,65.44464118100007],[22.049043251000057,65.44684870000003]]],[[[22.61134069700006,65.55259508400007],[22.61477936800003,65.55019210500006],[22.610536609000064,65.54807363900005],[22.605881729000032,65.55033927100004],[22.61134069700006,65.55259508400007]]],[[[23.15754575400007,65.73962082600008],[23.16006815000003,65.73739590900004],[23.156519841000033,65.73536087800005],[23.151729599000078,65.73792320800004],[23.15754575400007,65.73962082600008]]],[[[22.874746322000078,65.74394374600007],[22.87798429000003,65.74142750800007],[22.874249018000057,65.73931159400007],[22.869297836000044,65.74165180800003],[22.874746322000078,65.74394374600007]]],[[[22.645837245000052,65.60725531900005],[22.649032258000034,65.60543774300004],[22.645887948000052,65.60260155000003],[22.640369747000022,65.60474364600003],[22.645837245000052,65.60725531900005]]],[[[23.790286380000055,65.71615020700006],[23.785193852000077,65.71841410900004],[23.79179736800006,65.71844812600006],[23.790286380000055,65.71615020700006]]],[[[22.820106623000072,65.62885038700006],[22.823940595000067,65.62691121000006],[22.82072951400005,65.62428453100006],[22.815137092000043,65.62666559100006],[22.820106623000072,65.62885038700006]]],[[[23.539352484000062,65.52791120400008],[23.542651974000023,65.52658882900005],[23.54129897200005,65.52314369300007],[23.535087557000054,65.52438738800004],[23.539352484000062,65.52791120400008]]],[[[21.62078015900005,65.13910182400008],[21.623773761000052,65.13632712100008],[21.61980634500003,65.13456500600006],[21.61501693500003,65.13696419600006],[21.62078015900005,65.13910182400008]]],[[[23.956927610000037,65.60212661200006],[23.960515248000036,65.59788400600007],[23.958419219000064,65.59582617500007],[23.954315808000047,65.59701961300004],[23.956927610000037,65.60212661200006]]],[[[22.72360353700003,65.77838278300004],[22.727067396000052,65.77578583800005],[22.723474494000072,65.77380372800008],[22.718264825000063,65.77610404100005],[22.72360353700003,65.77838278300004]]],[[[22.55650170800004,65.77941186100003],[22.560556766000047,65.77683002100008],[22.55701025600007,65.77480959900004],[22.551754980000055,65.77714386700006],[22.55650170800004,65.77941186100003]]],[[[23.06320554200005,65.68714998900003],[23.066433851000056,65.68454817100007],[23.06271906300003,65.68251992800003],[23.057746920000056,65.68481025200003],[23.06320554200005,65.68714998900003]]],[[[21.96383378400003,65.42261490900006],[21.967227860000037,65.41822996000008],[21.959038286000066,65.42158077600004],[21.96383378400003,65.42261490900006]]],[[[21.722831018000022,65.36954984000005],[21.726730779000036,65.36815186000007],[21.722371317000068,65.36508486200006],[21.717576936000057,65.36701375000007],[21.722831018000022,65.36954984000005]]],[[[22.41615557700004,65.55507480500006],[22.419568385000048,65.55255984700005],[22.415309445000048,65.55066529100003],[22.410503970000036,65.55300759700003],[22.41615557700004,65.55507480500006]]],[[[22.93993769900004,65.77360629800006],[22.943851444000074,65.77072747800008],[22.94055707700005,65.76868200600006],[22.93553817800006,65.77167751700006],[22.93993769900004,65.77360629800006]]],[[[23.318850350000048,65.79594281700008],[23.322069243000044,65.79358651500007],[23.318578325000033,65.79112302800007],[23.31368287300006,65.79332177800006],[23.318850350000048,65.79594281700008]]],[[[24.135997157000077,65.73839496400007],[24.139478369000074,65.73517625400007],[24.131061659000068,65.73564024500007],[24.135997157000077,65.73839496400007]]],[[[22.359518166000043,65.65930029400005],[22.362978051000027,65.65555303700006],[22.35454336400005,65.65756381900007],[22.359518166000043,65.65930029400005]]],[[[21.509187001000043,65.36271036200003],[21.51326404200006,65.36011715300003],[21.504142847000026,65.36047561200007],[21.509187001000043,65.36271036200003]]],[[[21.56880073900004,65.23152096600006],[21.573664035000036,65.22770325800008],[21.57024437900003,65.22640405200008],[21.56520898200006,65.22972263800006],[21.56880073900004,65.23152096600006]]],[[[22.493341142000077,65.50802145900008],[22.488976473000037,65.50593078100007],[22.484805392000055,65.50794925100007],[22.489481230000024,65.51043081300003],[22.493341142000077,65.50802145900008]]],[[[23.835198735000063,65.73607114800006],[23.838899671000036,65.73408963700007],[23.835557555000037,65.73149369400005],[23.830118737000078,65.73365991400004],[23.835198735000063,65.73607114800006]]],[[[23.279536973000063,65.78445216800003],[23.28309109500003,65.78239377800003],[23.27897254000004,65.77987070100005],[23.274218535000045,65.78186081100006],[23.279536973000063,65.78445216800003]]],[[[23.253471753000042,65.69272805700007],[23.25729977700007,65.69026475300006],[23.253583340000034,65.68812617200007],[23.248524238000073,65.69058295500008],[23.253471753000042,65.69272805700007]]],[[[24.113514243000054,65.70220906300005],[24.11872242100003,65.70011479300007],[24.109783825000022,65.69879990500004],[24.113514243000054,65.70220906300005]]],[[[23.277003488000048,65.70323093700006],[23.280563029000064,65.69973892400003],[23.272109105000027,65.70129477100005],[23.277003488000048,65.70323093700006]]],[[[23.277499689000024,65.77156035700006],[23.28131800500006,65.76866911400003],[23.27773614700004,65.76683515800005],[23.272745395000072,65.76934057900007],[23.277499689000024,65.77156035700006]]],[[[22.078095141000063,65.34508775600005],[22.083036994000054,65.34363047100004],[22.07979137800004,65.34071396100006],[22.074395932000073,65.34212462100004],[22.078095141000063,65.34508775600005]]],[[[22.08365116400006,65.39581518700004],[22.086347602000046,65.39155644000004],[22.07851566100004,65.39494930300003],[22.08365116400006,65.39581518700004]]],[[[24.121165980000058,65.72899200300003],[24.124752784000066,65.72678072500008],[24.12071770500006,65.72438550600003],[24.115995807000047,65.72680196900006],[24.121165980000058,65.72899200300003]]],[[[21.572240480000062,65.10943087200008],[21.575604652000038,65.10557203600007],[21.567106675000048,65.10834477400005],[21.572240480000062,65.10943087200008]]],[[[23.376575398000057,65.75299600700004],[23.36835493600006,65.75392101200003],[23.37809009600005,65.75503534100005],[23.376575398000057,65.75299600700004]]],[[[22.296957604000056,65.47860472300005],[22.292138686000044,65.47963985000007],[22.29938988200007,65.48006865400004],[22.296957604000056,65.47860472300005]]]]}},{"type":"Feature","properties":{"code":"N","name":"Halland","sourceCode":"SE231"},"geometry":{"type":"MultiPolygon","coordinates":[[[[12.338144444000022,57.56154671500008],[12.325309100000027,57.54578948200003],[12.315247276000036,57.52234898800003],[12.318454192000047,57.51231713800007],[12.343792652000047,57.48765965800004],[12.325783740000077,57.46504211800004],[12.326064633000044,57.46047805900008],[12.339015036000035,57.451264396000056],[12.373839135000026,57.44851341300006],[12.401423283000042,57.435640781000075],[12.409615615000064,57.41954531300007],[12.407140920000074,57.41280527400005],[12.418433151000045,57.402136176000056],[12.39710926400005,57.38090447900004],[12.384802809000064,57.34482165400004],[12.391416311000057,57.34050469700003],[12.392480512000077,57.33387766200008],[12.414026431000025,57.32099511200005],[12.428930388000026,57.31884196400006],[12.430046795000067,57.31454550500007],[12.423130575000073,57.30672249500003],[12.42697386900005,57.28580892400004],[12.433809411000027,57.27022988400006],[12.448188370000025,57.27279001100004],[12.456450197000038,57.27797640000006],[12.47844212700005,57.27850398500004],[12.494019448000074,57.28569883200004],[12.507337278000023,57.283069702000034],[12.529403516000059,57.30297759700005],[12.538741813000058,57.318346629000075],[12.555976056000077,57.32215496300006],[12.562465304000057,57.32985241800003],[12.576881772000036,57.333280013000035],[12.593211195000038,57.34196744900004],[12.609999488000028,57.34522316300007],[12.621979851000049,57.34170996900008],[12.625073609000026,57.33411287800004],[12.629493767000042,57.33190745300004],[12.643058172000053,57.33092162500003],[12.660569965000036,57.34038572000003],[12.676678141000025,57.33160627500007],[12.69306490100007,57.330799815000034],[12.704050561000031,57.32276790000003],[12.708772957000065,57.31251586700006],[12.738001933000021,57.30078587300005],[12.749025688000074,57.28260897900003],[12.76387311600007,57.27380012000003],[12.776300137000021,57.27742331300004],[12.782732194000062,57.286133834000054],[12.809380615000066,57.300987097000075],[12.83785262400005,57.270822714000076],[12.860186781000039,57.26713944800008],[12.88320507800006,57.27066783400005],[12.911250503000076,57.268946835000065],[12.929441372000042,57.26341910300005],[12.933834994000051,57.25108177100003],[12.950802338000074,57.24499651000008],[12.951199594000059,57.24059071600004],[12.946540095000046,57.23535294100003],[12.919314221000036,57.22116459700004],[12.919241314000033,57.200536097000054],[12.913277231000052,57.18328597500005],[12.917314889000068,57.17823674700003],[12.938442675000033,57.17532136900007],[12.975713591000044,57.182252636000044],[12.997458019000021,57.17846930300004],[13.012699514000076,57.18095679000004],[13.034718697000073,57.17930993400006],[13.036736373000053,57.17637006500007],[13.023888360000058,57.16706533000007],[13.022459801000025,57.160254089000034],[13.024797256000056,57.15680626300008],[13.04351630800005,57.15410377900008],[13.058094378000021,57.14736237500006],[13.078118291000067,57.15661491000003],[13.093332801000031,57.15808588300007],[13.100760559000037,57.145515610000075],[13.079939706000062,57.12847807800006],[13.092854853000063,57.12610401500007],[13.08658057100007,57.11338422000006],[13.087665982000033,57.10482831300004],[13.08003778400007,57.098522038000056],[13.087637564000033,57.089671089000035],[13.08502221200007,57.08375481200005],[13.086699215000067,57.07986036500006],[13.11869226500005,57.058669931000054],[13.119753547000073,57.05315581000008],[13.115739026000028,57.04247607600007],[13.124919813000076,57.02692523300004],[13.141600220000043,57.03588460200007],[13.157451682000044,57.03825105300007],[13.199391443000025,57.053631504000066],[13.189356004000047,57.05668443400003],[13.169186393000075,57.05216093100006],[13.181001527000035,57.06474101900005],[13.189866642000027,57.06415044200003],[13.202036901000042,57.07130655200007],[13.230085386000042,57.07764166900006],[13.226692955000033,57.08324303000006],[13.23139795700007,57.08932462900003],[13.22866392900005,57.09661568900003],[13.257023125000046,57.090190266000036],[13.290028332000077,57.10218996000003],[13.321652490000076,57.102836197000045],[13.357158575000028,57.11315762100003],[13.427781593000077,57.11195135500003],[13.451000260000058,57.104212618000076],[13.457498435000048,57.098375195000074],[13.478678789000071,57.10959326800008],[13.492703973000062,57.11115373900003],[13.498895661000063,57.10390218200007],[13.497575623000046,57.09093256800003],[13.49283689200007,57.08479964700007],[13.501413265000053,57.07511490700006],[13.50816108400005,57.08473285400004],[13.526839744000029,57.08668452300003],[13.535771244000045,57.08040161000008],[13.569442679000076,57.07112456300007],[13.57425857000004,57.06433514100007],[13.600533105000068,57.06176931700003],[13.60624935900006,57.042852236000044],[13.593273335000049,57.03245131800003],[13.600469521000036,57.02464974800006],[13.599332921000041,57.013702900000055],[13.631704478000074,56.98826861600003],[13.663233225000056,56.98349822900008],[13.69343744500003,56.96269118500004],[13.68976966100007,56.94734820800005],[13.683331717000044,56.942158316000075],[13.688523081000028,56.93639966500007],[13.687757695000073,56.92667932300003],[13.66867441100004,56.92074370700004],[13.661309903000074,56.91290008700008],[13.620145614000023,56.90744009600007],[13.605382399000064,56.897625557000026],[13.580311272000074,56.88987540100004],[13.55816359000005,56.89301321000005],[13.54361306100003,56.88700390400004],[13.527772742000025,56.89002044500006],[13.488155261000031,56.872312237000074],[13.472988082000029,56.87073316800007],[13.469924022000043,56.87759290500003],[13.449150630000076,56.87943021400008],[13.432921141000065,56.870184976000075],[13.405527479000057,56.87025908800007],[13.358476279000058,56.85787591800005],[13.346791590000066,56.86455377600004],[13.34436591900004,56.87182888500007],[13.337843207000049,56.872178905000055],[13.333180460000051,56.86155111700003],[13.339252535000071,56.84850115200004],[13.336126114000024,56.83774286000005],[13.298660768000047,56.82360450600004],[13.29996380800003,56.810729999000046],[13.302675768000029,56.81082158700008],[13.317171863000056,56.78772703800007],[13.319421891000047,56.755527854000036],[13.316564498000048,56.727595852000036],[13.324082264000026,56.70856689300007],[13.316547684000057,56.70252199400005],[13.315913107000029,56.69345652100003],[13.309219435000045,56.68675601000007],[13.329449028000056,56.68690861300007],[13.361895171000072,56.66675648800003],[13.379710849000048,56.635925617000055],[13.395760911000025,56.61667317200005],[13.404240927000046,56.59210318000004],[13.415037063000057,56.58097630900005],[13.43746490500007,56.57087621000005],[13.440419124000073,56.554329159000076],[13.459057514000051,56.52734487500004],[13.462443826000026,56.51296658500007],[13.454654464000043,56.495679704000054],[13.450039564000065,56.469888741000034],[13.462880706000021,56.45014098000007],[13.466687038000032,56.43285227700005],[13.462636497000062,56.428188617000046],[13.43757284700007,56.41900081600005],[13.38658427100006,56.41421787400003],[13.34591683900004,56.39042297300006],[13.30568814000003,56.38526015200006],[13.253203948000078,56.35861786500004],[13.25237437100003,56.34956468900003],[13.229141839000022,56.33293661100004],[13.195943885000077,56.32357004800008],[13.188194570000064,56.32529451900007],[13.182575867000025,56.33999989600005],[13.168399754000063,56.34312812700006],[13.14655523600004,56.353370522000034],[13.127225899000052,56.35529343200005],[13.073830740000062,56.351608577000036],[12.980463878000023,56.35846357300005],[12.974132474000044,56.36649690200005],[12.950137865000045,56.36926254100007],[12.967323383000064,56.38884748800007],[12.957096242000034,56.39539258100007],[12.969015971000033,56.41047434700005],[12.959368073000064,56.41375009400008],[12.965045073000056,56.42672759300007],[12.955663393000066,56.43092055200003],[12.956358893000072,56.44063186400007],[12.941463587000044,56.44001396700003],[12.899312826000028,56.44900450400007],[12.92149228900007,56.471793853000065],[12.93630905200007,56.49634772700006],[12.947486037000033,56.549605142000075],[12.935646702000042,56.58629870700008],[12.915598687000056,56.59976853000006],[12.913000447000059,56.61036579900008],[12.903456941000059,56.624798439000074],[12.879791368000042,56.64822507700006],[12.848564321000026,56.64769125500004],[12.846763977000023,56.650762850000035],[12.854152298000031,56.65730821200003],[12.831517679000058,56.66333465900004],[12.814468198000043,56.658154893000074],[12.808052192000048,56.651680498000076],[12.794892521000065,56.64852944100005],[12.786153512000055,56.64209216900008],[12.75882202200006,56.64633309800007],[12.738376923000033,56.64219743500007],[12.726916900000049,56.643363280000074],[12.729438263000077,56.65693089300004],[12.721585576000052,56.671430143000066],[12.707696422000026,56.680511781000064],[12.683234705000075,56.68222285100006],[12.68055240600006,56.692032392000044],[12.683144893000076,56.70198358200008],[12.678821767000045,56.71026868400003],[12.661797934000049,56.72112572300006],[12.645518922000065,56.72266561500004],[12.641198941000027,56.732216495000046],[12.625989190000041,56.742354084000056],[12.624149636000027,56.748844431000066],[12.629274977000023,56.76196207900006],[12.61850462800004,56.772277960000054],[12.617868299000065,56.77969082100003],[12.613040401000035,56.78163108500007],[12.614417299000024,56.78772703800007],[12.604298881000034,56.79857117700004],[12.611194881000074,56.81179181600004],[12.609144530000037,56.818265516000054],[12.592927703000043,56.83228373800006],[12.571186355000066,56.84217687700004],[12.555636235000065,56.84015012500004],[12.546776445000035,56.843391118000056],[12.547477334000064,56.85710901400006],[12.540251331000036,56.86552068900005],[12.52883408100007,56.87168421500007],[12.51891215300003,56.870376441000076],[12.49594488300005,56.88744545800006],[12.489132834000031,56.88879820200003],[12.468053523000037,56.88207676600007],[12.474561040000026,56.89361300100006],[12.46417806900007,56.89601249200007],[12.46096181300004,56.892843457000026],[12.454226710000057,56.89733855000003],[12.434356240000056,56.897331105000035],[12.408760104000066,56.906633267000075],[12.402821882000069,56.90399886800003],[12.389066854000077,56.91635680700006],[12.370162485000037,56.91976287600005],[12.364841819000048,56.91739451700005],[12.35932120800004,56.92051586700006],[12.356635118000042,56.92342788000008],[12.359001418000048,56.926930696000056],[12.352946175000056,56.93035112900003],[12.358796286000029,56.93804546100006],[12.352806608000037,56.94978042400004],[12.353492634000077,56.95702094200004],[12.347904133000043,56.96516440000005],[12.357109180000066,56.97073238100006],[12.358504562000064,56.99045148300007],[12.337608192000062,57.01876506800005],[12.327070712000022,57.02420646600007],[12.313637558000039,57.025034696000034],[12.31295411700006,57.03339432900003],[12.29586660700005,57.03622725900004],[12.286248346000036,57.04082968400007],[12.282172941000056,57.04669380300004],[12.27083716900006,57.05057203800004],[12.274736349000023,57.06176931700003],[12.271877223000047,57.066372080000065],[12.254007553000065,57.06596491000005],[12.258166065000069,57.07850204500005],[12.23946204200007,57.08681488600007],[12.242150157000026,57.111726271000066],[12.238146751000045,57.11846458900004],[12.23222796400006,57.11931433600006],[12.224913741000023,57.11282131300004],[12.216268528000057,57.11129787400006],[12.193065291000039,57.11746631500006],[12.206079531000057,57.12587713800008],[12.232039275000034,57.12972101000008],[12.217537787000026,57.133914478000065],[12.20910430400005,57.14783128900007],[12.212397300000077,57.15221175200003],[12.223032069000055,57.154896345000054],[12.225102049000043,57.15911059200005],[12.20484506400004,57.17165638900008],[12.208300488000077,57.18326080400004],[12.200544127000057,57.18803388100008],[12.160587202000045,57.18618279900005],[12.152128129000062,57.19253258300006],[12.156944573000033,57.19733093800005],[12.208273334000069,57.20874217100004],[12.21324187700003,57.21473969400006],[12.210379800000055,57.22326959700007],[12.203043063000052,57.22520599200004],[12.175553302000026,57.21421542000007],[12.137957013000062,57.214467494000075],[12.122737531000041,57.22516865600005],[12.107076379000034,57.228318674000036],[12.095738446000041,57.23574770400006],[12.099025504000053,57.24094924100007],[12.115977566000026,57.24254642000005],[12.128258975000051,57.24744954500005],[12.127691256000048,57.24980069000003],[12.116589443000066,57.252913686000056],[12.09822560200007,57.246752290000074],[12.08682283500002,57.25482529100003],[12.09897935400005,57.25980137700003],[12.110443972000041,57.27180108600004],[12.12168950900002,57.27729722300006],[12.141754512000034,57.28322186100007],[12.161323304000064,57.28473327800003],[12.166967294000074,57.30983827100005],[12.154966497000032,57.31591885100005],[12.152991911000072,57.32936285300008],[12.134031161000053,57.333916446000046],[12.121705355000074,57.34207041500008],[12.086242889000061,57.338503295000066],[12.070147132000045,57.34182488000005],[12.074249734000034,57.354104721000056],[12.082921233000036,57.36390111000003],[12.115847520000045,57.379482101000065],[12.120785495000064,57.38533220900007],[12.113798089000056,57.396203125000056],[12.086772567000025,57.399224004000075],[12.089264425000067,57.40574394400005],[12.104097530000047,57.41370074800005],[12.106479959000069,57.42907784700003],[12.099550357000055,57.43610597700007],[12.076638866000053,57.44619916000005],[12.066069146000075,57.45877104900006],[12.055495994000069,57.45357966500006],[12.038773504000062,57.418523236000055],[12.024561798000036,57.40007803600008],[12.020901307000031,57.373710112000026],[12.003669520000074,57.34801875000005],[11.997658194000053,57.34793797900005],[11.99284977900004,57.35769547600006],[11.981868980000058,57.36729776200008],[11.974059572000044,57.36565555700008],[11.962434272000053,57.355303596000056],[11.94822167700005,57.361598067000045],[11.946774855000058,57.36677490400007],[11.952842804000056,57.37747407000006],[11.952476912000066,57.38608105700007],[11.946586136000064,57.390257716000065],[11.917828744000076,57.39426917000003],[11.923309412000037,57.406816097000046],[11.917709924000064,57.415494942000066],[11.920483713000067,57.42382855800008],[11.908504383000036,57.44002522300008],[11.915258778000066,57.46330719100007],[11.928296147000026,57.47318801700004],[11.91940498200006,57.479858171000046],[11.917465020000066,57.48551089500006],[11.944376896000051,57.48772067500005],[11.954278740000063,57.49495421000006],[11.94691696500007,57.502054514000065],[11.929077409000058,57.50588813300004],[11.938110104000032,57.51533532600007],[11.930768573000023,57.526428045000046],[11.918260366000027,57.53281122300007],[11.922900754000068,57.562223016000075],[11.987872797000023,57.56443789300005],[12.013066089000063,57.54586640200006],[12.045703068000023,57.55108589800005],[12.076388712000039,57.55076084600006],[12.092653342000062,57.554145109000046],[12.091789561000041,57.558803674000046],[12.097830917000067,57.56074318700007],[12.17420147300004,57.56534476100006],[12.208064677000039,57.57327693000008],[12.277231007000069,57.59681307900007],[12.338144444000022,57.56154671500008]]],[[[12.715339912000047,56.64848383200007],[12.713857270000062,56.645757883000044],[12.707558757000072,56.64607957900006],[12.710998959000051,56.65006012500004],[12.715339912000047,56.64848383200007]]],[[[12.308506567000052,57.028205006000064],[12.304553257000066,57.02636061100003],[12.29938605600006,57.02878886900004],[12.304839057000038,57.03093144300004],[12.308506567000052,57.028205006000064]]],[[[12.249025394000057,57.06471576900003],[12.245549151000034,57.06261461400004],[12.240123965000066,57.06498473400006],[12.244839372000058,57.06716887400006],[12.249025394000057,57.06471576900003]]],[[[12.206266906000053,57.13736120500005],[12.20271079500003,57.13525232500007],[12.197746884000026,57.13750481800008],[12.203004379000049,57.139983105000056],[12.206266906000053,57.13736120500005]]],[[[12.155988781000076,57.157445461000066],[12.14984153100005,57.15345843600005],[12.148877932000062,57.155898825000065],[12.155988781000076,57.157445461000066]]],[[[12.178078418000041,57.16052162900007],[12.171008638000046,57.15620184200003],[12.154461256000047,57.16032441700003],[12.160217063000061,57.169529209000075],[12.18723964700007,57.166119337000055],[12.178078418000041,57.16052162900007]]],[[[12.119140155000025,57.20797128600003],[12.113943299000027,57.20443183500004],[12.105559424000035,57.206676635000065],[12.11302611700006,57.21042078700003],[12.119140155000025,57.20797128600003]]],[[[12.100662099000033,57.22085538200008],[12.093638929000065,57.21846944300006],[12.089570155000047,57.22085538200008],[12.093511801000034,57.22460243800003],[12.100662099000033,57.22085538200008]]],[[[12.090290308000021,57.29669108100006],[12.08205055700006,57.28956687300007],[12.07472571300002,57.291302217000066],[12.082751066000071,57.298718973000064],[12.090290308000021,57.29669108100006]]],[[[11.904968410000038,57.30394840400004],[11.900971124000023,57.29946467100007],[11.897645367000052,57.30335606400007],[11.904968410000038,57.30394840400004]]],[[[12.125370115000067,57.300133247000076],[12.117969153000047,57.29503623800008],[12.108729701000073,57.295303395000076],[12.105550509000068,57.30640685800006],[12.117000701000052,57.30891223700007],[12.124657279000076,57.30548542100007],[12.125370115000067,57.300133247000076]]],[[[12.099786699000049,57.305979155000045],[12.096301375000053,57.303627765000044],[12.08900036600005,57.30523309000006],[12.094007658000066,57.30953114200008],[12.099786699000049,57.305979155000045]]],[[[12.13057561900007,57.312847298000065],[12.125419333000025,57.30973996600005],[12.11822825400003,57.31154045100004],[12.124629764000076,57.31498842700006],[12.13057561900007,57.312847298000065]]],[[[12.097211647000051,57.31630008800005],[12.09361116100007,57.31185708300006],[12.088485608000042,57.31703123300008],[12.097211647000051,57.31630008800005]]],[[[11.97186457500004,57.33871146900003],[11.961102441000037,57.33514181600003],[11.946258138000076,57.343470413000034],[11.96082533200007,57.34662653400005],[11.97186457500004,57.33871146900003]]],[[[12.056913465000036,57.36291832300003],[12.05234877600003,57.36329244600006],[12.055962807000071,57.36981598400007],[12.064171225000052,57.368983445000026],[12.056913465000036,57.36291832300003]]],[[[12.04730365200004,57.36590024700007],[12.044515064000052,57.361953526000036],[12.039107999000066,57.36990551200006],[12.04679993800005,57.373339360000045],[12.050812661000066,57.370866585000044],[12.04730365200004,57.36590024700007]]],[[[11.938825090000023,57.37217598400008],[11.936117244000059,57.37011953200005],[11.925652159000037,57.37416533600003],[11.936625002000028,57.37952293900008],[11.945085649000077,57.376930515000026],[11.938825090000023,57.37217598400008]]],[[[12.063023891000057,57.383570012000064],[12.063259267000035,57.37810330900004],[12.056235946000072,57.382218676000036],[12.051859340000021,57.37817587100005],[12.045853899000065,57.38431564900003],[12.052288089000058,57.38581491800005],[12.055614430000048,57.38277157600004],[12.05940441100006,57.386883460000035],[12.062900128000024,57.38644445700004],[12.063023891000057,57.383570012000064]]],[[[11.911749384000075,57.414191652000056],[11.910739850000027,57.41033117000006],[11.904924906000076,57.41121300700007],[11.908294848000025,57.41517633600006],[11.911749384000075,57.414191652000056]]],[[[12.065563911000027,57.42164775500004],[12.062530154000058,57.42017092200007],[12.05906384900004,57.42311356100004],[12.065563911000027,57.42757936400005],[12.071234833000062,57.427109012000074],[12.065563911000027,57.42164775500004]]],[[[11.91176863800007,57.51304349800006],[11.908654607000074,57.509155270000065],[11.902236304000041,57.511582073000056],[11.907247218000066,57.51449608200005],[11.91176863800007,57.51304349800006]]],[[[11.883311379000077,57.51688586500006],[11.875731594000058,57.51269429100006],[11.868799254000066,57.51663564200004],[11.875552976000051,57.52130360400008],[11.883311379000077,57.51688586500006]]]]}},{"type":"Feature","properties":{"code":"U","name":"Västmanland","sourceCode":"SE125"},"geometry":{"type":"MultiPolygon","coordinates":[[[[16.718986206000068,60.18401751500005],[16.731172472000026,60.16850550500004],[16.743055019000053,60.137370099000066],[16.73026694500004,60.12294992000005],[16.729241390000027,60.11321185600008],[16.707644720000076,60.10659007000004],[16.710318302000076,60.089965617000075],[16.694763589000047,60.08178629200006],[16.709225525000022,60.06701932000004],[16.715542904000074,60.05283112200004],[16.725735094000072,60.04193855700004],[16.72407319200005,60.026879904000054],[16.71686494000005,60.01190731100007],[16.718137902000024,60.00658202800008],[16.731647588000044,60.00054004800006],[16.740140804000077,59.98186562600006],[16.773643794000066,59.97348514200007],[16.788189033000037,59.96556700300005],[16.784235118000026,59.96325181600008],[16.771650623000028,59.96448083200005],[16.76075547100004,59.952435355000034],[16.76542180900003,59.950345696000056],[16.781299715000046,59.953685205000056],[16.794479774000024,59.94227557900007],[16.80093050000005,59.909798898000076],[16.778663865000055,59.905447663000075],[16.773677521000025,59.89545792000007],[16.780987606000053,59.888860399000066],[16.79768533300006,59.88187060000007],[16.80299864400007,59.869582827000045],[16.827415193000036,59.85979932200007],[16.80390862300004,59.845607993000044],[16.81412486100004,59.837330518000044],[16.803828217000046,59.82542255800007],[16.807079802000032,59.81785320600005],[16.769100682000044,59.80356796500007],[16.75958286300005,59.79476617600005],[16.728748592000045,59.77734756900003],[16.776761322000027,59.74478831300007],[16.78265640500007,59.731047026000056],[16.782603030000075,59.71953821400007],[16.81333164800003,59.710082707000026],[16.82386587700006,59.69029076700008],[16.853241593000064,59.667638372000056],[16.863538688000062,59.643315235000046],[16.886960542000054,59.60516770800007],[16.916639333000035,59.56542024200007],[16.921486393000066,59.54902658800006],[16.964910420000024,59.52132412200007],[16.947512537000023,59.49171301800004],[16.93214667700005,59.48515248600006],[16.893857420000074,59.47980873000006],[16.834235209000042,59.49866488400005],[16.759501792000037,59.50206187100008],[16.722753786000055,59.48977107300004],[16.702745734000075,59.48767111300003],[16.665907614000048,59.49187513900006],[16.640814936000027,59.48473598700008],[16.421211822000032,59.46053974000006],[16.405096163000053,59.46036203400007],[16.386515433000056,59.46679061400005],[16.373408622000056,59.46704963500008],[16.323183439000047,59.453638298000044],[16.299882024000055,59.45751906800007],[16.25725350700003,59.45328141300007],[16.249635670000032,59.43561311800005],[16.250717602000066,59.414445052000076],[16.290867870000056,59.39750452800007],[16.27708801700004,59.387577959000055],[16.271182882000062,59.37213159000004],[16.262705236000045,59.36333048500006],[16.210874562000072,59.35956865000003],[16.155411022000067,59.34717866600005],[16.07720725100006,59.35302690100008],[16.03611256000005,59.36749879300004],[15.993255891000047,59.35913090400004],[15.945271160000061,59.34448571900003],[15.939248055000064,59.33533033500004],[15.93909863500005,59.32393852100006],[15.91469644600005,59.31516031000007],[15.905886701000043,59.299116291000075],[15.882143246000055,59.29965839600004],[15.874913827000057,59.28113899200008],[15.867650230000038,59.28400617800003],[15.868530272000044,59.27605641900004],[15.89356809800006,59.23037703000006],[15.761593005000066,59.19794847800006],[15.783851841000057,59.22649522200004],[15.728852780000068,59.22594309800007],[15.689562777000049,59.26892950000007],[15.612766436000072,59.288658663000035],[15.630641831000048,59.314403404000075],[15.633351437000044,59.32938613600004],[15.617344786000046,59.34661202400008],[15.611557893000054,59.35913090400004],[15.598952280000049,59.37445055200004],[15.605081859000052,59.39612931000005],[15.622873256000048,59.397571232000075],[15.629949620000048,59.40421126800004],[15.730122135000045,59.40955577200003],[15.729183053000042,59.43249175500006],[15.71640153800007,59.449874358000045],[15.712034191000043,59.47498872800003],[15.688434864000044,59.47825850500004],[15.690347173000077,59.49500844600004],[15.719396438000047,59.508901121000065],[15.712606405000031,59.52587910300008],[15.703062516000045,59.53860977000005],[15.676633983000045,59.535595612000066],[15.661556920000066,59.52487548600004],[15.634050166000065,59.52101342200007],[15.627539229000035,59.54650165600003],[15.626353348000066,59.57230016400007],[15.632995787000027,59.573343109000064],[15.636609234000048,59.59175610400007],[15.634567571000048,59.595120433000034],[15.62327786700007,59.59811479900003],[15.619452558000035,59.62320941200005],[15.615958771000066,59.62913020900004],[15.605822544000034,59.63097506500003],[15.567731507000076,59.62714309200004],[15.521801870000047,59.63437294200003],[15.515937117000021,59.64137739500006],[15.513521894000064,59.65270685300004],[15.523646517000032,59.667188933000034],[15.525086821000059,59.67640093400007],[15.53143353400003,59.68537751300005],[15.529663006000021,59.689306083000076],[15.539017289000071,59.69096216600008],[15.550152971000045,59.69894812400008],[15.544330650000063,59.716288718000044],[15.549307033000048,59.726546452000036],[15.527023376000045,59.752049998000075],[15.529686240000046,59.76106208500005],[15.512911443000064,59.778135371000076],[15.512308825000048,59.78767077200007],[15.50685429300006,59.795333862000064],[15.500975126000071,59.79789995300007],[15.427034025000069,59.79568524300004],[15.430270474000054,59.802891903000045],[15.438141822000034,59.805381863000036],[15.454378769000073,59.82089780600006],[15.446602004000056,59.827813555000034],[15.452513886000077,59.83708852900003],[15.442804653000053,59.843547072000035],[15.440801905000058,59.84880151600004],[15.422092491000058,59.854747400000065],[15.45849682000005,59.89245994000004],[15.488020757000072,59.89969245200007],[15.478266432000055,59.90889869600005],[15.482489202000068,59.91575057000006],[15.498707362000061,59.92742768200003],[15.49537427200005,59.93629526900003],[15.531822589000058,59.95595155900003],[15.598867332000054,59.94785559500008],[15.62419262900005,59.93490122900005],[15.656792874000075,59.93887685000004],[15.679518488000042,59.937916123000036],[15.679406122000046,59.94562570800008],[15.69311813400003,59.948804331000076],[15.705536727000037,59.964165483000045],[15.71227125300004,59.966776451000044],[15.721750945000053,59.97595403500003],[15.716772018000029,59.97827022900003],[15.71291412000005,60.00022623400008],[15.700459713000043,60.01430870400003],[15.730035372000032,60.02250289800003],[15.725953299000025,60.02948375600005],[15.70874453700003,60.029941836000035],[15.696385128000031,60.03414518800008],[15.686797712000043,60.04701999400004],[15.702316310000072,60.047108147000074],[15.70948687200007,60.05691722200004],[15.720651177000036,60.061720491000074],[15.729497355000035,60.07814382100008],[15.71549888900006,60.08081286000004],[15.715556372000037,60.085769139000035],[15.721368118000044,60.09149573700006],[15.743994818000033,60.09847680900003],[15.748042156000054,60.11023440900004],[15.760683705000076,60.118874119000054],[15.76203574300007,60.12946121200008],[15.72757561800006,60.12907885700008],[15.726319276000027,60.14219680200006],[15.768772254000055,60.14920164900008],[15.791812328000049,60.16416914200005],[15.801567205000026,60.179103602000055],[15.882900109000047,60.16654689900008],[15.925587084000028,60.17216345500003],[15.947636721000038,60.184826592000036],[15.996873352000023,60.18530373500005],[16.02341161800007,60.18132482500005],[16.047932079000077,60.15203220900008],[16.05406627700006,60.14863380500003],[16.130496007000033,60.138756889000035],[16.16088552700006,60.12221228300007],[16.15961625700004,60.11171219600004],[16.142423359000077,60.092492460000074],[16.17880830400003,60.08504321700008],[16.18351964200002,60.07637800300006],[16.208165688000065,60.07361186700007],[16.223323073000074,60.08039398400007],[16.284276655000042,60.07299628900006],[16.290313968000078,60.06996856100005],[16.29666005100006,60.07321902700005],[16.31749909000007,60.07427233000004],[16.328743148000058,60.07933688900005],[16.349868687000026,60.076335279000034],[16.356784231000063,60.08089918400003],[16.38045515400006,60.08112408300008],[16.39004800600003,60.09049890300008],[16.40523534600004,60.09174468800006],[16.40596382900003,60.10361407000005],[16.439610751000032,60.12511741600008],[16.501625404000038,60.13657804500008],[16.534027071000025,60.137821719000044],[16.53329433300007,60.14842564500003],[16.538737170000047,60.153888444000074],[16.53154581800004,60.158277387000055],[16.528161299000033,60.16566049800008],[16.54434313400003,60.17404219900004],[16.554672209000046,60.17301771900003],[16.584304830000065,60.18001886700006],[16.646848657000078,60.18447394900005],[16.67277612600003,60.19259374100005],[16.703831018000074,60.19572060300004],[16.718986206000068,60.18401751500005]]]]}},{"type":"Feature","properties":{"code":"F","name":"Jönköping","sourceCode":"SE211"},"geometry":{"type":"MultiPolygon","coordinates":[[[[14.419177084000069,58.18457396500003],[14.469232641000076,58.13109845900004],[14.538023493000026,58.11301865200005],[14.548935345000075,58.10624783900005],[14.574292356000058,58.106915693000076],[14.594735229000037,58.09826637400005],[14.64685651600007,58.09587959300006],[14.660208089000037,58.100390093000044],[14.723477624000054,58.098008468000046],[14.757047543000056,58.10272132800003],[14.764427503000036,58.095109842000056],[14.768007349000072,58.08582052600008],[14.811399098000038,58.082953994000036],[14.88199717200007,58.090063745000066],[14.893439514000022,58.08646429600003],[14.89480478400003,58.092310257000065],[14.888805646000037,58.10018435600006],[14.898068452000075,58.11102104400004],[14.912012085000072,58.11186944500008],[14.915567095000029,58.11920979800004],[14.909329913000022,58.12296769000005],[14.899515535000035,58.12082978500007],[14.892040187000077,58.125125866000076],[14.889713433000054,58.128423772000076],[14.892384394000032,58.136130414000036],[14.930710442000077,58.13477282300005],[14.948195732000045,58.13868980900003],[14.95596155800007,58.14475949600006],[14.970172066000032,58.14928496600004],[14.980609960000038,58.14884177300007],[14.978109446000076,58.13075588000004],[14.995883055000036,58.119862616000034],[15.004489845000023,58.11029027400008],[15.007710349000035,58.10003229400007],[15.037663457000065,58.058327173000066],[15.029915611000035,58.048761537000075],[15.063876951000054,58.025570095000035],[15.07363693800005,58.01509899100006],[15.080027080000036,57.99752842000004],[15.07250149600003,57.98852265900007],[15.066047518000062,57.98595327400005],[15.020891595000023,57.99012642400004],[15.012064173000056,57.98733850000008],[15.016516973000023,57.95600069400007],[14.990928925000048,57.94125891300007],[15.004385125000056,57.93274303100003],[15.00961195900004,57.924121471000035],[14.998166145000027,57.91369959700006],[14.996427728000072,57.90601048600007],[15.010604950000072,57.89231178700004],[15.021301920000042,57.88785928400006],[15.031598271000064,57.868369606000044],[15.03958422200003,57.86039470900005],[15.067253466000068,57.84776831200003],[15.075338195000029,57.839189014000056],[15.069178451000028,57.822569712000075],[15.073835950000046,57.80729976600003],[15.090463240000076,57.77059660400005],[15.119465998000067,57.74400742200004],[15.128176222000036,57.726323387000036],[15.128358685000023,57.71631255400007],[15.137711780000075,57.71531927900003],[15.158379116000049,57.70591228100005],[15.174424553000051,57.705008606000035],[15.17837591700004,57.70542179000006],[15.179189785000062,57.71003664300008],[15.26175328100004,57.706550433000075],[15.276661414000046,57.70974715600005],[15.283248100000037,57.71514498700003],[15.331657819000043,57.70014901300004],[15.358446038000068,57.70643630400008],[15.405657320000046,57.70808813600007],[15.421051158000068,57.70487941700003],[15.441094100000043,57.68533455900007],[15.488572728000065,57.67212198100003],[15.503480164000052,57.66240303600006],[15.518168004000074,57.660685767000075],[15.583749848000025,57.63637385700008],[15.597814945000039,57.623053206000066],[15.62936379100006,57.60550543000005],[15.665762904000076,57.59925438100004],[15.643900133000045,57.59070032100004],[15.631610660000035,57.59153058100003],[15.60127613000003,57.56439485100003],[15.575777752000022,57.54747744700006],[15.594428889000028,57.54711297800003],[15.616299836000053,57.540581839000026],[15.618262595000033,57.53634383500008],[15.63362715900007,57.52813607400003],[15.638886625000055,57.51192379200006],[15.652859701000068,57.50310910300004],[15.640920867000034,57.49357071600008],[15.625833143000023,57.49010754200003],[15.621571798000048,57.48457939200006],[15.617113399000061,57.461957115000075],[15.619311744000072,57.45226377900008],[15.61422527700006,57.442999436000036],[15.604095931000074,57.43620380900006],[15.597814945000039,57.43591623700007],[15.589748758000042,57.44481458300004],[15.573574352000037,57.450680617000046],[15.564342501000056,57.45719441500006],[15.560447442000054,57.464033649000044],[15.551138,57.46727337000004],[15.521413119000044,57.456743337000034],[15.506252791000065,57.45541558800005],[15.492500576000054,57.43486328700004],[15.495962305000035,57.41512733400003],[15.525642754000046,57.406270593000045],[15.521462456000052,57.39969805700008],[15.521021414000074,57.384959206000076],[15.497916902000043,57.373725652000076],[15.514736152000069,57.363525174000074],[15.51170488400004,57.35021992700007],[15.519091551000031,57.33833974600003],[15.513451241000041,57.328986556000075],[15.510929546000057,57.30845179200003],[15.48717730900006,57.31038529500006],[15.470194883000033,57.30430369100003],[15.469578980000051,57.296562245000075],[15.478709233000075,57.28044361700006],[15.462468736000062,57.26786249600008],[15.487441078000074,57.251106787000026],[15.511793273000023,57.24551014100007],[15.522320193000041,57.23595704100006],[15.525350606000075,57.22481432900008],[15.515754426000058,57.20784817900005],[15.51653015200003,57.20145046400006],[15.454423278000036,57.21565599100006],[15.435711851000065,57.21358791700004],[15.392414704000032,57.226283548000026],[15.33434853600005,57.22727260800008],[15.313025936000031,57.219794611000054],[15.29998319200007,57.22343619600008],[15.26958103000004,57.22100262100008],[15.252087749000054,57.224476570000036],[15.242390233000037,57.22264755000003],[15.232712506000041,57.22707813800008],[15.210075104000055,57.21208905300006],[15.195577889000049,57.20935385200005],[15.184111146000077,57.21382304600007],[15.177158538000072,57.226127261000045],[15.168077198000049,57.22856027600005],[15.158780501000024,57.22624250300004],[15.133441790000063,57.237517120000064],[15.12424306500003,57.22971590900005],[15.13813166600005,57.22347556900007],[15.149497625000038,57.211365930000056],[15.154065371000058,57.19350361900007],[15.151483085000052,57.180011222000076],[15.144914225000036,57.17714100900008],[15.124237985000036,57.190684873000066],[15.086251967000067,57.19532281200003],[15.045006235000074,57.173309955000036],[15.036955284000044,57.164208045000066],[15.012529353000048,57.16443862600005],[14.997824750000063,57.14232377800005],[14.980532494000045,57.13651180800008],[14.906799032000038,57.13456882500003],[14.89329166400006,57.15184478000003],[14.890626342000076,57.16385385800004],[14.88512711800007,57.167873316000055],[14.88951290700004,57.17753884100006],[14.873431853000056,57.19595746600004],[14.838009770000042,57.20207356700007],[14.812597907000054,57.21916403800003],[14.790541284000028,57.22435757400007],[14.750179545000037,57.22699949400004],[14.718470301000025,57.22417380200005],[14.681420542000069,57.20915356800003],[14.65641920400003,57.208146862000035],[14.653806695000071,57.20300651000008],[14.608433070000046,57.20414012200007],[14.61129505200006,57.18563080400003],[14.608760172000075,57.18109056900005],[14.59714722700005,57.17882919600004],[14.575503078000054,57.18890897400007],[14.564941834000024,57.189067341000055],[14.554984999000055,57.18574143900008],[14.549328272000025,57.17359164100003],[14.537292254000022,57.16145535100003],[14.521437869000067,57.15983253200005],[14.508222900000021,57.16227179400005],[14.489389292000055,57.15169546300007],[14.484478172000024,57.15820065200006],[14.461867660000053,57.157956281000054],[14.457195157000058,57.16334826900004],[14.449342663000039,57.16166380900006],[14.441198514000064,57.150890246000074],[14.433438928000044,57.152111965000074],[14.424934181000026,57.14499413300007],[14.415018005000036,57.15436972200007],[14.364682882000068,57.15061750600006],[14.350408332000029,57.14477472800007],[14.358240525000042,57.13204213500006],[14.359061113000053,57.12286805300005],[14.338900937000062,57.11281580100007],[14.346806462000075,57.10164667500004],[14.357082051000077,57.09421009200008],[14.360474533000058,57.08002025600007],[14.357440350000047,57.07312267300006],[14.358447229000035,57.06037710100003],[14.338310682000042,57.054533922000076],[14.330041139000059,57.027752150000026],[14.334204896000074,57.01706061800007],[14.348634652000044,57.010812172000044],[14.35146168700004,57.00567274700006],[14.367015227000024,57.00675391400006],[14.37465756000006,57.00212280900007],[14.375020423000024,56.998063383000044],[14.36829588300003,56.99017233100005],[14.367938589000062,56.98296944000003],[14.376530698000067,56.97934675400006],[14.394352088000062,56.96333572300006],[14.375478327000053,56.932090853000034],[14.344265724000024,56.91210826900004],[14.327099942000075,56.89175916200003],[14.325277,56.88343303400006],[14.298977191000063,56.87897106300005],[14.256615580000073,56.886411672000065],[14.224967812000045,56.91136371500005],[14.218668146000027,56.934428093000065],[14.210229647000062,56.94590701200008],[14.215776036000022,56.953873388000034],[14.190518303000033,56.959142823000036],[14.179850615000078,56.98695333300003],[14.155973165000034,57.000448851000044],[14.15346246100006,57.00881004400003],[14.157341349000035,57.01495824800003],[14.151723063000077,57.02857775100006],[14.131242991000022,57.02245601800007],[14.09743022400005,57.02106984200003],[14.096045611000022,57.02613480000008],[14.099565711000025,57.034879200000034],[14.095292941000025,57.037961351000035],[14.044212636000054,57.04992294500005],[14.01637908400005,57.04988495600003],[13.99090956300006,57.030182171000035],[13.97817420900003,57.039025508000066],[13.969374340000059,57.04045656200003],[13.92595463200007,57.03963313200006],[13.923163275000036,57.02825131000003],[13.91094895200007,57.01893385000005],[13.875689346000058,57.017590419000044],[13.858836801000052,57.000097881000045],[13.847320552000042,56.99842380700005],[13.836005085000068,57.005078154000046],[13.821725763000074,57.008525476000045],[13.802735128000052,57.027133537000054],[13.764598825000064,57.02538035800006],[13.756337635000023,57.02878078700007],[13.758223816000054,57.03536086000008],[13.736558007000042,57.03648738700008],[13.712215288000039,57.01672361700008],[13.71044127600004,57.005233573000055],[13.692617252000048,56.987156079000044],[13.692394921000073,56.978290281000056],[13.681201047000059,56.97211441700006],[13.663233225000056,56.98349822900008],[13.631704478000074,56.98826861600003],[13.599332921000041,57.013702900000055],[13.600469521000036,57.02464974800006],[13.593273335000049,57.03245131800003],[13.60624935900006,57.042852236000044],[13.600533105000068,57.06176931700003],[13.57425857000004,57.06433514100007],[13.569442679000076,57.07112456300007],[13.535771244000045,57.08040161000008],[13.526839744000029,57.08668452300003],[13.50816108400005,57.08473285400004],[13.501413265000053,57.07511490700006],[13.49283689200007,57.08479964700007],[13.497575623000046,57.09093256800003],[13.498895661000063,57.10390218200007],[13.492703973000062,57.11115373900003],[13.478678789000071,57.10959326800008],[13.457498435000048,57.098375195000074],[13.451000260000058,57.104212618000076],[13.427781593000077,57.11195135500003],[13.357158575000028,57.11315762100003],[13.321652490000076,57.102836197000045],[13.290028332000077,57.10218996000003],[13.257023125000046,57.090190266000036],[13.22866392900005,57.09661568900003],[13.23139795700007,57.08932462900003],[13.226692955000033,57.08324303000006],[13.230085386000042,57.07764166900006],[13.202036901000042,57.07130655200007],[13.189866642000027,57.06415044200003],[13.181001527000035,57.06474101900005],[13.169186393000075,57.05216093100006],[13.189356004000047,57.05668443400003],[13.199391443000025,57.053631504000066],[13.157451682000044,57.03825105300007],[13.141600220000043,57.03588460200007],[13.124919813000076,57.02692523300004],[13.115739026000028,57.04247607600007],[13.119753547000073,57.05315581000008],[13.11869226500005,57.058669931000054],[13.086699215000067,57.07986036500006],[13.08502221200007,57.08375481200005],[13.087637564000033,57.089671089000035],[13.08003778400007,57.098522038000056],[13.087665982000033,57.10482831300004],[13.08658057100007,57.11338422000006],[13.092854853000063,57.12610401500007],[13.079939706000062,57.12847807800006],[13.100760559000037,57.145515610000075],[13.117776270000036,57.150834434000046],[13.139288731000022,57.172415251000075],[13.152733463000061,57.181213478000075],[13.190333208000027,57.22434657800005],[13.190717174000042,57.23786235700004],[13.199343260000035,57.24742477500007],[13.234436472000027,57.25905570500004],[13.263138455000046,57.252840383000034],[13.285340520000034,57.27997931700003],[13.287847318000047,57.29144602700006],[13.283255533000045,57.30709105400007],[13.369638011000063,57.322399018000056],[13.387691871000072,57.34020925200008],[13.40220234700007,57.340518349000035],[13.434272115000056,57.349910039000065],[13.43581202200005,57.35264152900004],[13.431340668000075,57.35873295300007],[13.435927024000023,57.368248718000075],[13.445348673000069,57.37163226000007],[13.467318988000045,57.370474039000044],[13.477034681000077,57.38733354100003],[13.484143484000072,57.39260783000003],[13.51195632300005,57.39828611100006],[13.51584979100005,57.40938476300005],[13.506648469000027,57.41521658900007],[13.514314832000025,57.42606781300003],[13.532582122000065,57.43105444200006],[13.57031783900004,57.467766561000076],[13.584251361000042,57.47560380900006],[13.610399357000063,57.511326917000076],[13.666193406000048,57.536460601000044],[13.68805786200005,57.55820845900007],[13.686575976000029,57.57414310400003],[13.67632012000007,57.58433613800008],[13.677405362000059,57.59367006600007],[13.670184853000023,57.596589849000054],[13.667387396000038,57.612922696000055],[13.673155586000064,57.62473924500006],[13.706352261000063,57.63839453000003],[13.723969336000039,57.66541257500006],[13.721465299000045,57.69169606300005],[13.697309129000075,57.70514391200004],[13.727510976000076,57.718156788000044],[13.717447486000026,57.72412369400007],[13.715912685000035,57.73167144300004],[13.73407744900004,57.75355502600007],[13.742385537000075,57.758760934000065],[13.751976631000048,57.77337504500008],[13.74338503100006,57.797711562000075],[13.745525888000032,57.813036768000075],[13.738442761000044,57.820871870000076],[13.737439810000069,57.83973520300003],[13.733553874000052,57.84547056100007],[13.743294278000064,57.86554686300008],[13.764903294000021,57.87874179000005],[13.763001769000027,57.89468029500006],[13.789182047000054,57.90651606600005],[13.790379073000054,57.91098895600004],[13.785880588000055,57.92404111600007],[13.772431554000036,57.92619470500006],[13.760887641000068,57.93898776700007],[13.740742767000029,57.93917651100003],[13.728607917000033,57.93187700800007],[13.71319506900005,57.96229402500006],[13.699335016000077,57.97358671900008],[13.715225909000026,57.97756411100005],[13.722583159000067,57.99020767700006],[13.729007065000076,57.99429639900006],[13.75063540900004,57.99692685900004],[13.756557669000074,58.00771449400003],[13.771128447000024,58.01005262500007],[13.773091313000066,58.01633203600005],[13.768903531000035,58.04005438200005],[13.774952993000056,58.04870905000007],[13.788803954000059,58.05641138000004],[13.792402060000029,58.054167851000045],[13.792724081000074,58.04910938100005],[13.810446441000067,58.053820674000065],[13.861033969000061,58.04182340700004],[13.874481155000069,58.04675505400007],[13.918386346000034,58.04081595900004],[13.945122218000051,58.03427020200007],[13.95250203200004,58.02928838400004],[13.962468824000041,58.00767898300006],[13.993514962000063,58.00992718500004],[14.057912101000056,58.02345059600003],[14.066815907000034,58.02918799000008],[14.066417613000056,58.039671758000054],[14.106065343000068,58.06391448900007],[14.115713767000045,58.07730038300008],[14.110104359000047,58.08416472500005],[14.11776126500007,58.09107557200008],[14.121448887000042,58.09978116600007],[14.119764819000068,58.12247062500006],[14.130572426000072,58.14574800400004],[14.146524690000035,58.13853221000005],[14.149638524000068,58.13354484900003],[14.168535579000036,58.12876467500007],[14.223745650000069,58.13581258700003],[14.313500415000021,58.132225120000044],[14.416710245000047,58.18724050800006],[14.419177084000069,58.18457396500003]]],[[[13.649936468000021,57.594222469000044],[13.637489395000046,57.596170673000074],[13.648671794000052,57.60761058400004],[13.659568264000029,57.60809290700007],[13.649936468000021,57.594222469000044]]]]}},{"type":"Feature","properties":{"code":"G","name":"Kronoberg","sourceCode":"SE212"},"geometry":{"type":"MultiPolygon","coordinates":[[[[15.151329523000072,57.23152642400004],[15.158780501000024,57.22624250300004],[15.168077198000049,57.22856027600005],[15.177158538000072,57.226127261000045],[15.184111146000077,57.21382304600007],[15.195577889000049,57.20935385200005],[15.210075104000055,57.21208905300006],[15.232712506000041,57.22707813800008],[15.242390233000037,57.22264755000003],[15.252087749000054,57.224476570000036],[15.26958103000004,57.22100262100008],[15.29998319200007,57.22343619600008],[15.313025936000031,57.219794611000054],[15.33434853600005,57.22727260800008],[15.392414704000032,57.226283548000026],[15.435711851000065,57.21358791700004],[15.454423278000036,57.21565599100006],[15.51653015200003,57.20145046400006],[15.527411457000028,57.19260409000003],[15.556645081000056,57.18485582300008],[15.560832008000034,57.165225563000035],[15.553840871000034,57.14793158800006],[15.578257934000021,57.14715519600003],[15.593149374000063,57.14300674300006],[15.597814945000039,57.136815772000034],[15.61118220000003,57.131636565000065],[15.636988557000052,57.12773999800004],[15.64595302500004,57.107976559000065],[15.693991186000062,57.078737216000036],[15.719697617000065,57.07424659900005],[15.73005934500003,57.060741388000054],[15.74583999600003,57.04904467300008],[15.778870280000035,57.03222504900003],[15.784672631000035,57.02244125300007],[15.811301541000034,57.00904189700003],[15.83121227600003,56.98951064500005],[15.836510798000063,56.97253468900004],[15.833180439000046,56.94426451600003],[15.799416802000053,56.910984737000035],[15.776410870000063,56.91575601300008],[15.736942106000072,56.910831690000066],[15.698295941000026,56.91423017900007],[15.666065840000044,56.90274295000006],[15.597814945000039,56.923898895000036],[15.582503965000058,56.92143004700006],[15.554782627000066,56.928580285000066],[15.54245385400003,56.92679473100003],[15.523897908000038,56.91512713800006],[15.518986400000074,56.900767958000074],[15.527201498000068,56.90029827400008],[15.546699879000073,56.89034306900004],[15.555789140000059,56.87655006500006],[15.555437596000047,56.87305607600007],[15.53821496200004,56.85958998000007],[15.551890523000054,56.838012451000054],[15.551796693000028,56.82285556200003],[15.535166751000077,56.80543004500004],[15.491273739000064,56.796128338000074],[15.447252905000028,56.79598652000004],[15.446933758000057,56.78408869500004],[15.441220790000045,56.77911156300007],[15.383275027000025,56.78193887500004],[15.367489506000027,56.778807501000074],[15.36246021900007,56.75858008300003],[15.383582941000043,56.74457491000004],[15.389678404000051,56.73507672000005],[15.391065888000071,56.72327019200003],[15.422495204000029,56.71215186200004],[15.418383748000053,56.708152030000065],[15.418189582000025,56.69832269900007],[15.411352320000049,56.68351252400004],[15.419753211000057,56.67110095100003],[15.403220125000075,56.65708559400008],[15.416026121000073,56.64091430800005],[15.39354740500005,56.62573932600003],[15.384433706000038,56.61343257400006],[15.374049270000057,56.609271067000066],[15.366968769000039,56.60235998200005],[15.37546313300004,56.59316916700004],[15.386351035000075,56.58734866400005],[15.388858905000063,56.57891309300004],[15.378772100000049,56.55599707200008],[15.370434021000051,56.557926088000045],[15.36494007300007,56.56538797400003],[15.359933922000039,56.56345300400005],[15.359826085000066,56.55262309300008],[15.352881457000024,56.53278280100005],[15.354625781000038,56.51979193400007],[15.347886965000043,56.51218100700004],[15.338930487000027,56.49031199600006],[15.346115206000036,56.48405802100007],[15.363503653000066,56.482375958000034],[15.319917664000059,56.45589271500006],[15.287017581000043,56.456917615000066],[15.278375500000038,56.46522701100008],[15.263290547000054,56.46999595400007],[15.246930215000077,56.46413682800005],[15.210770212000057,56.459701317000054],[15.208841360000065,56.457908703000044],[15.21800968100007,56.45164784100007],[15.211774571000035,56.43820780000004],[15.185147561000065,56.42791425900003],[15.146146097000042,56.43673725500008],[15.134145292000028,56.44525168900003],[15.127214562000063,56.45457391600007],[15.052209262000076,56.45220670600003],[15.050410605000025,56.43867221000005],[15.031961013000057,56.45054600800006],[15.004489845000023,56.44619067900004],[14.989491214000054,56.44022367800005],[14.979763623000053,56.43241295400003],[14.971042628000077,56.41035517900008],[14.962875594000025,56.40090853800007],[14.93124958900006,56.383571611000036],[14.904135647000032,56.36224184900004],[14.860486257000048,56.359247939000056],[14.851190660000043,56.36442456800006],[14.802507818000038,56.37402017100004],[14.777539214000058,56.382309408000026],[14.759063877000074,56.38307384800004],[14.751092038000024,56.38033809600006],[14.684925754000062,56.38695598500004],[14.664409811000041,56.40076101400007],[14.652510396000025,56.40379555700008],[14.621311080000055,56.42522173000003],[14.612871305000056,56.43843203200004],[14.596844576000024,56.44310101000008],[14.57981694800003,56.443966068000066],[14.51466946000005,56.46003693000006],[14.473043700000062,56.46478063400008],[14.456770794000022,56.47198169200004],[14.434840264000059,56.470349687000066],[14.342654115000073,56.485455013000035],[14.317051414000048,56.49373385700005],[14.279704405000075,56.49817195300005],[14.275027582000064,56.50436097900007],[14.268918086000042,56.50609373100008],[14.235021174000053,56.49202981600007],[14.203067024000063,56.49615519000008],[14.179288334000034,56.49476510800008],[14.148331409000036,56.506064913000046],[14.126440141000046,56.50758098400007],[14.119851874000062,56.51482588500005],[14.117782829000078,56.52433008500003],[14.09160765100006,56.532195742000056],[14.064815185000043,56.52580150500006],[14.05380864600005,56.499321062000035],[14.02462600900003,56.47032558600006],[13.95250203200004,56.46663141200003],[13.926631189000034,56.45830041000005],[13.899837369000068,56.45596752100005],[13.890118759000075,56.45163493500007],[13.875895010000022,56.43778549100006],[13.792846431000044,56.44789618400006],[13.76015437500007,56.44406486000008],[13.69616777300007,56.42474751800006],[13.629615598000044,56.41816532900003],[13.603362615000037,56.41263093600003],[13.595955336000031,56.415250455000034],[13.580354568000075,56.40941249100007],[13.541818972000044,56.404333733000044],[13.517511355000067,56.41156913400005],[13.500667368000052,56.40630083800005],[13.462636497000062,56.428188617000046],[13.466687038000032,56.43285227700005],[13.462880706000021,56.45014098000007],[13.450039564000065,56.469888741000034],[13.454654464000043,56.495679704000054],[13.462443826000026,56.51296658500007],[13.459057514000051,56.52734487500004],[13.440419124000073,56.554329159000076],[13.43746490500007,56.57087621000005],[13.415037063000057,56.58097630900005],[13.404240927000046,56.59210318000004],[13.395760911000025,56.61667317200005],[13.379710849000048,56.635925617000055],[13.361895171000072,56.66675648800003],[13.329449028000056,56.68690861300007],[13.309219435000045,56.68675601000007],[13.315913107000029,56.69345652100003],[13.316547684000057,56.70252199400005],[13.324082264000026,56.70856689300007],[13.316564498000048,56.727595852000036],[13.319421891000047,56.755527854000036],[13.317171863000056,56.78772703800007],[13.302675768000029,56.81082158700008],[13.29996380800003,56.810729999000046],[13.298660768000047,56.82360450600004],[13.336126114000024,56.83774286000005],[13.339252535000071,56.84850115200004],[13.333180460000051,56.86155111700003],[13.337843207000049,56.872178905000055],[13.34436591900004,56.87182888500007],[13.346791590000066,56.86455377600004],[13.358476279000058,56.85787591800005],[13.405527479000057,56.87025908800007],[13.432921141000065,56.870184976000075],[13.449150630000076,56.87943021400008],[13.469924022000043,56.87759290500003],[13.472988082000029,56.87073316800007],[13.488155261000031,56.872312237000074],[13.527772742000025,56.89002044500006],[13.54361306100003,56.88700390400004],[13.55816359000005,56.89301321000005],[13.580311272000074,56.88987540100004],[13.605382399000064,56.897625557000026],[13.620145614000023,56.90744009600007],[13.661309903000074,56.91290008700008],[13.66867441100004,56.92074370700004],[13.687757695000073,56.92667932300003],[13.688523081000028,56.93639966500007],[13.683331717000044,56.942158316000075],[13.68976966100007,56.94734820800005],[13.69343744500003,56.96269118500004],[13.681201047000059,56.97211441700006],[13.692394921000073,56.978290281000056],[13.692617252000048,56.987156079000044],[13.71044127600004,57.005233573000055],[13.712215288000039,57.01672361700008],[13.733304154000052,57.035747410000056],[13.746371509000028,57.03778088400003],[13.758223816000054,57.03536086000008],[13.756337635000023,57.02878078700007],[13.764598825000064,57.02538035800006],[13.802735128000052,57.027133537000054],[13.821725763000074,57.008525476000045],[13.836005085000068,57.005078154000046],[13.847320552000042,56.99842380700005],[13.858836801000052,57.000097881000045],[13.875689346000058,57.017590419000044],[13.91094895200007,57.01893385000005],[13.923163275000036,57.02825131000003],[13.92595463200007,57.03963313200006],[13.969374340000059,57.04045656200003],[13.97817420900003,57.039025508000066],[13.99090956300006,57.030182171000035],[14.01637908400005,57.04988495600003],[14.044212636000054,57.04992294500005],[14.095292941000025,57.037961351000035],[14.099565711000025,57.034879200000034],[14.096045611000022,57.02613480000008],[14.09743022400005,57.02106984200003],[14.131242991000022,57.02245601800007],[14.151723063000077,57.02857775100006],[14.157341349000035,57.01495824800003],[14.15346246100006,57.00881004400003],[14.155973165000034,57.000448851000044],[14.179850615000078,56.98695333300003],[14.190518303000033,56.959142823000036],[14.215776036000022,56.953873388000034],[14.210229647000062,56.94590701200008],[14.218668146000027,56.934428093000065],[14.224967812000045,56.91136371500005],[14.256615580000073,56.886411672000065],[14.298977191000063,56.87897106300005],[14.325277,56.88343303400006],[14.327099942000075,56.89175916200003],[14.344265724000024,56.91210826900004],[14.375478327000053,56.932090853000034],[14.394352088000062,56.96333572300006],[14.376530698000067,56.97934675400006],[14.367938589000062,56.98296944000003],[14.36829588300003,56.99017233100005],[14.375020423000024,56.998063383000044],[14.37465756000006,57.00212280900007],[14.367015227000024,57.00675391400006],[14.35146168700004,57.00567274700006],[14.348634652000044,57.010812172000044],[14.334204896000074,57.01706061800007],[14.330041139000059,57.027752150000026],[14.338310682000042,57.054533922000076],[14.358447229000035,57.06037710100003],[14.357440350000047,57.07312267300006],[14.360474533000058,57.08002025600007],[14.357082051000077,57.09421009200008],[14.346806462000075,57.10164667500004],[14.338900937000062,57.11281580100007],[14.359061113000053,57.12286805300005],[14.358240525000042,57.13204213500006],[14.350408332000029,57.14477472800007],[14.364682882000068,57.15061750600006],[14.415018005000036,57.15436972200007],[14.424934181000026,57.14499413300007],[14.433438928000044,57.152111965000074],[14.441198514000064,57.150890246000074],[14.449342663000039,57.16166380900006],[14.457195157000058,57.16334826900004],[14.461867660000053,57.157956281000054],[14.484478172000024,57.15820065200006],[14.489389292000055,57.15169546300007],[14.508222900000021,57.16227179400005],[14.521437869000067,57.15983253200005],[14.537292254000022,57.16145535100003],[14.549328272000025,57.17359164100003],[14.554984999000055,57.18574143900008],[14.564941834000024,57.189067341000055],[14.575503078000054,57.18890897400007],[14.59714722700005,57.17882919600004],[14.608760172000075,57.18109056900005],[14.61129505200006,57.18563080400003],[14.608433070000046,57.20414012200007],[14.653806695000071,57.20300651000008],[14.65641920400003,57.208146862000035],[14.681420542000069,57.20915356800003],[14.718470301000025,57.22417380200005],[14.750179545000037,57.22699949400004],[14.790541284000028,57.22435757400007],[14.812597907000054,57.21916403800003],[14.838009770000042,57.20207356700007],[14.873431853000056,57.19595746600004],[14.88951290700004,57.17753884100006],[14.88512711800007,57.167873316000055],[14.890626342000076,57.16385385800004],[14.89329166400006,57.15184478000003],[14.906799032000038,57.13456882500003],[14.980532494000045,57.13651180800008],[14.997824750000063,57.14232377800005],[15.012529353000048,57.16443862600005],[15.036955284000044,57.164208045000066],[15.045006235000074,57.173309955000036],[15.064714512000023,57.18211340700003],[15.080086075000054,57.19405105000004],[15.124237985000036,57.190684873000066],[15.144914225000036,57.17714100900008],[15.151483085000052,57.180011222000076],[15.154065371000058,57.19350361900007],[15.149497625000038,57.211365930000056],[15.13813166600005,57.22347556900007],[15.12424306500003,57.22971590900005],[15.133441790000063,57.237517120000064],[15.151329523000072,57.23152642400004]]]]}},{"type":"Feature","properties":{"code":"O","name":"Västra Götaland","sourceCode":"SE232"},"geometry":{"type":"MultiPolygon","coordinates":[[[[12.216351105000058,59.26271808300004],[12.236886077000065,59.25569241000005],[12.244848303000026,59.226472141000045],[12.253875334000043,59.21664123700003],[12.260305936000066,59.197704903000044],[12.270890530000031,59.19045547800005],[12.279494896000074,59.188609961000054],[12.295881919000067,59.196077417000026],[12.311894728000027,59.197164626000074],[12.318856523000022,59.185943578000035],[12.343288957000027,59.17415376500003],[12.382220819000054,59.18017431100003],[12.422979164000026,59.192642016000036],[12.443141370000035,59.194025055000054],[12.459165448000022,59.18982691000008],[12.460312030000068,59.18199515200007],[12.455211208000037,59.17519715000003],[12.425034476000064,59.17465593800006],[12.41821705600006,59.168802937000066],[12.42497349000007,59.16355734700005],[12.457150736000074,59.15356739300006],[12.459893020000038,59.14515977600007],[12.465539062000062,59.13987687800005],[12.45658000700007,59.13223249500004],[12.481783102000065,59.12709199500006],[12.526063692000037,59.12809451000004],[12.545447713000044,59.12547665100004],[12.566072302000066,59.11438952000003],[12.57949033500006,59.11324078600006],[12.590033477000077,59.12087390800008],[12.590073238000059,59.128929612000036],[12.617986396000049,59.14232965800005],[12.619203559000027,59.15431272400008],[12.62733213100006,59.16395373800003],[12.625464911000051,59.17193742500007],[12.63208699300003,59.17862805400006],[12.654128446000072,59.18523192400005],[12.65648738300007,59.175572146000036],[12.667832107000038,59.177691466000056],[12.694884964000039,59.170516176000035],[12.712914864000027,59.15242490000003],[12.753755382000065,59.13062982000008],[12.754328218000069,59.11638992300004],[12.76154383200003,59.106828707000034],[12.772262954000041,59.056384628000046],[12.771652645000074,59.03956061700006],[12.898776927000029,58.81436106000007],[13.152389198000037,58.75497798100008],[13.180540148000034,58.75547407600004],[13.25457567500007,58.72561988900003],[13.425620981000066,58.74576954000008],[13.33815600500003,58.81330097400007],[13.42332555300004,58.95758793400006],[13.589991767000072,59.05944454100006],[14.037416926000049,59.02822215800006],[14.04052709900003,59.03028401200004],[14.03475009400006,59.03855678500008],[14.039041517000044,59.04244797300004],[14.058590828000035,59.04433477400005],[14.073714167000048,59.049652551000065],[14.106065343000068,59.04870431200004],[14.142486413000029,59.05277313500005],[14.17666089100004,59.04149311600003],[14.22300212700003,59.04434737200006],[14.23317035100007,59.029040114000054],[14.266962247000038,59.01692760900005],[14.295995033000054,59.012779426000066],[14.287484942000049,58.94936331200006],[14.319747200000052,58.92238785600006],[14.324296075000063,58.90449326800007],[14.339586805000067,58.89717326700003],[14.357573431000048,58.89861081200007],[14.373719445000063,58.884188520000066],[14.391762036000046,58.881705648000036],[14.386847526000054,58.87605214800004],[14.395304080000074,58.86375299300005],[14.378557349000062,58.86488380700007],[14.361728284000037,58.850118147000046],[14.369841819000044,58.84420910300008],[14.385886277000054,58.84386525500008],[14.384944186000041,58.829695496000056],[14.420837619000054,58.79486107100007],[14.439816183000062,58.792519266000056],[14.470083466000062,58.78051808300006],[14.475887597000053,58.74006009200008],[14.471113093000042,58.72261794600007],[14.476974237000036,58.71421628100006],[14.503383703000054,58.71346264200008],[14.516744715000073,58.72303434100007],[14.526729260000025,58.72241521400008],[14.536731644000042,58.714760212000044],[14.54698531200006,58.716396959000065],[14.55435902000005,58.70469600700005],[14.536732463000021,58.680063604000054],[14.538599046000058,58.67632015600003],[14.57752898900003,58.68164922900007],[14.62465446400006,58.694932695000034],[14.622904662000053,58.73682794300004],[14.691086246000054,58.739677431000075],[14.694374569000047,58.721557500000074],[14.690608133000069,58.71210909000007],[14.699301123000055,58.69795557000003],[14.778936290000047,58.64599260500006],[14.67352093200003,58.509967955000036],[14.522268943000029,58.35743709400003],[14.416710245000047,58.18724050800006],[14.313500415000021,58.132225120000044],[14.223745650000069,58.13581258700003],[14.168535579000036,58.12876467500007],[14.149638524000068,58.13354484900003],[14.146524690000035,58.13853221000005],[14.130572426000072,58.14574800400004],[14.119764819000068,58.12247062500006],[14.121448887000042,58.09978116600007],[14.11776126500007,58.09107557200008],[14.110104359000047,58.08416472500005],[14.115713767000045,58.07730038300008],[14.106065343000068,58.06391448900007],[14.066417613000056,58.039671758000054],[14.066815907000034,58.02918799000008],[14.057912101000056,58.02345059600003],[13.993514962000063,58.00992718500004],[13.962468824000041,58.00767898300006],[13.95250203200004,58.02928838400004],[13.945122218000051,58.03427020200007],[13.918386346000034,58.04081595900004],[13.874481155000069,58.04675505400007],[13.861033969000061,58.04182340700004],[13.810446441000067,58.053820674000065],[13.792724081000074,58.04910938100005],[13.792402060000029,58.054167851000045],[13.788803954000059,58.05641138000004],[13.774952993000056,58.04870905000007],[13.768903531000035,58.04005438200005],[13.773091313000066,58.01633203600005],[13.771128447000024,58.01005262500007],[13.756557669000074,58.00771449400003],[13.75063540900004,57.99692685900004],[13.729007065000076,57.99429639900006],[13.722583159000067,57.99020767700006],[13.715225909000026,57.97756411100005],[13.699335016000077,57.97358671900008],[13.71319506900005,57.96229402500006],[13.728607917000033,57.93187700800007],[13.740742767000029,57.93917651100003],[13.760887641000068,57.93898776700007],[13.772431554000036,57.92619470500006],[13.785880588000055,57.92404111600007],[13.790379073000054,57.91098895600004],[13.789182047000054,57.90651606600005],[13.763001769000027,57.89468029500006],[13.764903294000021,57.87874179000005],[13.743294278000064,57.86554686300008],[13.733553874000052,57.84547056100007],[13.737439810000069,57.83973520300003],[13.738442761000044,57.820871870000076],[13.745525888000032,57.813036768000075],[13.74338503100006,57.797711562000075],[13.751976631000048,57.77337504500008],[13.742385537000075,57.758760934000065],[13.73407744900004,57.75355502600007],[13.715912685000035,57.73167144300004],[13.717447486000026,57.72412369400007],[13.727510976000076,57.718156788000044],[13.697309129000075,57.70514391200004],[13.721465299000045,57.69169606300005],[13.723969336000039,57.66541257500006],[13.706352261000063,57.63839453000003],[13.673155586000064,57.62473924500006],[13.667387396000038,57.612922696000055],[13.670184853000023,57.596589849000054],[13.677405362000059,57.59367006600007],[13.67632012000007,57.58433613800008],[13.686575976000029,57.57414310400003],[13.68805786200005,57.55820845900007],[13.666193406000048,57.536460601000044],[13.610399357000063,57.511326917000076],[13.584251361000042,57.47560380900006],[13.57031783900004,57.467766561000076],[13.532582122000065,57.43105444200006],[13.514314832000025,57.42606781300003],[13.506648469000027,57.41521658900007],[13.51584979100005,57.40938476300005],[13.51195632300005,57.39828611100006],[13.484143484000072,57.39260783000003],[13.477034681000077,57.38733354100003],[13.467318988000045,57.370474039000044],[13.445348673000069,57.37163226000007],[13.435927024000023,57.368248718000075],[13.431340668000075,57.35873295300007],[13.43581202200005,57.35264152900004],[13.434272115000056,57.349910039000065],[13.40220234700007,57.340518349000035],[13.387691871000072,57.34020925200008],[13.369638011000063,57.322399018000056],[13.283255533000045,57.30709105400007],[13.287847318000047,57.29144602700006],[13.285340520000034,57.27997931700003],[13.263138455000046,57.252840383000034],[13.234436472000027,57.25905570500004],[13.199343260000035,57.24742477500007],[13.190717174000042,57.23786235700004],[13.190333208000027,57.22434657800005],[13.152733463000061,57.181213478000075],[13.139288731000022,57.172415251000075],[13.117776270000036,57.150834434000046],[13.100760559000037,57.145515610000075],[13.093332801000031,57.15808588300007],[13.078118291000067,57.15661491000003],[13.058094378000021,57.14736237500006],[13.04351630800005,57.15410377900008],[13.024797256000056,57.15680626300008],[13.022459801000025,57.160254089000034],[13.023888360000058,57.16706533000007],[13.036736373000053,57.17637006500007],[13.034718697000073,57.17930993400006],[13.012699514000076,57.18095679000004],[12.997458019000021,57.17846930300004],[12.975713591000044,57.182252636000044],[12.938442675000033,57.17532136900007],[12.917314889000068,57.17823674700003],[12.913277231000052,57.18328597500005],[12.919241314000033,57.200536097000054],[12.919314221000036,57.22116459700004],[12.946540095000046,57.23535294100003],[12.951199594000059,57.24059071600004],[12.950802338000074,57.24499651000008],[12.933834994000051,57.25108177100003],[12.929441372000042,57.26341910300005],[12.911250503000076,57.268946835000065],[12.88320507800006,57.27066783400005],[12.860186781000039,57.26713944800008],[12.83785262400005,57.270822714000076],[12.809380615000066,57.300987097000075],[12.782732194000062,57.286133834000054],[12.776300137000021,57.27742331300004],[12.76387311600007,57.27380012000003],[12.749025688000074,57.28260897900003],[12.738001933000021,57.30078587300005],[12.708772957000065,57.31251586700006],[12.704050561000031,57.32276790000003],[12.69306490100007,57.330799815000034],[12.676678141000025,57.33160627500007],[12.660569965000036,57.34038572000003],[12.643058172000053,57.33092162500003],[12.629493767000042,57.33190745300004],[12.625073609000026,57.33411287800004],[12.621979851000049,57.34170996900008],[12.609999488000028,57.34522316300007],[12.593211195000038,57.34196744900004],[12.576881772000036,57.333280013000035],[12.562465304000057,57.32985241800003],[12.555976056000077,57.32215496300006],[12.538741813000058,57.318346629000075],[12.529403516000059,57.30297759700005],[12.507337278000023,57.283069702000034],[12.494019448000074,57.28569883200004],[12.47844212700005,57.27850398500004],[12.456450197000038,57.27797640000006],[12.448188370000025,57.27279001100004],[12.433809411000027,57.27022988400006],[12.42697386900005,57.28580892400004],[12.423130575000073,57.30672249500003],[12.430046795000067,57.31454550500007],[12.428930388000026,57.31884196400006],[12.414026431000025,57.32099511200005],[12.392480512000077,57.33387766200008],[12.391416311000057,57.34050469700003],[12.384802809000064,57.34482165400004],[12.39710926400005,57.38090447900004],[12.418433151000045,57.402136176000056],[12.407140920000074,57.41280527400005],[12.409615615000064,57.41954531300007],[12.401423283000042,57.435640781000075],[12.373839135000026,57.44851341300006],[12.339015036000035,57.451264396000056],[12.326064633000044,57.46047805900008],[12.325783740000077,57.46504211800004],[12.343792652000047,57.48765965800004],[12.318454192000047,57.51231713800007],[12.315247276000036,57.52234898800003],[12.325309100000027,57.54578948200003],[12.338144444000022,57.56154671500008],[12.277231007000069,57.59681307900007],[12.208064677000039,57.57327693000008],[12.17420147300004,57.56534476100006],[12.097830917000067,57.56074318700007],[12.091789561000041,57.558803674000046],[12.092653342000062,57.554145109000046],[12.076388712000039,57.55076084600006],[12.045703068000023,57.55108589800005],[12.013066089000063,57.54586640200006],[11.987872797000023,57.56443789300005],[11.922900754000068,57.562223016000075],[11.928839587000027,57.57274662300006],[11.927135373000056,57.58190267100008],[11.910349577000034,57.592911438000044],[11.914746759000025,57.59541808800003],[11.913958759000025,57.59958848200006],[11.920272510000075,57.60675478100006],[11.921452474000034,57.62271533100005],[11.910170643000072,57.62741499200007],[11.89682915800006,57.614438704000065],[11.885426872000039,57.614407791000076],[11.871994165000046,57.63236205900006],[11.854328461000023,57.645385730000044],[11.84907495300007,57.66518203700008],[11.860803989000033,57.677132974000074],[11.94491232100006,57.70301469200007],[11.952250670000069,57.71014946300005],[11.89681312600004,57.693550935000076],[11.86169598600003,57.68994320100006],[11.810263526000028,57.696733505000054],[11.794955185000049,57.69458449400008],[11.779140969000025,57.69718841100007],[11.76359337100007,57.69031523800004],[11.745169101000045,57.69584529000008],[11.737534108000034,57.69043185400005],[11.734789288000059,57.697902627000076],[11.719989536000071,57.701090746000034],[11.70909006100004,57.70842188200004],[11.712871373000041,57.72294438900008],[11.728108870000028,57.73713424600004],[11.749300039000047,57.745214082000075],[11.792625713000064,57.753633025000056],[11.79619802700006,57.759542743000054],[11.791217735000032,57.76522336200003],[11.791781624000066,57.76906600600006],[11.835160634000033,57.79420913900003],[11.777318250000064,57.795676384000046],[11.763382836000062,57.79071130800003],[11.733707066000022,57.78746928800007],[11.732886244000042,57.79166893100006],[11.741182579000053,57.801377924000064],[11.729560562000074,57.818284092000056],[11.689909717000035,57.83610203500007],[11.687613849000059,57.84240428600003],[11.695200316000069,57.85024616000004],[11.683863823000024,57.85257717800005],[11.711884318000045,57.88065997500007],[11.714228430000048,57.88648825700005],[11.711402170000042,57.89605195000007],[11.71595809200005,57.899185318000036],[11.768927825000048,57.90425499500003],[11.756163264000065,57.918841986000075],[11.780018551000069,57.921263070000066],[11.783432506000054,57.92563374100007],[11.76697318400005,57.93408410900008],[11.755359931000044,57.93358004500004],[11.752180467000073,57.93607637400004],[11.756026768000027,57.94364970300006],[11.766008770000042,57.94907719000008],[11.759723486000041,57.95428169000007],[11.757412549000037,57.963175671000045],[11.784049932000073,57.97835542300004],[11.795693025000048,57.980469447000075],[11.79514621900006,57.98864701100007],[11.811515732000032,57.99194499100008],[11.802262789000054,58.01507259700003],[11.817849403000025,58.02903615000008],[11.81889084200003,58.03950575400006],[11.813974955000049,58.047370853000075],[11.818118541000047,58.056531644000074],[11.813330594000035,58.06385517900003],[11.814398740000058,58.07700691700006],[11.805188514000065,58.084413977000054],[11.830907621000051,58.09400459600005],[11.829013100000054,58.10154744400006],[11.821758687000056,58.10280099900007],[11.819080924000048,58.10652502800008],[11.830543680000062,58.11045412700008],[11.845829575000039,58.12260806900008],[11.840488567000023,58.12816565000003],[11.841254459000027,58.141558460000056],[11.863798528000075,58.15891741000007],[11.856941289000076,58.17822337600006],[11.859565430000032,58.19431946100008],[11.869431556000052,58.20160354500007],[11.892980659000045,58.20345132400007],[11.911747074000061,58.22431852100004],[11.905357105000064,58.22579114100006],[11.886359382000023,58.21901400400003],[11.877233142000023,58.22251389400003],[11.860642077000023,58.24962825700004],[11.843300673000044,58.26182117400003],[11.840355371000044,58.27463873000005],[11.819194955000057,58.28967295700005],[11.81864519000004,58.310617860000036],[11.848086479000074,58.323168069000076],[11.870709839000028,58.32497368400004],[11.899094970000021,58.33209707600008],[11.90573269400005,58.33985334000005],[11.902850414000056,58.34755314000006],[11.875426665000077,58.34293936200004],[11.84632195100005,58.32905393200008],[11.809378189000029,58.323536715000046],[11.757057693000036,58.33816114000007],[11.737427506000074,58.34027631400005],[11.708799537000061,58.33833583900008],[11.705950533000077,58.33647119500006],[11.707703834000029,58.33305013000006],[11.725041819000069,58.32626155300005],[11.729845346000047,58.31245637200004],[11.67737919800004,58.30787600500008],[11.665633969000055,58.28826281100004],[11.640273231000037,58.26309503500005],[11.623823433000041,58.259160578000035],[11.60470587900005,58.24838711000007],[11.596483652000074,58.25814006400003],[11.561901206000073,58.25987298400008],[11.55945332300007,58.257308514000044],[11.570659556000066,58.24929284800004],[11.557763105000049,58.23731451000003],[11.531163191000076,58.24033159900006],[11.50448381800004,58.248440525000035],[11.511128471000063,58.274633906000076],[11.522889374000044,58.28326529700007],[11.538169457000038,58.307168413000056],[11.572941056000047,58.33153144700003],[11.597202438000068,58.35797069000006],[11.628638850000073,58.381893697000066],[11.655556293000075,58.384626397000034],[11.652049893000026,58.39071071800004],[11.632567253000047,58.39517997400003],[11.63156465000003,58.399909996000076],[11.649419500000022,58.41447736100008],[11.67737919800004,58.42634112600007],[11.69879477400002,58.42823100800007],[11.702034500000025,58.43202936200004],[11.700681487000054,58.43589344800006],[11.687273993000076,58.435841451000044],[11.684042497000064,58.44178530200003],[11.657023887000037,58.42651551500006],[11.646279948000029,58.423770070000046],[11.62164195400004,58.40214579000008],[11.601659507000022,58.413853119000066],[11.60574435600006,58.42335838200006],[11.596446591000074,58.42456339300003],[11.589197332000026,58.43550978700006],[11.584926377000045,58.44655193800003],[11.588143538000054,58.45142631200008],[11.58374677200004,58.45896659400006],[11.585246761000064,58.466152400000055],[11.57504102400003,58.47812457300006],[11.573551875000021,58.470301394000046],[11.582216821000031,58.419815036000045],[11.562853472000029,58.383771556000056],[11.570322881000038,58.36757127700008],[11.568861631000061,58.356131290000064],[11.546656301000041,58.33918751600004],[11.52019815500006,58.30936788200006],[11.493458368000063,58.29959117000004],[11.482638712000039,58.28506284500003],[11.464945130000046,58.27798881700005],[11.432953028000043,58.27019721900007],[11.420760925000025,58.27274039500003],[11.451365086000067,58.307406581000066],[11.424161561000062,58.306198721000044],[11.411863292000021,58.310641684000075],[11.406438474000026,58.31457134500005],[11.403059711000026,58.32679694800004],[11.408151088000068,58.34388208200005],[11.417924627000048,58.35132015800008],[11.428424019000033,58.35291113200003],[11.451591765000046,58.34507525300006],[11.46009226800004,58.34599674700007],[11.450827608000054,58.358209643000066],[11.447206867000034,58.368909848000044],[11.451126311000053,58.39055194200006],[11.437288151000075,58.38658079800007],[11.418828198000028,58.36624757700008],[11.396450698000024,58.34903337800006],[11.369642742000053,58.34386505000003],[11.363159126000028,58.35110849600005],[11.371624590000067,58.36216982000008],[11.387658743000031,58.36923494400003],[11.393084698000052,58.38388739000004],[11.455970918000048,58.449808476000044],[11.456990921000056,58.458860161000075],[11.424711036000076,58.42556830400008],[11.410912815000074,58.41755376300006],[11.40563713000006,58.40863766600006],[11.369262465000077,58.37894903900008],[11.360335914000075,58.375041897000074],[11.361703971000054,58.36706612100005],[11.359240102000058,58.36376757700003],[11.335682168000062,58.36237304700006],[11.325776632000043,58.36945537100007],[11.323302934000026,58.36423616400003],[11.319625366000025,58.363641897000036],[11.318952953000064,58.38326571600004],[11.315352467000025,58.38625130400004],[11.309765898000023,58.37833002100007],[11.29382094500005,58.36960187600005],[11.288975354000058,58.36170705300003],[11.265739863000022,58.353302807000034],[11.248026521000043,58.356978893000075],[11.246496748000027,58.37010811700003],[11.258926390000056,58.38245679600004],[11.24561641400004,58.38800536800005],[11.241133120000029,58.39334496500004],[11.231225423000069,58.390587691000064],[11.224094019000063,58.395174085000065],[11.231911437000065,58.40028914800007],[11.242046358000039,58.39928355900008],[11.238779959000055,58.40645834400004],[11.222613101000036,58.41189802300005],[11.225461581000047,58.41916413800004],[11.238229516000047,58.42914928000005],[11.235957643000063,58.43929722100006],[11.257836862000033,58.44446673500005],[11.265598109000052,58.44034159300003],[11.27234895600003,58.43174305100007],[11.281378343000029,58.434002158000055],[11.290167522000047,58.42682486100006],[11.29694418400004,58.45197851200004],[11.294214800000077,58.459637085000054],[11.30760996500004,58.46438214500006],[11.31581028000005,58.460605127000065],[11.323810542000047,58.46162620200005],[11.324470480000059,58.46443388900008],[11.316483773000073,58.469721081000046],[11.316842919000067,58.47428650900008],[11.359940702000074,58.48873510700008],[11.315406276000033,58.48326435800004],[11.309897908000039,58.48596327400003],[11.304845704000059,58.49410111600008],[11.298229413000058,58.488685144000044],[11.292154862000075,58.48878000800005],[11.285063593000075,58.495724832000064],[11.280219884000076,58.50892782500006],[11.264641427000072,58.51980382700003],[11.261310426000023,58.528728184000045],[11.246453152000072,58.53833323200007],[11.24247715000007,58.54550020900007],[11.24357825800007,58.554226061000065],[11.250737049000065,58.55930260800005],[11.258499748000077,58.56018185800008],[11.261413183000059,58.567455145000054],[11.286674552000022,58.56898707000005],[11.287354180000023,58.57389034700003],[11.293762193000077,58.57173511500008],[11.306191248000061,58.57888718300006],[11.301412386000038,58.583210276000045],[11.28045813500006,58.58855026300006],[11.280414230000076,58.60757948300005],[11.277166092000073,58.614836585000035],[11.271477611000023,58.610279630000036],[11.264961354000036,58.61194556500004],[11.264804295000033,58.62089982400005],[11.271833322000077,58.62946545800003],[11.276977986000077,58.644358718000035],[11.26603848600007,58.65811714800003],[11.256016216000035,58.679734765000035],[11.230600244000073,58.68321491800003],[11.221427551000033,58.69395744000008],[11.213176069000042,58.71080649700008],[11.18841723600002,58.71514356000006],[11.179051096000023,58.720184162000066],[11.174546865000025,58.73146576900007],[11.17611432800004,58.74634919600004],[11.168000653000036,58.748329314000046],[11.166610900000023,58.75187654000007],[11.166767719000063,58.76134941100008],[11.169626282000024,58.76448536800007],[11.180284555000071,58.758237171000076],[11.189673243000072,58.76265433900005],[11.199917929000037,58.752989455000034],[11.20787544600006,58.75410585900005],[11.20742333800007,58.76025432100005],[11.193294287000072,58.77942359200006],[11.20237095300007,58.78388363500005],[11.215869182000063,58.78187826700008],[11.219042111000022,58.79067913700004],[11.21781527500002,58.805899072000045],[11.206793640000058,58.82310053100008],[11.211737967000033,58.82752136800008],[11.223291748000065,58.828083786000036],[11.232314833000032,58.811841781000055],[11.239114533000077,58.81044523200006],[11.241016691000027,58.817071405000036],[11.232380994000039,58.83011239600006],[11.238773270000024,58.83488445900008],[11.23907209500004,58.839009099000066],[11.233012212000062,58.83904453700006],[11.230181217000052,58.84873724100004],[11.220278450000023,58.85002893200004],[11.216721507000045,58.85719989800003],[11.203551023000045,58.863848086000075],[11.197760322000022,58.87131855100006],[11.193394739000041,58.88283045400004],[11.198121239000045,58.896593246000066],[11.193172813000047,58.90669221600007],[11.187908648000075,58.91007447900006],[11.189886035000029,58.902099640000074],[11.187155277000045,58.89832743900007],[11.17595667300003,58.903775163000034],[11.173803046000046,58.902166934000036],[11.187275500000055,58.87988811000008],[11.190068870000061,58.861982520000026],[11.194563887000072,58.85750750200003],[11.205148053000073,58.854972564000036],[11.213248212000053,58.84301949500008],[11.194509999000047,58.83060458300008],[11.179062987000066,58.830665897000074],[11.161909090000051,58.836436983000056],[11.152598736000073,58.82981649100003],[11.147310496000046,58.83139397400004],[11.148951689000057,58.84943718300008],[11.167201727000077,58.85723986100004],[11.172098907000077,58.864660935000074],[11.146455952000053,58.87036680400007],[11.126626163000026,58.86721498700007],[11.123015354000074,58.86944839800003],[11.121403436000037,58.876373415000046],[11.138625538000042,58.87940669300008],[11.142697321000071,58.89227385700008],[11.163858469000047,58.890269405000026],[11.157136193000042,58.895874880000065],[11.126352907000069,58.90526644000005],[11.118376411000042,58.91919412100003],[11.127553974000023,58.92330448600006],[11.151113468000062,58.923473469000044],[11.155334313000026,58.909921369000074],[11.166567477000058,58.91920925000005],[11.191339797000069,58.91932916300004],[11.175889983000047,58.92538859500007],[11.16700380900005,58.94172909500003],[11.148568117000025,58.94308097700008],[11.12831725500007,58.95462859700007],[11.122846338000045,58.96135793900004],[11.125578836000045,58.970859070000074],[11.163536161000025,58.99434141000006],[11.123311856000043,58.99631119000003],[11.118557423000027,59.002402103000065],[11.135808334000046,59.03212554900006],[11.166576768000027,59.053818688000035],[11.185616727000024,59.07359704000004],[11.251624481000022,59.09402211100007],[11.291061912000032,59.09845461700007],[11.327082917000041,59.111570132000054],[11.340326402000073,59.11032421500005],[11.350933982000072,59.10003659400007],[11.367943363000052,59.091650653000045],[11.37548478900004,59.07022372000006],[11.388918649000061,59.06598822500007],[11.40959730000003,59.03284264100006],[11.42758550600007,59.02435786700005],[11.442458545000022,59.007973665000065],[11.449808245000042,58.99480628400005],[11.44762745600002,58.99214873900007],[11.460796337000033,58.98863787500005],[11.45582818500003,58.984594446000074],[11.461628499000028,58.97155495900006],[11.460122005000073,58.95255373400005],[11.462916568000026,58.934878593000064],[11.456622578000065,58.91512634700007],[11.457448256000077,58.88843543200005],[11.481838780000032,58.89114566500007],[11.496685460000037,58.88946105800005],[11.531526115000077,58.87788762900004],[11.536318104000031,58.879012069000055],[11.539025454000068,58.886593693000066],[11.552758184000027,58.89756750300006],[11.571457429000077,58.88943047100008],[11.578589613000076,58.89576886000003],[11.593579696000063,58.89230218500006],[11.63051366600007,58.90763098300005],[11.652004712000064,58.906232611000064],[11.659888723000051,58.93219182900003],[11.674493588000075,58.93538018000004],[11.674677701000064,58.94222007700006],[11.68837250100006,58.95685307700006],[11.685657052000067,58.974495629000046],[11.692666281000072,58.98064981300007],[11.684576165000067,58.98895872600008],[11.699029033000045,59.00224048300004],[11.71050964400007,59.03367997200007],[11.73753823800007,59.05219017500008],[11.750448318000053,59.06858349400005],[11.77605919900003,59.08866968400008],[11.779542904000039,59.099407823000035],[11.764500930000054,59.11565378600005],[11.777385527000035,59.13619900900005],[11.775126122000074,59.172007714000074],[11.785208695000051,59.20967246200007],[11.801706224000043,59.22581583400006],[11.826196492000065,59.23785005600007],[11.903225164000048,59.22323255200007],[11.921861806000038,59.22454242100008],[11.943107999000063,59.234864462000075],[11.949183374000029,59.24796575500005],[12.010624718000031,59.21298976200006],[12.028173225000046,59.21248224800007],[12.033978697000066,59.20019434400007],[12.054342880000036,59.18809493900005],[12.083380870000042,59.17744520800005],[12.10569232000006,59.195089136000036],[12.095836275000067,59.19956529800004],[12.091028837000067,59.20967246200007],[12.091004810000072,59.21946701000007],[12.084090811000067,59.22925408700007],[12.08227929000003,59.25686411300006],[12.124162590000026,59.25046637400004],[12.138287985000034,59.252378314000055],[12.18551603800006,59.24990771300003],[12.208356828000035,59.25337712500004],[12.210667880000074,59.259350331000064],[12.216351105000058,59.26271808300004]],[[13.639476440000067,57.59857094500006],[13.637892176000037,57.59546969200005],[13.649862318000032,57.594115688000045],[13.659568264000029,57.60809290700007],[13.648671794000052,57.60761058400004],[13.639476440000067,57.59857094500006]]],[[[11.797761251000054,58.25719933100004],[11.809997644000077,58.25367113300007],[11.831765955000037,58.23815361000004],[11.838410711000051,58.22291253600008],[11.845999277000033,58.170769678000056],[11.843969550000054,58.15806697900007],[11.821592555000052,58.12547333300006],[11.808225837000066,58.12560903900004],[11.792444712000076,58.13084801900004],[11.778275309000037,58.129211154000075],[11.757790445000069,58.115974419000054],[11.737577368000075,58.11124750700003],[11.722556343000065,58.09598805100006],[11.713697653000054,58.091893062000054],[11.705084854000063,58.09547919400006],[11.691981566000038,58.109194142000035],[11.67737919800004,58.10977475300007],[11.669716460000075,58.11531724800005],[11.640192760000048,58.10445589700004],[11.63943075700007,58.112089694000076],[11.64370111900007,58.12316990200003],[11.61381874500006,58.130647870000075],[11.57529874200003,58.11240130500005],[11.568503949000046,58.09988228800006],[11.581598629000041,58.097653078000064],[11.582022479000045,58.09172774700005],[11.57870816600007,58.088096790000066],[11.541925758000048,58.08918294500006],[11.498867786000062,58.10550020000005],[11.486828657000046,58.07662288900008],[11.474708564000025,58.07068609100003],[11.466127550000067,58.06186119400007],[11.458266603000027,58.06228631300007],[11.45394636900005,58.06810187800005],[11.466831066000054,58.077970367000034],[11.469065410000042,58.088610739000046],[11.476672371000063,58.09759618100003],[11.462178885000071,58.114543121000054],[11.430609232000052,58.12332375400007],[11.413575790000039,58.13732526100006],[11.411429050000038,58.144207315000074],[11.417213035000032,58.15620077700004],[11.415223498000046,58.17055494500005],[11.433806692000076,58.177416710000045],[11.454535072000056,58.17540236900004],[11.463640058000067,58.17938767000004],[11.486037346000046,58.22329407500007],[11.509381580000024,58.23489710800004],[11.541239719000032,58.234089303000076],[11.542149313000039,58.23008942400003],[11.537360716000023,58.22325934000003],[11.539014537000071,58.21896347400008],[11.51764958800004,58.214042058000075],[11.506848839000043,58.20800610800006],[11.490390217000026,58.20607577200008],[11.486874648000025,58.202569949000065],[11.487506990000043,58.19852981100007],[11.503280529000051,58.20340912300003],[11.536020679000046,58.20318434100005],[11.563728325000056,58.22080032000008],[11.622516234000045,58.24762193200007],[11.671363964000022,58.24425266800006],[11.67737919800004,58.24667152600006],[11.684776838000062,58.26876894000003],[11.684112718000051,58.28158135400008],[11.691785778000053,58.29753099200008],[11.704545276000033,58.301523108000026],[11.735071208000022,58.30106128800003],[11.748345323000024,58.297763908000036],[11.76181414000007,58.28445026600008],[11.768262256000071,58.265704965000054],[11.797761251000054,58.25719933100004]]],[[[11.702061556000046,58.08262907300008],[11.69963653900004,58.06851618200005],[11.727001869000048,58.07231127700004],[11.746147273000076,58.071099014000026],[11.768548681000027,58.05940475800003],[11.766536315000053,58.04776745000004],[11.761622674000023,58.04568530200004],[11.761728922000032,58.02210979000006],[11.749942329000021,58.00385008400008],[11.731224862000033,57.994485403000056],[11.720134512000072,57.99452519700003],[11.71628860100003,57.99918917200006],[11.722482785000068,58.00630165300004],[11.722495213000059,58.01244039100004],[11.710970063000048,58.01844705800005],[11.688532087000056,58.00376024000008],[11.692385462000061,57.98994016300003],[11.680691290000027,57.97915025400005],[11.67924238200004,57.96849494200006],[11.664237316000026,57.96274810800003],[11.635086719000071,57.960154888000034],[11.619492721000029,57.94335592200008],[11.59010868200005,57.93364460000004],[11.579650548000075,57.935515818000056],[11.564122076000046,57.94612648900005],[11.557407196000042,57.956610659000035],[11.540349692000063,57.96058191100008],[11.534314684000037,57.97490602200003],[11.540172300000052,57.98517422600003],[11.542060105000076,58.00207171900007],[11.57565442300006,58.00407861600007],[11.578356927000073,58.00958497800008],[11.565444229000036,58.01749264500006],[11.541320767000059,58.01340988800007],[11.522455457000035,58.01534406300004],[11.505606457000056,58.04180185400003],[11.51373254200007,58.04564187100004],[11.511345568000024,58.04919711000008],[11.513487504000068,58.051556868000034],[11.552854340000067,58.06205925900008],[11.562709066000025,58.06040365600006],[11.57241102100005,58.053936115000056],[11.619040358000063,58.05439852900008],[11.635316825000075,58.06022258300004],[11.654856591000055,58.060369252000044],[11.655383789000041,58.06305279500003],[11.648150302000033,58.06917715600008],[11.649370075000036,58.07631470200005],[11.665859308000051,58.08379197900007],[11.67451425300004,58.09251913700007],[11.691278891000024,58.09332183300006],[11.699489337000045,58.090507513000034],[11.702061556000046,58.08262907300008]]],[[[11.469076203000043,58.20961353800004],[11.448831084000062,58.20138791200003],[11.428993111000068,58.20159869100007],[11.425187791000042,58.19330499800003],[11.408712862000073,58.19750490300004],[11.411565696000025,58.21111369300007],[11.43528771800004,58.245644155000036],[11.461212277000072,58.24734290200007],[11.485462270000028,58.263523012000064],[11.50076260700007,58.25913183200004],[11.490417424000043,58.24234672800003],[11.478924010000071,58.232675795000034],[11.469076203000043,58.20961353800004]]],[[[11.624682175000032,57.89656409500003],[11.636406630000067,57.881577992000075],[11.624101066000037,57.86899025100007],[11.595685020000076,57.85199776600007],[11.583146405000036,57.861038860000065],[11.564581574000044,57.86505278100003],[11.557436105000022,57.872411310000075],[11.598422031000041,57.88187017900003],[11.593230989000062,57.887687836000055],[11.574747376000062,57.88452850300007],[11.56793428800006,57.88702602500007],[11.589680410000028,57.90081433800003],[11.621372629000064,57.90020048800005],[11.624682175000032,57.89656409500003]]],[[[11.020399110000028,58.89880191000003],[11.018344438000042,58.89483524900004],[11.03741670900007,58.89866185400007],[11.052896296000029,58.89478076100005],[11.043970238000043,58.88524083800007],[11.060852116000035,58.87023680000004],[11.048213045000068,58.862801313000034],[11.030080750000025,58.86611034600003],[11.028505703000064,58.87144300400007],[11.010774987000048,58.87600261700004],[10.999728510000068,58.886384613000075],[10.989419947000044,58.88147929400003],[10.983478013000024,58.888631719000045],[10.99659652500003,58.89603866400006],[10.98612801400003,58.906999073000065],[10.991028061000065,58.91347897800006],[11.016989156000022,58.90683364000006],[11.020399110000028,58.89880191000003]]],[[[11.655212603000052,57.70169072900006],[11.665321310000024,57.69713462400006],[11.672587845000066,57.683138402000054],[11.66622356800002,57.67946079600006],[11.643177862000073,57.68078595600008],[11.635712487000035,57.68435043200003],[11.62888922600007,57.69281104700008],[11.607944229000054,57.69155250000006],[11.616226035000068,57.70187068900003],[11.638293669000063,57.701655465000044],[11.628977874000043,57.71614558700003],[11.630493418000071,57.726086930000065],[11.634334677000027,57.72821977800004],[11.656180268000071,57.71856429400003],[11.662401824000028,57.70950030400007],[11.655212603000052,57.70169072900006]]],[[[11.50963011600004,58.05972729700005],[11.503502580000031,58.056062448000034],[11.501297069000032,58.057600155000046],[11.50426161200005,58.061718004000056],[11.497576330000072,58.066699432000064],[11.495424959000047,58.08361536100006],[11.501822710000056,58.09687431800006],[11.50645599400002,58.09964566600007],[11.545860145000063,58.08048941800007],[11.532841402000031,58.06393897800007],[11.50963011600004,58.05972729700005]]],[[[11.391074708000076,58.147983245000034],[11.368669342000032,58.13908355600006],[11.348374111000055,58.14042359300004],[11.360905882000054,58.154145474000075],[11.37292945400003,58.16025743500006],[11.387927966000063,58.18172967300006],[11.402188660000036,58.18354577000008],[11.402071774000035,58.17551375700003],[11.389070789000073,58.15745080900007],[11.391074708000076,58.147983245000034]]],[[[11.685142977000055,57.75807995200006],[11.692169558000046,57.742344898000056],[11.700263583000037,57.74329256200008],[11.702673778000076,57.74026656800004],[11.687465662000022,57.72743434700004],[11.69072922600003,57.71679050600005],[11.686948530000052,57.71154244000007],[11.673134207000032,57.723784875000035],[11.671982107000076,57.73331101000008],[11.667123296000057,57.737953977000075],[11.673674248000054,57.747144708000064],[11.671730326000045,57.75276545400004],[11.685142977000055,57.75807995200006]]],[[[11.339468139000076,58.35762247100007],[11.342922114000032,58.345399427000075],[11.349193014000036,58.34797979400008],[11.349766085000056,58.34587225000007],[11.342216983000071,58.34158153200008],[11.339053705000026,58.33310820500003],[11.324827363000054,58.32035273300005],[11.318352767000022,58.32718507900006],[11.319066957000075,58.33625867000006],[11.312594400000023,58.34168912500007],[11.31662990700005,58.349637374000054],[11.312880162000056,58.35213344300007],[11.321755547000066,58.35797128100006],[11.339468139000076,58.35762247100007]]],[[[11.793622362000065,57.61604891400003],[11.795463702000063,57.614138128000036],[11.783197733000065,57.59979338900007],[11.764900941000064,57.60150451900006],[11.757626947000063,57.595092703000034],[11.748194908000073,57.59732772400008],[11.75356079200003,57.60388674600006],[11.766882828000064,57.60820342800008],[11.75738711200006,57.61425023800007],[11.767604259000052,57.620568210000044],[11.790331150000043,57.61946425500008],[11.793622362000065,57.61604891400003]]],[[[11.182501867000042,58.793045103000054],[11.16881801900007,58.79629528000004],[11.164663263000023,58.80234307900008],[11.185574786000075,58.81944751900005],[11.200231849000033,58.81497010900006],[11.202582193000069,58.80988991900006],[11.198370564000072,58.80308570700004],[11.193804655000065,58.80275723800003],[11.182501867000042,58.793045103000054]]],[[[11.157339984000032,58.77158166300006],[11.161252926000031,58.76950322700003],[11.159227017000035,58.76240395500008],[11.14364574800004,58.767232930000034],[11.131795735000026,58.76624192600008],[11.140693131000035,58.79458796200004],[11.162126561000036,58.79332095400008],[11.155203823000022,58.784734651000065],[11.147879975000023,58.78219291800008],[11.157339984000032,58.77158166300006]]],[[[11.78896207300005,58.09910284000006],[11.792226246000041,58.09437170000007],[11.768440400000031,58.08258269500004],[11.76288519600007,58.08648884300004],[11.754614312000058,58.100626730000045],[11.757873085000028,58.10699249500004],[11.77390673900004,58.10639429300005],[11.78896207300005,58.09910284000006]]],[[[11.247140295000065,58.66649120000005],[11.25217605000006,58.664476636000074],[11.251515372000028,58.66033741000007],[11.244440505000057,58.66180990600003],[11.243789217000028,58.65736275100005],[11.229765868000072,58.64495821000003],[11.210391042000026,58.65167116500004],[11.217937432000042,58.66210616700005],[11.236998682000035,58.67054837200004],[11.247140295000065,58.66649120000005]]],[[[11.503279269000075,58.03382518600006],[11.511733762000063,58.02218780700008],[11.508867983000073,58.00609607800004],[11.505697953000038,58.00676893100007],[11.504455994000068,58.014315476000036],[11.496787544000028,58.017421425000066],[11.489788118000035,58.01516849200004],[11.481356680000033,58.00305313900003],[11.477291619000027,58.00439052300004],[11.475814539000055,58.008460693000075],[11.481356680000033,58.01895722200004],[11.487008669000033,58.022443433000035],[11.488649922000036,58.02910366400005],[11.503279269000075,58.03382518600006]]],[[[11.789358205000042,57.64262933300006],[11.781382171000075,57.63191054300006],[11.769089231000066,57.634217652000075],[11.76322854700004,57.640171819000045],[11.756556860000046,57.64014999400007],[11.758800201000042,57.64874299400003],[11.768291780000027,57.65074089500007],[11.77453173200007,57.65620417900004],[11.783264760000066,57.65296409800004],[11.789358205000042,57.64262933300006]]],[[[11.65609159500002,57.89231178700004],[11.646337173000063,57.88413777300008],[11.637703740000063,57.88834991300007],[11.629128901000058,57.89975523900006],[11.637971096000058,57.90617677400007],[11.661228256000072,57.903709364000065],[11.662206299000047,57.89743578800005],[11.65609159500002,57.89231178700004]]],[[[11.584357347000036,58.36362937900003],[11.57757399600007,58.372719880000034],[11.581865984000046,58.392207357000075],[11.59413014200004,58.39484762600006],[11.59445309800003,58.38185316600004],[11.589354365000077,58.36675368900006],[11.584357347000036,58.36362937900003]]],[[[11.619471403000034,57.77243017100005],[11.603402053000025,57.77026295600007],[11.598965158000055,57.774309247000076],[11.596042822000072,57.78342959200006],[11.599936882000065,57.79084421200008],[11.60451824100005,57.79251589200004],[11.624486631000025,57.77310655700006],[11.619471403000034,57.77243017100005]]],[[[11.625268493000021,57.934305290000054],[11.649017151000066,57.93306618200006],[11.640197944000022,57.924529678000056],[11.625222370000074,57.92914207900003],[11.605658930000061,57.922995806000074],[11.595508163000034,57.92854127000004],[11.614066084000058,57.93488978600004],[11.625268493000021,57.934305290000054]]],[[[11.387779451000029,58.24479731800005],[11.390479945000038,58.241201328000045],[11.406183044000045,58.23920399600007],[11.415794720000065,58.24125359900006],[11.41320332600003,58.23507385600004],[11.405979950000074,58.22990129000004],[11.402888229000041,58.22981398300004],[11.398157196000057,58.23671031500004],[11.394231880000063,58.22976188300004],[11.385982138000031,58.230838075000065],[11.384316678000062,58.22715214300007],[11.380785282000033,58.22734951700005],[11.379705129000058,58.23033796300007],[11.384542487000033,58.23789908900005],[11.37916408500007,58.237789692000035],[11.377558375000035,58.24112440600004],[11.386432264000064,58.246591238000065],[11.387779451000029,58.24479731800005]]],[[[11.228781742000024,58.35477584800003],[11.220433892000074,58.35044509900007],[11.208775372000048,58.35937065200005],[11.218800944000066,58.362103184000034],[11.228781742000024,58.37532889400006],[11.239524964000054,58.36323620200005],[11.228781742000024,58.35477584800003]]],[[[11.75442625100004,58.08821623100005],[11.745353769000076,58.08088382600005],[11.730515404000073,58.08792225600007],[11.730131121000056,58.09491043200006],[11.748550830000056,58.10171812500005],[11.755846423000037,58.09358197100005],[11.75442625100004,58.08821623100005]]],[[[11.778253986000038,57.58647218600004],[11.790707497000028,57.586944938000045],[11.790888180000024,57.56398255800008],[11.779376806000073,57.56467978900008],[11.773383611000042,57.57829640300008],[11.778253986000038,57.58647218600004]]],[[[11.813865103000069,57.59325044600007],[11.803654446000053,57.59226516700005],[11.78841088200005,57.59599670300008],[11.799298197000041,57.60682926800007],[11.809721194000076,57.610548495000046],[11.816007243000058,57.60920888000004],[11.81092293100005,57.60326357200006],[11.815590052000061,57.595891505000054],[11.813865103000069,57.59325044600007]]],[[[11.262705784000048,58.59878872500008],[11.254805711000074,58.59388084500006],[11.238872293000043,58.59175044300008],[11.232052552000027,58.59691088000005],[11.242721596000024,58.60319281900007],[11.243579048000072,58.60826455900008],[11.247140295000065,58.60955045800006],[11.262705784000048,58.59878872500008]]],[[[11.099625202000027,58.96886639100006],[11.107082813000034,58.96611630000007],[11.11923777100003,58.942244652000056],[11.11006019100006,58.944710874000066],[11.092050321000045,58.965902637000056],[11.099625202000027,58.96886639100006]]],[[[11.248844906000045,58.62489725000006],[11.22554288200007,58.63036634500003],[11.232829641000023,58.636241022000036],[11.25272061000004,58.638627789000054],[11.25515694400002,58.63371845000006],[11.248844906000045,58.62489725000006]]],[[[11.808791013000075,58.064673061000065],[11.801632733000076,58.05594444700006],[11.789755761000038,58.061508726000056],[11.791963850000059,58.067592252000054],[11.79900496700003,58.07014065300007],[11.795284762000051,58.074061708000045],[11.796870547000026,58.07608562900003],[11.811332701000026,58.074403621000044],[11.808791013000075,58.064673061000065]]],[[[11.63589926700007,57.74648791000004],[11.649242356000059,57.744115486000055],[11.661217339000075,57.73191327900008],[11.65306242400004,57.726752101000045],[11.642418844000076,57.737998693000065],[11.638298108000072,57.73611849500003],[11.627942188000077,57.74171607400007],[11.63589926700007,57.74648791000004]]],[[[11.80167513400005,57.66224895700003],[11.802760250000063,57.65346360800004],[11.807751730000064,57.64971023800007],[11.808049173000029,57.645642242000065],[11.802015049000033,57.64124383500007],[11.78771226300006,57.65217286400008],[11.786202157000048,57.658884356000044],[11.79641001300007,57.65750088800007],[11.80167513400005,57.66224895700003]]],[[[11.366678406000062,58.30864717900005],[11.374840303000042,58.30374292800008],[11.38390068700005,58.30420955400007],[11.388845005000064,58.299939875000064],[11.389178694000066,58.29289104500003],[11.382894211000064,58.29093506600003],[11.359579083000028,58.304881987000044],[11.363769666000053,58.31039495700003],[11.366678406000062,58.30864717900005]]],[[[11.738775364000048,57.937139012000046],[11.733779558000037,57.93459604100008],[11.719353867000052,57.937717242000076],[11.713528242000052,57.94931124800007],[11.735020004000035,57.94589267300006],[11.738903340000036,57.942298676000064],[11.738775364000048,57.937139012000046]]],[[[11.210008997000045,58.66530589200005],[11.203717105000067,58.66304553500004],[11.199709006000035,58.66583166200007],[11.202797490000023,58.679336154000055],[11.210732091000068,58.680398593000064],[11.217108276000033,58.67569921900008],[11.218314603000067,58.671028654000054],[11.210008997000045,58.66530589200005]]],[[[11.67737919800004,57.91557715300007],[11.671636011000032,57.91803172400006],[11.67737919800004,57.92331597400005],[11.702204319000032,57.928589919000046],[11.70707449300005,57.926462367000056],[11.691123941000058,57.91754503700008],[11.67737919800004,57.91557715300007]]],[[[11.256046432000062,58.57297407700008],[11.247681577000037,58.574298154000076],[11.25640450800006,58.58362961000006],[11.254641057000072,58.58813295900006],[11.26953467100003,58.58575139800007],[11.265530435000073,58.58237972300003],[11.265579186000025,58.57448735200006],[11.256046432000062,58.57297407700008]]],[[[11.668525962000047,58.26963966900007],[11.670082389000072,58.264708763000044],[11.662666117000072,58.260850891000075],[11.652176986000029,58.26690373400004],[11.655218799000068,58.274324189000026],[11.66494326700007,58.27607193400007],[11.669688774000065,58.27462911600003],[11.668525962000047,58.26963966900007]]],[[[11.75516532100005,57.64868274500003],[11.753693473000055,57.640804693000064],[11.739376196000023,57.64192161400007],[11.733553739000058,57.639096590000065],[11.72815240600005,57.64694146700003],[11.741129470000033,57.64638408700006],[11.751584395000066,57.65117487200007],[11.75516532100005,57.64868274500003]]],[[[11.244341054000074,58.53262983700006],[11.24550470500003,58.52784869100003],[11.241931425000075,58.525127127000076],[11.239784992000068,58.52960252500003],[11.233821922000061,58.52636404800006],[11.224319669000067,58.532963503000076],[11.237021212000059,58.54051207700007],[11.244341054000074,58.53262983700006]]],[[[11.78985979600003,58.29231923400005],[11.785501511000064,58.285600412000065],[11.777777846000049,58.28603534900003],[11.76969568900006,58.29293236900003],[11.786520845000041,58.29780624300008],[11.792197784000052,58.29592352600008],[11.78985979600003,58.29231923400005]]],[[[11.36094513300003,58.12049279200005],[11.353512452000075,58.10882848300008],[11.346021097000062,58.11094895000008],[11.352847565000047,58.12261162400006],[11.351567808000027,58.12915306000008],[11.355617301000052,58.13035864200003],[11.36094513300003,58.12049279200005]]],[[[11.810959613000023,57.62648443300003],[11.80375802900005,57.62199559800007],[11.793545934000065,57.63065756100008],[11.806431433000057,57.63600961800006],[11.812765625000054,57.63205405800005],[11.810959613000023,57.62648443300003]]],[[[11.618458493000048,58.08949141800008],[11.61031074400006,58.084103104000064],[11.605645297000024,58.08529151300007],[11.603221491000056,58.09374179800005],[11.619142105000037,58.09855910200008],[11.618458493000048,58.08949141800008]]],[[[11.616596806000075,57.75215436700006],[11.612245464000068,57.75131388500006],[11.610735262000048,57.75562246000004],[11.600295897000024,57.76122938200007],[11.611668525000027,57.76691416500006],[11.617242412000053,57.76618575300006],[11.616596806000075,57.75215436700006]]],[[[11.690312095000024,57.866907824000066],[11.67737919800004,57.85972807300004],[11.668451079000022,57.86240919800008],[11.688329268000075,57.87440495800007],[11.693433843000037,57.87422913700004],[11.690312095000024,57.866907824000066]]],[[[11.219255324000073,58.59364158600005],[11.226064139000073,58.59293141100005],[11.225606859000038,58.57747671900006],[11.210477280000077,58.58968278200007],[11.219255324000073,58.59364158600005]]],[[[11.759691436000026,57.62430219100003],[11.760209882000026,57.62170475600004],[11.751753123000071,57.617532047000054],[11.747046348000026,57.62045326300006],[11.749553131000027,57.624582014000055],[11.74319908800004,57.62707233600008],[11.746665936000056,57.63080759300004],[11.75396820900005,57.62978728400003],[11.759691436000026,57.62430219100003]]],[[[11.865257058000054,58.23581990000008],[11.86602920200005,58.23136679600003],[11.859761150000054,58.229584214000056],[11.849349372000063,58.23920915400004],[11.860401267000043,58.242564523000055],[11.865257058000054,58.23581990000008]]],[[[11.736440291000065,57.91738450400004],[11.72380402500005,57.919722929000045],[11.736507482000036,57.925069879000034],[11.746806950000064,57.924583219000056],[11.74655167900005,57.919722929000045],[11.736440291000065,57.91738450400004]]],[[[11.612455189000059,58.381795915000055],[11.605986624000025,58.37936455000005],[11.598339967000072,58.38733776300006],[11.60282615400007,58.39339860300004],[11.61422321300006,58.38625422600006],[11.612455189000059,58.381795915000055]]],[[[11.094174861000056,58.95105505600003],[11.081387243000052,58.953029626000045],[11.089572646000022,58.962714997000035],[11.098277376000055,58.95663292800003],[11.094174861000056,58.95105505600003]]],[[[11.797017207000067,58.272171608000065],[11.78597509900004,58.27472239900004],[11.78379508300003,58.281083495000075],[11.79542458900005,58.28133117900006],[11.799872579000066,58.27815261900008],[11.797017207000067,58.272171608000065]]],[[[11.683391752000034,57.82907852200003],[11.692755066000075,57.82552543700007],[11.682091588000048,57.81892708100003],[11.672819811000068,57.823709034000046],[11.683391752000034,57.82907852200003]]],[[[11.066797079000025,58.83424480800005],[11.078273848000038,58.83357488000007],[11.07142323100004,58.82564453100008],[11.057563315000039,58.827445029000046],[11.066797079000025,58.83424480800005]]],[[[11.450811569000052,58.092839162000075],[11.444934855000042,58.09536316900005],[11.44306219300006,58.101449529000035],[11.454449614000055,58.10194254700008],[11.46097357900004,58.09844592700006],[11.450811569000052,58.092839162000075]]],[[[11.406329372000073,58.16198454800008],[11.410182494000026,58.14998349800004],[11.405144754000048,58.14806404900003],[11.39982120600007,58.15519055500005],[11.401518856000052,58.16381621700003],[11.406329372000073,58.16198454800008]]],[[[11.67833665300003,57.69839463500006],[11.684453789000031,57.70025485900004],[11.690901698000062,57.68884181000004],[11.68274685800003,57.68951925300007],[11.673389260000022,57.69689013000004],[11.67833665300003,57.69839463500006]]],[[[11.418785977000027,58.11722497800008],[11.408014440000045,58.11394230700006],[11.402847061000045,58.11578449000007],[11.405803138000067,58.121076782000046],[11.421465186000034,58.12258713700004],[11.418785977000027,58.11722497800008]]],[[[11.435629086000063,58.36235706300005],[11.425898336000046,58.36570805000008],[11.437509963000025,58.372160345000054],[11.443877107000048,58.363320214000055],[11.435629086000063,58.36235706300005]]],[[[11.509234776000028,58.241177],[11.497573953000028,58.235405557000036],[11.48994544900006,58.24133872300007],[11.496238697000024,58.24421178100005],[11.509234776000028,58.241177]]],[[[11.567903379000029,58.07890130100003],[11.576083840000024,58.07745188600006],[11.568442919000063,58.069419862000075],[11.557239110000069,58.07226738900005],[11.567903379000029,58.07890130100003]]],[[[11.569385036000028,57.93771375600005],[11.576843129000054,57.93243744400007],[11.567042377000064,57.92902161600006],[11.556857437000076,57.934476052000036],[11.569385036000028,57.93771375600005]]],[[[11.695317299000067,57.89231178700004],[11.69784493800006,57.889287839000076],[11.690658499000051,57.88723130200003],[11.67981949700004,57.88968148500004],[11.679642538000053,57.89231178700004],[11.691836143000046,57.895101941000064],[11.695317299000067,57.89231178700004]]],[[[11.217788213000063,58.34198143500004],[11.222906003000048,58.34043673700006],[11.217253538000023,58.33134522900008],[11.207218125000054,58.33351109600005],[11.217788213000063,58.34198143500004]]],[[[11.112624524000069,58.91136424600006],[11.11692187400007,58.906906168000035],[11.109602528000039,58.90176241200004],[11.100932555000043,58.90857856700006],[11.112624524000069,58.91136424600006]]],[[[11.656299579000063,57.673719531000074],[11.662482430000068,57.66978344000006],[11.657433938000054,57.66551201900006],[11.650201523000021,57.66744451100004],[11.64628736900005,57.67216618600003],[11.656299579000063,57.673719531000074]]],[[[11.366738937000036,58.112027855000065],[11.370974426000032,58.11077076600003],[11.362343871000064,58.10437407500007],[11.353714187000037,58.10724212300005],[11.362868740000067,58.11317652500003],[11.366738937000036,58.112027855000065]]],[[[11.268273855000075,58.50934630000006],[11.262174426000058,58.50681977100004],[11.251231799000038,58.51118186400004],[11.260657045000073,58.51496719900007],[11.268273855000075,58.50934630000006]]],[[[11.629146117000062,57.85967290100007],[11.637002749000033,57.85191776900007],[11.630957068000043,57.85104432800006],[11.619200222000075,57.85825015300003],[11.629146117000062,57.85967290100007]]],[[[11.60760097800005,57.632113064000066],[11.602818599000045,57.62970309200006],[11.593970477000028,57.63310103900005],[11.605992670000035,57.63749400300003],[11.612728208000021,57.63469681600003],[11.60760097800005,57.632113064000066]]],[[[11.14039568800007,58.73817715900003],[11.146002155000076,58.73054579800004],[11.139043044000061,58.730163839000056],[11.130205427000021,58.73573391300005],[11.14039568800007,58.73817715900003]]],[[[11.499280286000044,58.27040337100004],[11.502833408000072,58.26460361900007],[11.493213504000039,58.26369051800003],[11.487110296000026,58.267041746000075],[11.499280286000044,58.27040337100004]]],[[[11.254346970000029,58.52066859900003],[11.24965751600007,58.51416130600006],[11.24174186700003,58.518716045000076],[11.251669900000024,58.52402467600007],[11.255816349000042,58.52270757400004],[11.254346970000029,58.52066859900003]]],[[[11.066633998000043,58.58497824600005],[11.073574291000057,58.58316281100008],[11.065626768000072,58.57420190500005],[11.06085145000003,58.576248537000026],[11.066633998000043,58.58497824600005]]],[[[11.655216633000066,57.747144708000064],[11.647609214000056,57.75234199500005],[11.648164670000028,57.75871956700007],[11.655295387000024,57.75597082300004],[11.655216633000066,57.747144708000064]]],[[[11.779211596000039,57.55893707100006],[11.772468091000064,57.55341500800006],[11.767391830000065,57.560913164000056],[11.777666380000028,57.562039662000075],[11.779211596000039,57.55893707100006]]],[[[11.767810233000034,57.97894485900008],[11.773343332000024,57.975809164000054],[11.76577971000006,57.97245616300006],[11.755317861000037,57.97688019700007],[11.767810233000034,57.97894485900008]]],[[[11.494481034000046,58.041866447000075],[11.499987751000049,58.038134737000064],[11.496879472000046,58.03323553200005],[11.48677675500005,58.03606937100005],[11.494481034000046,58.041866447000075]]],[[[11.229359760000023,58.619969206000064],[11.230524290000062,58.61215665600008],[11.224606752000057,58.611623414000064],[11.219122731000027,58.616530139000076],[11.229359760000023,58.619969206000064]]],[[[11.851423002000047,58.25371693200003],[11.856118752000043,58.24850619500006],[11.852760733000025,58.24524706200003],[11.843978460000073,58.25107314300004],[11.851423002000047,58.25371693200003]]],[[[11.622916620000069,58.114715543000045],[11.617041602000029,58.10942421800007],[11.607753545000037,58.11177491600006],[11.615653425000062,58.11635973700004],[11.622916620000069,58.114715543000045]]],[[[11.128382299000066,58.88546406300003],[11.121095273000037,58.88711267800005],[11.121086389000027,58.88991297400008],[11.129109020000044,58.89210034700005],[11.132438035000064,58.88623919400004],[11.128382299000066,58.88546406300003]]],[[[11.240149091000035,58.332879148000075],[11.241136373000074,58.32734701000004],[11.230871295000043,58.33200209800003],[11.243843322000032,58.33708782300005],[11.240149091000035,58.332879148000075]]],[[[11.25746919900007,58.34771999800006],[11.26510436600006,58.34338536300004],[11.258610626000063,58.34043746800006],[11.249697382000022,58.344600925000066],[11.25746919900007,58.34771999800006]]],[[[11.521281532000046,57.97941737600007],[11.528951676000077,57.97639772400004],[11.522327939000036,57.972441350000054],[11.513270371000033,57.97523240100003],[11.521281532000046,57.97941737600007]]],[[[11.848615882000047,57.62135309000007],[11.840756303000035,57.62664436700004],[11.850558368000065,57.628496847000065],[11.854537490000041,57.62204687700006],[11.848615882000047,57.62135309000007]]],[[[11.784636574000046,58.30666211700003],[11.780640338000069,58.30433025900004],[11.77153945200007,58.30666211700003],[11.779212414000028,58.31040754900005],[11.786691403000077,58.30817205800008],[11.784636574000046,58.30666211700003]]],[[[11.593252724000024,58.08844383300004],[11.588984734000064,58.089907967000045],[11.594133802000044,58.095058264000045],[11.600394179000034,58.09540673400005],[11.593252724000024,58.08844383300004]]],[[[11.743831613000054,57.58233796500008],[11.749806976000059,57.58420617000007],[11.75593918800007,57.57439962500007],[11.751406556000063,57.57477942000003],[11.743831613000054,57.58233796500008]]],[[[11.233134337000024,58.57453364000003],[11.238939406000043,58.56896106000005],[11.231478447000029,58.565731017000076],[11.228781742000024,58.572415929000044],[11.233134337000024,58.57453364000003]]],[[[11.777215764000061,58.052740190000065],[11.784621095000034,58.048588832000064],[11.776850563000039,58.04465548200005],[11.77214030700003,58.04877641500008],[11.777215764000061,58.052740190000065]]],[[[11.703857097000025,57.88669856400003],[11.71038326400003,57.88433966300005],[11.703594897000073,57.880297289000055],[11.695243093000045,57.88261622700003],[11.703857097000025,57.88669856400003]]],[[[11.675049473000058,57.71330135900007],[11.683626497000034,57.710889775000055],[11.68611635800005,57.70453135900004],[11.676946530000066,57.70725854400007],[11.675049473000058,57.71330135900007]]],[[[11.044172785000058,58.82860572300007],[11.03745483800003,58.82545480300007],[11.041540295000061,58.83555940000008],[11.045062704000031,58.833878395000056],[11.044172785000058,58.82860572300007]]],[[[11.143632722000063,58.726485652000065],[11.149614335000024,58.722911371000066],[11.143392021000068,58.71993502000004],[11.134915233000072,58.72365778200003],[11.143632722000063,58.726485652000065]]],[[[11.426981106000028,58.10546312300005],[11.42123891500006,58.10863463600003],[11.424950242000023,58.113631198000064],[11.430890478000038,58.113343901000064],[11.426981106000028,58.10546312300005]]],[[[11.077878171000066,58.96990272800008],[11.083530686000074,58.96734993400008],[11.07825947200007,58.96212080000004],[11.07132116300005,58.96410375700003],[11.077878171000066,58.96990272800008]]],[[[11.699482358000068,57.75835453500008],[11.70017537900003,57.74998384600008],[11.695418179000058,57.75055254400007],[11.693660952000073,57.75816191600006],[11.699482358000068,57.75835453500008]]],[[[11.767293534000032,57.55705135100004],[11.766573923000067,57.551046023000026],[11.75765326000004,57.55440040600007],[11.763238382000054,57.55903695600006],[11.767293534000032,57.55705135100004]]],[[[11.798138616000074,57.55588914000003],[11.802965003000054,57.551368428000046],[11.795140399000047,57.549384459000066],[11.790521358000035,57.554544657000065],[11.798138616000074,57.55588914000003]]],[[[11.528608225000028,57.99972935300008],[11.534542803000022,57.99716781900008],[11.529579959000046,57.99320281100006],[11.521280689000037,57.995399973000076],[11.528608225000028,57.99972935300008]]],[[[11.11865698300005,58.90189049400004],[11.123908331000052,58.90026263700008],[11.118353931000058,58.89597976500005],[11.110002702000031,58.89810972200007],[11.11865698300005,58.90189049400004]]],[[[11.654223699000056,58.09358197100005],[11.656497864000073,58.08658443500008],[11.651557815000047,58.084333256000036],[11.649098748000029,58.085454361000075],[11.651519395000037,58.09358197100005],[11.654223699000056,58.09358197100005]]],[[[11.827788852000026,57.62647966000003],[11.831897870000034,57.62107231500005],[11.825922681000065,57.619229552000036],[11.82123299400007,57.62526264400003],[11.827788852000026,57.62647966000003]]],[[[11.238732022000022,58.646405507000054],[11.242037131000075,58.644187542000054],[11.23538089300007,58.63856562700005],[11.229993053000044,58.64095373600003],[11.238732022000022,58.646405507000054]]],[[[11.685499323000045,57.81722679600006],[11.691109484000037,57.81407503600008],[11.685249208000073,57.81127326600006],[11.677588653000043,57.81387297500004],[11.685499323000045,57.81722679600006]]],[[[10.99060064300005,58.85493580900004],[10.996852549000039,58.85524891500006],[10.99338201300003,58.84961554600005],[10.984873937000032,58.84972332400008],[10.99060064300005,58.85493580900004]]],[[[11.053214080000032,58.85081380200006],[11.05903003000003,58.84806952100007],[11.054211581000061,58.84485439300005],[11.046226838000052,58.84714311500005],[11.053214080000032,58.85081380200006]]],[[[11.633602518000032,57.786550625000075],[11.637421478000022,57.78049665600008],[11.631552553000063,57.780472548000034],[11.626957177000065,57.78695248200006],[11.633602518000032,57.786550625000075]]],[[[11.701029706000043,57.81160593100003],[11.706776882000042,57.80905513200008],[11.701906196000039,57.80568423600005],[11.694104096000046,57.807697517000065],[11.701029706000043,57.81160593100003]]],[[[11.543297720000055,57.950161285000036],[11.54913904500006,57.94871913000003],[11.544424542000058,57.94448735800006],[11.536241765000057,57.94633354600006],[11.543297720000055,57.950161285000036]]],[[[11.795993492000036,57.69035199900003],[11.798468521000075,57.683524212000066],[11.788556484000026,57.68901408800008],[11.795993492000036,57.69035199900003]]],[[[11.783387883000046,57.75891926400004],[11.78640998800006,57.75745339400004],[11.781428356000049,57.75473913900004],[11.77301738500006,57.75725244400007],[11.783387883000046,57.75891926400004]]],[[[11.414764328000047,58.186825215000056],[11.41947549300005,58.18234154800007],[11.413908609000032,58.180983111000046],[11.407115864000048,58.18484428000005],[11.414764328000047,58.186825215000056]]],[[[11.467758218000029,58.03998766900003],[11.48029703900005,58.040865919000055],[11.474742861000038,58.03715173900008],[11.467758218000029,58.03998766900003]]],[[[11.145162644000038,58.80629040200006],[11.149114348000069,58.80271881400006],[11.143191896000076,58.80065248200003],[11.136737406000066,58.804230715000074],[11.145162644000038,58.80629040200006]]],[[[11.242759292000073,58.37980689700004],[11.244928295000022,58.37911552300005],[11.239126337000073,58.36887563300007],[11.236658950000049,58.374227672000075],[11.242759292000073,58.37980689700004]]],[[[11.720957698000063,57.798197634000076],[11.718213194000043,57.79639797300007],[11.712287593000042,57.798197634000076],[11.712495279000052,57.80054238100007],[11.71702893500003,57.802309354000045],[11.720957698000063,57.798197634000076]]],[[[11.406495612000072,58.30121753100008],[11.411499655000057,58.29765900900003],[11.40833682300007,58.294204871000034],[11.40220297600007,58.29517387900006],[11.406495612000072,58.30121753100008]]],[[[11.651936099000068,58.25635708000004],[11.65697541700007,58.253609201000074],[11.65099388300007,58.25082576300008],[11.64440262900007,58.25343224400007],[11.651936099000068,58.25635708000004]]],[[[11.437163855000051,58.08903151700008],[11.439299275000053,58.08777188900007],[11.433981820000042,58.085280080000075],[11.427541817000076,58.08764095200007],[11.433689059000073,58.09108120900004],[11.437163855000051,58.08903151700008]]],[[[11.38227067500003,58.314526165000075],[11.386567211000056,58.30978143600004],[11.380659727000022,58.30930753500007],[11.37530350700007,58.313297944000055],[11.38227067500003,58.314526165000075]]],[[[11.16623792100006,58.78638215800004],[11.171211266000057,58.783178949000046],[11.165773792000039,58.78113233600004],[11.159132197000076,58.784498865000046],[11.16623792100006,58.78638215800004]]],[[[11.20930314100002,58.585248884000066],[11.213304721000043,58.58108045000006],[11.208745461000035,58.57905885200006],[11.203220514000066,58.58379337800005],[11.20930314100002,58.585248884000066]]],[[[11.617999650000058,57.64640874600008],[11.621774075000076,57.642997741000045],[11.616779190000045,57.641492146000076],[11.610279296000044,57.64527797900007],[11.617999650000058,57.64640874600008]]],[[[11.021272974000055,58.91315012100006],[11.02537088300005,58.90900740900008],[11.020025596000039,58.907774594000045],[11.014214364000054,58.911462811000035],[11.021272974000055,58.91315012100006]]],[[[11.78615307900003,58.06105475700008],[11.79147794000005,58.05630107600007],[11.781746543000054,58.05626289700007],[11.78615307900003,58.06105475700008]]],[[[11.411825965000048,58.26228587400004],[11.415926500000069,58.258978994000074],[11.41115249400002,58.25696101200003],[11.404481219000047,58.26027774100004],[11.411825965000048,58.26228587400004]]],[[[11.680992659000026,57.77263353300003],[11.67972756200004,57.765562216000035],[11.673914159000049,57.77071372100005],[11.680992659000026,57.77263353300003]]],[[[11.624326926000037,57.84473058300006],[11.634692161000032,57.84686466100004],[11.630327264000073,57.84235364600005],[11.624326926000037,57.84473058300006]]],[[[11.178076334000025,58.77713894000004],[11.181748582000068,58.77224199400007],[11.171709022000073,58.77445412700007],[11.178076334000025,58.77713894000004]]],[[[11.20243892700006,58.691296839000074],[11.20528583500004,58.68715240700004],[11.201579051000067,58.684988618000034],[11.196019749000072,58.68968190700008],[11.20243892700006,58.691296839000074]]],[[[11.18793998800004,58.56663678800004],[11.192605698000023,58.56334018300004],[11.18686021600007,58.56157117200007],[11.181037864000075,58.56483140000006],[11.18793998800004,58.56663678800004]]],[[[11.515322308000066,57.96769790800005],[11.520830925000041,57.96379254100003],[11.511054776000037,57.96244391700003],[11.515322308000066,57.96769790800005]]],[[[11.194184075000067,58.61126055700004],[11.19837084900007,58.60680460400005],[11.193854662000035,58.60555466800008],[11.18806573300003,58.60875168400008],[11.194184075000067,58.61126055700004]]],[[[11.158048398000062,58.80763030500003],[11.161774867000076,58.80415463700007],[11.156762786000058,58.80238928000006],[11.150818170000036,58.80567257300004],[11.158048398000062,58.80763030500003]]],[[[11.277380408000056,58.446387954000045],[11.280773841000041,58.444081941000036],[11.27477259400007,58.440707101000044],[11.272138637000069,58.443173459000036],[11.277380408000056,58.446387954000045]]],[[[11.374489812000036,58.34067543100008],[11.37572424900003,58.33528190100003],[11.371633547000044,58.33437430200007],[11.368355811000072,58.33903599900003],[11.374489812000036,58.34067543100008]]],[[[11.329685018000077,58.09643601700003],[11.33484270300005,58.09495707200006],[11.329488020000042,58.09061750200004],[11.325470448000033,58.09475435400003],[11.329685018000077,58.09643601700003]]],[[[11.860864115000027,57.62400955100003],[11.856890169000053,57.62438703300006],[11.855812741000022,57.630060497000045],[11.86126680600006,57.629310349000036],[11.860864115000027,57.62400955100003]]],[[[11.803230477000056,58.30929116200008],[11.803658280000036,58.30205644200004],[11.798100316000045,58.30925146200008],[11.803230477000056,58.30929116200008]]],[[[11.868034607000027,57.63306498700007],[11.869937581000045,57.62757728300005],[11.861583267000071,57.63056151100005],[11.868034607000027,57.63306498700007]]],[[[11.502575480000075,58.01000399600008],[11.502802755000062,58.004834162000066],[11.496541075000039,58.00379818000005],[11.49908606200006,58.00972829300008],[11.502575480000075,58.01000399600008]]],[[[11.592438401000038,58.25203531900007],[11.59707934100004,58.25002158800004],[11.592728159000046,58.24699938400005],[11.586737970000058,58.249274040000046],[11.592438401000038,58.25203531900007]]],[[[11.212765212000022,58.70124072900006],[11.214041888000054,58.698552145000065],[11.210987178000039,58.69663345100008],[11.206295650000072,58.701907635000055],[11.212765212000022,58.70124072900006]]],[[[11.096686605000059,58.98403110300006],[11.102325821000022,58.982560711000076],[11.09932227400003,58.97889909600008],[11.093455131000042,58.98033531100003],[11.096686605000059,58.98403110300006]]],[[[11.156909325000072,58.779908058000046],[11.163829575000022,58.77809477200003],[11.160238977000063,58.77493855300003],[11.155111890000057,58.77571388800004],[11.156909325000072,58.779908058000046]]],[[[11.035886177000066,58.85076494200007],[11.039824500000066,58.84942584000004],[11.035567652000054,58.84509188900006],[11.03075804100007,58.84792592200006],[11.035886177000066,58.85076494200007]]],[[[11.613844022000023,57.738144539000075],[11.619447100000059,57.73613813500003],[11.616677155000048,57.732905180000046],[11.610791891000076,57.734267670000065],[11.613844022000023,57.738144539000075]]],[[[11.43033099400003,58.071318243000064],[11.435175781000055,58.068142341000055],[11.430935999000042,58.066336481000064],[11.424959921000038,58.06931088200008],[11.43033099400003,58.071318243000064]]],[[[11.402111396000066,58.22132138200004],[11.403452650000077,58.216436685000076],[11.395507422000037,58.21989183900007],[11.402111396000066,58.22132138200004]]],[[[11.581651110000053,58.25212481400007],[11.57363975000004,58.254969739000046],[11.582583089000025,58.25463778200003],[11.581651110000053,58.25212481400007]]],[[[11.074370510000051,58.86501631800007],[11.077832914000055,58.86377950200006],[11.07551371300002,58.85894220800003],[11.07025791500007,58.861556430000064],[11.074370510000051,58.86501631800007]]],[[[11.059711410000034,58.59109655700007],[11.06439804100006,58.58949200500007],[11.061865811000075,58.58603501300007],[11.056512428000076,58.586176211000065],[11.059711410000034,58.59109655700007]]],[[[11.188000381000052,58.42798425500007],[11.18973169000003,58.426092650000044],[11.182993077000049,58.42225080600008],[11.180494423000027,58.424905727000066],[11.188000381000052,58.42798425500007]]],[[[11.50297389700006,58.27848943500004],[11.50541212500002,58.27885911300007],[11.504645156000038,58.27141223400008],[11.500282253000023,58.27261354400008],[11.50297389700006,58.27848943500004]]],[[[11.108778573000052,58.941800699000055],[11.112186718000032,58.93878218400005],[11.108326569000042,58.93688433900007],[11.10279586400003,58.939474361000066],[11.108778573000052,58.941800699000055]]],[[[11.70347954500005,57.70012454500005],[11.707869779000077,57.69815975700004],[11.704145851000021,57.69536430200003],[11.698210227000061,57.69765558800003],[11.70347954500005,57.70012454500005]]],[[[11.146610719000023,58.66561395300005],[11.150035040000034,58.66251993700007],[11.14668394000006,58.660223217000066],[11.141942365000034,58.66252774000003],[11.146610719000023,58.66561395300005]]],[[[11.666377144000023,57.66616300100003],[11.664663727000061,57.66185212700003],[11.659987346000037,57.66208737300008],[11.663176779000025,57.66712539100007],[11.666377144000023,57.66616300100003]]],[[[11.186169305000021,58.58902733100007],[11.189891291000038,58.58475047500008],[11.179939017000038,58.58788315900006],[11.186169305000021,58.58902733100007]]],[[[11.225710568000068,58.39010456900007],[11.22898003000006,58.38772675400003],[11.225343766000037,58.385396541000034],[11.219817830000068,58.38746985100005],[11.225710568000068,58.39010456900007]]],[[[11.631695980000075,58.111754989000076],[11.63577067400007,58.111568043000034],[11.631977809000034,58.10691911500004],[11.62709890800005,58.10857268600006],[11.631695980000075,58.111754989000076]]],[[[11.197117776000027,58.35853426300008],[11.200956593000058,58.35722489900007],[11.195500043000038,58.35379143200004],[11.191509349000057,58.35579885000004],[11.197117776000027,58.35853426300008]]],[[[11.721132710000063,57.81337449200004],[11.725004527000067,57.80949719000006],[11.716219866000074,57.81162418500003],[11.721132710000063,57.81337449200004]]],[[[11.181903572000067,58.61024940900006],[11.182613569000068,58.60798197500003],[11.178566087000036,58.608523399000035],[11.175747020000074,58.61312805000006],[11.181903572000067,58.61024940900006]]],[[[11.400429409000026,58.13056116100006],[11.402763320000076,58.12712038300003],[11.39889968700004,58.12534808500004],[11.395516162000035,58.12879946600003],[11.400429409000026,58.13056116100006]]],[[[11.776323656000045,57.98525405700008],[11.782746318000022,57.986527101000036],[11.784088439000072,57.98365152000008],[11.776323656000045,57.98525405700008]]],[[[11.218392466000068,58.61886714100007],[11.21218282500007,58.61792112000006],[11.22074107700007,58.62163114800006],[11.218392466000068,58.61886714100007]]],[[[11.547230181000032,57.85580257000004],[11.550926126000036,57.85242454300004],[11.542156036000051,57.854238414000065],[11.547230181000032,57.85580257000004]]],[[[11.484686814000042,58.06232338800004],[11.486114341000075,58.05995453100007],[11.477273342000046,58.06274929600005],[11.484686814000042,58.06232338800004]]],[[[11.208084992000067,58.33676896900005],[11.201080682000054,58.33836315500008],[11.205855579000058,58.34042032600007],[11.20997292900006,58.33783138000007],[11.208084992000067,58.33676896900005]]],[[[11.210307250000028,58.694266947000074],[11.215427420000026,58.694282755000074],[11.217099365000024,58.68924162500008],[11.210307250000028,58.694266947000074]]],[[[11.782141227000068,57.62672653300007],[11.783436078000022,57.62439006800008],[11.776166388000036,57.624497949000045],[11.782141227000068,57.62672653300007]]],[[[11.121481980000056,58.79989046500003],[11.122581420000074,58.795018922000054],[11.118834062000076,58.79492013700008],[11.117055445000062,58.79988411000005],[11.121481980000056,58.79989046500003]]],[[[11.30426170000004,58.36558522400003],[11.307873329000074,58.36347759800003],[11.303767722000032,58.36106412700008],[11.298910632000059,58.36312798300003],[11.30426170000004,58.36558522400003]]],[[[11.19451887200006,58.69563107500005],[11.198863551000045,58.69454277500006],[11.195402843000068,58.69115453000006],[11.190242689000058,58.692555327000036],[11.19451887200006,58.69563107500005]]],[[[11.285005434000027,58.48310085000003],[11.286087617000021,58.47915904300004],[11.281480045000023,58.478590301000054],[11.27972707500004,58.48246619200006],[11.285005434000027,58.48310085000003]]],[[[11.66614503300002,57.90982970500005],[11.67016553700006,57.90739158700006],[11.666503198000044,57.90528212500004],[11.661262935000025,57.90777345300006],[11.66614503300002,57.90982970500005]]],[[[11.207107870000073,58.657615355000075],[11.210198976000072,58.65759028800005],[11.204956889000073,58.65233673000006],[11.207107870000073,58.657615355000075]]],[[[11.30156730400006,58.48022088600004],[11.305130011000074,58.478249505000065],[11.301011173000063,58.475677509000036],[11.296185498000057,58.47772844600007],[11.30156730400006,58.48022088600004]]],[[[11.656466860000023,57.932853038000076],[11.660796293000033,57.930973702000074],[11.656764386000077,57.92844308000008],[11.651679533000049,57.93048974100003],[11.656466860000023,57.932853038000076]]],[[[11.243537118000063,58.619986795000045],[11.246468309000022,58.61776180800007],[11.243088531000069,58.61525973200003],[11.237954897000066,58.61799607300003],[11.243537118000063,58.619986795000045]]],[[[11.440975580000043,58.10710091300007],[11.444526869000072,58.105018234000056],[11.440355269000065,58.10256136800007],[11.43557568500006,58.10455752300004],[11.440975580000043,58.10710091300007]]],[[[11.390770739000061,58.31819747700007],[11.395373987000028,58.31749450900003],[11.396968353000034,58.31243878400005],[11.39326165500006,58.31294691200003],[11.390770739000061,58.31819747700007]]],[[[11.139158566000049,58.83729156900006],[11.140723151000032,58.83288839200003],[11.13341792600005,58.836026348000075],[11.139158566000049,58.83729156900006]]],[[[11.65574424500005,57.77869723100008],[11.659256177000032,57.776606849000075],[11.655070187000035,57.77417969900006],[11.650293953000073,57.77640121300004],[11.65574424500005,57.77869723100008]]],[[[11.677546045000042,57.639722207000034],[11.681573061000051,57.637466989000075],[11.677281478000054,57.63526638400003],[11.672528735000071,57.63765070900007],[11.677546045000042,57.639722207000034]]],[[[11.130421140000067,58.984663727000054],[11.134806966000042,58.98475688500008],[11.131702016000077,58.98033696700003],[11.126590710000073,58.981010422000054],[11.130421140000067,58.984663727000054]]],[[[11.049777253000059,58.59693848000006],[11.052747533000058,58.59457344100008],[11.047204770000064,58.59282099700005],[11.044320636000066,58.59677012000003],[11.049777253000059,58.59693848000006]]],[[[11.193242525000073,58.68799476200007],[11.19643979400007,58.683343910000076],[11.188996060000022,58.68557091200006],[11.193242525000073,58.68799476200007]]],[[[10.999086332000047,58.86018641700008],[10.99475534100003,58.86118351600004],[10.996825495000053,58.865335971000036],[10.999603236000041,58.865315973000065],[10.999086332000047,58.86018641700008]]],[[[11.469197977000022,58.01938082600003],[11.471638871000039,58.016865764000045],[11.468785652000065,58.01392427700006],[11.464300854000044,58.01761340200005],[11.469197977000022,58.01938082600003]]],[[[11.555410778000066,57.86149316700005],[11.559624433000067,57.85875182600006],[11.550648669000054,57.85915149700003],[11.555410778000066,57.86149316700005]]],[[[11.797708656000054,58.02760647500003],[11.801530031000027,58.025647837000065],[11.798716980000052,58.022846826000034],[11.793163390000075,58.02512593500006],[11.797708656000054,58.02760647500003]]],[[[11.648860439000032,57.87387469000004],[11.652830323000046,57.87323809900005],[11.650250240000048,57.86929650800005],[11.644953668000028,57.87015293600007],[11.648860439000032,57.87387469000004]]],[[[11.180952044000037,58.66430907700004],[11.184564756000043,58.661400299000036],[11.180641035000065,58.65971849400006],[11.175835139000071,58.66228288600007],[11.180952044000037,58.66430907700004]]],[[[11.631428165000045,58.08912705300003],[11.635897611000075,58.087665350000066],[11.631940514000064,58.08422522800004],[11.62775279400006,58.08683768700007],[11.631428165000045,58.08912705300003]]],[[[11.289158794000059,58.45308953500006],[11.291580459000045,58.45039389600004],[11.286662973000034,58.44877600400008],[11.283547038000052,58.45267615500006],[11.289158794000059,58.45308953500006]]],[[[11.91017836900005,57.57379181500005],[11.914325748000067,57.57124338700004],[11.910808566000071,57.56924136900005],[11.905396782000025,57.571691273000056],[11.91017836900005,57.57379181500005]]],[[[11.665886812000053,57.85447450400005],[11.66532542400006,57.84990665300006],[11.661558152000055,57.85150526500007],[11.661558152000055,57.85463529200007],[11.665886812000053,57.85447450400005]]],[[[11.146995290000064,58.93831936200007],[11.150361112000041,58.935887378000075],[11.14670800500005,58.93373791500005],[11.14155147300005,58.935844287000066],[11.146995290000064,58.93831936200007]]],[[[11.154628582000043,59.06406866800006],[11.15775289000004,59.06128441800007],[11.153157457000077,59.05944843700007],[11.149195923000036,59.06183729700007],[11.154628582000043,59.06406866800006]]],[[[11.796440656000073,57.56862699000004],[11.799389831000042,57.56507507900005],[11.795465292000074,57.56354816000004],[11.791761415000053,57.56672071200006],[11.796440656000073,57.56862699000004]]],[[[11.58652733200006,57.925749059000054],[11.59028945600005,57.92357821300004],[11.587082444000032,57.92109141600008],[11.58161373200005,57.92368612900003],[11.58652733200006,57.925749059000054]]],[[[11.425594104000027,58.190567884000075],[11.429570331000036,58.18909544700006],[11.425514787000054,58.18590444300003],[11.420901574000027,58.18811557300006],[11.425594104000027,58.190567884000075]]],[[[11.789222519000077,58.00089881000008],[11.79250684300007,57.998459238000066],[11.788777655000047,57.996306607000065],[11.783741526000028,57.99867593100004],[11.789222519000077,58.00089881000008]]],[[[11.33709015200003,58.29967707900005],[11.33914578100007,58.29449949500008],[11.336537684000064,58.29396357600007],[11.333328416000029,58.29690523000005],[11.33709015200003,58.29967707900005]]],[[[11.672724982000034,57.88729075200007],[11.667235052000024,57.88661714600005],[11.66934503400006,57.891236012000036],[11.674259841000037,57.890355044000046],[11.672724982000034,57.88729075200007]]],[[[11.38126544000005,58.325296484000035],[11.385364653000067,58.32302808600008],[11.381082481000021,58.32088310600005],[11.376224617000048,58.32308322600005],[11.38126544000005,58.325296484000035]]],[[[11.205447947000039,58.79688812000006],[11.202550964000068,58.796311854000066],[11.199171438000064,58.80091511100005],[11.20448243800007,58.80073928400003],[11.205447947000039,58.79688812000006]]],[[[11.345917752000048,58.109244904000036],[11.348378095000044,58.105303785000046],[11.340407216000074,58.108277385000065],[11.345917752000048,58.109244904000036]]],[[[11.375607592000051,58.21943747500006],[11.379355107000038,58.21900153900003],[11.376379948000022,58.214727810000056],[11.371325928000033,58.215720960000056],[11.375607592000051,58.21943747500006]]],[[[10.989086741000051,58.875021100000026],[10.992825591000042,58.87294890800007],[10.98959515100006,58.87039395600004],[10.984142796000071,58.872610648000034],[10.989086741000051,58.875021100000026]]],[[[11.24983278600007,58.65289540400005],[11.257220391000033,58.649857644000065],[11.247752235000064,58.65003524300005],[11.24983278600007,58.65289540400005]]],[[[11.662471244000074,57.827336581000054],[11.666554670000039,57.82493203400003],[11.662895486000025,57.82284392100007],[11.657530850000057,57.82538563900005],[11.662471244000074,57.827336581000054]]],[[[11.765170151000063,57.59539804600007],[11.769579624000073,57.592984803000036],[11.760878902000059,57.592250043000035],[11.765170151000063,57.59539804600007]]],[[[11.267131499000072,58.57878001600005],[11.271800211000027,58.57933564700005],[11.271544040000038,58.57340985500008],[11.267131499000072,58.57878001600005]]],[[[11.61144519800007,57.85682270900003],[11.61575913300004,57.85405235300004],[11.606807166000067,57.85443165100003],[11.61144519800007,57.85682270900003]]],[[[11.313630869000065,58.211430257000075],[11.31768672100003,58.208743569000035],[11.309205488000032,58.20837724300003],[11.313630869000065,58.211430257000075]]],[[[11.378973663000068,58.25557073300007],[11.382954447000031,58.25304513100008],[11.379272636000053,58.25097921300005],[11.374121598000045,58.25373980100005],[11.378973663000068,58.25557073300007]]],[[[11.415260379000074,58.281346176000056],[11.418802587000073,58.27922865200003],[11.414608607000048,58.27685508500008],[11.409789370000055,58.27902817700004],[11.415260379000074,58.281346176000056]]],[[[11.309373225000058,58.47472206600003],[11.312185852000027,58.473187686000074],[11.307943024000053,58.47096736300006],[11.303130760000045,58.47318067900005],[11.309373225000058,58.47472206600003]]],[[[11.241824275000056,58.58703137900005],[11.245069047000072,58.584336465000035],[11.240075513000022,58.58223471100007],[11.237117922000039,58.58559999400006],[11.241824275000056,58.58703137900005]]],[[[11.631717800000047,57.66319012200006],[11.635420510000074,57.66039904400003],[11.626579647000028,57.660939402000054],[11.631717800000047,57.66319012200006]]],[[[11.688999390000049,57.95146868200004],[11.693018557000073,57.948992168000075],[11.689344805000076,57.946927016000075],[11.684098451000068,57.949465874000055],[11.688999390000049,57.95146868200004]]],[[[11.866015977000075,58.221266548000074],[11.859377324000036,58.223770983000065],[11.862880287000053,58.22550137200005],[11.866015977000075,58.221266548000074]]],[[[11.524657244000025,58.01003602600008],[11.52441557800006,58.00561443200007],[11.518653913000037,58.00770578100003],[11.524657244000025,58.01003602600008]]],[[[11.414461625000058,58.305042316000026],[11.418979165000053,58.30101792900007],[11.410202248000076,58.30332013200007],[11.414461625000058,58.305042316000026]]],[[[11.259615384000028,58.45165859700006],[11.26331192300006,58.448840423000036],[11.254451479000068,58.449430422000034],[11.259615384000028,58.45165859700006]]],[[[11.248226363000072,58.59209898900008],[11.25213826700002,58.59032936700004],[11.24898369300007,58.58771664900007],[11.243115937000027,58.58926035600007],[11.248226363000072,58.59209898900008]]],[[[11.75567606800007,57.75379009800008],[11.759749168000042,57.75211480000007],[11.75607145400005,57.74940539500005],[11.750599824000062,57.75152965400008],[11.75567606800007,57.75379009800008]]],[[[11.211630940000077,58.62770358700004],[11.214878079000073,58.62519645600008],[11.21117276900003,58.62301950900007],[11.206254659000024,58.62509986800006],[11.211630940000077,58.62770358700004]]],[[[11.005130030000032,58.871272488000045],[11.008187734000046,58.86923961800005],[11.005036628000028,58.866483103000064],[10.999758652000025,58.86900828700004],[11.005130030000032,58.871272488000045]]],[[[11.734278580000023,57.51297290000008],[11.73793302200005,57.51099557500004],[11.733880936000048,57.508436464000056],[11.728983699000025,57.510368088000064],[11.734278580000023,57.51297290000008]]],[[[11.77835149200007,57.59368581700005],[11.781492738000054,57.59093571200003],[11.778332524000064,57.58898337200003],[11.77291486300004,57.59154360400004],[11.77835149200007,57.59368581700005]]],[[[11.513491043000045,57.93654253300008],[11.517112700000041,57.93369818200006],[11.508602691000021,57.933477749000076],[11.513491043000045,57.93654253300008]]],[[[11.281819276000022,58.459597588000065],[11.287837095000043,58.456981975000076],[11.280939505000049,58.45665358000008],[11.278523299000028,58.45975562000007],[11.281819276000022,58.459597588000065]]],[[[11.791583498000023,58.10882173600004],[11.795810657000061,58.10662187400004],[11.791665283000043,58.10438356100008],[11.78671693800004,58.10675637400004],[11.791583498000023,58.10882173600004]]],[[[11.596990032000065,57.91095154700008],[11.591502650000052,57.91095154700008],[11.594307879000041,57.91465541100007],[11.599858804000064,57.914455617000044],[11.596990032000065,57.91095154700008]]],[[[11.170227671000077,58.607908043000066],[11.175069204000067,58.60735655000008],[11.175410300000067,58.60265936700006],[11.171749920000025,58.60293279800004],[11.170227671000077,58.607908043000066]]],[[[11.196489891000056,58.59056700600007],[11.199958469000023,58.58811302500004],[11.195703340000023,58.58614405700007],[11.19092493200003,58.58861347900006],[11.196489891000056,58.59056700600007]]],[[[11.90417757800003,57.56998421000003],[11.90787993500004,57.56770113600004],[11.90391274600006,57.56543156600003],[11.899016753000069,57.567692065000074],[11.90417757800003,57.56998421000003]]],[[[11.032091630000025,58.545077183000046],[11.035990985000069,58.542398956000056],[11.03221895300004,58.54061044000008],[11.027327999000022,58.542947380000044],[11.032091630000025,58.545077183000046]]],[[[11.680550485000026,57.87791334600007],[11.684869370000058,57.87599932400008],[11.67737919800004,57.87489620900004],[11.680550485000026,57.87791334600007]]],[[[11.67737919800004,58.099330483000074],[11.670464194000033,58.09913439600007],[11.674102684000047,58.102713692000066],[11.67737919800004,58.099330483000074]]],[[[10.970135455000047,58.88693915200008],[10.971866069000043,58.88394772600003],[10.967824773000075,58.882669331000045],[10.965664870000069,58.88754458000005],[10.970135455000047,58.88693915200008]]],[[[11.703013277000025,57.798197634000076],[11.698908119000066,57.800394046000065],[11.702027753000039,57.80210604300004],[11.705223763000049,57.79974259800008],[11.703013277000025,57.798197634000076]]],[[[11.776323656000045,57.98525405700008],[11.770272859000045,57.98531459900005],[11.772686409000073,57.98779217800006],[11.776323656000045,57.98525405700008]]],[[[11.46659478600003,58.04074800400008],[11.465164726000069,58.03788199100006],[11.462407058000053,58.03917116400004],[11.46659478600003,58.04074800400008]]],[[[11.401711237000029,58.12869801000005],[11.407259577000048,58.12929057200006],[11.401711237000029,58.12869801000005]]],[[[11.62258190600005,57.84612619400008],[11.622643552000056,57.84382782200004],[11.620528020000052,57.845174033000035],[11.62258190600005,57.84612619400008]]]]}},{"type":"Feature","properties":{"code":"Y","name":"Jämtland","sourceCode":"SE321"},"geometry":{"type":"MultiPolygon","coordinates":[[[[17.684452014000044,63.88280098000007],[17.731569209000043,63.879936085000054],[18.058854912000072,63.93911339400006],[18.40565324800008,63.99566256700007],[18.45281174300004,63.98107233400003],[18.473668047000046,63.96489677500006],[18.473591869000074,63.954847904000076],[18.46315256200006,63.94344746500008],[18.464177500000062,63.93292418600004],[18.42237728200007,63.93363296700005],[18.407774139000026,63.92485697300003],[18.410987698000042,63.921617827000034],[18.42576936300003,63.91876649500006],[18.427317713000036,63.90744698300006],[18.43777930600004,63.89530285200004],[18.453409156000077,63.88693734600008],[18.476885966000054,63.86767506700005],[18.474699728000076,63.86290072700007],[18.48660675800005,63.842704996000066],[18.592354941000053,63.82295339900003],[18.63833250700003,63.82576953000006],[18.681760482000072,63.82101292600004],[18.700931101000037,63.815247646000046],[18.704129100000046,63.80969645300007],[18.717302476000043,63.806961038000054],[18.75763627300006,63.81019200800006],[18.80624729300007,63.78838740500004],[18.800674539000056,63.78196709300005],[18.819811092000066,63.773380418000045],[18.903602685000067,63.78129256700004],[18.95877035700005,63.761131446000036],[18.96057683300006,63.75840740600006],[18.94957566200003,63.72897341000004],[18.969196672000066,63.73358901100005],[18.997320154000022,63.73089591400003],[19.042461563000074,63.68977755700007],[19.18072994000005,63.59746064500007],[19.19093915600007,63.56976260000005],[19.286483881000038,63.46973750700005],[19.265586513000073,63.45472716100005],[19.261357950000047,63.44773640900007],[19.260290783000073,63.420029603000046],[19.24881980500004,63.37171722000005],[19.248464958000056,63.33430473300007],[19.240153717000055,63.32964451200007],[19.218314992000046,63.33089581300004],[19.208769002000054,63.340623563000065],[19.201230748000057,63.33395526400005],[19.186957929000073,63.33000840200003],[19.178202767000073,63.32219205900003],[19.165300497000032,63.31656722400004],[19.151159060000055,63.327379405000045],[19.13284188700004,63.32895812300006],[19.12480580700003,63.315611380000064],[19.130495134000057,63.30151231100007],[19.114849410000033,63.277193330000046],[19.10407804700003,63.26874699600006],[19.111798470000053,63.26149542100006],[19.10851193900004,63.24992248800004],[19.09463825200004,63.24112029400004],[19.079484285000035,63.24297712900005],[19.06828966200004,63.23936752800006],[19.066617372000053,63.23377113400005],[19.08023574200007,63.22799569700004],[19.08048541100004,63.21820123500004],[19.057580425000026,63.20602169400007],[19.032411054000022,63.20984992800004],[19.034776084000043,63.19804934700005],[19.027165122000042,63.190169998000044],[19.009991247000073,63.19053937600006],[18.983813054000052,63.20890331500004],[18.966865120000023,63.21165359100007],[18.951862009000024,63.21896917000004],[18.942199450000032,63.23681757000003],[18.900851774000046,63.25911645800005],[18.885173784000074,63.27863663800008],[18.870750197000064,63.28998158600007],[18.854939753000053,63.28605695500005],[18.857734248000042,63.26802241400003],[18.850003745000038,63.258941777000075],[18.835627954000074,63.26070423400006],[18.824023133000026,63.27246171500008],[18.81904811000004,63.273269148000054],[18.81730355600007,63.26722174100007],[18.82299841200006,63.25621824400008],[18.81801867100006,63.25286736700008],[18.809346333000065,63.25615481800003],[18.801227336000068,63.26559446600004],[18.771338025000034,63.25972660600007],[18.750296571000035,63.27421748900008],[18.73151070700004,63.282016025000075],[18.717781993000074,63.28383003300007],[18.714054349000037,63.27037342800003],[18.71967861400003,63.263700062000055],[18.747424281000065,63.25951334600006],[18.791013003000046,63.24455184200008],[18.88531928900005,63.227722432000064],[18.888968403000035,63.22296277600003],[18.88142193300007,63.20888887500007],[18.871517062000066,63.20389789800004],[18.858426920000056,63.20417867300006],[18.827182219000065,63.21173751100008],[18.803693663000047,63.19840327600008],[18.791358838000065,63.19677827800007],[18.758468098000037,63.20559097200004],[18.759103848000052,63.20126611000006],[18.772582030000024,63.19316439200003],[18.742134560000068,63.17942466900007],[18.71732247800003,63.19714088900008],[18.71379885400006,63.20587492700008],[18.715483582000047,63.22111354400005],[18.728149345000077,63.227327467000066],[18.757385295000063,63.22187671000006],[18.766372757000056,63.22738125700005],[18.745366899000032,63.234877003000065],[18.71335302600005,63.23909923700006],[18.69473783500007,63.24711601000007],[18.67526534500007,63.24545737100004],[18.665632042000027,63.24093978600007],[18.66363453500003,63.23568691400004],[18.692382485000053,63.22024661800003],[18.701404619000073,63.20013371300007],[18.703425761000062,63.183701917000064],[18.715244636000023,63.173223534000044],[18.717346360000022,63.16574589000004],[18.690492059000064,63.17135477800008],[18.664247672000045,63.171162596000045],[18.637860989000046,63.18348675100003],[18.59406366500002,63.177982127000064],[18.590522304000046,63.173731659000055],[18.596343063000063,63.16472218600006],[18.599235819000057,63.14292276000003],[18.596232452000038,63.12537882600003],[18.586513543000024,63.11975582600007],[18.557300156000053,63.13413458500008],[18.54520722500007,63.15554403200008],[18.525434365000024,63.15602389600008],[18.52283271700003,63.152650435000055],[18.529717310000024,63.141527230000065],[18.527922730000057,63.121165922000046],[18.531823838000037,63.104037805000075],[18.521400252000035,63.09301500200007],[18.511157083000057,63.087841594000054],[18.51316126100005,63.084433517000036],[18.50963302200006,63.073321253000074],[18.49126987300002,63.060052143000064],[18.46395868700006,63.03114804200004],[18.454171751000047,63.03380493600008],[18.443984966000073,63.04617859200005],[18.424508118000062,63.06087441100004],[18.374413436000054,63.06310533100003],[18.368743788000074,63.06070591200006],[18.36918933900006,63.05662637100005],[18.388237524000033,63.047126054000046],[18.413113348000024,63.02408942800008],[18.37611742400003,63.02408502800006],[18.34889464300005,63.04232383600004],[18.33496443100006,63.04676000900008],[18.328622557000074,63.040596408000056],[18.328507581000054,63.02416208600005],[18.324171058000047,63.01833667200003],[18.302358780000077,63.01601609900007],[18.276814733000037,63.00758633700008],[18.23377322500005,63.00368471300004],[18.240449961000024,62.99930595400008],[18.29878362000005,62.993110467000065],[18.31783297000004,62.98644594800004],[18.36271122200003,62.998707101000036],[18.42297007800005,63.003727850000075],[18.48501916300006,62.99854932900007],[18.535349735000068,62.98592410900005],[18.548789259000046,62.96783888300007],[18.547549236000066,62.962136247000046],[18.522323029000063,62.96760471700003],[18.514613564000058,62.96109424100007],[18.506022622000046,62.959272748000046],[18.46489563700004,62.96722276100007],[18.436191216000054,62.967556295000065],[18.41878204900007,62.97131155800008],[18.403102654000065,62.96060245400008],[18.433668363000038,62.94541838100008],[18.44487984600005,62.93307833600005],[18.482475111000042,62.94167526200005],[18.498134846000028,62.93819481700007],[18.50399386500004,62.933635422000066],[18.50355371200004,62.925881047000075],[18.49578162800003,62.917756016000055],[18.47393357800007,62.905649889000074],[18.452416438000057,62.90924524500008],[18.418497625000043,62.90778933900003],[18.422452402000033,62.902524379000056],[18.45098715100005,62.89099909100008],[18.45201356700005,62.88392464600008],[18.446185075000074,62.874481083000035],[18.430725074000065,62.86842352600007],[18.407621207000034,62.866264999000066],[18.389044212000044,62.85245912500005],[18.342549704000078,62.83948140700005],[18.32509277400004,62.84488294400006],[18.315867684000068,62.86135372000007],[18.298079520000044,62.87417662000007],[18.29052051700006,62.90152194600006],[18.262137752000058,62.88912973100008],[18.24805282500006,62.89345227800004],[18.242678799000032,62.88696536500004],[18.229263307000053,62.88678665100008],[18.211079405000078,62.88021444200007],[18.204799747000038,62.863676389000034],[18.207729753000024,62.84244410300005],[18.21998871200003,62.835151573000076],[18.24351107500007,62.84880934200004],[18.274364658000025,62.84984554200008],[18.27831285700006,62.84064953500007],[18.268566004000036,62.823070502000064],[18.252369368000075,62.81299854300005],[18.233917551000047,62.808397900000045],[18.22164757200005,62.79915235000004],[18.18977105400006,62.79437296900005],[18.181462304000036,62.79876028800004],[18.182732030000068,62.81664806100008],[18.177763725000034,62.82059587500004],[18.158755663000022,62.80384511700004],[18.144281634000038,62.78344560900007],[18.114460563000023,62.77193163900006],[18.079508915000076,62.78344273500005],[18.076070680000043,62.793082146000074],[18.067906985000036,62.79754979300003],[18.049038745000075,62.800638657000036],[18.018608466000046,62.79902426800004],[17.988447920000056,62.80905180000008],[17.987885879000032,62.81874421100008],[17.998705160000043,62.82389731400008],[18.02703473500003,62.81504371300008],[18.04702775000004,62.81814644800005],[18.10346234800005,62.81227583700007],[18.140253812000026,62.81599563800006],[18.13094873800003,62.823649885000066],[18.116356487000076,62.82575648900007],[18.099336570000048,62.83561505200004],[18.063009156000078,62.843035013000076],[18.036350957000025,62.853578725000034],[18.02548240300007,62.85188075000008],[18.01845534100005,62.84372353800006],[17.97658395600007,62.830020053000055],[17.96243462900003,62.803216243000065],[17.956269362000057,62.80198319600004],[17.946326827000064,62.80558725900005],[17.913506596000047,62.840031768000074],[17.906100063000054,62.87998397500007],[17.909167979000074,62.89267359400003],[17.91679416900007,62.904617106000046],[17.915236810000067,62.91603439900007],[17.908971999000073,62.91942984800005],[17.893765280000025,62.91492600400005],[17.875075098000025,62.91836385800008],[17.860738796000078,62.92806395800005],[17.821226273000036,62.96554657400003],[17.80109900100007,62.97197179400007],[17.793981384000062,62.982808109000075],[17.79368777800005,62.990917058000036],[17.80140341300006,62.99954676700008],[17.81441705000003,63.00377664100006],[17.812181270000053,63.00881404900008],[17.78968056900004,63.01675982300003],[17.779114367000034,63.01670261700008],[17.77043494000003,63.01058899700007],[17.75648532200006,62.992707514000074],[17.741413558000033,62.98463159600004],[17.695880571000032,62.99723888500006],[17.70607037900004,62.98147127700008],[17.751741940000045,62.967456404000075],[17.783703315000025,62.94277030500007],[17.81023619700005,62.939254144000074],[17.825058605000038,62.93296567300007],[17.857954796000058,62.90015555800005],[17.880814161000046,62.90066540500004],[17.868850688000066,62.88468533400004],[17.87410308400007,62.86786738700005],[17.887989080000068,62.85892020400007],[17.881634028000065,62.83111550600006],[17.867239939000058,62.82405630800008],[17.86719402500006,62.81953339800003],[17.927778497000077,62.79312207100003],[17.93599923100004,62.78019869900004],[17.93737452700003,62.768328678000046],[17.967996440000036,62.74426663600008],[17.950171616000034,62.730837491000045],[17.97571524800003,62.71907481900007],[17.98548026900005,62.70716429700008],[17.984988113000043,62.69114740100008],[17.972617601000024,62.678439911000055],[17.975165434000075,62.66962453900004],[17.98265934400007,62.66424680600005],[17.976894642000047,62.65843080700006],[17.96409273100005,62.656684203000054],[17.947177864000025,62.662434519000044],[17.93802627200006,62.67200848700003],[17.922702078000043,62.67673720200008],[17.906713119000074,62.67496033200007],[17.888998366000067,62.66829179500007],[17.856540557000073,62.677783618000035],[17.849472467000055,62.670233720000056],[17.868245727000044,62.66238778500008],[17.893925704000026,62.66251620500003],[17.92263478500007,62.65667022000008],[17.932207600000027,62.65075426200008],[17.940870950000033,62.638762016000044],[17.957770692000054,62.643401769000036],[17.980493650000028,62.64365277300004],[18.022217949000037,62.63298364800005],[18.05323062700006,62.61886474600004],[18.058292766000022,62.61132075300003],[18.049112619000027,62.59834479500006],[18.033646040000065,62.59573455200007],[18.026413511000044,62.58896621200006],[18.009530682000047,62.58313453300008],[17.983679708000068,62.56742072600008],[17.94974957200003,62.55566541200005],[17.936741604000076,62.55490281500005],[17.934183500000074,62.557144221000044],[17.946344904000057,62.56584468500006],[17.93698353700006,62.58170803200005],[17.933056799000042,62.61068130100006],[17.940086101000077,62.62450652100006],[17.93424526000007,62.62839269700004],[17.906091333000063,62.61048473400007],[17.910439969000038,62.60588117200007],[17.921008691000054,62.605721593000055],[17.924421749000032,62.59617020500008],[17.922340545000054,62.589694216000055],[17.913361906000034,62.58436632100006],[17.913338259000056,62.56674787800006],[17.906690127000047,62.55347942100008],[17.89107942100003,62.54424292400006],[17.875985632000038,62.544754847000036],[17.884694237000076,62.52732178300005],[17.88271358000003,62.51058780000005],[17.853672078000045,62.50177265900004],[17.842794043000026,62.49214466800004],[17.824461361000033,62.49069121500008],[17.81384905500005,62.48506413000007],[17.804691751000064,62.493194147000054],[17.795559274000027,62.494985245000066],[17.781910509000056,62.50339203700008],[17.759948632000032,62.50359930800005],[17.746175356000037,62.50756164200004],[17.72469829700003,62.50661089700003],[17.710137993000046,62.49864172300005],[17.688028248000023,62.49382859600007],[17.66192916400007,62.469190035000054],[17.679975355000067,62.44814754300006],[17.703985475000025,62.442266422000046],[17.705036842000027,62.43576607400007],[17.700100775000067,62.42729908500007],[17.729570292000062,62.41391033500008],[17.73216625500004,62.39401322600003],[17.729983031000074,62.39139001700005],[17.649160468000048,62.418735638000044],[17.63185756300004,62.432646816000045],[17.644555981000053,62.43764196700005],[17.638136820000057,62.44196059500007],[17.631337554000027,62.44155662500003],[17.623209307000025,62.43505683400008],[17.613833486000033,62.43818048900005],[17.59055052800005,62.43839789300006],[17.536333666000075,62.45069087500008],[17.523344499000075,62.46286265600003],[17.511706782000033,62.486960288000034],[17.479433149000045,62.512689830000056],[17.464242029000047,62.51931662800007],[17.457614790000036,62.53035999700006],[17.454992634000064,62.52709319200005],[17.45470896200004,62.50993461500008],[17.43742306200005,62.514021539000055],[17.432294530000036,62.52242414800003],[17.43514827200005,62.53681984200006],[17.433133318000046,62.54049431900006],[17.424726084000042,62.52510413300007],[17.42966571200003,62.512304338000035],[17.426922384000022,62.50583257800008],[17.401689891000046,62.49890577100007],[17.347949878000065,62.49107006300005],[17.337280520000036,62.48482418900005],[17.33390943200004,62.47553185700008],[17.322403457000064,62.47266397200008],[17.360077268000055,62.46051306500004],[17.377546207000023,62.44795028700008],[17.38684013200003,62.43571581300006],[17.390399493000075,62.408485976000065],[17.388091132000056,62.401485441000034],[17.368057195000063,62.39456278300008],[17.348412174000032,62.39398617400008],[17.339323664000062,62.38916022700005],[17.358225353000023,62.380227242000046],[17.369075473000066,62.37024095400005],[17.37196960800003,62.35630420100006],[17.37088046200006,62.33667885400007],[17.379740299000048,62.31532751100008],[17.38807345400005,62.31501221900004],[17.40623382900003,62.33030916000007],[17.41901279500007,62.33085253000007],[17.444905021000068,62.31730242400005],[17.459310392000077,62.30316626700005],[17.45788499500003,62.29077169800007],[17.48312162700006,62.27570287900005],[17.477657717000056,62.27099066100004],[17.46375728000004,62.26985154700003],[17.46570837400003,62.264686753000035],[17.50212593400005,62.25784327000008],[17.52256490700006,62.249569275000056],[17.55699975700003,62.25245238900004],[17.60664943200004,62.241313224000066],[17.638843816000076,62.23878822000006],[17.64998937000007,62.23319125800003],[17.633613695000065,62.21527502300006],[17.62104318300004,62.211670748000074],[17.607612666000023,62.21254542400004],[17.600607505000028,62.20329945300006],[17.55542305800003,62.188022069000056],[17.532113,62.19475383500003],[17.528276644000073,62.202882611000064],[17.540058652000027,62.209998693000045],[17.567056337000054,62.21443536500004],[17.569874566000067,62.21811894900003],[17.567579951000027,62.22222024100006],[17.54237706200007,62.22911214000004],[17.502841529000023,62.22478685300007],[17.49804361400004,62.21715986900006],[17.499788158000058,62.20563743900004],[17.512177733000044,62.19027177000004],[17.529462628000033,62.18608803400008],[17.535060541000064,62.175565207000034],[17.52837981500005,62.17004612300008],[17.51817830300007,62.16777026700004],[17.509870645000035,62.17405469400006],[17.50724916300004,62.14934483800005],[17.48929991500006,62.13695038700007],[17.316731365000066,62.15646061100006],[17.222362400000065,62.15037526100008],[17.20153222400006,62.16180457100006],[17.16084166400003,62.16252470500007],[17.144489758000077,62.15715541600008],[17.11819447700003,62.15580698100007],[17.06989869100005,62.16325081000008],[17.03294927500002,62.159976820000054],[16.979262214000073,62.16455961500003],[16.963298432000045,62.16285625200004],[16.948762265000028,62.165939551000065],[16.942970175000028,62.17069267900007],[16.890899583000078,62.17575616800008],[16.79751832900007,62.20201890800007],[16.64165140500006,62.21264883300006],[16.521782935000033,62.23285904100004],[16.436217206000038,62.23626197100003],[16.23029172400004,62.23451602200004],[16.01813149700007,62.258690107000064],[15.614001414000029,62.34337244800008],[15.506926416000056,62.337997544000075],[15.381724732000066,62.297771527000066],[15.327339682000058,62.272083534000046],[15.284788725000055,62.29173429400004],[15.149726668000028,62.249926740000035],[14.93980824700003,62.32067522300008],[14.895742527000039,62.356728727000075],[14.868265701000041,62.38756002400004],[14.866840943000057,62.39262596700007],[14.873140549000027,62.40158473500003],[14.800272878000044,62.40427804400008],[14.797614693000071,62.46234278400004],[14.83625461500003,62.46034579500008],[14.847313863000068,62.46749228900006],[14.84100397700007,62.47490284300005],[14.839545789000056,62.48825036100004],[14.827307511000072,62.50938492600005],[14.803022686000077,62.52875642600003],[14.807892605000063,62.56322635100008],[14.785600601000056,62.58884442500005],[14.966555219000043,62.60006456100007],[15.095477749000054,62.583805408000046],[15.128065051000021,62.56091017600005],[15.246186205000072,62.59977956900008],[15.516901261000044,62.61730615100004],[15.635125603000063,62.63229276700008],[15.964405163000038,62.71258263200008],[16.130068505000054,62.69180162600003],[16.245932142000072,62.71008016500008],[16.369146606000072,62.69563291800006],[16.42040293100007,62.76984026100007],[16.49451859900006,62.808063434000076],[16.66860359700007,62.914898237000045],[16.678977624000026,62.91233229000005],[16.700254485000073,62.92010680000004],[16.712656852000066,62.91709140900008],[16.723917957000026,62.92209071500008],[16.86879687000004,62.93100809900005],[16.99903168000003,62.94648299200003],[16.89369600200007,63.01297276100007],[16.670904396000026,63.13707275200005],[16.59837121000004,63.17407196400006],[16.276567572000033,63.300649828000076],[16.28370962200006,63.311079763000066],[16.248855758000047,63.312533544000075],[16.197609424000063,63.33216792700006],[16.19937390900003,63.33869760300007],[16.14769874500007,63.35575914300006],[16.136797555000044,63.35431771600008],[16.100868201000026,63.36723886200008],[16.101543953000032,63.37032910700003],[16.131447363000063,63.38312961100007],[16.13976023200007,63.42018568600008],[16.057464827000047,63.44567329900008],[16.04552588400003,63.446501613000066],[16.017207246000055,63.43051991700008],[15.967853039000033,63.443660270000066],[15.99571680500003,63.54144215200006],[15.989572355000064,63.555087169000046],[15.928518705000045,63.59176923400008],[15.845041107000043,63.63094129800004],[15.809405887000025,63.65854517200006],[15.894027023000035,63.67978321900006],[15.901608528000054,63.67694607100003],[15.907464626000035,63.66762778900005],[15.917136410000069,63.662001452000084],[15.938153475000036,63.65732904300006],[15.979356027000051,63.65542934500007],[16.08918254500003,63.70100352500003],[16.222054977000028,63.66296971000003],[16.260232554000027,63.660668644000054],[16.32109951500007,63.69463917300004],[16.340018672000042,63.693157642000074],[16.36291336000005,63.69746259400006],[16.512397244000056,63.70329080200008],[16.60447802300007,63.71364110500008],[16.59827886200003,63.74805165500004],[16.575500740000052,63.78314840400003],[16.56581027800007,63.81578184500006],[16.576633342000036,63.86043740700006],[16.585296349000032,63.87610123300004],[16.718954069000063,64.02787808000005],[16.878244549000044,63.949932078000074],[17.317031790000044,63.908160914000064],[17.684452014000044,63.88280098000007]]],[[[17.554053515000078,62.172136339000076],[17.548003763000054,62.170608274000074],[17.541076364000048,62.17462653200005],[17.549171973000057,62.176549640000076],[17.554053515000078,62.172136339000076]]],[[[17.68746802000004,62.18414096400005],[17.68021399500003,62.18051583500005],[17.67157601100007,62.18155594500007],[17.677747499000077,62.18909146000004],[17.68746802000004,62.18414096400005]]],[[[17.705388011000025,62.187916975000064],[17.690835297000035,62.18557932900006],[17.681354209000062,62.19271095900007],[17.683790501000033,62.20113772000008],[17.679178126000068,62.209138565000046],[17.68177511400006,62.21572856600005],[17.69762122900005,62.229520953000076],[17.716878965000035,62.22851178700006],[17.730825652000078,62.22206095400003],[17.742523754000047,62.22107006900006],[17.744458863000034,62.21839605900004],[17.738093633000062,62.20802817200007],[17.705388011000025,62.187916975000064]]],[[[17.500868953000065,62.289179499000056],[17.500219066000057,62.27729583200005],[17.489799909000055,62.27803046900004],[17.496028495000076,62.28943458300006],[17.500868953000065,62.289179499000056]]],[[[17.397644263000075,62.32864086300003],[17.392962519000037,62.32696340500007],[17.387865427000065,62.33302306600007],[17.393122963000053,62.335497313000076],[17.397644263000075,62.32864086300003]]],[[[17.555516345000058,62.34739435900008],[17.557484130000034,62.34160143300005],[17.547876620000068,62.34573905000008],[17.555516345000058,62.34739435900008]]],[[[17.37742374900006,62.383183071000076],[17.36761834500004,62.38472162100004],[17.37340815600004,62.38808748100007],[17.37742374900006,62.383183071000076]]],[[[17.590423136000027,62.38019960200006],[17.55151802000006,62.38374870400003],[17.54316198400005,62.38810618000008],[17.550384718000032,62.39499893200008],[17.570242287000042,62.40341003700007],[17.58076376400004,62.40320659000008],[17.591360128000076,62.39240522400007],[17.586093790000064,62.39139856300005],[17.591233768000052,62.38508334800008],[17.590423136000027,62.38019960200006]]],[[[17.553437389000067,62.405898508000064],[17.548697169000036,62.39687681500004],[17.53844437500004,62.39506170000004],[17.532036495000057,62.39731889300003],[17.535075722000045,62.40521150100005],[17.545033181000065,62.404477934000056],[17.547602405000077,62.40798640200006],[17.553437389000067,62.405898508000064]]],[[[17.72321313300006,62.436217800000065],[17.714435558000048,62.43776559000008],[17.719015537000075,62.439695537000034],[17.72321313300006,62.436217800000065]]],[[[17.55846384700004,62.43084761600005],[17.538993133000076,62.42601009200007],[17.521423776000063,62.43526212100005],[17.526280373000077,62.44018667700004],[17.53636493500005,62.441042038000035],[17.553740849000064,62.43648200200005],[17.55846384700004,62.43084761600005]]],[[[17.457397695000054,62.47127688000006],[17.44997307400007,62.47352360900004],[17.455776481000044,62.475461360000054],[17.457397695000054,62.47127688000006]]],[[[17.38079181100005,62.479667032000066],[17.39489836200005,62.47523169200008],[17.40724183900005,62.47587377500008],[17.469183247000046,62.46549508600003],[17.468049648000033,62.469882563000056],[17.47266055600005,62.471620279000035],[17.475099801000056,62.46407133000008],[17.485672828000077,62.460190831000034],[17.494900302000076,62.45030731700007],[17.479670948000035,62.44658376600006],[17.475699216000066,62.43527809800008],[17.50146258600006,62.424008248000064],[17.517908899000076,62.41055252500007],[17.522318039000027,62.40084623200005],[17.519957763000036,62.38851114000005],[17.52345380400004,62.378839321000044],[17.52189652900006,62.372013895000066],[17.528878233000057,62.36027354300006],[17.513424346000022,62.36213850300004],[17.500170903000026,62.35729556900003],[17.482252800000026,62.35770579200005],[17.455725578000056,62.36420894000008],[17.444256302000042,62.357757839000044],[17.44324412000003,62.35409420700006],[17.43479880600006,62.35320913900006],[17.414602260000038,62.36009818700006],[17.404747545000077,62.37260551500003],[17.403786996000065,62.381867500000055],[17.410857844000077,62.40610740200003],[17.402595245000043,62.43413996500004],[17.391386972000078,62.45248546400006],[17.368230478000044,62.472012644000074],[17.371075869000038,62.47825716800003],[17.38079181100005,62.479667032000066]]],[[[17.365158402000077,62.48879750200007],[17.35739273300004,62.48775737200003],[17.36168936100006,62.491603729000076],[17.365158402000077,62.48879750200007]]],[[[17.378527879000046,62.49012799500008],[17.374950099000046,62.48690473600004],[17.370007988000054,62.48899370000004],[17.378527879000046,62.49012799500008]]],[[[17.767911602000027,62.498776547000034],[17.76021674900005,62.49853889500008],[17.765005447000078,62.50118696000004],[17.767911602000027,62.498776547000034]]],[[[17.46612447700005,62.50710773900005],[17.459110590000023,62.50986553700005],[17.464402603000053,62.510866848000035],[17.46612447700005,62.50710773900005]]],[[[18.100493092000022,62.655433231000075],[18.079168835000075,62.64151294700008],[18.04836428300007,62.64718905500007],[18.006200352000064,62.66271394200004],[18.01999051300004,62.66920541500008],[18.067190006000033,62.672170521000055],[18.100493092000022,62.655433231000075]]],[[[18.108124366000027,62.68113370100008],[18.105564884000046,62.67720649600005],[18.100245081000025,62.67783713700004],[18.10374093400003,62.68156422000004],[18.108124366000027,62.68113370100008]]],[[[17.989366234000045,62.73628646000003],[17.98528400200007,62.73080433900003],[17.97404460100006,62.73329819500003],[17.98085855000005,62.73867279500007],[17.989366234000045,62.73628646000003]]],[[[18.023195582000028,62.748307648000036],[18.019639444000063,62.744509856000036],[18.01248473100003,62.748696980000034],[18.01955597400007,62.75186691300007],[18.023195582000028,62.748307648000036]]],[[[18.084411284000055,62.746568195000066],[18.099944364000066,62.74290825200006],[18.119316097000024,62.752066170000035],[18.14549414100003,62.75009151100005],[18.158628363000048,62.734350954000035],[18.15582863800006,62.72500020800004],[18.139713741000037,62.71354770100004],[18.138795564000077,62.70721278600007],[18.116758245000028,62.70908706900008],[18.109514524000076,62.70462994400003],[18.11109600800006,62.698943719000056],[18.122128468000028,62.69991558100003],[18.129142407000074,62.696124577000035],[18.126244643000064,62.68835767600007],[18.104261792000045,62.68577895900006],[18.08033109400003,62.67654056300006],[18.031358737000062,62.67339462700005],[17.99796347100005,62.68835767600007],[18.00570580400006,62.71900679100008],[18.023631892000026,62.73322598900006],[18.024340154000072,62.743887405000066],[18.029942247000065,62.75141752900004],[18.05496591600007,62.75898599200008],[18.072772316000055,62.75750911200004],[18.080429836000064,62.75317546400004],[18.084411284000055,62.746568195000066]]],[[[18.137701097000047,62.76392023500006],[18.13409996000007,62.759233735000066],[18.12605525200007,62.763708887000064],[18.130716730000074,62.76888673000008],[18.137701097000047,62.76392023500006]]],[[[18.160019222000074,62.76624071600003],[18.15382155800006,62.76579016200003],[18.145551126000043,62.77141002400003],[18.15487072800005,62.77296733400004],[18.160019222000074,62.76624071600003]]],[[[18.204415248000032,62.75574430100005],[18.196105316000057,62.753617588000054],[18.197144485000024,62.75806993800006],[18.191229658000054,62.76102813800003],[18.215026884000054,62.78115274600003],[18.226812549000044,62.784462888000064],[18.240517496000052,62.78377578300007],[18.229456138000046,62.773107183000036],[18.21456921200007,62.76810849000003],[18.204415248000032,62.75574430100005]]],[[[17.993285478000075,62.75567456600004],[17.946428497000056,62.78681792100008],[18.001864874000034,62.78652183400004],[18.02614800200007,62.767862799000056],[18.01132473100006,62.75657249400007],[17.993285478000075,62.75567456600004]]],[[[18.06077982100004,62.79201213300007],[18.05599701700004,62.790020921000064],[18.050176752000027,62.79296826400008],[18.05631532900003,62.79481777700005],[18.06077982100004,62.79201213300007]]],[[[17.91920024600006,62.82292511700007],[17.91558862000005,62.82098694000007],[17.910150472000055,62.82355631300004],[17.91504963600005,62.825483044000066],[17.91920024600006,62.82292511700007]]],[[[18.31929395800006,62.82429189000004],[18.315469025000027,62.820560208000074],[18.308006327000044,62.82153512500008],[18.31432181200006,62.82556410300003],[18.31929395800006,62.82429189000004]]],[[[18.098081164000064,62.828723902000036],[18.092851560000042,62.82397095500005],[18.087553916000047,62.826791194000066],[18.093662895000023,62.83035494900008],[18.098081164000064,62.828723902000036]]],[[[18.02027245900007,62.827759126000046],[18.01606680900005,62.82605266100006],[18.010870374000035,62.82876974100003],[18.016309702000058,62.83063659100003],[18.02027245900007,62.827759126000046]]],[[[18.340922654000053,62.83131050600008],[18.336789577000047,62.82881926600004],[18.331864754000037,62.83075579500007],[18.337288324000042,62.83330432100007],[18.340922654000053,62.83131050600008]]],[[[18.307136110000044,62.83349636500003],[18.30392458500006,62.82982608200007],[18.298055378000072,62.83031481200004],[18.294353969000042,62.83805182800006],[18.301972043000035,62.84482846800006],[18.307136110000044,62.83349636500003]]],[[[18.411462576000076,62.84816103300005],[18.408000731000072,62.84327428800003],[18.402755529000046,62.84682425600005],[18.411462576000076,62.84816103300005]]],[[[17.904036916000052,62.84965860400007],[17.90157964100007,62.84965860400007],[17.900873596000054,62.85685379300003],[17.905221174000076,62.857327197000075],[17.904036916000052,62.84965860400007]]],[[[18.309405194000078,62.86042555700004],[18.305187446000048,62.857438278000075],[18.29975931000007,62.85941622800004],[18.30489957700007,62.86208690600006],[18.309405194000078,62.86042555700004]]],[[[18.42277417400004,62.858729405000076],[18.414948650000042,62.85566596700005],[18.405022849000034,62.86055760200003],[18.41549128500003,62.86362574300006],[18.42277417400004,62.858729405000076]]],[[[18.475966743000072,62.86104844600004],[18.469020383000043,62.86620089400003],[18.47972192800006,62.86697333500007],[18.475966743000072,62.86104844600004]]],[[[18.481139469000027,62.87256099800004],[18.47693768000005,62.87132863000005],[18.47160222100007,62.88012009900007],[18.47498090700003,62.883542308000074],[18.481771365000043,62.88220260800006],[18.485840281000037,62.87393972700005],[18.481139469000027,62.87256099800004]]],[[[18.471471275000056,62.882008529000075],[18.46790912800003,62.879992910000055],[18.462551013000052,62.882443366000075],[18.467351998000026,62.88454331200006],[18.471471275000056,62.882008529000075]]],[[[17.897796825000057,62.88231588600007],[17.889377852000052,62.87948604800005],[17.882853125000054,62.882871185000056],[17.89469868900005,62.88885530500005],[17.897796825000057,62.88231588600007]]],[[[18.534482129000025,63.01794879000005],[18.52732648500006,63.01687775400006],[18.53026554400003,63.020400374000076],[18.534482129000025,63.02043291200005],[18.534482129000025,63.01794879000005]]],[[[18.582450728000026,63.03150400200008],[18.578581779000046,63.02762966700004],[18.572178483000073,63.034998951000034],[18.578909234000037,63.03943360900007],[18.58648862700005,63.03554752200006],[18.582450728000026,63.03150400200008]]],[[[18.41325593700003,63.03681792300006],[18.408560903000023,63.03499371700008],[18.402279424000028,63.03815557100006],[18.408750303000033,63.03985543500005],[18.41325593700003,63.03681792300006]]],[[[18.558977626000058,63.03935835600004],[18.553827331000036,63.03882306300005],[18.54763696300006,63.04489911500008],[18.557532765000076,63.04577195100006],[18.558977626000058,63.03935835600004]]],[[[18.54051916000003,63.06335897900004],[18.54180180700007,63.05775939500006],[18.553601451000077,63.06088429600004],[18.566231510000023,63.05993023900004],[18.561383525000053,63.053492316000074],[18.543274970000027,63.051792513000066],[18.54392998700007,63.039690809000035],[18.533912446000045,63.03120137700006],[18.519282007000072,63.03030840300005],[18.51307316900005,63.02164305000008],[18.50019320100006,63.02001786400007],[18.48844133600005,63.02811478500007],[18.498907878000068,63.03387058900006],[18.492451903000074,63.04283190700005],[18.492148362000023,63.04838160200006],[18.504206338000074,63.05779097300007],[18.515366164000056,63.05863970200005],[18.53256030500006,63.06787440900007],[18.54051916000003,63.06335897900004]]],[[[18.568705054000077,63.06984835000003],[18.565511506000064,63.067268693000074],[18.559985678000032,63.06974131000004],[18.564910937000036,63.07188877500005],[18.568705054000077,63.06984835000003]]],[[[18.675445299000046,63.02169274100004],[18.663839623000058,63.02137664600008],[18.659694545000036,63.01682036900007],[18.65369910900006,62.98645298300005],[18.620336964000046,62.97397127000005],[18.61692897000006,62.976391625000076],[18.616661914000076,62.983257122000055],[18.623612388000026,62.995493227000054],[18.625595626000063,63.00902608300004],[18.614333427000076,63.024476177000054],[18.63773637500003,63.04780877600007],[18.63857612100003,63.06009007700004],[18.669071509000048,63.07594058900008],[18.68902212200004,63.076126216000034],[18.69337526100003,63.07026336500007],[18.705916244000036,63.064125270000034],[18.697763097000063,63.055769921000035],[18.68130376700003,63.05063946300004],[18.675157734000038,63.04355740500006],[18.67258744700007,63.02734388400006],[18.675445299000046,63.02169274100004]]],[[[18.742940198000042,63.06507447700005],[18.73634593500003,63.06658236900006],[18.734113970000067,63.07310480700005],[18.740154785000072,63.076958079000065],[18.742940198000042,63.06507447700005]]],[[[18.61752823000006,63.05583103500004],[18.615918644000033,63.05265853700007],[18.605999026000063,63.06132680400003],[18.60259381700007,63.07336179500004],[18.608827877000067,63.07845548100005],[18.617901191000044,63.08027528300005],[18.62909921000005,63.08039947000003],[18.634685228000023,63.07739815700006],[18.62490682300006,63.07037425800007],[18.61752823000006,63.05583103500004]]],[[[18.72851405600005,63.06657156500006],[18.72446011200003,63.06960777100005],[18.721032422000064,63.08341710000008],[18.726284517000067,63.08654141800008],[18.730547794000074,63.085767297000075],[18.72851405600005,63.06657156500006]]],[[[18.544337136000024,63.10549952200006],[18.53585889200002,63.10871191600006],[18.541535182000075,63.110139110000034],[18.544337136000024,63.10549952200006]]],[[[18.60493725300006,63.107843709000065],[18.60048008600006,63.10555813600007],[18.59681303900004,63.109467960000075],[18.60493725300006,63.107843709000065]]],[[[18.640009278000036,63.11033994600007],[18.62856153200005,63.10896903200006],[18.634155548000024,63.112123789000066],[18.640009278000036,63.11033994600007]]],[[[18.57601790500007,63.116644937000046],[18.56889158100006,63.11520318400005],[18.56231593600006,63.11919633400004],[18.57068366900006,63.121090465000066],[18.57601790500007,63.116644937000046]]],[[[18.764351469000076,63.116776935000075],[18.761579418000053,63.11534047600003],[18.75304322100004,63.11993397500004],[18.755443256000035,63.12935765700007],[18.766600307000033,63.128374852000036],[18.764351469000076,63.116776935000075]]],[[[18.622565568000027,63.11979702000008],[18.614455667000072,63.12216915700003],[18.616172407000022,63.13082689300006],[18.621265617000063,63.12865722400005],[18.622565568000027,63.11979702000008]]],[[[18.64015841400004,63.11876496200006],[18.63739500300005,63.11419752900008],[18.63300632200003,63.11563853200005],[18.630932961000042,63.12483810400005],[18.62610915700003,63.12865722400005],[18.62894482400003,63.13312744800004],[18.639816241000062,63.12865722400005],[18.64015841400004,63.11876496200006]]],[[[18.807889353000064,63.14024558700004],[18.791301817000033,63.13234448900005],[18.75636941500005,63.139799606000054],[18.767740798000034,63.14538000200008],[18.792486401000076,63.14758159500008],[18.807889353000064,63.14024558700004]]],[[[18.681383054000037,63.133954964000054],[18.682160113000066,63.12957610600006],[18.66542693400004,63.13255996600003],[18.651487135000025,63.13978620700004],[18.647646722000047,63.14541741100004],[18.65701012200003,63.153489999000044],[18.67448611900005,63.14978456400007],[18.679440725000063,63.14490032200007],[18.681383054000037,63.133954964000054]]],[[[18.869135294000046,63.14997548200006],[18.86277215700005,63.14546984500004],[18.85526065600004,63.14862429400006],[18.82716270700007,63.150505113000065],[18.834813290000056,63.15678339300007],[18.849775756000042,63.16052782500003],[18.864143204000072,63.157015614000045],[18.869135294000046,63.14997548200006]]],[[[18.752029394000033,63.158831097000075],[18.74536269300006,63.15696757900008],[18.736820918000035,63.163890105000064],[18.738935138000045,63.17081662100003],[18.749488805000055,63.16775356000005],[18.752029394000033,63.158831097000075]]],[[[18.62896504200006,63.17805586600008],[18.62612331500003,63.175095587000044],[18.620366669000077,63.17686242900004],[18.62495838700005,63.17962647300004],[18.62896504200006,63.17805586600008]]],[[[18.79975943900007,63.18478833700004],[18.79337518500006,63.17866879400003],[18.78195548900004,63.184717411000065],[18.793467304000046,63.19107923900003],[18.79975943900007,63.18478833700004]]],[[[18.881517346000066,63.17437181300005],[18.871374712000033,63.16511007000008],[18.85649178400007,63.165725198000075],[18.87524510800006,63.183952669000064],[18.885466672000064,63.187562091000075],[18.87822923600004,63.19107352300006],[18.882420394000064,63.197249673000044],[18.903899325000054,63.19846648500004],[18.908916395000062,63.196209157000055],[18.889859354000066,63.18839759600007],[18.89145704200007,63.18344824300004],[18.881517346000066,63.17437181300005]]],[[[18.965827596000054,63.19688738200006],[18.96140153700003,63.194119260000036],[18.955726783000046,63.196200360000034],[18.96094664700007,63.19880341800007],[18.965827596000054,63.19688738200006]]],[[[18.92472169000007,63.20521261500005],[18.914803456000072,63.20426610700008],[18.907333463000043,63.21112354200005],[18.910299133000024,63.21908667300005],[18.92061095500003,63.22722410600005],[18.94016931500005,63.22080675300003],[18.92472169000007,63.20521261500005]]],[[[18.844480266000062,63.245195814000056],[18.83881897400005,63.24312901300004],[18.831487627000058,63.246701347000055],[18.839218153000047,63.24869045600008],[18.844480266000062,63.245195814000056]]],[[[19.126810627000054,63.25721234200006],[19.12392855400003,63.254174198000044],[19.118113245000075,63.25592878100008],[19.122811426000055,63.25864848900005],[19.126810627000054,63.25721234200006]]],[[[18.898656466000034,63.24439576800006],[18.880958597000074,63.239470382000036],[18.865464732000078,63.24552890600006],[18.859689409000055,63.25252606400005],[18.86833697800006,63.26191569700006],[18.884427302000063,63.26457178100003],[18.898656466000034,63.24439576800006]]],[[[19.176013457000067,63.27796125200007],[19.17918376800003,63.271180507000054],[19.175495461000025,63.26740194300004],[19.165158801000075,63.27164051200003],[19.155073645000073,63.26811423200007],[19.149723565000045,63.269952414000045],[19.159253440000043,63.278042354000036],[19.16674966900007,63.28007278300004],[19.176013457000067,63.27796125200007]]],[[[19.155073255000048,63.27897584600004],[19.151185114000043,63.27759004400008],[19.141248330000053,63.283554466000055],[19.147008695000068,63.28966805700003],[19.157182070000033,63.28517892100007],[19.155073255000048,63.27897584600004]]],[[[19.204585313000052,63.31865527400004],[19.200613747000034,63.31569469300007],[19.193656701000066,63.317571790000045],[19.200375971000028,63.32088349300005],[19.204585313000052,63.31865527400004]]],[[[19.235845195000024,63.32297848700006],[19.231711819000054,63.31972350600006],[19.225538130000075,63.32151132100006],[19.231040756000027,63.32471876200003],[19.235845195000024,63.32297848700006]]],[[[19.148266743000022,63.323047674000065],[19.143892739000023,63.318233760000055],[19.136383585000033,63.32081485700007],[19.14245281700005,63.325848086000065],[19.148266743000022,63.323047674000065]]]]}},{"type":"Feature","properties":{"code":"H","name":"Kalmar","sourceCode":"SE213"},"geometry":{"type":"MultiPolygon","coordinates":[[[[16.300698942000054,58.12702232300006],[16.332130591000066,58.11728661500007],[16.359289154000066,58.12902041400008],[16.386095112000078,58.13361761300007],[16.391628410000067,58.12941755700007],[16.41223059300006,58.12826572500006],[16.43143872400003,58.11437675700006],[16.45555869800006,58.111135397000055],[16.467020452000042,58.098618016000046],[16.486425325000027,58.091069204000064],[16.495558682000024,58.09289991300005],[16.529776146000074,58.11353937500007],[16.55305148700006,58.10701372700004],[16.567434235000064,58.098107483000035],[16.566903154000045,58.08548785800008],[16.60239380300004,58.056516126000076],[16.59714600500007,58.04967426300004],[16.602747693000026,58.04478784400004],[16.60358454200002,58.03465573900007],[16.627225382000063,58.01285356600005],[16.627238646000023,58.00388693000008],[16.656201045000046,57.99316229500005],[16.66673079700007,57.996029702000044],[16.667933377000054,57.98488534100005],[16.664323565000075,57.97663024900004],[16.67496134700002,57.97423894100007],[16.684821404000047,57.98071060700005],[16.70625079000007,57.96566784500004],[16.726234662000024,57.95842760100004],[16.725286045000075,57.97273126500005],[16.755172780000066,57.99449307500004],[16.777824618000068,57.999628623000035],[16.80129475500007,57.99412799100003],[16.80625936000007,57.98418112100006],[16.80506497700003,57.97691498900008],[16.791774635000024,57.97208616200004],[16.786069530000077,57.965351447000046],[16.789697713000066,57.96343445900004],[16.789660945000037,57.95541276600005],[16.795904661000066,57.950659692000045],[16.79810821800004,57.94417645500005],[16.78739576600003,57.94145423700007],[16.77707719400007,57.944649060000074],[16.782617108000068,57.96331678800004],[16.769151942000065,57.94619867000006],[16.771752383000035,57.93554669200006],[16.790219525000055,57.92262025200006],[16.793761320000044,57.91529719700003],[16.76411807900007,57.915976613000055],[16.751167389000045,57.92139254300008],[16.747844520000058,57.91914795900004],[16.753859979000026,57.91143538300008],[16.778343293000034,57.903589116000035],[16.769934185000068,57.89631929900003],[16.78336483000004,57.88271210200003],[16.78427757000003,57.87260218000006],[16.770367841000052,57.86433010300004],[16.761668831000065,57.864808597000035],[16.701378920000025,57.89866530900008],[16.679439036000076,57.87953821100007],[16.656276237000043,57.88138336800006],[16.641465804000063,57.888673709000045],[16.622160377000057,57.88706263300003],[16.600002149000034,57.920713282000065],[16.60878043500003,57.924382054000034],[16.636480274000064,57.91724437800008],[16.640865955000038,57.91921317400005],[16.606771543000036,57.93840345400008],[16.59295925600003,57.952227563000065],[16.57673575800004,57.955435815000044],[16.55475242400007,57.96984930800005],[16.53790623900005,57.97570355300007],[16.520023808000076,57.99228600200007],[16.509849365000036,57.99545174600007],[16.50189460300004,57.99056041100005],[16.505665686000043,57.973830140000075],[16.52687129900005,57.95656592600005],[16.58487854300006,57.932539011000074],[16.58113341400002,57.92220113900004],[16.571349852000026,57.912150463000046],[16.57782435100006,57.90532585100004],[16.588543495000067,57.88146553000007],[16.582276501000024,57.87906425300008],[16.574227595000025,57.880967016000056],[16.548901329000046,57.89659957200007],[16.53167653400004,57.897690082000054],[16.485807743000066,57.90893300500005],[16.48319039100005,57.90768958800004],[16.49577486100003,57.89711933500007],[16.48166476700004,57.89079478600007],[16.524737880000032,57.86852115500005],[16.547635746000026,57.83956383600008],[16.570621827000025,57.833642413000064],[16.665290774000027,57.775934706000044],[16.70010628600005,57.761604942000076],[16.713616864000073,57.74586992700006],[16.71273833500004,57.73650389300008],[16.70825826500004,57.73717037100005],[16.697483297000076,57.75057340600006],[16.681890887000066,57.760485362000054],[16.639065345000063,57.76771728500006],[16.60278441500003,57.798904296000046],[16.57001133500006,57.81988561700007],[16.542704443000048,57.830418759000054],[16.528378615000065,57.84534338000003],[16.491867083000045,57.85004515300005],[16.442920860000072,57.869544277000045],[16.42194048300007,57.88918902300003],[16.41672074300004,57.88755234000007],[16.415550997000025,57.87578051000003],[16.439824384000076,57.85475352900005],[16.448100563000025,57.836425484000074],[16.465144701000042,57.834058395000056],[16.46474555100002,57.84425313400004],[16.467822605000038,57.84579997000003],[16.486132791000045,57.83284891300008],[16.50554767500006,57.830084843000066],[16.550631544000055,57.812914516000035],[16.584199582000053,57.78989842200008],[16.64612826700005,57.75713283200008],[16.667764439000052,57.75124717500006],[16.67736107500002,57.72819799400003],[16.707061631000045,57.72049259400006],[16.71681862300005,57.70515684000003],[16.70923097900004,57.69424350000003],[16.720491521000042,57.68083340700008],[16.690767237000045,57.68443229300004],[16.659803458000056,57.68163888500004],[16.62549237500002,57.68679980400003],[16.599255904000074,57.69681785900008],[16.573369744000047,57.720729479000056],[16.566606233000073,57.72205251400004],[16.593939371000033,57.68852256000008],[16.616431331000058,57.683030561000066],[16.642315040000028,57.670317959000045],[16.63856944500003,57.65882125600007],[16.62397703000005,57.64723004400008],[16.637138205000042,57.63916126200007],[16.647540322000054,57.60947702700008],[16.641302694000046,57.603968688000066],[16.62299796800005,57.60208206600004],[16.618186423000054,57.59861616900008],[16.630307174000052,57.58740667200004],[16.634246645000076,57.57543584500007],[16.65078952400006,57.569324374000075],[16.65785838900007,57.56221560600005],[16.64258102200006,57.55997933800006],[16.610169300000052,57.577901448000034],[16.60163868500007,57.58850379300003],[16.59514688300004,57.607510482000066],[16.584706810000057,57.59562065500006],[16.579375283000047,57.59432630900005],[16.569147204000046,57.600050569000075],[16.55940492900004,57.61531107800005],[16.524906035000072,57.62251564500008],[16.523834803000057,57.620394858000054],[16.535182685000052,57.61117776300006],[16.539727560000074,57.60133980300003],[16.520226039000022,57.58678636900004],[16.51471146800003,57.576981397000054],[16.540937718000066,57.579400055000065],[16.54995924900004,57.57104298300004],[16.550866342000063,57.56373391300008],[16.57444745300006,57.55911559900005],[16.58766701600007,57.54626852500007],[16.599503182000035,57.55235082300004],[16.627340314000037,57.550671012000066],[16.661112322000065,57.54377929100008],[16.662742411000067,57.53636407800008],[16.64300085700006,57.536711497000056],[16.638213473000064,57.53407897100004],[16.65238683800004,57.51504033300006],[16.668393326000057,57.51193030600007],[16.684454929000026,57.498637046000056],[16.70195392200003,57.49191508800004],[16.70581309100004,57.484155487000066],[16.699726631000033,57.48137933900006],[16.691370532000064,57.46941395500005],[16.67568667200004,57.46808179900006],[16.66305804700005,57.46166590200005],[16.671157750000077,57.45654022100007],[16.708846117000064,57.454104759000074],[16.720096005000073,57.44491733700005],[16.71465366700005,57.435539016000064],[16.69812907100004,57.43272305800008],[16.691370532000064,57.424242167000045],[16.674520849000032,57.41293348000005],[16.64354288800007,57.405011082000044],[16.628966689000038,57.383953673000065],[16.62913883400006,57.37273446200004],[16.623842886000034,57.36686638300006],[16.615204853000023,57.36663198400004],[16.593932335000034,57.376293658000066],[16.57303399400007,57.37736423500007],[16.55719306900005,57.37264860100004],[16.55903793400006,57.36252256900008],[16.555434981000076,57.35266781200005],[16.56982266800003,57.34123860600005],[16.55202667700007,57.331273940000074],[16.550021851000054,57.31372247200005],[16.509246653000048,57.299661883000056],[16.503623075000064,57.29392985900006],[16.48634600500003,57.28603515600008],[16.477286070000048,57.272144138000044],[16.46920811700005,57.266083267000056],[16.482463152000037,57.259558921000064],[16.50056540500003,57.24472009600004],[16.503507058000025,57.231801586000074],[16.473809364000033,57.21450326000007],[16.472943169000075,57.20926661000004],[16.46681957000004,57.206751902000065],[16.470117010000024,57.19847166300008],[16.45863368600004,57.19788819300004],[16.459176760000048,57.176121960000046],[16.467675891000056,57.15523994000006],[16.47656556000004,57.15584340400005],[16.492874459000063,57.14730435100006],[16.512707850000027,57.11636875000005],[16.531706340000028,57.112202403000026],[16.56898255300007,57.08678948000005],[16.568918480000036,57.07933280700007],[16.55542282500005,57.07559338800007],[16.54703229000006,57.069558346000065],[16.571216976000073,57.05644999100008],[16.57499319300007,57.04609953100004],[16.563874144000067,57.04281034600007],[16.546338397000056,57.04574040800003],[16.532837887000028,57.04253691800005],[16.530488263000052,57.055705369000066],[16.522824479000064,57.05869952100005],[16.514779818000022,57.05427192700006],[16.500597852000055,57.032246256000064],[16.46924931500007,57.03390495100007],[16.48063769600003,57.017646134000074],[16.47327647800006,56.99924574600004],[16.477882615000055,56.97591984300004],[16.475639631000035,56.97161669600007],[16.45518825000005,56.99179237200008],[16.454092,57.00463075600004],[16.45893289600002,57.016294980000055],[16.45624964700005,57.018453538000074],[16.452196139000023,57.015696915000035],[16.444369833000053,57.00524098200003],[16.438432110000065,56.98297495300005],[16.444411407000075,56.96874232500005],[16.46309991800007,56.947802194000076],[16.46565053200004,56.93822268400004],[16.460858046000055,56.92530891400003],[16.43801535600005,56.91752452600008],[16.442880728000034,56.90053792000003],[16.44079580700003,56.889486559000034],[16.442870527000025,56.88161393100006],[16.439432534000048,56.873414737000076],[16.446395223000025,56.86415273600005],[16.43831073800004,56.86405431800006],[16.432004040000038,56.85155545600003],[16.424551829000052,56.84529158600003],[16.424984825000024,56.837354591000064],[16.415776305000065,56.82657474500007],[16.416942654000025,56.81940793900003],[16.40748842200003,56.80805078600008],[16.40995729100007,56.796813145000044],[16.398857983000028,56.78676393300003],[16.41154703500007,56.77903453600004],[16.404051297000024,56.774525107000045],[16.38237636200006,56.77476212600004],[16.385758425000063,56.76669737000003],[16.368167010000036,56.76305817600007],[16.37325879800005,56.75734085500005],[16.367618247000053,56.75316104500007],[16.366248174000077,56.74276045000005],[16.37426709500005,56.72264004800007],[16.35454532600005,56.71769915500005],[16.37208694800006,56.705872500000055],[16.372040166000033,56.70099634800005],[16.365516987000035,56.693972674000065],[16.364575285000058,56.67929655200004],[16.367908852000028,56.67733969900007],[16.374367316000075,56.682427450000034],[16.379743892000022,56.68120501100003],[16.370998279000048,56.66808509700007],[16.373124263000022,56.65694675900005],[16.35622828100003,56.65798820400005],[16.33705909400004,56.65132924900007],[16.317836765000038,56.633881228000064],[16.316816680000045,56.63980839900006],[16.32257065400006,56.650229025000044],[16.317957616000058,56.65464252000004],[16.300289879000047,56.65913387900008],[16.294145376000074,56.65454885100007],[16.285075610000035,56.65691965800005],[16.27797009300002,56.65365280800006],[16.28154034100004,56.649269297000046],[16.267455101000053,56.63223353400008],[16.263660085000026,56.632027641000036],[16.260991557000068,56.637759499000026],[16.24921650300007,56.633102121000036],[16.237044259000072,56.61274221000008],[16.22559261400005,56.605006840000044],[16.22981431000005,56.59347035700006],[16.226729479000028,56.58350461300006],[16.227936647000035,56.56695684500005],[16.224695336000025,56.54871976600003],[16.213967569000033,56.52744459100006],[16.196434603000057,56.531094060000044],[16.18830090700004,56.528207620000046],[16.169783390000077,56.490068515000075],[16.160283054000047,56.48294374800008],[16.145564941000032,56.47970520800004],[16.14328146400004,56.47080805200005],[16.134557251000047,56.46663415900008],[16.130773457000032,56.46076879700007],[16.131315253000025,56.45309143000003],[16.120600827000032,56.44627430200006],[16.110125655000047,56.424602735000065],[16.101020765000044,56.418595820000064],[16.101572489000034,56.41364613500008],[16.094559725000067,56.41509252900005],[16.097076740000034,56.40310488500006],[16.08998322900004,56.38184485800008],[16.079525550000028,56.372711466000055],[16.08128882400007,56.357402910000076],[16.070751510000036,56.34402247700007],[16.06823010100004,56.33201960900004],[16.055451229000028,56.329358813000056],[16.049756804000026,56.32184840800005],[16.040967342000044,56.32156426000006],[16.02128213800006,56.31257704400008],[16.017826393000064,56.30905430000007],[16.017622145000075,56.301506036000035],[16.009296106000022,56.29813856900006],[15.981790663000027,56.300803261000055],[15.974035,56.30607212900003],[15.97059684800007,56.31311208600005],[15.962538090000066,56.31229631000008],[15.943075872000065,56.31831572800007],[15.907377022000048,56.31590925000006],[15.845286453000028,56.32207287700004],[15.823594379000042,56.33046314400008],[15.80395487900006,56.343869933000065],[15.778129569000043,56.36828504500005],[15.773762995000027,56.37961745100006],[15.764004433000025,56.38321317100008],[15.735166316000061,56.41437191500006],[15.678540648000023,56.42508574500005],[15.655965019000064,56.46099574400006],[15.638435865000076,56.45685182200003],[15.602279076000059,56.47161725900003],[15.587148266000042,56.48352364800007],[15.586830275000068,56.49171133500005],[15.582884319000073,56.49534005000004],[15.545452245000035,56.50282618700004],[15.526967220000074,56.50288688000006],[15.51125083100004,56.49219073000006],[15.513238097000055,56.48058478300004],[15.510223310000072,56.47629109400003],[15.499919481000063,56.47432482600004],[15.46821471100003,56.48649492700008],[15.447689358000048,56.48371914900008],[15.436713626000028,56.49399566100004],[15.426447167000049,56.49096176100005],[15.408496814000046,56.49714599400005],[15.385626427000034,56.500175444000035],[15.366445086000056,56.49228384700007],[15.363503653000066,56.482375958000034],[15.346115206000036,56.48405802100007],[15.338930487000027,56.49031199600006],[15.347886965000043,56.51218100700004],[15.354625781000038,56.51979193400007],[15.352881457000024,56.53278280100005],[15.359826085000066,56.55262309300008],[15.359933922000039,56.56345300400005],[15.36494007300007,56.56538797400003],[15.370434021000051,56.557926088000045],[15.378772100000049,56.55599707200008],[15.388858905000063,56.57891309300004],[15.386351035000075,56.58734866400005],[15.37546313300004,56.59316916700004],[15.366968769000039,56.60235998200005],[15.374049270000057,56.609271067000066],[15.384433706000038,56.61343257400006],[15.39354740500005,56.62573932600003],[15.416026121000073,56.64091430800005],[15.403220125000075,56.65708559400008],[15.419753211000057,56.67110095100003],[15.411352320000049,56.68351252400004],[15.418189582000025,56.69832269900007],[15.418383748000053,56.708152030000065],[15.422495204000029,56.71215186200004],[15.391065888000071,56.72327019200003],[15.389678404000051,56.73507672000005],[15.383582941000043,56.74457491000004],[15.36246021900007,56.75858008300003],[15.367489506000027,56.778807501000074],[15.383275027000025,56.78193887500004],[15.441220790000045,56.77911156300007],[15.446933758000057,56.78408869500004],[15.447252905000028,56.79598652000004],[15.491273739000064,56.796128338000074],[15.535166751000077,56.80543004500004],[15.551796693000028,56.82285556200003],[15.551890523000054,56.838012451000054],[15.53821496200004,56.85958998000007],[15.555437596000047,56.87305607600007],[15.555789140000059,56.87655006500006],[15.546699879000073,56.89034306900004],[15.527201498000068,56.90029827400008],[15.518986400000074,56.900767958000074],[15.523897908000038,56.91512713800006],[15.54245385400003,56.92679473100003],[15.554782627000066,56.928580285000066],[15.582503965000058,56.92143004700006],[15.597814945000039,56.923898895000036],[15.666065840000044,56.90274295000006],[15.698295941000026,56.91423017900007],[15.736942106000072,56.910831690000066],[15.776410870000063,56.91575601300008],[15.799416802000053,56.910984737000035],[15.833180439000046,56.94426451600003],[15.836510798000063,56.97253468900004],[15.83121227600003,56.98951064500005],[15.811301541000034,57.00904189700003],[15.784672631000035,57.02244125300007],[15.778870280000035,57.03222504900003],[15.74583999600003,57.04904467300008],[15.73005934500003,57.060741388000054],[15.719697617000065,57.07424659900005],[15.693991186000062,57.078737216000036],[15.64595302500004,57.107976559000065],[15.636988557000052,57.12773999800004],[15.61118220000003,57.131636565000065],[15.597814945000039,57.136815772000034],[15.593149374000063,57.14300674300006],[15.578257934000021,57.14715519600003],[15.553840871000034,57.14793158800006],[15.560832008000034,57.165225563000035],[15.556645081000056,57.18485582300008],[15.527411457000028,57.19260409000003],[15.51653015200003,57.20145046400006],[15.515754426000058,57.20784817900005],[15.525350606000075,57.22481432900008],[15.522320193000041,57.23595704100006],[15.511793273000023,57.24551014100007],[15.487441078000074,57.251106787000026],[15.462468736000062,57.26786249600008],[15.478709233000075,57.28044361700006],[15.469578980000051,57.296562245000075],[15.470194883000033,57.30430369100003],[15.48717730900006,57.31038529500006],[15.510929546000057,57.30845179200003],[15.513451241000041,57.328986556000075],[15.519091551000031,57.33833974600003],[15.51170488400004,57.35021992700007],[15.514736152000069,57.363525174000074],[15.497916902000043,57.373725652000076],[15.521021414000074,57.384959206000076],[15.521462456000052,57.39969805700008],[15.525642754000046,57.406270593000045],[15.495962305000035,57.41512733400003],[15.492500576000054,57.43486328700004],[15.506252791000065,57.45541558800005],[15.521413119000044,57.456743337000034],[15.551138,57.46727337000004],[15.560447442000054,57.464033649000044],[15.564342501000056,57.45719441500006],[15.573574352000037,57.450680617000046],[15.589748758000042,57.44481458300004],[15.597814945000039,57.43591623700007],[15.604095931000074,57.43620380900006],[15.61422527700006,57.442999436000036],[15.619311744000072,57.45226377900008],[15.617113399000061,57.461957115000075],[15.621571798000048,57.48457939200006],[15.625833143000023,57.49010754200003],[15.640920867000034,57.49357071600008],[15.652859701000068,57.50310910300004],[15.638886625000055,57.51192379200006],[15.63362715900007,57.52813607400003],[15.618262595000033,57.53634383500008],[15.616299836000053,57.540581839000026],[15.594428889000028,57.54711297800003],[15.575777752000022,57.54747744700006],[15.60127613000003,57.56439485100003],[15.631610660000035,57.59153058100003],[15.643900133000045,57.59070032100004],[15.665762904000076,57.59925438100004],[15.62936379100006,57.60550543000005],[15.597814945000039,57.623053206000066],[15.583749848000025,57.63637385700008],[15.518168004000074,57.660685767000075],[15.503480164000052,57.66240303600006],[15.488572728000065,57.67212198100003],[15.441094100000043,57.68533455900007],[15.421051158000068,57.70487941700003],[15.444016774000033,57.71687263900003],[15.441835922000053,57.727259840000045],[15.450777248000065,57.73255220300007],[15.43416484200003,57.74562575500005],[15.478573693000044,57.75565364100004],[15.48736869000004,57.76198370800006],[15.499697525000045,57.758777069000075],[15.512919624000062,57.76765121200003],[15.525024273000042,57.76322241100007],[15.535715714000048,57.76959455400004],[15.553176304000033,57.77307165800005],[15.54310836600007,57.78833397200003],[15.597814945000039,57.82122027500003],[15.605525464000038,57.831439368000076],[15.601773786000024,57.85375559900007],[15.620739333000074,57.85441493600007],[15.640126532000068,57.84983576900004],[15.657783873000028,57.85643267000006],[15.67607719800003,57.85900654000005],[15.706419410000024,57.857147602000055],[15.735903675000031,57.850083322000046],[15.766844186000071,57.850972424000076],[15.804155063000053,57.83197350200004],[15.824658119000048,57.817071070000054],[15.855190442000037,57.82831702100003],[15.893370097000059,57.82881202600004],[15.912339339000027,57.81656144300007],[15.940813538000043,57.80459925000008],[15.96559759400003,57.82350720900007],[16.031300819000023,57.861346119000075],[16.06543348400004,57.874267452000026],[16.05746990500006,57.89231178700004],[16.059227861000068,57.90199047400006],[16.04925843600006,57.912055172000066],[16.029542656000046,57.92163172800008],[16.019354087000067,57.94259578000003],[16.030347017000054,57.95465902900003],[16.041578568000034,57.96146780400005],[16.055152802000066,57.96279146000006],[16.084154004000027,57.97879605000003],[16.052596107000056,57.987982990000035],[16.025150116000077,58.009085981000055],[15.995392310000057,58.02180157000004],[15.996942213000068,58.03536395100008],[16.015222176000066,58.05410474000007],[16.01224860600007,58.061476620000064],[15.996962589000077,58.06755151400006],[15.988188597000033,58.075251878000074],[16.004877433000047,58.08567799200006],[16.012678108000046,58.08453350600007],[16.02765056900006,58.073180843000046],[16.06632163200004,58.06956448500006],[16.081108452000024,58.071496538000076],[16.11746439600006,58.085016050000036],[16.12630111900006,58.08497923600004],[16.149061849000077,58.06159661700008],[16.17558034700005,58.06363249800006],[16.177488652000022,58.06621494400008],[16.16606229300004,58.09105395700004],[16.169840333000025,58.10234647900006],[16.177353222000022,58.10919889000007],[16.191295852000053,58.10361432500008],[16.208302866000054,58.10627987600003],[16.21520698300003,58.11724662100005],[16.235697166000023,58.12909293400003],[16.23958780600003,58.13493358800008],[16.263859104000062,58.14131555100005],[16.28403099700006,58.13646307500005],[16.300698942000054,58.12702232300006]]],[[[17.078411526000025,57.35697518400008],[17.08641018900005,57.34665579000006],[17.104018722000035,57.33602977700008],[17.113173881000023,57.34059367200007],[17.11783936200004,57.35705584700003],[17.124166590000073,57.35435698100008],[17.144154298000046,57.31211633700008],[17.12167697800004,57.310065948000045],[17.09282058200006,57.30220664500007],[17.07114851500006,57.28954362400003],[17.058431863000067,57.27401264100007],[17.05735835300004,57.258902086000035],[17.072462121000058,57.244800980000036],[17.078625826000064,57.23138556500004],[17.06955331000006,57.20019728700004],[17.069218652000075,57.17845097600008],[17.048139951000053,57.17337486100007],[17.038811188000068,57.165215372000034],[17.034800328000074,57.14935161900007],[17.02212303500005,57.12983894400003],[17.011316027000078,57.12401533800005],[16.994499460000043,57.10788748200008],[16.987341439000033,57.09221682800006],[16.97762729300007,57.08257035000008],[16.972397390000026,57.06457349800007],[16.95791958500007,57.05571268400007],[16.949261896000053,57.04248595800004],[16.913666203000048,57.036263639000026],[16.91342571200005,57.02362120200007],[16.930069608000053,57.01939450400005],[16.934552994000057,57.00741514400005],[16.91990444100003,57.00026291900008],[16.915178215000026,56.98905653200006],[16.88346754400004,56.975798170000076],[16.885739774000058,56.95909812300005],[16.89663381300005,56.943075315000044],[16.89303796300004,56.93356072800003],[16.893141580000076,56.92109914900004],[16.88779562800005,56.91129827200007],[16.860626161000027,56.88551204700008],[16.858810341000037,56.84064649800007],[16.84406659700005,56.823582212000076],[16.796356582000044,56.80502688900003],[16.781449645000066,56.79227579700006],[16.76489097600006,56.75649028000004],[16.757025550000037,56.729544943000064],[16.73873293300005,56.705269619000035],[16.733817189000035,56.68320575000007],[16.715413537000074,56.66240039400003],[16.714193426000065,56.64819448700007],[16.697490781000056,56.617792001000055],[16.696755538000048,56.592440098000054],[16.684695946000033,56.57853891100007],[16.651808263000078,56.56266844800007],[16.63835546400003,56.54850826300003],[16.634143600000073,56.53683491400005],[16.635215005000077,56.51854170400003],[16.618824182000026,56.49584736600008],[16.617682409000054,56.483535516000074],[16.608320735000063,56.46153817800007],[16.588089830000058,56.43559300700008],[16.568821936000063,56.40392384300003],[16.56829123800003,56.391113723000046],[16.562187305000066,56.382323549000034],[16.566653450000047,56.37116653100003],[16.56469498000007,56.362635417000035],[16.541770228000075,56.32756550400006],[16.50639417000002,56.28456748000008],[16.480147346000024,56.23958811700004],[16.466451052000025,56.227242931000035],[16.442570482000065,56.219748794000054],[16.428160278000064,56.20915677000005],[16.40194133800003,56.19678997400007],[16.399144445000047,56.22019688100005],[16.407994763000033,56.25220159000003],[16.394240015000037,56.271607920000065],[16.406551541000056,56.34758111700006],[16.401788914000065,56.38008128400003],[16.405562970000062,56.409064654000076],[16.40062442200002,56.41876126900007],[16.386969543000077,56.421908114000075],[16.378630814000076,56.42850197300004],[16.371894191000024,56.46370722800003],[16.37875588600002,56.50306729700003],[16.375645957000074,56.50812907000005],[16.376391386000023,56.518395772000076],[16.371550009000032,56.52580150500006],[16.389887388000034,56.53973782600008],[16.39526074500003,56.56051979300008],[16.411215387000027,56.588482689000045],[16.406058691000055,56.600997446000065],[16.420637416000034,56.60214085600006],[16.434646925000038,56.610052616000075],[16.457090459000028,56.63402915700004],[16.46324018200005,56.64997501600004],[16.470844869000075,56.656605031000026],[16.47823784800005,56.68908914200006],[16.495042553000076,56.711641705000034],[16.51114424900004,56.72677776300003],[16.51796274700007,56.74487275800004],[16.53951281700006,56.76475672200007],[16.560532033000072,56.79635717800005],[16.571320551000042,56.80195157600008],[16.598931011000047,56.83389449600003],[16.608082230000036,56.84994117600007],[16.63327071200007,56.875468142000045],[16.64618831000007,56.87929881400004],[16.65502660900006,56.88586669400007],[16.706268850000072,56.88169042800007],[16.71873838600004,56.885606462000055],[16.736114353000062,56.933262866000064],[16.767085610000038,56.967314825000074],[16.778048974000058,56.986478842000054],[16.82089255900007,57.01754938600004],[16.82604229100002,57.03994782500007],[16.837378775000047,57.05749229000003],[16.883386571000074,57.09786142300004],[16.894393111000056,57.11275453600007],[16.904183343000057,57.137155162000056],[16.91875340000007,57.161413235000055],[16.916908900000067,57.17308303200008],[16.905154166000045,57.19719177400003],[16.911402157000055,57.20292407200003],[16.93448733500003,57.21092155500003],[16.956266527000025,57.22936188500006],[16.958081297000035,57.24095247100007],[16.954310262000035,57.26015958000005],[16.96353078800007,57.292053906000035],[17.019138412000075,57.34168389900003],[17.063703514000053,57.36355228800005],[17.07953085400004,57.36499325400007],[17.078411526000025,57.35697518400008]]],[[[16.713894280000034,57.80733656800004],[16.721173991000057,57.800073901000076],[16.70251053000004,57.77738077100008],[16.67993198700003,57.79331906500005],[16.65510087100006,57.800612871000055],[16.667817066000055,57.81506404700008],[16.668511152000065,57.82600982400004],[16.663079508000067,57.83307631000008],[16.664728852000053,57.83661262700008],[16.691370532000064,57.82392445800008],[16.69775330500005,57.814551642000026],[16.69751389700002,57.80893511600004],[16.713894280000034,57.80733656800004]]],[[[16.477733584000077,56.771402143000046],[16.447419465000053,56.76172184700005],[16.428281319000064,56.77060730000005],[16.42031193200006,56.77960759900003],[16.43691100700005,56.78406064900008],[16.440098783000053,56.79003835700007],[16.466205139000067,56.80159383500006],[16.478995437000037,56.79487344200004],[16.483330550000062,56.78887772100006],[16.477733584000077,56.771402143000046]]],[[[16.727279053000075,57.60335116700003],[16.703576525000074,57.58139810800003],[16.68598372500003,57.58051596000007],[16.669798697000033,57.58587445000006],[16.65415820100003,57.58513618400008],[16.65925614200006,57.59273045800006],[16.668494725000073,57.59856384700004],[16.696771374000036,57.600793768000074],[16.708104969000033,57.62123469200003],[16.72991667200006,57.61820565900007],[16.727279053000075,57.60335116700003]]],[[[16.756534909000038,57.83591747100007],[16.759603534000064,57.83063116100004],[16.766968319000057,57.83093339200008],[16.76220297800006,57.82248700800005],[16.78174374500003,57.81182647700007],[16.784338501000036,57.80689214000006],[16.772852444000023,57.80834450600008],[16.754795967000064,57.81716933400003],[16.748770343000047,57.817096520000064],[16.748558351000042,57.81201484400003],[16.744273848000034,57.81116806700004],[16.73996056900006,57.81944212900004],[16.731866058000037,57.82377931100007],[16.72897100600005,57.831804515000044],[16.702584349000063,57.842399165000074],[16.711517878000052,57.85263119500007],[16.729103391000024,57.852535517000035],[16.745148332000042,57.83823718600007],[16.756534909000038,57.83591747100007]]],[[[16.561238090000074,57.17737369900004],[16.565392107000037,57.17530065300008],[16.569352077000076,57.16324134100006],[16.566593956000077,57.159476890000064],[16.538519863000033,57.14766867600008],[16.52751526000003,57.15334573500007],[16.53081059300007,57.15516228600006],[16.524963,57.16421600400008],[16.53767355900004,57.17594603300006],[16.554190595000023,57.172994946000074],[16.561238090000074,57.17737369900004]]],[[[16.66166353600005,57.85375559900007],[16.661058340000068,57.847619604000045],[16.65185961000003,57.84861180900003],[16.64904063700004,57.86284961300004],[16.636814050000055,57.87822743600003],[16.64887648900003,57.878805887000055],[16.663320843000065,57.87055882000004],[16.66166353600005,57.85375559900007]]],[[[16.60650462700005,57.11223711100007],[16.61237854600006,57.105478754000046],[16.582193631000052,57.103687155000046],[16.579397848000042,57.11702587900004],[16.584946389000038,57.11973622800008],[16.60650462700005,57.11223711100007]]],[[[16.574821188000044,57.31521539900007],[16.57261872400005,57.30962010600007],[16.563932734000048,57.31178699900005],[16.557064229000048,57.31778882200007],[16.56370890100004,57.328226158000064],[16.572192216000076,57.33209858200007],[16.579767338000067,57.31819053800007],[16.574821188000044,57.31521539900007]]],[[[16.492201093000062,57.00914360000007],[16.499744545000055,57.01585220700008],[16.53212081500004,57.00089825900005],[16.520203265000077,56.99471955800004],[16.506793818000062,57.00682594300008],[16.499198620000072,57.00500133600008],[16.492201093000062,57.00914360000007]]],[[[16.633794065000075,57.56336293500004],[16.637731769000027,57.55898389100008],[16.60966489300006,57.55619477300007],[16.597598247000064,57.56318066500006],[16.62107571100006,57.567648646000066],[16.633794065000075,57.56336293500004]]],[[[16.524955616000057,57.035022739000055],[16.54031584300003,57.02468450500004],[16.523908320000032,57.01885517100004],[16.51048798000005,57.02948005800005],[16.524955616000057,57.035022739000055]]],[[[16.569459942000037,57.87020865100004],[16.581985082000074,57.86858506100003],[16.58457360700004,57.86241769800006],[16.574322263000056,57.85779596100008],[16.565924737000046,57.862722242000075],[16.560482200000024,57.860790904000055],[16.555353361000073,57.86345213000004],[16.557848101000047,57.869975218000036],[16.569459942000037,57.87020865100004]]],[[[16.708268232000023,57.97939022600008],[16.702573349000033,57.978723579000075],[16.68372868800003,57.99219560100005],[16.691370532000064,57.99387552400003],[16.70987464700005,57.98907863900007],[16.71300444700006,57.98364522300005],[16.708268232000023,57.97939022600008]]],[[[16.691708824000045,57.52338331400006],[16.70641579900007,57.507980185000065],[16.69009309300003,57.51057712900007],[16.67608724100006,57.52610158900006],[16.691708824000045,57.52338331400006]]],[[[16.608557475000055,57.865821906000065],[16.606591387000037,57.86025331900004],[16.59991267600003,57.86678824900008],[16.591768968000054,57.86931927200004],[16.589239564000025,57.874367171000074],[16.594482516000028,57.87713769100003],[16.609961786000042,57.87476794000003],[16.61697967300006,57.86809462000008],[16.608557475000055,57.865821906000065]]],[[[16.588332498000057,57.84821466100004],[16.584048280000047,57.84243180900006],[16.56905938700004,57.847594264000065],[16.58180102600005,57.858641317000036],[16.591515059000074,57.85837119800004],[16.59243749500007,57.85375559900007],[16.588332498000057,57.84821466100004]]],[[[16.572808105000036,57.11700104100004],[16.573647082000036,57.10689168200008],[16.564677998000036,57.10881021300003],[16.559817314000043,57.128540746000056],[16.576604619000022,57.12343869400007],[16.572808105000036,57.11700104100004]]],[[[16.67725842400006,57.56443177500006],[16.674511649000067,57.56262867300006],[16.657836391000046,57.56784914100007],[16.677061733000073,57.574888344000044],[16.689065736000032,57.57218260700006],[16.67725842400006,57.56443177500006]]],[[[16.694916930000034,57.85563826200007],[16.68996179000004,57.85350744600004],[16.674102650000066,57.85735218800005],[16.68292193700006,57.86460571600003],[16.696993015000032,57.85653102300006],[16.694916930000034,57.85563826200007]]],[[[16.693238,57.54444337800004],[16.69967177600006,57.54147028400007],[16.691370532000064,57.53318025900006],[16.680684534000022,57.537409119000074],[16.682649421000065,57.54104183000004],[16.693238,57.54444337800004]]],[[[16.646065238000062,57.82248700800005],[16.646569455000076,57.818310229000076],[16.63940115200006,57.81306484000004],[16.632395788000053,57.82248700800005],[16.64174672000007,57.82814976600008],[16.646065238000062,57.82248700800005]]],[[[16.741866043000073,57.860408507000045],[16.73225830900003,57.85605460800008],[16.72055923000005,57.86159991400007],[16.73995437600007,57.86579311600008],[16.746603874000073,57.862555532000044],[16.741866043000073,57.860408507000045]]],[[[16.752725438000027,57.71748687500008],[16.751875863000066,57.70783183900005],[16.74332653700003,57.707993212000076],[16.745542535000027,57.712260366000066],[16.738812240000073,57.71697697600007],[16.746984396000073,57.720512],[16.752725438000027,57.71748687500008]]],[[[16.774821677000034,57.70591509600007],[16.762251434000063,57.70623452600006],[16.75897457700006,57.71406932500008],[16.770242669000027,57.71587142700008],[16.774821677000034,57.70591509600007]]],[[[16.560563426000044,57.582693636000045],[16.55403331200006,57.58139217200005],[16.539821567000047,57.58865898100004],[16.551607094000076,57.59192621400007],[16.560563426000044,57.582693636000045]]],[[[16.48800889300003,57.19585869100007],[16.49391391100005,57.18613895300007],[16.482048272000043,57.18590334900006],[16.475068472000032,57.19205620900004],[16.48800889300003,57.19585869100007]]],[[[16.63758950400006,57.09512071300003],[16.623781946000065,57.09974271600004],[16.638492960000065,57.104068950000055],[16.647188800000038,57.09980861500003],[16.63758950400006,57.09512071300003]]],[[[16.66315931400004,57.63793234600007],[16.657469642000024,57.63559651400004],[16.64938714400006,57.644297883000036],[16.659562623000056,57.64632669400004],[16.668675153000038,57.640196813000045],[16.66315931400004,57.63793234600007]]],[[[16.800168486000075,57.252212315000065],[16.794990791000032,57.246563725000044],[16.783953219000068,57.252212315000065],[16.793099005000045,57.256951435000076],[16.800168486000075,57.252212315000065]]],[[[16.71132183900005,57.46836270400007],[16.714814817000047,57.46127017500004],[16.71211674700004,57.45952208300008],[16.69665451900005,57.46040082600007],[16.71132183900005,57.46836270400007]]],[[[16.67902600700006,57.54695934300008],[16.67674492200007,57.542000372000075],[16.66845570600003,57.548689909000075],[16.67461938100007,57.55422925400006],[16.681405768000047,57.55213283200004],[16.67902600700006,57.54695934300008]]],[[[16.485383486000046,56.945634108000036],[16.49434291800003,56.944269097000074],[16.486444987000027,56.936375344000055],[16.477494227000022,56.937668262000045],[16.485383486000046,56.945634108000036]]],[[[16.71809403800006,57.875132593000046],[16.72083579100007,57.871739526000056],[16.713393565000047,57.87130483000004],[16.706268850000072,57.87919697500007],[16.71309947700007,57.88131362900003],[16.71809403800006,57.875132593000046]]],[[[16.689509160000057,57.77947041700003],[16.69134576600004,57.77659529200008],[16.68562606000006,57.774876936000055],[16.675716626000053,57.78121045200004],[16.68622728500003,57.78460804800005],[16.689509160000057,57.77947041700003]]],[[[16.688585002000025,57.67489981300008],[16.692139676000068,57.672313184000075],[16.68538533900005,57.66970964300003],[16.67372086900002,57.67515865800004],[16.684216504000062,57.678078636000066],[16.688585002000025,57.67489981300008]]],[[[16.570789298000022,57.35057209400003],[16.561353497000027,57.35847012900007],[16.570240639000076,57.359412116000044],[16.57700069400005,57.35247801400004],[16.570789298000022,57.35057209400003]]],[[[16.702678415000037,57.87011416200005],[16.69498209900007,57.869959909000045],[16.698954848000028,57.87857995000007],[16.702986887000066,57.88059324900007],[16.70524784400004,57.87167513600008],[16.702678415000037,57.87011416200005]]],[[[16.65396503000005,57.65804607600006],[16.64879402400004,57.64916884100006],[16.642974993000053,57.649338740000076],[16.64642688200007,57.65624939700007],[16.65396503000005,57.65804607600006]]],[[[16.678033336000055,57.851739388000055],[16.684338784000033,57.845107090000056],[16.678475499000058,57.84385811700008],[16.668428453000047,57.849596639000026],[16.678033336000055,57.851739388000055]]],[[[16.663957190000076,57.663819269000044],[16.661333091000074,57.662591992000046],[16.655819225000073,57.669171660000075],[16.664350424000077,57.671277872000076],[16.668347460000064,57.66587257400005],[16.663957190000076,57.663819269000044]]],[[[16.70405499900005,57.559729351000044],[16.710825297000042,57.55412058100006],[16.705568322000033,57.55196969700006],[16.695073729000057,57.557525171000066],[16.70405499900005,57.559729351000044]]],[[[16.786594602000037,57.817707933000065],[16.783506930000044,57.81973439700005],[16.782864854000024,57.82898880500005],[16.790424035000058,57.82553104900006],[16.786594602000037,57.817707933000065]]],[[[16.64616824500007,57.84091665700004],[16.64701615300004,57.82973218200004],[16.639586847000032,57.83599021100008],[16.64616824500007,57.84091665700004]]],[[[16.724322780000023,57.79221722400007],[16.732291418000045,57.78989114900003],[16.728026129000057,57.78479297400003],[16.72114179700003,57.787184452000076],[16.724322780000023,57.79221722400007]]],[[[16.42874219400005,56.81169347500003],[16.42526979200005,56.81140537600004],[16.43236300600006,56.82037231800007],[16.433812944000067,56.81211418500004],[16.42874219400005,56.81169347500003]]],[[[16.757067385000028,57.776660969000034],[16.767217127000038,57.768130160000055],[16.757274179000035,57.77135312900003],[16.75427171700005,57.776589029000036],[16.757067385000028,57.776660969000034]]],[[[16.766132414000026,57.572974429000055],[16.771521337000024,57.570852982000076],[16.765780463000056,57.56672696000004],[16.757884147000027,57.56978624300007],[16.766132414000026,57.572974429000055]]],[[[16.74249910700007,57.55932618200006],[16.74960960800007,57.55444772800007],[16.74675069500006,57.55224680100008],[16.737432290000072,57.55594187200006],[16.74249910700007,57.55932618200006]]],[[[16.459863558000052,56.89935230800006],[16.464693843000077,56.899420287000055],[16.461893909000025,56.89235882600008],[16.45541263700005,56.89278491600004],[16.459863558000052,56.89935230800006]]],[[[16.699106571000073,57.65995584400008],[16.705300855000075,57.65533855400008],[16.69098415600007,57.65774441000008],[16.699106571000073,57.65995584400008]]],[[[16.702095985000028,57.53129897800005],[16.706600798000068,57.526577254000074],[16.701140879000036,57.52530145600008],[16.694167153000024,57.52937200700006],[16.702095985000028,57.53129897800005]]],[[[16.743742772000076,57.53653627300008],[16.74880766600006,57.53256467300008],[16.743224456000064,57.53082512800006],[16.736125634000075,57.53461201500005],[16.743742772000076,57.53653627300008]]],[[[16.451735726000038,56.905961829000034],[16.455376312000055,56.90034717800006],[16.449745435000068,56.900227047000044],[16.44440675000004,56.90492677000003],[16.451735726000038,56.905961829000034]]],[[[16.79254360400006,57.890854870000055],[16.796844562000047,57.885741461000066],[16.791187351000076,57.88518312000008],[16.785229833000074,57.889409552000075],[16.79254360400006,57.890854870000055]]],[[[16.79299252000004,57.903979020000065],[16.79941408600007,57.90420275900004],[16.803676773000063,57.89696380000004],[16.79299252000004,57.903979020000065]]],[[[16.68300626000007,57.50622211000007],[16.676357263000057,57.50831398200006],[16.68300626000007,57.51082520700004],[16.68779187000007,57.50854820700005],[16.68300626000007,57.50622211000007]]],[[[16.523807945000044,57.14921472800006],[16.53083826900007,57.14803122400008],[16.526656052000078,57.14414640000007],[16.51991434100006,57.14452484700007],[16.523807945000044,57.14921472800006]]],[[[16.804196150000053,57.96899504800007],[16.809901835000062,57.964210095000055],[16.80554567200005,57.962487843000076],[16.799636883000062,57.96662548200004],[16.804196150000053,57.96899504800007]]],[[[16.665609112000027,57.52478070800004],[16.66933625200005,57.52117034300005],[16.66348296800004,57.51975463700006],[16.65884591400004,57.52233487800004],[16.665609112000027,57.52478070800004]]],[[[16.720078190000038,57.81921134400005],[16.722119276000058,57.81320808900006],[16.717617978000078,57.81160134500004],[16.71489539600003,57.81646525000008],[16.720078190000038,57.81921134400005]]],[[[16.929618856000047,57.03396709800006],[16.931227939000053,57.02955986400008],[16.92566632000006,57.02883523400004],[16.92320722100004,57.03496195900004],[16.929618856000047,57.03396709800006]]],[[[16.626035977000072,57.28023710700006],[16.62155657200003,57.278389134000065],[16.616860216000077,57.28125712800005],[16.621882948000064,57.28401127500007],[16.626035977000072,57.28023710700006]]],[[[16.674162468000077,57.87659056100006],[16.67713686700006,57.87304424700005],[16.671492166000064,57.87116422500003],[16.66767072300007,57.87613659600004],[16.674162468000077,57.87659056100006]]],[[[16.57568476800003,57.14026384600004],[16.58148348800006,57.14087111600003],[16.578374173000043,57.13558865500005],[16.571738191000065,57.13610114700003],[16.57568476800003,57.14026384600004]]],[[[16.29909805400007,56.645350234000034],[16.29423944200005,56.64345198700005],[16.29910332700007,56.653295134000075],[16.29909805400007,56.645350234000034]]],[[[16.659230450000052,57.650379688000044],[16.654540972000063,57.653495975000055],[16.661007462000043,57.65540070900005],[16.663979115000075,57.65227345800008],[16.659230450000052,57.650379688000044]]],[[[16.57999297200007,57.340212446000066],[16.587310582000043,57.33943164900006],[16.582801260000053,57.334639337000056],[16.57777206700007,57.338768763000076],[16.57999297200007,57.340212446000066]]],[[[16.505564927000023,56.99484168300006],[16.50035639300006,56.998497213000064],[16.506656259000067,57.002264109000066],[16.505564927000023,56.99484168300006]]],[[[16.71087681800003,57.82223374200004],[16.71399084500007,57.82003036100008],[16.71331550800005,57.814946543000076],[16.707817747000036,57.82191477900005],[16.71087681800003,57.82223374200004]]],[[[16.72665636200003,57.71744223700006],[16.731526211000073,57.714356200000054],[16.727480376000074,57.71186600900006],[16.721873351000056,57.715863365000075],[16.72665636200003,57.71744223700006]]],[[[16.425572356000032,56.80979153200008],[16.43012690200004,56.80822637600005],[16.426242588000036,56.805011067000066],[16.419803427000033,56.80732719500003],[16.425572356000032,56.80979153200008]]],[[[16.825082217000045,57.943363075000036],[16.829202171000077,57.94096948600003],[16.823882137000055,57.93801377700004],[16.819458131000033,57.941105400000026],[16.825082217000045,57.943363075000036]]],[[[16.76143802300004,57.53224762200006],[16.765214026000024,57.52872658000007],[16.760884652000072,57.52705612600005],[16.755331269000067,57.53022470600007],[16.76143802300004,57.53224762200006]]],[[[16.744587628000033,57.501544968000076],[16.749280662000047,57.49960701800006],[16.743129529000043,57.49586741600007],[16.740167142000075,57.49980855100006],[16.744587628000033,57.501544968000076]]],[[[16.900728066000056,56.96156158800005],[16.898875666000038,56.95829751800005],[16.89305685000005,56.96091470300007],[16.89812992700007,56.964500627000064],[16.900728066000056,56.96156158800005]]],[[[16.80824429300003,57.94859821800003],[16.813805776000038,57.94368573700007],[16.804925284000035,57.94540116300004],[16.80824429300003,57.94859821800003]]],[[[16.59317433700005,57.89723057300006],[16.595692518000078,57.89240044700006],[16.591859813000042,57.89198007300007],[16.58706492500005,57.89698282100005],[16.59317433700005,57.89723057300006]]],[[[16.255360066000037,56.61645247900003],[16.259326544000032,56.61553773700007],[16.255770648000066,56.61075877900004],[16.250795089000064,56.61402824700008],[16.255360066000037,56.61645247900003]]],[[[16.61523197100007,57.832179833000055],[16.62157101400004,57.83254012000003],[16.623168744000054,57.82761820300004],[16.61523197100007,57.832179833000055]]],[[[16.739442488000066,57.99718396800006],[16.743824278000034,57.99526859800005],[16.74027036700005,57.992350386000055],[16.734213212000043,57.99439499600004],[16.739442488000066,57.99718396800006]]],[[[16.673804004000033,57.624171974000035],[16.66812541200005,57.62342010600008],[16.671002646000034,57.62823167400006],[16.676295142000072,57.62799916600005],[16.673804004000033,57.624171974000035]]],[[[16.762549473000036,57.481970527000044],[16.76544608100005,57.48264759600005],[16.76310207800003,57.475615779000066],[16.75880531200005,57.476170987000046],[16.762549473000036,57.481970527000044]]],[[[16.49084877400003,56.96981104000008],[16.48621965800004,56.971677714000066],[16.491147125000055,56.97615520100004],[16.49084877400003,56.96981104000008]]],[[[16.82090224500007,57.868193774000076],[16.82185376800004,57.86208317100005],[16.81833408800003,57.86181937400005],[16.816289960000063,57.86556878600004],[16.82090224500007,57.868193774000076]]],[[[16.647542213000065,57.38018301300008],[16.642436032000035,57.37990484800008],[16.642436032000035,57.38274966500006],[16.64857605700007,57.38303066200007],[16.647542213000065,57.38018301300008]]],[[[16.62267810900005,57.11830531900006],[16.626971851000064,57.11610447900006],[16.623765922000075,57.11357245500005],[16.617839719000074,57.116009046000045],[16.62267810900005,57.11830531900006]]],[[[16.746049250000056,57.52314291200008],[16.750205100000073,57.52059136400004],[16.74824852300003,57.51769207600006],[16.74318463000003,57.51858170200006],[16.746049250000056,57.52314291200008]]],[[[16.74148761300006,57.58032420400008],[16.746931904000064,57.58002999100006],[16.74381542900005,57.576213016000054],[16.738308905000054,57.57756271000005],[16.74148761300006,57.58032420400008]]],[[[16.733555472000035,57.582931690000066],[16.737086590000047,57.57997707700008],[16.73324025100004,57.57819440700007],[16.728433831000075,57.58056134700007],[16.733555472000035,57.582931690000066]]],[[[16.71955573200006,57.77680481600004],[16.714100521000034,57.777810070000044],[16.71735678300007,57.78200117300008],[16.720001429000035,57.78239995700005],[16.71955573200006,57.77680481600004]]],[[[16.694204779000074,57.67730406600003],[16.69906639800007,57.677146823000044],[16.700610099000073,57.67151652800004],[16.694204779000074,57.67730406600003]]],[[[16.490800524000065,56.86052376200007],[16.484376803000032,56.859970462000035],[16.487861985000052,56.86459773200005],[16.492344202000027,56.86271880000004],[16.490800524000065,56.86052376200007]]],[[[16.68798244000004,57.82882215600006],[16.682559927000057,57.83154587400003],[16.687259915000027,57.83324123300008],[16.691430768000032,57.829592579000064],[16.68798244000004,57.82882215600006]]],[[[16.598693859000036,57.89119120600003],[16.603608088000044,57.89231746300004],[16.606524069000045,57.887608098000044],[16.598693859000036,57.89119120600003]]],[[[16.81690849000006,57.88980825600004],[16.821435327000074,57.89068364100007],[16.82497003000003,57.885274321000054],[16.81690849000006,57.88980825600004]]],[[[16.68767753000003,57.54765258800006],[16.684924473000024,57.54614903000004],[16.682918099000062,57.54990976100004],[16.68489464000004,57.55186242900004],[16.68767753000003,57.54765258800006]]],[[[16.479312409000045,56.848502265000036],[16.48384889600004,56.844790104000026],[16.474890103000064,56.84677757000003],[16.479312409000045,56.848502265000036]]],[[[16.652092882000034,57.38918984900005],[16.654568159000064,57.386184136000054],[16.649768211000037,57.384993044000055],[16.646164058000068,57.38836859400004],[16.652092882000034,57.38918984900005]]],[[[16.430802940000035,56.84379426900006],[16.433137346000024,56.84007426800008],[16.425348532000044,56.84374390900007],[16.430802940000035,56.84379426900006]]],[[[16.506716776000076,57.28729157200007],[16.51043108300007,57.285134439000046],[16.507113450000077,57.282700566000074],[16.501651727000024,57.28502744100007],[16.506716776000076,57.28729157200007]]],[[[16.73525184400006,57.50450135300008],[16.739415964000045,57.50200628400006],[16.735874531000036,57.49995203200007],[16.730481602000054,57.50248286500005],[16.73525184400006,57.50450135300008]]],[[[16.73599095800006,57.70406949300008],[16.739061364000065,57.70130194400008],[16.735232549000045,57.699427608000065],[16.730459667000048,57.70185630000003],[16.73599095800006,57.70406949300008]]],[[[16.740287667000075,57.604631176000055],[16.743196375000025,57.600511923000056],[16.73512541200006,57.603597179000076],[16.740287667000075,57.604631176000055]]],[[[16.749228285000072,57.541036218000045],[16.750484190000066,57.537003825000056],[16.747020962000022,57.53643419700006],[16.743356118000065,57.54042198500008],[16.749228285000072,57.541036218000045]]],[[[16.24538386000006,56.61079762400004],[16.24217511200004,56.61079762400004],[16.24580758700006,56.61579224400003],[16.249274005000075,56.61571245600004],[16.24538386000006,56.61079762400004]]],[[[16.706268850000072,57.66833140400007],[16.701240032000044,57.66949153400003],[16.708111966000047,57.67148244800006],[16.710320617000036,57.668771992000075],[16.706268850000072,57.66833140400007]]],[[[16.626153334000037,57.867478891000076],[16.620126282000058,57.86812254100005],[16.62183741000007,57.87204948700003],[16.626153334000037,57.867478891000076]]],[[[16.71640467700007,57.66154087000007],[16.719908978000035,57.659495406000076],[16.715731821000077,57.65701355900006],[16.710954102000073,57.659208583000066],[16.71640467700007,57.66154087000007]]],[[[16.787738561000026,57.86398590400006],[16.792230034000056,57.86181176200006],[16.787461848000078,57.85951604500008],[16.783203187000026,57.86181096800004],[16.787738561000026,57.86398590400006]]],[[[16.605686714000058,57.140088984000045],[16.61011801500007,57.13801078300003],[16.607055968000054,57.135487142000045],[16.601666301000023,57.13694811000005],[16.605686714000058,57.140088984000045]]],[[[16.72177506400004,57.63360606300006],[16.72578640100005,57.63125384500006],[16.721434224000063,57.62920071600007],[16.716655506000052,57.63161693700005],[16.72177506400004,57.63360606300006]]],[[[16.46632966900006,56.824254609000036],[16.470427543000028,56.82172425500005],[16.466867974000024,56.81967348300003],[16.461576939000054,56.82209061900005],[16.46632966900006,56.824254609000036]]],[[[16.23299319800003,56.604888361000064],[16.236642115000052,56.60349797500004],[16.234123364000027,56.60010396800004],[16.228674666000074,56.60152559900007],[16.23299319800003,56.604888361000064]]],[[[16.680354630000068,57.620111948000044],[16.684106951000047,57.61818949600007],[16.680879426000047,57.61555333600006],[16.675309393000077,57.61772481300005],[16.680354630000068,57.620111948000044]]],[[[16.724431587000026,57.66775182400005],[16.72799506100006,57.665351860000044],[16.723974670000075,57.66320154700003],[16.719158849000053,57.66566110900004],[16.724431587000026,57.66775182400005]]],[[[16.61385131000003,57.069635712000036],[16.608863537000047,57.06916407700004],[16.611643524000044,57.074311961000035],[16.615807070000074,57.07273273100003],[16.61385131000003,57.069635712000036]]],[[[16.640460990000065,57.80034550100004],[16.644775480000078,57.80119897600008],[16.648517433000052,57.79585189200003],[16.640460990000065,57.80034550100004]]],[[[16.580910680000045,57.03500422600007],[16.583851990000028,57.03464902600007],[16.580859196000063,57.02992307900007],[16.575876161000053,57.03119471100007],[16.580910680000045,57.03500422600007]]],[[[16.378848472000072,56.71244928300007],[16.382595037000044,56.710314416000074],[16.379433150000068,56.70776159500008],[16.374003268000024,56.71018959200006],[16.378848472000072,56.71244928300007]]],[[[16.653383189000067,57.59738265700008],[16.654310443000043,57.593085822000035],[16.64725803400006,57.59574993500007],[16.653383189000067,57.59738265700008]]],[[[16.58903024500006,57.36383832700005],[16.593150601000048,57.36245190300008],[16.589374027000076,57.35917434500004],[16.58457919500006,57.36137091100005],[16.58903024500006,57.36383832700005]]],[[[16.68300626000007,57.65588399000006],[16.68854264500004,57.65380187100004],[16.679523846000052,57.653530198000055],[16.68300626000007,57.65588399000006]]],[[[16.798072399000034,57.87329415800008],[16.801661898000077,57.86924391500003],[16.793286711000064,57.87175902200005],[16.798072399000034,57.87329415800008]]],[[[16.706369857000027,57.53517555500008],[16.703884457000072,57.53276227200007],[16.699674365000078,57.53625980000004],[16.704193618000033,57.53806944100006],[16.706369857000027,57.53517555500008]]],[[[16.690018188000067,57.84083382800003],[16.692734796000025,57.84029597300008],[16.691621793000024,57.83440721000005],[16.68716398400005,57.83746047000005],[16.690018188000067,57.84083382800003]]],[[[16.640330061000043,57.389645389000066],[16.643533313000034,57.38707854000006],[16.639773542000057,57.384991693000075],[16.634870728000067,57.387142277000066],[16.640330061000043,57.389645389000066]]],[[[16.71955573200006,57.77680481600004],[16.724846900000045,57.77464513400008],[16.71955573200006,57.77680481600004]]]]}},{"type":"Feature","properties":{"code":"S","name":"Värmland","sourceCode":"SE311"},"geometry":{"type":"MultiPolygon","coordinates":[[[[12.670176624000021,61.05597642300006],[12.698372025000026,60.99825660500005],[12.918082412000047,60.88382861800005],[13.081734419000043,60.80576536400008],[13.159157496000034,60.75571081100003],[13.196775744000036,60.70034218900008],[13.198503477000031,60.68529265500007],[13.249759465000068,60.68475876100007],[13.27945244700004,60.64146834700006],[13.32490628100004,60.607319104000055],[13.427262681000059,60.51726406300003],[13.469106779000072,60.45912118700005],[13.543193182000039,60.42267453000005],[13.62176166200004,60.41430305000006],[13.670397155000046,60.402981054000065],[13.726437349000037,60.35721594800003],[13.793601077000062,60.28427090300005],[13.829015887000025,60.25444802100003],[13.965624787000024,60.17492307300006],[14.010593487000051,60.191519947000074],[13.993632778000062,60.21335233900004],[13.95250203200004,60.25119614300007],[13.991420876000063,60.25148795400003],[13.990721660000077,60.248779426000056],[14.023193268000057,60.24219911500006],[14.02308189300004,60.22829005600005],[14.149735450000037,60.23045349100005],[14.158293014000037,60.20908940800007],[14.188150104000044,60.17985333900003],[14.189399779000041,60.16977562000005],[14.197065730000077,60.16077070000006],[14.195878520000065,60.151967608000064],[14.199632508000036,60.14012730800005],[14.207879050000031,60.12713198200004],[14.207147876000022,60.120202033000055],[14.212013170000034,60.11031089100004],[14.211031895000076,60.10041180600007],[14.214174240000034,60.09519212100008],[14.31471171800007,60.06192725100004],[14.437155332000032,60.02616110200006],[14.451650585000039,59.97355682300008],[14.33706956900005,59.94970965400006],[14.35810821900003,59.93146367300005],[14.359640994000074,59.92008041200006],[14.36658182900004,59.91303633400008],[14.384488995000027,59.90881953200005],[14.400187750000043,59.91103910100003],[14.420276202000025,59.90186576500008],[14.414847260000045,59.89146003400003],[14.419883020000043,59.88144298200007],[14.421253512000021,59.85036169500006],[14.416096717000073,59.82044869300006],[14.43337497500005,59.77250616900005],[14.406276585000057,59.75675120200003],[14.402115743000024,59.74164882500003],[14.418692779000025,59.70526825200005],[14.433406281000032,59.68438161100005],[14.426730280000072,59.66436420800005],[14.438062159000026,59.63715128900003],[14.460128159000021,59.599439862000054],[14.475906403000067,59.52899139500005],[14.436354375000064,59.54174484600003],[14.392179786000042,59.51387101000006],[14.399088907000078,59.50115725400008],[14.42061996700005,59.484177302000035],[14.437592421000033,59.46221254100004],[14.467377505000059,59.44014192800006],[14.417035542000065,59.413199544000065],[14.40764482700007,59.41145404500003],[14.395480181000039,59.39537527200008],[14.376995733000058,59.38243023400008],[14.375106850000066,59.36898491800008],[14.362969074000034,59.36726440000007],[14.364659251000035,59.36211007400004],[14.361090933000071,59.344717020000076],[14.354119809000053,59.33141904800004],[14.336579262000043,59.33123013800008],[14.330294337000055,59.32695010000003],[14.317569166000055,59.30069202400006],[14.306367106000039,59.28585112600007],[14.309685541000022,59.27818391100004],[14.30535926500005,59.263724522000075],[14.306557964000035,59.24701603800003],[14.288331534000065,59.22817924700007],[14.288752256000066,59.21578788100004],[14.29527977500004,59.19957709700003],[14.29026981800007,59.18382216800006],[14.289601591000064,59.15994769100007],[14.299594553000077,59.13850695000008],[14.296982359000026,59.12524380900004],[14.337638666000032,59.09725196900007],[14.339009996000073,59.08314013800003],[14.335516612000049,59.07293401000004],[14.323185435000028,59.06120681900006],[14.295995033000054,59.012779426000066],[14.266962247000038,59.01692760900005],[14.23317035100007,59.029040114000054],[14.22300212700003,59.04434737200006],[14.17666089100004,59.04149311600003],[14.142486413000029,59.05277313500005],[14.106065343000068,59.04870431200004],[14.073714167000048,59.049652551000065],[14.058590828000035,59.04433477400005],[14.039041517000044,59.04244797300004],[14.03475009400006,59.03855678500008],[14.04052709900003,59.03028401200004],[14.037416926000049,59.02822215800006],[13.589991767000072,59.05944454100006],[13.42332555300004,58.95758793400006],[13.33815600500003,58.81330097400007],[13.425620981000066,58.74576954000008],[13.25457567500007,58.72561988900003],[13.180540148000034,58.75547407600004],[13.152389198000037,58.75497798100008],[12.898776927000029,58.81436106000007],[12.771652645000074,59.03956061700006],[12.772262954000041,59.056384628000046],[12.76154383200003,59.106828707000034],[12.754328218000069,59.11638992300004],[12.753755382000065,59.13062982000008],[12.712914864000027,59.15242490000003],[12.694884964000039,59.170516176000035],[12.667832107000038,59.177691466000056],[12.65648738300007,59.175572146000036],[12.654128446000072,59.18523192400005],[12.63208699300003,59.17862805400006],[12.625464911000051,59.17193742500007],[12.62733213100006,59.16395373800003],[12.619203559000027,59.15431272400008],[12.617986396000049,59.14232965800005],[12.590073238000059,59.128929612000036],[12.590033477000077,59.12087390800008],[12.57949033500006,59.11324078600006],[12.566072302000066,59.11438952000003],[12.545447713000044,59.12547665100004],[12.526063692000037,59.12809451000004],[12.481783102000065,59.12709199500006],[12.45658000700007,59.13223249500004],[12.465539062000062,59.13987687800005],[12.459893020000038,59.14515977600007],[12.457150736000074,59.15356739300006],[12.42497349000007,59.16355734700005],[12.41821705600006,59.168802937000066],[12.425034476000064,59.17465593800006],[12.455211208000037,59.17519715000003],[12.460312030000068,59.18199515200007],[12.459165448000022,59.18982691000008],[12.443141370000035,59.194025055000054],[12.422979164000026,59.192642016000036],[12.382220819000054,59.18017431100003],[12.343288957000027,59.17415376500003],[12.318856523000022,59.185943578000035],[12.311894728000027,59.197164626000074],[12.295881919000067,59.196077417000026],[12.279494896000074,59.188609961000054],[12.270890530000031,59.19045547800005],[12.260305936000066,59.197704903000044],[12.253875334000043,59.21664123700003],[12.244848303000026,59.226472141000045],[12.236886077000065,59.25569241000005],[12.216351105000058,59.26271808300004],[12.210667880000074,59.259350331000064],[12.208356828000035,59.25337712500004],[12.18551603800006,59.24990771300003],[12.138287985000034,59.252378314000055],[12.124162590000026,59.25046637400004],[12.08227929000003,59.25686411300006],[12.084090811000067,59.22925408700007],[12.091004810000072,59.21946701000007],[12.091028837000067,59.20967246200007],[12.095836275000067,59.19956529800004],[12.10569232000006,59.195089136000036],[12.083380870000042,59.17744520800005],[12.054342880000036,59.18809493900005],[12.033978697000066,59.20019434400007],[12.028173225000046,59.21248224800007],[12.010624718000031,59.21298976200006],[11.949183374000029,59.24796575500005],[11.943107999000063,59.234864462000075],[11.921861806000038,59.22454242100008],[11.912830399000029,59.22355660200003],[11.894294173000048,59.22451851000005],[11.826196492000065,59.23785005600007],[11.829330968000022,59.24433535800006],[11.816060260000029,59.34417816700005],[11.791353424000022,59.36983134800005],[11.790236278000066,59.37553390200003],[11.780060951000053,59.38696870200005],[11.773976798000035,59.41368205800006],[11.761272723000047,59.42916015000003],[11.759809098000062,59.45772596200004],[11.753051282000058,59.47940681000006],[11.746499753000023,59.49147705300004],[11.728314625000053,59.51208011700004],[11.691708709000068,59.59044920400004],[11.698475921000068,59.60875080900007],[11.71845124400005,59.62387510800005],[11.77939234400003,59.642906322000044],[11.855720715000075,59.648709419000056],[11.869077940000068,59.66105951600008],[11.878490811000063,59.68280179900006],[11.887891204000027,59.69185233200005],[11.938186810000047,59.69466300400006],[11.94412823700003,59.69937389800003],[11.938266320000025,59.700703299000054],[11.934712088000026,59.71044081500003],[11.937713655000039,59.72830233600007],[11.923874569000077,59.748987656000054],[11.932679417000031,59.75995780300008],[11.926367909000021,59.79196467400004],[11.885429388000034,59.824197154000046],[11.875016338000023,59.82858199600008],[11.853169875000049,59.83073610800005],[11.839814230000059,59.84067227500003],[11.88501332800007,59.85650432300008],[11.88724194100007,59.85943997700008],[11.88210177700006,59.86678656500004],[11.885560075000058,59.871508119000055],[11.914297892000036,59.87221568500007],[11.921478767000053,59.87571036800006],[11.924770918000036,59.88368348600005],[11.983876018000046,59.90017266700005],[12.053121412000053,59.886127298000076],[12.125135040000032,59.89369963900003],[12.154824478000023,59.88705909100008],[12.172518263000029,59.88959459500006],[12.224280732000068,59.92300352400008],[12.33764136800005,59.96457921800004],[12.395555110000032,60.015205595000054],[12.449622304000059,60.040302015000066],[12.499156200000073,60.09718320600007],[12.541058763000024,60.19175280400003],[12.524578991000055,60.22496460100007],[12.505987635000054,60.27682658400005],[12.499715266000067,60.32357287700006],[12.545926598000051,60.348089376000075],[12.605672926000068,60.406486517000076],[12.606799396000042,60.51050941400007],[12.598380588000055,60.525708972000075],[12.580169191000039,60.55210174800004],[12.516626749000068,60.59989624200006],[12.509257459000025,60.64388979000006],[12.461055768000051,60.685157325000034],[12.395452888000023,60.734307314000034],[12.338109779000035,60.84400499700007],[12.334483368000065,60.85393070300006],[12.330611894000072,60.89256939100005],[12.22399017500004,61.01307809600007],[12.244299517000059,61.02018181900007],[12.447433219000061,61.05061857000004],[12.608406150000064,61.046637271000066],[12.670176624000021,61.05597642300006]]]]}},{"type":"Feature","properties":{"code":"I","name":"Gotland","sourceCode":"SE214"},"geometry":{"type":"MultiPolygon","coordinates":[[[[18.931530792000046,57.922783819000074],[18.959166081000035,57.91497973700007],[19.014463715000034,57.91624549200003],[19.020886722000057,57.90884753100005],[19.020302351000055,57.88822921700006],[19.027593309000054,57.87679013800005],[19.054637213000035,57.86481233000006],[19.081838386000072,57.84474238400003],[19.091367968000043,57.82081097500003],[19.083243206000077,57.82034606700006],[19.069734809000067,57.83156162600005],[19.058097701000065,57.83052636000008],[19.038858538000056,57.834831534000045],[19.019051357000023,57.825465601000076],[19.009528467000052,57.80704311400007],[18.99291355200006,57.79474004700006],[18.99031113700005,57.78156342500006],[18.985883482000077,57.77560509500006],[18.976181842000074,57.77423516600004],[18.953017682000052,57.78411857700007],[18.951188132000027,57.75032663400003],[18.953787505000037,57.73514502900008],[18.947360383000046,57.726766249000036],[18.924225145000037,57.73009482500004],[18.904527684000072,57.71700318500007],[18.88165984500006,57.73119782300006],[18.86479520900002,57.72445653700004],[18.853012513000067,57.72460472900008],[18.83883176300003,57.730874605000054],[18.82525557400004,57.742405346000055],[18.815345252000043,57.74373931000008],[18.804004691000046,57.73144446900005],[18.807037380000054,57.70599511900008],[18.800976809000076,57.66400649600007],[18.793846406000057,57.654692899000054],[18.776442409000026,57.64480121100007],[18.768866355000057,57.62115742000003],[18.773960290000048,57.613113508000026],[18.79427035200007,57.608721512000045],[18.802556217000074,57.60339021700008],[18.79932579700005,57.57802398600006],[18.808108334000053,57.55911753600003],[18.796821179000062,57.55103774400004],[18.794022943000073,57.53912001400005],[18.76808361800005,57.524410568000064],[18.75833967600005,57.51432647200005],[18.776235126000074,57.48918024100004],[18.767748681000057,57.47268943300003],[18.795901921000052,57.469321215000036],[18.797200617000044,57.46442277300008],[18.79137498600005,57.453124538000054],[18.81066114400005,57.44237821000007],[18.830285451000066,57.44273488600004],[18.855878853000036,57.43688662400007],[18.87421207400007,57.44346393100005],[18.888342272000045,57.44251302200007],[18.923292384000035,57.42088541700008],[18.92352881000005,57.41611193300008],[18.916811304000078,57.405643905000034],[18.88713819900005,57.38685675000005],[18.88046593400003,57.38794773700005],[18.873672475000035,57.39538986700006],[18.858324073000063,57.39618342000006],[18.838500304000036,57.38468532600007],[18.80857284600006,57.37344791600003],[18.786575432000063,57.37187589300004],[18.757884941000043,57.363428414000055],[18.720318040000052,57.33828960000005],[18.710682032000022,57.32435865200006],[18.686502955000037,57.31813018000008],[18.67077412200007,57.30732154600008],[18.66387050900005,57.29459666100007],[18.668936122000048,57.28427110300004],[18.68545569500003,57.27491152400006],[18.708459383000047,57.27327919600003],[18.713401470000065,57.26719398400007],[18.70746070100006,57.24618207200007],[18.67238390800003,57.24165253000007],[18.68050509400007,57.235969469000054],[18.696604528000023,57.23261016300006],[18.697664188000033,57.22840759800005],[18.694083600000056,57.22488920100005],[18.68276878000006,57.22077246400005],[18.669669971000076,57.22982015100007],[18.64659626100007,57.22053442100008],[18.63014563300004,57.22262837100004],[18.57292979500005,57.21764331900005],[18.548715985000058,57.20693507800007],[18.552595714000063,57.20165300700006],[18.568666158000042,57.20018115400006],[18.566966190000073,57.19683757300004],[18.494131087000028,57.17520077000006],[18.478276080000057,57.16366573700003],[18.45470474800004,57.16250249800004],[18.445853063000072,57.155041278000056],[18.43012898300003,57.15200861500006],[18.40505949100003,57.139565850000054],[18.392684231000032,57.12975742900005],[18.392530403000023,57.12221869900003],[18.444253821000075,57.12235501300006],[18.448871903000054,57.12048449100007],[18.448929630000066,57.11675879900008],[18.43997721900007,57.111591659000055],[18.41922850000003,57.11211526200003],[18.394802350000077,57.10089892600007],[18.379652312000076,57.098345548000054],[18.362942193000038,57.08491544200007],[18.350404119000075,57.07972880900007],[18.340967042000045,57.06799980000005],[18.342127299000026,57.061923025000056],[18.350377974000025,57.054556940000055],[18.346257501000025,57.03727560200008],[18.33917709800005,57.024331018000055],[18.341410809000024,57.014899393000064],[18.357002855000076,57.00822035700003],[18.384954535000077,57.00738220300008],[18.395320966000043,57.00061161500008],[18.396341602000064,56.99630388200006],[18.359430410000073,56.99423951300008],[18.35865737900002,56.98303999600006],[18.323863094000046,56.96508873600004],[18.32125136600007,56.95949120700004],[18.322495033000052,56.95222937500006],[18.31173540800006,56.948058305000075],[18.309522947000062,56.939182404000064],[18.29797123800006,56.93641591800008],[18.292837734000045,56.93065118100003],[18.25907157200004,56.92864677100005],[18.19160977300004,56.90648923700007],[18.17685338900003,56.91321762200005],[18.153851590000045,56.90891405200006],[18.141272249000053,56.911971091000055],[18.129252673000053,56.909771644000045],[18.12445792400007,56.91716046200003],[18.176820346000056,56.971875057000034],[18.197833840000044,56.98403858300003],[18.19724241600005,56.99402731200007],[18.201684498000077,57.00212307700008],[18.19392651000004,57.010050627000055],[18.20442123400005,57.02225937700007],[18.218766715000072,57.02956209200005],[18.238060346000054,57.03375743000004],[18.270815051000056,57.03588189200008],[18.281987521000076,57.04252539200007],[18.29176063500006,57.05678433000003],[18.297034765000035,57.07139536500006],[18.298251246000063,57.094073062000064],[18.289434094000057,57.097533673000044],[18.277576285000066,57.08873414100003],[18.254313272000047,57.07933151700007],[18.24320849000003,57.06872847200003],[18.223952458000042,57.06230818500006],[18.211680974000046,57.06056592200008],[18.19703825600004,57.06799009200006],[18.21590870800003,57.098632216000055],[18.215256003000036,57.10591332800004],[18.21937086500003,57.113941612000076],[18.210668183000053,57.119522292000056],[18.217272243000025,57.12721495100004],[18.217537718000074,57.13806698900004],[18.208358711000074,57.13875141300008],[18.190977845000077,57.146429613000066],[18.168515047000028,57.14672778900007],[18.16129087400003,57.15889145300008],[18.150060161000056,57.16639072800007],[18.164833480000027,57.18402805300008],[18.160865838000063,57.19000993100008],[18.15104205600005,57.19380301700005],[18.152587504000053,57.209587473000056],[18.147664143000043,57.24160346700006],[18.13801993000004,57.24687279900007],[18.12273355700006,57.24781661900005],[18.093866304000073,57.26255750400003],[18.097418666000067,57.279537762000075],[18.104347216000065,57.28824874800006],[18.12730891700005,57.29667292600004],[18.16922458700003,57.32306203700006],[18.179057983000064,57.34386314000005],[18.17279885800002,57.35210452500007],[18.172919191000062,57.36624795600005],[18.185530973000027,57.38874518800003],[18.18075090700006,57.39540930700008],[18.171147811000026,57.39532737900004],[18.165445301000034,57.404633525000065],[18.15193024100006,57.41317838500004],[18.141174942000077,57.43549765200004],[18.121852473000047,57.443025238000075],[18.12163429900005,57.46830158200004],[18.12509649900005,57.486928300000045],[18.11133265600006,57.50905855500008],[18.108026262000067,57.52939274400006],[18.11162465500007,57.53799854200008],[18.14023230300006,57.56346042100006],[18.169443328000057,57.583320280000066],[18.20005657400003,57.59831731300005],[18.258028371000023,57.61793989900008],[18.309154118000038,57.65748828400007],[18.330203579000056,57.670043160000034],[18.389122223000072,57.72796518100006],[18.40505949100003,57.74704389000004],[18.42966006200004,57.78530653900003],[18.461334656000076,57.81778994200005],[18.49096279200006,57.82896596900008],[18.52355530600005,57.82914374000006],[18.55783195600003,57.84312892000003],[18.585744677000037,57.84061275400006],[18.60261471700005,57.844261248000066],[18.614486218000025,57.85571431400007],[18.62221069000003,57.87890938900006],[18.62967430300006,57.88801816100005],[18.694489791000024,57.918965711000055],[18.726938044000065,57.927222218000054],[18.750516423000022,57.92132059200003],[18.761887416000036,57.90927781500005],[18.774943694000058,57.88372078200007],[18.786601182000027,57.843497581000065],[18.79518661800006,57.83210738300005],[18.801123446000076,57.83652577300006],[18.818896726000048,57.86967377600007],[18.841662641000028,57.883135449000065],[18.836344533000045,57.90071902600005],[18.84304723100007,57.915695852000056],[18.85294149300006,57.92206037600005],[18.893826081000043,57.92755787900006],[18.931530792000046,57.922783819000074]]],[[[18.28735240800006,56.92432060300007],[18.28385558900004,56.92134952200007],[18.279047155000058,56.92359555400003],[18.28441172500004,56.92625626500006],[18.28735240800006,56.92432060300007]]],[[[18.468878414000073,57.12949138100004],[18.464154913000073,57.12216488900003],[18.45417403600004,57.12348874200006],[18.461136773000078,57.12932981100005],[18.468878414000073,57.12949138100004]]],[[[18.511504307000052,57.131345003000035],[18.506221331000063,57.12494242400004],[18.49717842800004,57.12593093000004],[18.504454102000068,57.13165427100006],[18.511504307000052,57.131345003000035]]],[[[18.468518464000056,57.15513025200005],[18.46374648500006,57.15305133600003],[18.457345342000053,57.15647617800005],[18.46451245800006,57.15841173900003],[18.468518464000056,57.15513025200005]]],[[[18.759033525000063,57.27647416800005],[18.753475441000035,57.27505424800006],[18.745196298000053,57.27937977100004],[18.752813039000046,57.28122782500003],[18.759033525000063,57.27647416800005]]],[[[17.977435643000035,57.27957457700006],[17.96014311500005,57.27868793600004],[17.955889442000057,57.28334026300007],[17.958628145000034,57.290209410000045],[17.985063979000074,57.291406263000056],[17.99014089800005,57.28480496100008],[17.977435643000035,57.27957457700006]]],[[[18.75701439900007,57.29535599500008],[18.75368330200007,57.291683609000074],[18.748280387000023,57.29363452000007],[18.75701439900007,57.29535599500008]]],[[[18.071075825000037,57.30771264600003],[18.063953996000066,57.305389422000076],[18.05596300900004,57.307202103000066],[18.05135148900007,57.31251135000008],[18.060401434000028,57.320233889000065],[18.070295024000075,57.317746154000076],[18.073521135000078,57.31301452800005],[18.071075825000037,57.30771264600003]]],[[[18.094729966000045,57.43228977200005],[18.092351287000042,57.42882948400006],[18.083396551000078,57.43087726200008],[18.090622756000073,57.43848340200003],[18.099010801000077,57.438517148000074],[18.094729966000045,57.43228977200005]]],[[[18.990342953000038,57.44349026000003],[18.985856484000067,57.43115671900006],[18.980099731000053,57.43721257300007],[18.957941189000053,57.440765329000044],[18.964413153000066,57.44534674300007],[18.980086492000055,57.44725704600006],[18.990342953000038,57.44349026000003]]],[[[18.859498518000066,57.68280874100003],[18.85745841800002,57.67736163300003],[18.849219764000054,57.67893251800007],[18.85227698600005,57.68411868900006],[18.859498518000066,57.68280874100003]]],[[[18.82673039900004,57.69441462700007],[18.822436923000055,57.692673901000035],[18.817326824000077,57.69540075700007],[18.822662198000046,57.69764458100008],[18.82673039900004,57.69441462700007]]],[[[18.84359598700007,57.69595877000006],[18.840425925000034,57.693184],[18.835082570000054,57.69547295800004],[18.83997890200004,57.69789789500004],[18.84359598700007,57.69595877000006]]],[[[18.927047681000033,57.71414463000008],[18.924565947000076,57.71064948600008],[18.91940037200004,57.71290589800003],[18.922256360000063,57.716869873000064],[18.927047681000033,57.71414463000008]]],[[[18.856987038000057,57.70219409300006],[18.84538347000006,57.69952704600007],[18.83753976500003,57.71525567900005],[18.842219043000057,57.71840181600004],[18.854140766000057,57.71399039900007],[18.85793499400006,57.70831057100003],[18.856987038000057,57.70219409300006]]],[[[18.809928119000062,57.71531137300008],[18.80628951800003,57.71767874200003],[18.808772462000036,57.72101847000005],[18.811543233000066,57.72077000500008],[18.809928119000062,57.71531137300008]]],[[[18.980285034000076,57.76072116600005],[18.98033033200005,57.75275781900007],[18.973765626000045,57.74609125300003],[18.970182623000028,57.74669395400008],[18.966054004000057,57.75470372800004],[18.977052686000036,57.753264873000035],[18.977228940000032,57.75999760500008],[18.980285034000076,57.76072116600005]]],[[[19.013206899000068,57.74322658500006],[19.010358603000043,57.74125998300008],[19.009472665000033,57.75451005100007],[19.005111424000063,57.75881647500006],[19.004302234000022,57.76811834300008],[18.99893423000003,57.778505962000054],[19.008248799000057,57.78535057900007],[19.020903497000063,57.78717442200008],[19.02676305700004,57.78261918100003],[19.026878365000073,57.774725844000045],[19.03554477800003,57.766439897000055],[19.032788114000027,57.76276231800006],[19.020903497000063,57.76009662200005],[19.016973583000038,57.745827285000075],[19.013206899000068,57.74322658500006]]],[[[19.055802381000035,57.78844755200004],[19.045917614000075,57.787292894000075],[19.023435379000034,57.80122374000007],[19.03036101200007,57.807529216000034],[19.040496567000048,57.80236166000003],[19.06544901500007,57.79709786400008],[19.055802381000035,57.78844755200004]]],[[[19.121710756000027,57.82711713500004],[19.116546119000077,57.823560325000074],[19.114469814000074,57.82837473300003],[19.121710756000027,57.82711713500004]]],[[[18.946256842000025,57.92117091400007],[18.942705491000027,57.92207142800004],[18.94578232200007,57.92848484600006],[18.950264162000053,57.92955643500005],[18.946256842000025,57.92117091400007]]],[[[19.187443037000037,57.98853125000005],[19.186289131000024,57.98210000700004],[19.20284237900006,57.98259954800005],[19.21761641200004,57.99399575600006],[19.235019351000062,57.99698423400008],[19.23678454900005,57.99326218500005],[19.22351032200004,57.987176625000075],[19.226354016000073,57.98211537600008],[19.258415893000063,57.97301933800003],[19.277436297000065,57.97501857000003],[19.304721207000057,57.98387179300005],[19.320779531000028,57.98289758200008],[19.335797158000048,57.97738280800007],[19.34634697900003,57.962189745000046],[19.34174952500007,57.95702798200006],[19.324139502000037,57.95411495800005],[19.299920841000073,57.94392876000006],[19.28689090100005,57.94382719300006],[19.269926518000034,57.95087367600007],[19.243034909000073,57.95029094000006],[19.23115901600005,57.94640426500007],[19.222115578000057,57.93892387900007],[19.192781826000044,57.92987918700004],[19.17051355500007,57.93214962400003],[19.146596446000046,57.922432670000035],[19.140004856000076,57.91666620900003],[19.139797303000023,57.91140928000004],[19.163639743000033,57.89486208500006],[19.166076606000047,57.88903864400004],[19.145496956000045,57.87141209300006],[19.122535583000058,57.84411449800007],[19.103499518000035,57.852471542000046],[19.082820059000028,57.867950120000046],[19.075512240000023,57.88998248900003],[19.063730613000075,57.893106526000054],[19.03819372600003,57.908956027000045],[19.04904645000005,57.923454735000064],[19.060919843000022,57.92363347200006],[19.072333224000033,57.932854270000064],[19.086563515000023,57.936692367000035],[19.094646884000042,57.94999049900008],[19.09054022500004,57.95388514800004],[19.078136536000045,57.95513240500003],[19.078215114000045,57.95974177100004],[19.085591871000076,57.96729513500003],[19.112111189000075,57.980906821000076],[19.142432520000057,57.98085706100005],[19.16249930600003,57.99257573700004],[19.181575277000036,57.997290443000054],[19.188523772000053,57.99455467400003],[19.187443037000037,57.98853125000005]]],[[[19.286270426000044,58.33969316300005],[19.251530827000067,58.33565950000008],[19.226692728000046,58.33635412700005],[19.21521644300003,58.33976489100007],[19.207870039000056,58.35378869300007],[19.173853089000033,58.39441071700003],[19.178485134000027,58.397309592000056],[19.192535243000066,58.39704548100008],[19.24608390000003,58.39146738100004],[19.286387886000057,58.38273900900003],[19.322607773000072,58.36502935400006],[19.286270426000044,58.33969316300005]]]]}}]}
