{"type":"FeatureCollection","name":"Singapore coastal outline","source":"https://data.gov.sg/datasets/d_29f066d67df3eae91df8a42f443863c8/view","retrievedAt":"2026-07-10T14:01:49.118Z","features":[{"type":"Feature","properties":{"name":"PULAU PAWAI","source":"Singapore Land Authority National Map Polygon","sourceDatasetUrl":"https://data.gov.sg/datasets/d_29f066d67df3eae91df8a42f443863c8/view","sourceUpdatedAt":"20250617153039"},"geometry":{"type":"Polygon","coordinates":[[[103.72219634019287,1.1871801354058191,0],[103.72195457194442,1.187366684123034,0],[103.72176533657469,1.1872842237827985,0],[103.72169397889381,1.1872443176377663,0],[103.72167019603013,1.1871405689546046,0],[103.72166227056424,1.1870448010224317,0],[103.7215591949577,1.1870447968314968,0],[103.72147197835069,1.1870128710473142,0],[103.72142440911553,1.1868931593726308,0],[103.72128168685033,1.1869410369093558,0],[103.72113896844021,1.1868931477342484,0],[103.72108346894967,1.186797377859583,0],[103.72102797640939,1.1865739181414257,0],[103.7206236048733,1.1864701538777915,0],[103.72030645019277,1.1864142755908498,0],[103.71994172044386,1.186406279561448,0],[103.71956906009262,1.1864302071975301,0],[103.71935496697803,1.1867175011382747,0],[103.71922017016058,1.1868372052739953,0],[103.71912502199615,1.1868611416394605,0],[103.71907745155778,1.1867733539751293,0],[103.71906952773507,1.1866616249277646,0],[103.71889509232291,1.1866536366606544,0],[103.71877616108422,1.1865818062320526,0],[103.7187761561596,1.1867015159589305,0],[103.71886336320279,1.1869648802687203,0],[103.71885543020022,1.187076607750773,0],[103.71879199614234,1.1871324703698358,0],[103.71863341686242,1.1871404438602375,0],[103.71853826892445,1.1871803431284471,0],[103.71830833178188,1.1871324501643934,0],[103.71827662030988,1.1870366812378554,0],[103.7183004122775,1.1869169734135419,0],[103.71845106529062,1.1868132311059378,0],[103.71856207084143,1.186797273723508,0],[103.71863344283504,1.1865099739021296,0],[103.71851451217942,1.1864461253779217,0],[103.71849865907454,1.1863343950954388,0],[103.71794137920216,1.1867743989837487,0],[103.71764319181558,1.1871556137419779,0],[103.7173208413393,1.1872448228652552,0],[103.71718385475111,1.1869771480281945,0],[103.71706299019137,1.1866202493448912,0],[103.71719999434372,1.1864661416116546,0],[103.71769964341118,1.1861741589983386,0],[103.71809452765189,1.1859470608990874,0],[103.71827182224578,1.1858416231258433,0],[103.71828794598368,1.185687510268539,0],[103.71809453972722,1.185655058123953,0],[103.7180542523298,1.1855090541438449,0],[103.71813484288526,1.1854198338959703,0],[103.71858612787325,1.1854117424184112,0],[103.71864935596817,1.1851851910779871,0],[103.71864145029788,1.184610586043585,0],[103.71843305683528,1.1843653880594447,0],[103.71848289308605,1.1841078002054686,0],[103.7184733699506,1.1838868275644026,0],[103.71876838387836,1.1828787952762734,0],[103.71877964822191,1.1826863805913173,0],[103.71888442675848,1.182280823902058,0],[103.71890861829894,1.181923931298093,0],[103.71905369280715,1.181453487257956,0],[103.71926323424387,1.1810641573534426,0],[103.71937899833009,1.1807320318063048,0],[103.71928749827745,1.180425793258019,0],[103.71923103327558,1.1802368123500833,0],[103.71907792040095,1.1802124723071035,0],[103.71903763044776,1.1801070236290896,0],[103.71939221274745,1.1800664829777188,0],[103.72056066220232,1.1814373267467944,0],[103.72070308861768,1.1816338969497675,0],[103.72075858678878,1.1817376469312078,0],[103.72085882089068,1.1817212313872494,0],[103.72097163519311,1.1818996832510662,0],[103.7209092255631,1.1820010137757553,0],[103.72105194173936,1.1821207293268996,0],[103.72138495812632,1.182064879397197,0],[103.721626686646,1.1819841394467767,0],[103.7218269295766,1.1819228072557362,0],[103.72210551673071,1.1821068375597323,0],[103.72246246424444,1.1821769564068332,0],[103.72269752374636,1.1823084079025137,0],[103.7225890865744,1.1825443728964156,0],[103.72271492405436,1.1826063467700123,0],[103.72287163367704,1.182588827382279,0],[103.72313282497197,1.1823872921900065,0],[103.72327212130763,1.1824223490883201,0],[103.7236638852002,1.1826940139148585,0],[103.72404694657024,1.182842997759915,0],[103.72406435203324,1.183035781713375,0],[103.724055628729,1.183465161614361,0],[103.72395985172267,1.1837192822749913,0],[103.72414267612263,1.1838244444438895,0],[103.72436903892091,1.1837105351995418,0],[103.72463892901588,1.1836842578070512,0],[103.72481304830089,1.1837543673471385,0],[103.72505683121706,1.1834564387468274,0],[103.72527449084053,1.183254901635572,0],[103.72560531729796,1.183395119943169,0],[103.72582296732072,1.1834652320256736,0],[103.72623214183686,1.1837631861586015,0],[103.72640625938877,1.1839033991875123,0],[103.7265455672524,1.1836405177264104,0],[103.72684156937552,1.1837632088748626,0],[103.72701567938671,1.1840786803825438,0],[103.72730297830181,1.18414003085139,0],[103.7274335792602,1.1838859122917487,0],[103.72762512227568,1.1836756106913577,0],[103.72776441387592,1.183815822304064,0],[103.72821713714113,1.1836668709545068,0],[103.72833901665938,1.183807080972121,0],[103.72826065434869,1.1840261502330034,0],[103.72805169923421,1.1842364512137051,0],[103.72805168997566,1.184481812418154,0],[103.72811262688866,1.1846395457876389,0],[103.72826062473851,1.1847885210013442,0],[103.72804296957483,1.1848498529866696,0],[103.72799943244152,1.1850426337026423,0],[103.72795589407131,1.1852441786091084,0],[103.72796458775926,1.1855596428281086,0],[103.72799940670983,1.1856998504334284,0],[103.72803422821744,1.1857962434090206,0],[103.72807775302428,1.1859539770179384,0],[103.72821953208098,1.1860395009140219,0],[103.72833893021887,1.186102955657351,0],[103.7283389232832,1.1862869756555763,0],[103.72829538689255,1.186435942648714,0],[103.72817986716088,1.1865742010262852,0],[103.72815607501146,1.186709871002063,0],[103.72818219426644,1.1868127434120601,0],[103.72813865795173,1.1869354223465238,0],[103.72799065171608,1.1870055193600528,0],[103.7278078202087,1.187101903985836,0],[103.72759887103668,1.18717199863528,0],[103.72743345507747,1.187154465689665,0],[103.72725216271755,1.187084925764025,0],[103.72708565743008,1.1870529970896833,0],[103.7268081460285,1.187005102079764,0],[103.72672093364399,1.1868375055774378,0],[103.72664957560411,1.1867816393394495,0],[103.72655442870577,1.186773653727856,0],[103.72648306607732,1.1868374972440698,0],[103.72645134696505,1.1869332627318712,0],[103.72641962938279,1.186989125870877,0],[103.72635619791602,1.18698114329433,0],[103.7262927691894,1.1869252755474016,0],[103.72622933958931,1.186845466571243,0],[103.72615005343486,1.1868055611322608,0],[103.72604697571713,1.1868135381225824,0],[103.72595975966809,1.1867656495479781,0],[103.72591218897941,1.1867018041137558,0],[103.72580911586209,1.1866140125675673,0],[103.72553953628731,1.186526215398422,0],[103.72583290011302,1.186685838989567,0],[103.72590425597686,1.186797571427647,0],[103.72603111643755,1.186877381983389,0],[103.72614212077033,1.1868694062074296,0],[103.72621348031352,1.1869093122421779,0],[103.7262689794004,1.1869971010176499,0],[103.72634826643893,1.1870609485861985,0],[103.72643548495635,1.1870449908605105,0],[103.72649891797661,1.1869891289546088,0],[103.72650685096,1.1868933616373136,0],[103.72657028366926,1.1868454798371844,0],[103.72664957285207,1.1868534639285582,0],[103.72670507256386,1.1869252915761013,0],[103.72678435564063,1.187092887771536,0],[103.72709358279472,1.1871328029986707,0],[103.72741603727417,1.1873034345734188,0],[103.72764239693092,1.1872771552376484,0],[103.72785134800509,1.1871807707230941,0],[103.72806029385896,1.1871983053121704,0],[103.72839984307234,1.1869003800857905,0],[103.72855656372316,1.1866199744230401,0],[103.72868715318454,1.1866725564113187,0],[103.72860007736087,1.187075645339722,0],[103.72867842262126,1.1873122462417955,0],[103.72847817204183,1.1875926511505583,0],[103.7282518038501,1.1878204771243641,0],[103.7281718766413,1.1881703272939537,0],[103.72829081304135,1.1881384087011422,0],[103.72850489068617,1.1882182233939704,0],[103.72863517755454,1.1882672919248252,0],[103.72868352455117,1.1884051839644425,0],[103.72874798832187,1.1885836337281377,0],[103.72865933286378,1.1888431891610665,0],[103.72847397327297,1.1891189642806976,0],[103.72830472585419,1.1895082955668275,0],[103.72814803220874,1.189710586750525,0],[103.72816770797098,1.1900355200746724,0],[103.72795011961345,1.1901247353673368,0],[103.72763264539887,1.1898781600504797,0],[103.7282700838214,1.191007518178955,0],[103.72791783272793,1.191495530212369,0],[103.72746656025726,1.1911467303519938,0],[103.72705556433688,1.1912440484145845,0],[103.72685410073785,1.191138595364771,0],[103.72667681011536,1.1911385875608653,0],[103.72629806500088,1.1907979015898398,0],[103.7259192996172,1.1909601106650218,0],[103.72562112304149,1.1911223237590252,0],[103.72529071134419,1.1912683130650945,0],[103.72509729576623,1.1914386405633404,0],[103.72453285229452,1.1914568691575715,0],[103.72420278275517,1.1914223825723662,0],[103.72383209280254,1.191179032387607,0],[103.72354199162713,1.1908707936638816,0],[103.72338083258873,1.1905138935590758,0],[103.72319550134425,1.190059657600875,0],[103.72320358680587,1.1893620940285254,0],[103.72319678015323,1.1893512956504055,0],[103.7231713761291,1.1892069599629906,0],[103.72322694014957,1.1891510390444717,0],[103.72329361488204,1.1891230787886737,0],[103.72325472614632,1.1890224151970996,0],[103.72322139510207,1.18888819721491,0],[103.72311582962791,1.1888210846539689,0],[103.72309916388788,1.188759568248636,0],[103.72313805970923,1.188681276316288,0],[103.72318250967135,1.1886589086601909,0],[103.7231269556485,1.1884855425855931,0],[103.72308806980816,1.188312178084177,0],[103.72299917944538,1.1881388106688484,0],[103.72291584609536,1.1879039286434894,0],[103.72289362488367,1.1877976731326716,0],[103.72284362036369,1.1877976711211626,0],[103.72277138997029,1.1878088515777325,0],[103.72274360908237,1.187808851363431,0],[103.72269360455356,1.1877864799086286,0],[103.72266027221163,1.1876858156309338,0],[103.72266582967205,1.1876354852919349,0],[103.72271583664364,1.1875963401072205,0],[103.72281029178258,1.1875795670554028,0],[103.7228714121308,1.1875236463646186,0],[103.72288252860704,1.1874062070217033,0],[103.72274918610887,1.1872887618674746,0],[103.72252694396215,1.1872104603230487,0],[103.7221966429803,1.1871803560828467,0],[103.72219634019287,1.1871801354058191,0]]]}},{"type":"Feature","properties":{"name":"PULAU BIOLA","source":"Singapore Land Authority National Map Polygon","sourceDatasetUrl":"https://data.gov.sg/datasets/d_29f066d67df3eae91df8a42f443863c8/view","sourceUpdatedAt":"20250617153039"},"geometry":{"type":"Polygon","coordinates":[[[103.74227008682287,1.163768912723801,0],[103.74234793832886,1.1638178920205844,0],[103.74245498344581,1.163935437567681,0],[103.74250850463902,1.1640089026469393,0],[103.7425425639322,1.164067675692107,0],[103.74253769531542,1.164141138878442,0],[103.74256202270261,1.1641803212624047,0],[103.74256688740364,1.1642292972842005,0],[103.74257661606414,1.1643223521934953,0],[103.74255228538583,1.1643860195763318,0],[103.74248902573491,1.1644692769465315,0],[103.74239170983718,1.1644545805773208,0],[103.7423187222251,1.1644790665907827,0],[103.7422700617278,1.1645231437387142,0],[103.74226519442772,1.1646113001350402,0],[103.74224572695273,1.1647141492676982,0],[103.7421727359164,1.1648169957537289,0],[103.74212407642045,1.1648855612822626,0],[103.74209001208675,1.1649835118990117,0],[103.74207054613079,1.165066769779869,0],[103.74206081197018,1.1651451317480073,0],[103.74203648005827,1.1652185952014473,0],[103.74198781996861,1.165277364649635,0],[103.74194402761512,1.1652626700091033,0],[103.74191970101808,1.1651990010451152,0],[103.7419099708486,1.1651255355763561,0],[103.74188077904104,1.1650569693191255,0],[103.74188564709549,1.1649737100588835,0],[103.74191970959045,1.1649051449629562,0],[103.74201216701934,1.164733732006508,0],[103.74207542914581,1.1645182402699095,0],[103.74215328943421,1.1643223384470398,0],[103.74216788974299,1.1642194891564337,0],[103.74216789399003,1.16408725387248,0],[103.74218736024872,1.1639941999125003,0],[103.7421873627645,1.1639158394349327,0],[103.74222142707923,1.1638178879106087,0],[103.74227008682287,1.163768912723801,0]]]}},{"type":"Feature","properties":{"name":"PULAU PAWAI","source":"Singapore Land Authority National Map Polygon","sourceDatasetUrl":"https://data.gov.sg/datasets/d_29f066d67df3eae91df8a42f443863c8/view","sourceUpdatedAt":"20250617153039"},"geometry":{"type":"Polygon","coordinates":[[[103.72840860303398,1.1879136036774922,0],[103.72843172022333,1.187830517018094,0],[103.72853876224882,1.1877254774116666,0],[103.72872576623375,1.1877540027574964,0],[103.72913015509837,1.1873869096241465,0],[103.72926494738529,1.1873789337209666,0],[103.72936855028351,1.1874075300186377,0],[103.72946524888528,1.1875373144443042,0],[103.72953778198791,1.187407537322719,0],[103.72967477618438,1.1875048755850652,0],[103.72974730927668,1.1873751002657025,0],[103.72989236338155,1.187439994759772,0],[103.72998100482079,1.1875292217537854,0],[103.73019052971485,1.1875373408714345,0],[103.73073852163917,1.187472470556371,0],[103.73106087394362,1.1873264811282342,0],[103.73127039764897,1.187391378855869,0],[103.73130262261746,1.1876590510363076,0],[103.73146379683881,1.1876266120515313,0],[103.73172972286464,1.1879267369522732,0],[103.7316168984396,1.188024066774342,0],[103.73148796135534,1.1879672842052635,0],[103.73141543485397,1.187894280336758,0],[103.73111726306007,1.1879186029788262,0],[103.73109307922032,1.1881538271873158,0],[103.73110112628852,1.1884701650136849,0],[103.73127840961988,1.188664841416157,0],[103.73114945462376,1.189094730623834,0],[103.73084321263038,1.189427279204075,0],[103.73047250695097,1.1895976013977716,0],[103.73009373860748,1.1898733675640107,0],[103.72984391337555,1.1900436951177693,0],[103.729481266568,1.1902059053227148,0],[103.7289735669997,1.1902869984479665,0],[103.72874792939251,1.1901490987469399,0],[103.72857064679846,1.1899138668892957,0],[103.72850618666982,1.189662415951924,0],[103.72851426097944,1.1892487447738147,0],[103.72854335113023,1.189078780611281,0],[103.72863850322966,1.1889510943715287,0],[103.72882087508707,1.188775527183334,0],[103.72888431020479,1.188687742979842,0],[103.72886845787406,1.1885201492467183,0],[103.72881296287412,1.1883206308573129,0],[103.72864323989883,1.18819429106157,0],[103.72851430226847,1.1881537299355023,0],[103.72842566025037,1.1880807262836108,0],[103.72842445714713,1.1880093719142277,0],[103.72840860303398,1.1879136036774922,0]]]}},{"type":"Feature","properties":{"name":"ISLET","source":"Singapore Land Authority National Map Polygon","sourceDatasetUrl":"https://data.gov.sg/datasets/d_29f066d67df3eae91df8a42f443863c8/view","sourceUpdatedAt":"20250617153039"},"geometry":{"type":"Polygon","coordinates":[[[103.81301824435694,1.2534349062351284,0],[103.81291333110865,1.2535674491591644,0],[103.81285611227176,1.2536344712050214,0],[103.81284449190737,1.2537102686632933,0],[103.81292812498714,1.253735028123131,0],[103.81295271204472,1.2537721470758547,0],[103.81292812441237,1.2538092665474951,0],[103.8128482182838,1.2538030791580808,0],[103.81272528743257,1.253741214190196,0],[103.81264538290948,1.253759772936026,0],[103.81254703676258,1.2536917195850048,0],[103.81252245095195,1.253611295107156,0],[103.8125286003661,1.2535123105906085,0],[103.81286051781767,1.2530483269128787,0],[103.81297115630824,1.2529369696912513,0],[103.81314940882866,1.2528565477015878,0],[103.81329692466673,1.2528689196509546,0],[103.81346902922071,1.2529369744420797,0],[103.81353049506998,1.2530297727156123,0],[103.8135304933045,1.253264858800492,0],[103.81349361376522,1.2533081649457571,0],[103.81345058686415,1.2533019769515457,0],[103.81340756292913,1.2531411280584477,0],[103.81325953529921,1.253196168388443,0],[103.81321144583741,1.253223058408327,0],[103.81311259356107,1.2533064147800304,0],[103.81301824435694,1.2534349062351284,0]]]}},{"type":"Feature","properties":{"name":"PULAU SENANG","source":"Singapore Land Authority National Map Polygon","sourceDatasetUrl":"https://data.gov.sg/datasets/d_29f066d67df3eae91df8a42f443863c8/view","sourceUpdatedAt":"20250617153039"},"geometry":{"type":"Polygon","coordinates":[[[103.73938925123585,1.1717429248553273,0],[103.73946486660239,1.1721404579863488,0],[103.73950376234657,1.1722321564278582,0],[103.73950774409002,1.1723525193319657,0],[103.73949976982166,1.1724086882350087,0],[103.73946788028732,1.172460843666058,0],[103.73941207439478,1.172460841782569,0],[103.73936025434824,1.172484913309935,0],[103.73931640629819,1.1725210212921457,0],[103.73930046119418,1.1725571293125798,0],[103.73932805299546,1.1725919953034116,0],[103.73937213472122,1.1725809038584334,0],[103.73944395868025,1.1725932427191132,0],[103.7394997646121,1.172565159564057,0],[103.73951571074576,1.1725250397816016,0],[103.73958391872972,1.1724955860263726,0],[103.7396595815684,1.172520384439917,0],[103.73974389387307,1.1724220701996926,0],[103.73983039939215,1.1723785388118653,0],[103.73990825244319,1.172413369407206,0],[103.73992554990429,1.1725091448980662,0],[103.7398909448471,1.1725962123290712,0],[103.74015045593787,1.1726310481103561,0],[103.74039266636284,1.1726397634350874,0],[103.74060027375877,1.172674597440403,0],[103.74111064807231,1.1726571999665951,0],[103.74130959878812,1.1729009988070418,0],[103.74137879826381,1.173022896769574,0],[103.74146529578339,1.17319703591774,0],[103.74151719321144,1.1733624676041985,0],[103.74150853936501,1.1734843638962662,0],[103.74149123384804,1.1736062589978749,0],[103.74143282955221,1.1737136530643473,0],[103.74147392667075,1.1738065163784253,0],[103.74152583291033,1.1737020350545668,0],[103.74159503662115,1.1736672102629837,0],[103.74162098605076,1.1737281589562918,0],[103.74164693406352,1.1738326419477516,0],[103.74163827960481,1.1739458310186985,0],[103.7416036751925,1.174041604790013,0],[103.74168152599758,1.174119968734583,0],[103.7416728706877,1.1742592776608973,0],[103.74160366696252,1.1742941033575585,0],[103.74153446522402,1.1742679803116256,0],[103.74148256607744,1.174154790144524,0],[103.7413787610141,1.174163493027324,0],[103.74129225602766,1.1741896109220689,0],[103.74120575303503,1.1741547800737777,0],[103.74118845528238,1.1740938316641543,0],[103.74106734981825,1.1740677068852379,0],[103.74100679939284,1.1739980507211065,0],[103.74086839333016,1.173998046118288,0],[103.74057427765399,1.1740589841492035,0],[103.74047912192994,1.174111221584065,0],[103.74050507133786,1.1741721711903657,0],[103.74052236878859,1.174241825919826,0],[103.74044451431543,1.1743027711519984,0],[103.74024555372895,1.1743027653955858,0],[103.74015905164694,1.174267935419877,0],[103.7401417530185,1.1742069861011322,0],[103.74025421115986,1.1741286275952583,0],[103.74009850383774,1.1741199160571745,0],[103.73990819320261,1.1741721511806422,0],[103.73965732869077,1.1742592113239585,0],[103.73938916528867,1.174320150100127,0],[103.7394324144492,1.1744072201534814,0],[103.7391902006532,1.1744681588817418,0],[103.7391209992292,1.174433330365146,0],[103.73908640026774,1.1743636741383763,0],[103.73891339229482,1.1743549610416448,0],[103.73880093586608,1.1743810779740989,0],[103.73898259167015,1.1744507392036632,0],[103.73906044386558,1.1744855689216482,0],[103.73909504314287,1.17457263778151,0],[103.73906908909571,1.1746509991740839,0],[103.73895663326225,1.1746858224282943,0],[103.73868847182024,1.1746335717858112,0],[103.73852411783498,1.1745290840538332,0],[103.73847221266284,1.1746248580902294,0],[103.73835975594314,1.1746858020769986,0],[103.7382732532735,1.1746422648230417,0],[103.73829055567053,1.1745639040479754,0],[103.73829467311785,1.1745487135798998,0],[103.7380182339431,1.174625180776816,0],[103.73785060474938,1.174658919566651,0],[103.73759916414804,1.1746420390870786,0],[103.73747064928777,1.1746532831376195,0],[103.73734772169362,1.1746532779867058,0],[103.73724714599321,1.174630779348623,0],[103.7371521605755,1.1745351657537006,0],[103.73707952500408,1.1744508032235366,0],[103.73695659973181,1.1743833098646217,0],[103.73678338559287,1.174360807784931,0],[103.7366325212946,1.1743495549568832,0],[103.73633079083586,1.174355167773076,0],[103.73604582255331,1.1743945265949673,0],[103.73571056486621,1.1744676281663824,0],[103.7354144188543,1.1745688495710207,0],[103.73510151029562,1.174698191557874,0],[103.73473830891984,1.1749062692958532,0],[103.7345595026516,1.1750074956716388,0],[103.73435275598564,1.1751762101287684,0],[103.73418512375814,1.1752943086963803,0],[103.73397279135838,1.1754292783768887,0],[103.7336989928349,1.1756036137142123,0],[103.7333749066303,1.1757610762944024,0],[103.73322403827984,1.175862302676902,0],[103.73316816033905,1.175941038229871,0],[103.73294038798,1.176076254156129,0],[103.73294455192867,1.176244135965234,0],[103.73287534996592,1.1762005991727595,0],[103.73271964629133,1.1761135249555652,0],[103.73256394387592,1.1759916227590432,0],[103.7323909401961,1.1758871352674725,0],[103.73227848930182,1.1757565292203394,0],[103.73201898243525,1.1756259168989815,0],[103.73173352201285,1.1755301306714676,0],[103.7315086139716,1.1754691746092496,0],[103.73134426055827,1.1753559801569762,0],[103.73120586016132,1.1751992523667625,0],[103.7310242080301,1.175033814854075,0],[103.73086850643966,1.1748683791934385,0],[103.73078228314365,1.1747807792931764,0],[103.73065225184446,1.1747116476010442,0],[103.73068685085488,1.1747987183524136,0],[103.73072144833347,1.1749032008273612,0],[103.73069549527203,1.1749728549029714,0],[103.73061763783629,1.1750599205906254,0],[103.73049653241105,1.1750599161066246,0],[103.7303667783874,1.1750250842316206,0],[103.73026297424917,1.1750076659424975,0],[103.73019377395906,1.1749205948059807,0],[103.73011592124364,1.1749031792845228,0],[103.73007267141838,1.1748422289565128,0],[103.73003807530472,1.1746767977560046,0],[103.7298477696268,1.174589722104536,0],[103.72969206364337,1.174546182015046,0],[103.72959690991391,1.174563592898651,0],[103.72948445567181,1.17452876072713,0],[103.72925090208851,1.1743546157599756,0],[103.72896544804551,1.174093400262743,0],[103.72883794136453,1.1739342572229312,0],[103.7287664977499,1.1738670141561405,0],[103.72866269366892,1.1738495967161358,0],[103.72858484423551,1.1737451116883821,0],[103.72856754910578,1.173597094660952,0],[103.72847239742521,1.1735361432597826,0],[103.7284204966393,1.173457779956921,0],[103.72841185123758,1.1733620038503627,0],[103.72844645607455,1.1732662311845847,0],[103.7283945575644,1.173126919164538,0],[103.7285243152109,1.1731095096228463,0],[103.72861947173419,1.1730398590812172,0],[103.72871462857626,1.1729615013177828,0],[103.72882708436016,1.172952799232577,0],[103.7289741388291,1.1730137516648476,0],[103.72927690312314,1.1729876431652342,0],[103.72951911603231,1.1729267044033984,0],[103.72968347108902,1.173013779100284,0],[103.72983917455285,1.1730747318111105,0],[103.73003813409161,1.1730747401138828,0],[103.73039280692055,1.1728919089126493,0],[103.73071288097833,1.172639423158104,0],[103.73104160805516,1.172273748357209,0],[103.73140494313408,1.171768763796055,0],[103.73163851797128,1.1713769646681313,0],[103.73175963174795,1.1711157642745633,0],[103.731854795916,1.1708545620237543,0],[103.73189806325011,1.1704279288550279,0],[103.73207110619865,1.1694527691033878,0],[103.73214896162608,1.1693657042582644,0],[103.73233062497285,1.169235107978888,0],[103.73232197916151,1.1691219183366326,0],[103.73228737828569,1.1690870900151653,0],[103.73223547894416,1.1690174330937473,0],[103.73223548143528,1.1689477789569023,0],[103.73228738540898,1.1689129528640847,0],[103.73237388503797,1.1690087317903177,0],[103.73249498834674,1.169060976772797,0],[103.73259879415207,1.1690261525494026,0],[103.73277180639336,1.1689042640487701,0],[103.73302617510768,1.1686544561304457,0],[103.73339466577727,1.16797265371599,0],[103.73344657801819,1.167702744423797,0],[103.73356769480131,1.1673718879673525,0],[103.73417322611796,1.1672326012389924,0],[103.73439813602808,1.1672239019908943,0],[103.73453653961843,1.1672587339589031,0],[103.7346403422895,1.167337098989965,0],[103.73471819028885,1.1674851181489898,0],[103.73476143890865,1.1675808945741062,0],[103.7348479413076,1.1676244319166826,0],[103.73501229779173,1.1676157313905446,0],[103.7351593548652,1.1676244428783384,0],[103.73534966391028,1.1675809161720974,0],[103.73588599910121,1.1672326605875474,0],[103.73609361260272,1.1671020649394548,0],[103.73628392638089,1.166945348820801,0],[103.7364482902847,1.1667712182512642,0],[103.73659534820477,1.1667015682923911,0],[103.73678565658729,1.1667015748710647,0],[103.7369413610968,1.1667538208548802,0],[103.7370624673839,1.1667451178073307,0],[103.73797941689024,1.1664317037491927,0],[103.73810052285084,1.1664055871176129,0],[103.73822162676343,1.1664404192189788,0],[103.73843787889996,1.166666804365915,0],[103.7385416784408,1.166814824315114,0],[103.73864548032128,1.166893189205578,0],[103.73880983589771,1.1669106083061767,0],[103.73894824221306,1.1669193202043409,0],[103.73908664534211,1.1670238061027283,0],[103.73919044721649,1.167076051119744,0],[103.73934615266839,1.1671021771197938,0],[103.73951050772035,1.1671631295739242,0],[103.73957105566603,1.1673024408165307,0],[103.7396575460736,1.1677377857917102,0],[103.73967483774571,1.1680076993795316,0],[103.73964886504271,1.1686520048467495,0],[103.73958829917032,1.1690525169018862,0],[103.73949313779399,1.1692527707463025,0],[103.73938067665485,1.1694269050530952,0],[103.73925091665197,1.1695749171072027,0],[103.73919035942721,1.1697403441246377,0],[103.739337380064,1.1707938767111032,0],[103.73939792574566,1.1710028430146213,0],[103.73944117196643,1.171176981658656,0],[103.73942386699179,1.1713075839644456,0],[103.73933735802022,1.17145559656778,0],[103.73938925123585,1.1717429248553273,0]]]}},{"type":"Feature","properties":{"name":"SOUTHERNMOST POINT OF ASIA CONTINENT","source":"Singapore Land Authority National Map Polygon","sourceDatasetUrl":"https://data.gov.sg/datasets/d_29f066d67df3eae91df8a42f443863c8/view","sourceUpdatedAt":"20250617153039"},"geometry":{"type":"Polygon","coordinates":[[[103.82236961584573,1.2473083399149982,0],[103.82205009936811,1.2478161522513376,0],[103.8219488512545,1.2478867013378905,0],[103.82182423867069,1.2479729265831727,0],[103.82172299210153,1.248098348016256,0],[103.82159837956992,1.2481688969849918,0],[103.82148934469012,1.248262962225271,0],[103.82139033994929,1.2483817049184762,0],[103.82141731818523,1.2483907070923246,0],[103.82146152631702,1.2484577388382436,0],[103.82140020976443,1.2484937503790219,0],[103.8213008597109,1.2484732660528162,0],[103.82120866221572,1.2483914838864314,0],[103.82113653795268,1.2482811871775261,0],[103.82109821626148,1.2481754938436525,0],[103.82113558658294,1.2480491813381513,0],[103.82118236423655,1.2479754848400815,0],[103.82142805832851,1.2477804144077964,0],[103.82184148086388,1.2474760250345567,0],[103.82214140106937,1.2472526571855662,0],[103.82225017695227,1.2471959720407266,0],[103.82234529507078,1.247176438154681,0],[103.82247773785483,1.2471891359945741,0],[103.82255203682217,1.2472397897944367,0],[103.82265591521151,1.247310602012509,0],[103.82265106292901,1.2473696389502114,0],[103.8225982753361,1.2473804278103702,0],[103.82247077380133,1.2473041350391565,0],[103.82238773382257,1.2472881319514484,0],[103.82236961584573,1.2473083399149982,0]]]}},{"type":"Feature","properties":{"name":"PULAU KETAM","source":"Singapore Land Authority National Map Polygon","sourceDatasetUrl":"https://data.gov.sg/datasets/d_29f066d67df3eae91df8a42f443863c8/view","sourceUpdatedAt":"20250617153039"},"geometry":{"type":"Polygon","coordinates":[[[103.95233438689814,1.4033492771402913,0],[103.95204990734598,1.4035181460342012,0],[103.95188213421356,1.4035548617500744,0],[103.95176850931855,1.4035328770743916,0],[103.95171542973789,1.403435716924523,0],[103.95163672774703,1.4034225190537002,0],[103.9515186759469,1.4034621297882752,0],[103.95137880672375,1.4035402050497525,0],[103.9512760210085,1.4036535621093373,0],[103.9509087532919,1.403805396891006,0],[103.95079332120463,1.403798650761039,0],[103.94990533343052,1.4041643082902573,0],[103.94978259990698,1.404293868844588,0],[103.94966401902754,1.404357049003807,0],[103.94960650482194,1.4044015799625928,0],[103.94955120470026,1.404463920413193,0],[103.94944945016353,1.4045173579314585,0],[103.94940963230614,1.4045373969696742,0],[103.94931893300495,1.4044995539445058,0],[103.94926362967047,1.4045151406742569,0],[103.94908513909022,1.4046810132150047,0],[103.94903295532733,1.4047818883713221,0],[103.94859753282637,1.4051780134237382,0],[103.94828772472316,1.405683692047866,0],[103.94802315904903,1.4060939925582507,0],[103.9476660217106,1.4067706548850956,0],[103.94749825289486,1.4069028112682826,0],[103.9474034256336,1.4069615470253742,0],[103.94736695698619,1.407042305650726,0],[103.94735237758005,1.4072478688002226,0],[103.94719920059491,1.4074314139254545,0],[103.94693660334026,1.4076002820881202,0],[103.94660835538808,1.4077838348502627,0],[103.94631657501975,1.4078646059290802,0],[103.94607596891016,1.407870120692931,0],[103.94555606171286,1.407726877768308,0],[103.94563586129823,1.4074457330008905,0],[103.94583538263394,1.4072582969625576,0],[103.94604820976853,1.4071377984424835,0],[103.94631423782441,1.4068566436922403,0],[103.94656696410074,1.4065754922785239,0],[103.94676649006416,1.4064683807188731,0],[103.94688619461246,1.4061872348733966,0],[103.94713892463939,1.4059864079547102,0],[103.94739165722089,1.4058391310110525,0],[103.94757786900838,1.4054776564166451,0],[103.94793700979484,1.405183109648918,0],[103.94834935215351,1.4047279102032135,0],[103.94856218244358,1.4046609623813078,0],[103.94872180165287,1.4045806281031707,0],[103.94869518732737,1.4043396521749008,0],[103.9488499297152,1.4037977099723953,0],[103.94892782857632,1.4035770363013962,0],[103.94905182068301,1.403239319590369,0],[103.94941336131139,1.402749359744492,0],[103.94959698815086,1.4025315277094597,0],[103.94968167540497,1.4023415721504622,0],[103.94981770043057,1.402189446201662,0],[103.9501362454246,1.4019524945819841,0],[103.95023149899455,1.4018887566848235,0],[103.95064630475306,1.4016601826973407,0],[103.95107258870635,1.401283921204804,0],[103.95140049606013,1.4009274674519658,0],[103.95165626323106,1.4006370230993683,0],[103.9519317073045,1.4003795824166807,0],[103.95223338901356,1.4001947470781158,0],[103.95256786444382,1.4000297119386442,0],[103.95284987386474,1.3999240869913423,0],[103.9529220192433,1.3999636871139334,0],[103.95295480676494,1.3998778759398558,0],[103.95316467725833,1.3998250603602969,0],[103.95350571789783,1.3998250418942664,0],[103.9537287083037,1.3998382322617469,0],[103.9539254671506,1.399917429733303,0],[103.95401073237312,1.4000032348069342,0],[103.95406976334286,1.4001022431134156,0],[103.95408944675141,1.4002606582866726,0],[103.9541025733412,1.4004388766146827,0],[103.95413601518435,1.400742947621703,0],[103.95419437994077,1.4009044582252568,0],[103.95423085842782,1.4010219212018813,0],[103.95417980827594,1.4012495101729554,0],[103.9540068577655,1.4014273981117662,0],[103.95390638038289,1.40160438515923,0],[103.95374575575173,1.4020480219400349,0],[103.95370571398944,1.4022920290275815,0],[103.95357144557158,1.402630336103814,0],[103.95342716932302,1.4028217644445826,0],[103.95331568070267,1.4029471826055195,0],[103.95318451573512,1.4030528007694658,0],[103.95304679022733,1.4031056135648294,0],[103.95288283030658,1.4031518267631014,0],[103.95263345517915,1.4031510410214203,0],[103.95233438689814,1.4033492771402913,0]]]}},{"type":"Feature","properties":{"name":"PULAU SERINGAT (PULAU RENGET)","source":"Singapore Land Authority National Map Polygon","sourceDatasetUrl":"https://data.gov.sg/datasets/d_29f066d67df3eae91df8a42f443863c8/view","sourceUpdatedAt":"20250617153039"},"geometry":{"type":"Polygon","coordinates":[[[103.85317738311191,1.226546525416733,0],[103.85339810003889,1.2265530650345284,0],[103.85341000902392,1.2265536771999344,0],[103.8535792902061,1.2265623831452779,0],[103.85350670618088,1.2267084965655797,0],[103.85345831777414,1.2270129017561975,0],[103.85340993142644,1.2273538360667644,0],[103.85340993270732,1.22764606361119,0],[103.8534583249653,1.2279748208143386,0],[103.85355510812869,1.2283279285862043,0],[103.85366398727045,1.2285714516107895,0],[103.85378496284305,1.2287662699468034,0],[103.85400271860364,1.228912382030418,0],[103.85431725493572,1.2290584942365157,0],[103.85447452337215,1.2291071975781993,0],[103.85464388821077,1.2291071962235842,0],[103.85480115478485,1.2290341376192824,0],[103.85489793378612,1.228953470168816,0],[103.85498866414146,1.2287860470071987,0],[103.85501556540439,1.2286200487397627,0],[103.85499547713994,1.2286146290428739,0],[103.85482897140028,1.2286115772591826,0],[103.8547963786299,1.2285188882252192,0],[103.85486659496453,1.2284767668456922,0],[103.85509006082513,1.2285080054167727,0],[103.85538810363907,1.2286191765761338,0],[103.85706514871958,1.2292164899176796,0],[103.85736420691264,1.2294163293301377,0],[103.85752664209645,1.2295849024343344,0],[103.85763242262514,1.2297263478043023,0],[103.85769801375022,1.2298263184462228,0],[103.85789738590394,1.2302492565625547,0],[103.85800840215414,1.230487803559479,0],[103.85831788959199,1.230966460361145,0],[103.85838753458397,1.2311287136725415,0],[103.85840978003358,1.2313061806621919,0],[103.85837318365165,1.2318293680304149,0],[103.85836328292915,1.2319348216273363,0],[103.8583179491906,1.232059732975893,0],[103.85825184868749,1.2321706865468294,0],[103.85816584286863,1.2322426567369826,0],[103.85807548709482,1.2322921770035498,0],[103.8579768836875,1.232330814213149,0],[103.85789677875071,1.2323377713348174,0],[103.85779694126299,1.2323319264428223,0],[103.8576988835829,1.2323080267839381,0],[103.85763408909447,1.2322752613242094,0],[103.85750397277211,1.2322188256054682,0],[103.85707263464735,1.2321019873337413,0],[103.8567573592744,1.2320641750154886,0],[103.85609678898365,1.231992661768331,0],[103.85529189206473,1.231940009188678,0],[103.85530624400171,1.231373483046543,0],[103.85550282776312,1.231358260942022,0],[103.85574477786324,1.23134303934389,0],[103.85618331325999,1.2313886951882276,0],[103.85648575117729,1.2314039130285481,0],[103.85651599332341,1.231266931278931,0],[103.8564857489451,1.231145168715906,0],[103.85625891774255,1.230886427279169,0],[103.85577501420234,1.2303993837242246,0],[103.85557842860592,1.2302928439230485,0],[103.85530623515724,1.2302928470972365,0],[103.85492818785129,1.2302928502034185,0],[103.85476184760269,1.2303232906778676,0],[103.85402088004966,1.2307342428366712,0],[103.85389990507946,1.2307494651493687,0],[103.85368819799606,1.2307190258501355,0],[103.85356722302438,1.2307342472433058,0],[103.85308332357373,1.2307342499890968,0],[103.85281112996554,1.23071903244094,0],[103.85258430201104,1.230734253660785,0],[103.8524482036207,1.2305668331269104,0],[103.8523725939708,1.2305668327667123,0],[103.8523121056776,1.2304602917403866,0],[103.85217600943551,1.2303385307839827,0],[103.85178283781204,1.2300189091671632,0],[103.85164674123642,1.2299732496136193,0],[103.8515408872869,1.2299580298753865,0],[103.85145015482901,1.2298514890356658,0],[103.85120820481964,1.229729728748853,0],[103.85092088901679,1.2296840701722884,0],[103.8505277205802,1.2296840727499934,0],[103.85048235535838,1.2297145139781163,0],[103.85048235623262,1.2298514945655519,0],[103.85055796625348,1.229912375944375,0],[103.85092089041153,1.2298971530952831,0],[103.85113259730122,1.2299123721500476,0],[103.85158625405177,1.2301558929225982,0],[103.85190381528837,1.2303689736386343,0],[103.85211552227919,1.2305211741041266,0],[103.85214576724451,1.2306277162541621,0],[103.8521306447687,1.2307038168875832,0],[103.85200967216859,1.2309321211298307,0],[103.85202479391172,1.2310082215492306,0],[103.85222137910309,1.2310691020228897,0],[103.85240284175775,1.231069100723095,0],[103.85252381718722,1.2311147603459691,0],[103.8526599139448,1.2311756403198304,0],[103.85297747438378,1.2312517394140858,0],[103.85331015571568,1.2312821769555693,0],[103.85350674106924,1.231358276895348,0],[103.85373356930131,1.2313734947206025,0],[103.85385454375132,1.2314039347196533,0],[103.85426283544483,1.2314039306207214,0],[103.85445941897609,1.2313582685645208,0],[103.85451990677367,1.2313887090147722,0],[103.85467112485614,1.2313430473053744,0],[103.85513990344373,1.2313734844211082,0],[103.85512358183009,1.231929872645129,0],[103.85434845318342,1.2319055731911526,0],[103.85394242098897,1.2318787085962832,0],[103.85353868887711,1.231833316191116,0],[103.8523863261897,1.2315965809078235,0],[103.85199789115124,1.2315053865791885,0],[103.85158651661641,1.2313742619130028,0],[103.85133848882715,1.2315147386628702,0],[103.85121133992772,1.2313746262177645,0],[103.8510388110069,1.231065533424563,0],[103.85101033720527,1.2309802257457372,0],[103.85098958872207,1.2308692783560422,0],[103.85102263726337,1.2308743868949177,0],[103.85104440905289,1.2309685492585678,0],[103.8510714910215,1.2310501400051928,0],[103.85113023880875,1.2311513932480211,0],[103.85152034739255,1.230930020075477,0],[103.85171538191717,1.2306260543374914,0],[103.85118052118025,1.230238607121316,0],[103.85080635240148,1.2301792579309951,0],[103.85045263817698,1.2302152982891819,0],[103.85037327275077,1.2303620139749838,0],[103.85010909808045,1.230280968254694,0],[103.84985863421906,1.2300964422369771,0],[103.84981155084895,1.2299540511249747,0],[103.8497307550808,1.229827819418979,0],[103.84962104506978,1.229726133265441,0],[103.84953240567661,1.2296737882427367,0],[103.84860057997,1.230719988823329,0],[103.84870585792937,1.2308828580665327,0],[103.848747101768,1.2310251696475687,0],[103.84877077429623,1.2311966082218306,0],[103.84878456468792,1.2313329999867588,0],[103.84877637541533,1.2314632358654236,0],[103.84875813123118,1.2315141562571,0],[103.84865939412288,1.2316035867966957,0],[103.84857184431415,1.2316605044331963,0],[103.84836739159834,1.2317410013438752,0],[103.8458747321636,1.2325133431552167,0],[103.84563467535602,1.2323940566960683,0],[103.84550789276017,1.23213376287413,0],[103.8455787066483,1.2318496733846074,0],[103.84636470731738,1.2313132092055326,0],[103.84687809394723,1.2308351311186516,0],[103.8473278451315,1.2303174502100995,0],[103.8474080000311,1.2302481735978839,0],[103.84746678917035,1.2302119453170766,0],[103.84754905123158,1.2301685045962447,0],[103.8476330313868,1.230148478784658,0],[103.84770600473246,1.2301421613987553,0],[103.8477755279386,1.2301695623840883,0],[103.84785181913836,1.23025843575048,0],[103.84806518683371,1.23016900189285,0],[103.84808916126549,1.2301863836598628,0],[103.84808686126543,1.230225275900709,0],[103.84784245073406,1.2303461990241766,0],[103.84802410091994,1.2306354067988314,0],[103.84811058870453,1.2307506767137808,0],[103.8482172536723,1.2308630281257933,0],[103.848435068408,1.2306536373970998,0],[103.84941793328443,1.2295328508485732,0],[103.84929984942528,1.2293373124182352,0],[103.84905310306551,1.2288759510475882,0],[103.84890673097907,1.228341806651928,0],[103.8490567299805,1.2281905868512033,0],[103.84897224140236,1.2280676298477595,0],[103.84906003456744,1.2280076518245768,0],[103.84914310258199,1.2281297406430447,0],[103.84933039074375,1.2280787966259186,0],[103.849522458161,1.2281827703371586,0],[103.84966188316534,1.2283001199207224,0],[103.84974856461177,1.2284951647476252,0],[103.84984362924124,1.2286860403952602,0],[103.84999301113848,1.229149442552541,0],[103.85024733597436,1.229066033144648,0],[103.85025639061477,1.228819992378636,0],[103.85023632301059,1.2288124645700684,0],[103.85023865562927,1.227821036951177,0],[103.85051569092948,1.2278160720172442,0],[103.8509353177844,1.2278112055936576,0],[103.85125595574101,1.2278320725826757,0],[103.85213908114012,1.2279007005660458,0],[103.85215896361235,1.227517825636077,0],[103.8521698773635,1.2273076546895383,0],[103.85221093060036,1.2265183415786427,0],[103.85317738311191,1.226546525416733,0]]]}},{"type":"Feature","properties":{"name":"PULAU SATUMU (RAFFLES LIGHTHOUSE)","source":"Singapore Land Authority National Map Polygon","sourceDatasetUrl":"https://data.gov.sg/datasets/d_29f066d67df3eae91df8a42f443863c8/view","sourceUpdatedAt":"20250617153039"},"geometry":{"type":"Polygon","coordinates":[[[103.74106425823855,1.1611096824470548,0],[103.74075043520969,1.1604301289719086,0],[103.74069934569681,1.1603493168886856,0],[103.74060446774692,1.1601913673940512,0],[103.7404767480027,1.1599489310752473,0],[103.74041836223094,1.1598277135472221,0],[103.74037092590716,1.159640379191597,0],[103.74036363280945,1.1594750846223727,0],[103.7403745851865,1.159346523231332,0],[103.74040743386766,1.1591922496699856,0],[103.7404840776661,1.158964514210584,0],[103.74056801922664,1.1588139158599413,0],[103.74062276090727,1.158762492780886,0],[103.74066655261448,1.1587661668474136,0],[103.74072859219177,1.1587882091581918,0],[103.74083441924365,1.1589167743930513,0],[103.74100593183094,1.1591555377000644,0],[103.74106796790564,1.159258388596825,0],[103.74110081031613,1.159324507768122,0],[103.74113000284841,1.159368588359036,0],[103.74110810714174,1.1593759328904847,0],[103.74104607118227,1.1592694075610974,0],[103.74101687799161,1.1592179826246913,0],[103.7409548371583,1.159262059318006,0],[103.74089644589797,1.1593098087542448,0],[103.74085265089978,1.1593795980336028,0],[103.74082345425441,1.1594346945809475,0],[103.7408052053149,1.1595044846992009,0],[103.74079425486447,1.1595742759617114,0],[103.74079425271738,1.1596403931510673,0],[103.74080519839724,1.1597175312872499,0],[103.74086416057578,1.1597693605513173,0],[103.74091467463761,1.1598350769590604,0],[103.74098766028233,1.1599232359109943,0],[103.74102780118857,1.1599893553230003,0],[103.74104969475835,1.1600481270778855,0],[103.74105699086986,1.1601215906604987,0],[103.7410533385567,1.1602024009415202,0],[103.74103144058144,1.1602795379989255,0],[103.7409985937571,1.1603493267342517,0],[103.74094750210277,1.1603897311601612,0],[103.74095114875466,1.1604558493737316,0],[103.74099129216806,1.1604448301062118,0],[103.74101318782921,1.1604668701900616,0],[103.74105333040934,1.1604815638151424,0],[103.74109712178688,1.1604962593681525,0],[103.74112631582295,1.1605219723152609,0],[103.74128323901735,1.1605293227081843,0],[103.74131609200921,1.1602685267440105,0],[103.74134163706184,1.1602722011089865,0],[103.74127592858017,1.1608709308133378,0],[103.74126132874153,1.1609590868893342,0],[103.74127227538695,1.161006838601947,0],[103.74125402715808,1.161054590262147,0],[103.74122118223069,1.1610656079633548,0],[103.74119563467391,1.161139072277187,0],[103.74115549125112,1.1611500897381382,0],[103.74110804992895,1.1611427420275697,0],[103.74106425823855,1.1611096824470548,0]]]}},{"type":"Feature","properties":{"name":"PULAU PUNGGOL BARAT","source":"Singapore Land Authority National Map Polygon","sourceDatasetUrl":"https://data.gov.sg/datasets/d_29f066d67df3eae91df8a42f443863c8/view","sourceUpdatedAt":"20250617153039"},"geometry":{"type":"Polygon","coordinates":[[[103.86935386132204,1.4280663592963938,0],[103.86927563084441,1.4279553526026658,0],[103.86924945505264,1.4279104622110295,0],[103.86922126472331,1.4278723590999716,0],[103.86920197595283,1.4278409074435066,0],[103.86915424943561,1.4277514910440288,0],[103.86914598202912,1.427728351220609,0],[103.86912818018888,1.4276812450051375,0],[103.86911576134662,1.4276619605489076,0],[103.869096750068,1.4276190940089175,0],[103.86907503469838,1.4275614682960467,0],[103.86905357612501,1.4274907383493924,0],[103.86902782884026,1.4273790688306844,0],[103.86900754576487,1.4272005568032389,0],[103.86900604789692,1.4271477483189883,0],[103.86900906120725,1.4270526191620707,0],[103.86903371800346,1.4268409985829633,0],[103.86905277127792,1.4267524294293428,0],[103.86905965597425,1.4267320567213835,0],[103.86907717065736,1.4266887265754638,0],[103.86909169835607,1.426641210176693,0],[103.86911128065805,1.4265953197446275,0],[103.8691472556158,1.4265266128646794,0],[103.8692146417129,1.4263979172405061,0],[103.8692443341027,1.4263544340647796,0],[103.86928463217976,1.426285882665381,0],[103.86937889079344,1.4261667810081393,0],[103.86940818962714,1.4261254158562802,0],[103.86948552541956,1.426029770942174,0],[103.8695480627079,1.4259600932539396,0],[103.86974436068543,1.4257733507968826,0],[103.86976222083966,1.4257574879738104,0],[103.86977058668441,1.4257548461943055,0],[103.86982267085762,1.425755879956319,0],[103.86983888123754,1.4257425728906934,0],[103.86984953370393,1.425721308417718,0],[103.86986067958993,1.4257059521446966,0],[103.86989552192519,1.4256712800938107,0],[103.8699670642077,1.425616280072956,0],[103.87002855487927,1.4255635203199446,0],[103.87004904444824,1.4255564976073962,0],[103.87008862213888,1.4255648749970662,0],[103.87012739510088,1.4255424081717136,0],[103.87014187922352,1.4255253199872608,0],[103.87016065024592,1.4254906518083692,0],[103.87043856237418,1.4253967797967548,0],[103.87047524626658,1.4253843894194633,0],[103.87130761939005,1.4248863761535133,0],[103.87174736092615,1.4246039387599372,0],[103.87290043359023,1.4238041189055755,0],[103.87343853167222,1.4233613376289258,0],[103.87363700942701,1.4231938043985999,0],[103.87405837989051,1.4228270331781812,0],[103.87444757020818,1.4224770365970738,0],[103.8749687063781,1.421960593954284,0],[103.87555462280069,1.4213591787120694,0],[103.87588234699002,1.420990883228409,0],[103.87665259010899,1.4201725897534125,0],[103.87686899138728,1.4199501547124822,0],[103.87715160117934,1.4197073828696558,0],[103.87750262841807,1.4194564025794802,0],[103.87783405223463,1.419219438444728,0],[103.87813805929879,1.419037302747746,0],[103.87848892660476,1.4188443137284192,0],[103.87895429339456,1.4186302968384519,0],[103.87917103028629,1.4185401211448447,0],[103.87932066291957,1.4184778653833763,0],[103.87977876119939,1.418325264713541,0],[103.88048883018064,1.418142641165818,0],[103.88066858299906,1.4181033057964156,0],[103.88106007781222,1.4180417376770102,0],[103.8816097251522,1.417942163011411,0],[103.88173722536325,1.417919065599379,0],[103.8821200578858,1.417865388960414,0],[103.88220215356482,1.4178538782871406,0],[103.88225370381996,1.417770414380664,0],[103.88274151794015,1.4176969244165565,0],[103.8830174657037,1.4180914100054356,0],[103.88299476873392,1.4181978993062803,0],[103.88322473374383,1.4184950953293765,0],[103.88359992640427,1.4191438712462672,0],[103.88371036798813,1.4193348405672814,0],[103.88408854916034,1.419838399957073,0],[103.8842987376241,1.4201855623800976,0],[103.88470374701853,1.4207962935639982,0],[103.88508479842876,1.421366433753624,0],[103.8854241669895,1.4218494583845815,0],[103.88573027265662,1.4223354283258058,0],[103.8862206648098,1.423053886837338,0],[103.88622622184842,1.423100220868105,0],[103.8862596793163,1.4231509892533183,0],[103.88630604123094,1.4232319703151421,0],[103.88635862844544,1.4233069543975623,0],[103.88638911255119,1.423360664743782,0],[103.886448951606,1.4234448541718376,0],[103.8865477645875,1.4236188089080375,0],[103.88657647121723,1.4236693440724077,0],[103.8866308945616,1.4237569846717983,0],[103.88664713891053,1.4237800238578064,0],[103.88670847379834,1.4238494015782015,0],[103.88674097870322,1.4238967487704184,0],[103.88681418598593,1.4239752747517613,0],[103.88683765696697,1.4240054075946156,0],[103.88687527499206,1.4240586049925625,0],[103.88691987825929,1.4241332672933562,0],[103.88702032689088,1.424274843042213,0],[103.88710354142967,1.4244149468869873,0],[103.8872394811148,1.4246076337011009,0],[103.88730431091687,1.4246879568322102,0],[103.88735562757076,1.4247621116169638,0],[103.88741862205349,1.4248635896576738,0],[103.88745356290883,1.4249041432024514,0],[103.88751209000205,1.4249841237221024,0],[103.8875643990001,1.4250705226547862,0],[103.88757823985515,1.4251028885904542,0],[103.88761924835765,1.4251585792240176,0],[103.88763738736161,1.4251989224473045,0],[103.88768644760094,1.4251932301236512,0],[103.88770660659529,1.4251933978564706,0],[103.8877242882543,1.4251969778112752,0],[103.88779257785296,1.425285288182608,0],[103.88782683068881,1.425338104905759,0],[103.88788621959444,1.4254197657013752,0],[103.8879526675827,1.4255288068343757,0],[103.88800041726931,1.4256199112673948,0],[103.88809448864247,1.4257957642977006,0],[103.88399537361516,1.4283592779491474,0],[103.88039372514831,1.4309748430264562,0],[103.87967737097688,1.4313753921631176,0],[103.87896101465131,1.4316798126654697,0],[103.87805362843477,1.4319201507931627,0],[103.8771303191986,1.4320323188529032,0],[103.87622292727049,1.4319842719079643,0],[103.87517225916548,1.4317920346051825,0],[103.87426486337189,1.4315196884307975,0],[103.8734052201995,1.4310550842023686,0],[103.87200432123322,1.4302059760828867,0],[103.87095364835554,1.4295971805827388,0],[103.86999848796701,1.4289082781347433,0],[103.86936550296525,1.4280907253827944,0],[103.86935386132204,1.4280663592963938,0]]]}},{"type":"Feature","properties":{"name":"PULAU UBIN","source":"Singapore Land Authority National Map Polygon","sourceDatasetUrl":"https://data.gov.sg/datasets/d_29f066d67df3eae91df8a42f443863c8/view","sourceUpdatedAt":"20250617153039"},"geometry":{"type":"MultiPolygon","coordinates":[[[[103.9393273337904,1.4154437608718107,0],[103.93932494058943,1.415477479228839,0],[103.9393081911393,1.4155015649780034,0],[103.939277081384,1.4155256513872745,0],[103.93924357917906,1.4155208362931215,0],[103.93923639682905,1.4154822999333638,0],[103.93922921625204,1.4154630337271172,0],[103.93926989785535,1.4154413542912148,0],[103.93931297418986,1.4154196765532527,0],[103.9393273337904,1.4154437608718107,0]]],[[[103.93955466493685,1.4151595491032292,0],[103.93959534940326,1.415181222985522,0],[103.9396097091145,1.4152077147148976,0],[103.93961210492103,1.4152510679278678,0],[103.93960732137579,1.4152823789825093,0],[103.93959056899338,1.4153209164442917,0],[103.93955467359343,1.4153498197115721,0],[103.93949484731253,1.4153450058339347,0],[103.93947809243173,1.4153088791373951,0],[103.93945655172784,1.4152342159713847,0],[103.9394613360642,1.4152004965998628,0],[103.9394972310252,1.4151619591617117,0],[103.9395403068919,1.4151499146880422,0],[103.93955466493685,1.4151595491032292,0]]],[[[103.93942785376248,1.4156532952004854,0],[103.93945417968337,1.4157135073395064,0],[103.93949247264813,1.4157664912627013,0],[103.93950922838752,1.4158411528393406,0],[103.93954273322814,1.415903772963079,0],[103.93957624021806,1.4159543487880297,0],[103.93958581426214,1.4160049284293927,0],[103.93959778104369,1.416031419364281,0],[103.93961453413515,1.4160675460592727,0],[103.93963128722716,1.4161036727540914,0],[103.93963846877668,1.4161638848689795,0],[103.93965761671231,1.416202420674312,0],[103.93968154973086,1.416243363671116,0],[103.93967916098747,1.416315618716767,0],[103.93968634242945,1.4163734216099235,0],[103.93968873767105,1.4164240006774953,0],[103.93966241463791,1.4164866217516021,0],[103.93962173402954,1.416510708607896,0],[103.93958344405242,1.4164842179836883,0],[103.93955711829503,1.416467358266143,0],[103.93949968281682,1.4164360518894121,0],[103.93941352720266,1.4163758443171386,0],[103.93932258708088,1.4163060000759937,0],[103.93922446535278,1.4162337505570521,0],[103.93914788285504,1.4161639065523837,0],[103.93909762398715,1.416103698221904,0],[103.9389827541518,1.4160651677073786,0],[103.93888463418683,1.4160314521491784,0],[103.93878890789645,1.4159543849613867,0],[103.93875061570493,1.4159182592449613,0],[103.93870992862188,1.4158387821215774,0],[103.93871231785957,1.4157568929017874,0],[103.93868120644149,1.4156846375776457,0],[103.93868598923888,1.4156364701133628,0],[103.93866923540402,1.415583483381999,0],[103.93858068864466,1.4155618107653352,0],[103.93850650172749,1.415549771662528,0],[103.93845863669202,1.4155088297429745,0],[103.9384059869352,1.4154534363291806,0],[103.93839641226919,1.4153884076824177,0],[103.93844427159999,1.4153426447625,0],[103.93850649196155,1.4153330068470937,0],[103.93857828737852,1.4153570885494065,0],[103.9386309362677,1.4153932136139176,0],[103.9386883730426,1.415434155092352,0],[103.93871469636144,1.415417294765049,0],[103.93872426470122,1.4153619003219304,0],[103.93877691424969,1.4153329953960407,0],[103.93881998865349,1.4153281758865832,0],[103.93884631504584,1.4153594864207477,0],[103.93886067529458,1.4153980215492767,0],[103.9389085361406,1.4153859768677866,0],[103.9389492202522,1.4154196932512078,0],[103.93896358096569,1.4154485942063615,0],[103.93894443732466,1.4154847225524778,0],[103.93892290186467,1.4155256676421564,0],[103.93892290371677,1.4155666117449592,0],[103.9389468371516,1.4156171898279784,0],[103.93901863211866,1.4156509047836756,0],[103.93909520976733,1.4156340421467242,0],[103.93915025080688,1.4155930946129847,0],[103.93921486312242,1.4155617817151382,0],[103.93926990397637,1.4155762308964548,0],[103.93932734035218,1.4155882707448273,0],[103.93941588610932,1.4156075350152335,0],[103.93942785376248,1.4156532952004854,0]]],[[[103.97426852708078,1.416079454631124,0],[103.97417039080908,1.416109391370641,0],[103.97409604511442,1.4161333397815121,0],[103.97400980142835,1.4161453169833673,0],[103.97388787078799,1.4161483178619045,0],[103.97377468839424,1.416145040125254,0],[103.97371835574242,1.4161094189625933,0],[103.97366779720295,1.4160705128067288,0],[103.97365589759416,1.4160166389259443,0],[103.97367373899641,1.4159567763623429,0],[103.97370401664067,1.4159089428537492,0],[103.97375930742237,1.4158930408144863,0],[103.97380143297465,1.41586123909805,0],[103.97390937182493,1.4156359932196054,0],[103.97390936639883,1.415545896235623,0],[103.97388039794352,1.4154584517006739,0],[103.97378823314594,1.4152703140144454,0],[103.97375926364147,1.4151802187943379,0],[103.97377768935658,1.415079523381963,0],[103.97383561339207,1.4150556700386552,0],[103.97392250242379,1.4150768629679698,0],[103.97398832942777,1.4151113078793165,0],[103.97418317662103,1.4152729396928025,0],[103.9743320096344,1.415354064452474,0],[103.97431904385293,1.4153970395847022,0],[103.97431607080225,1.4154179911020859,0],[103.97434283623255,1.4154209829001803,0],[103.97437257543643,1.415414996018178,0],[103.97439361325011,1.4153876414223967,0],[103.97443502455326,1.4153730904292359,0],[103.9744736858113,1.4153820656554663,0],[103.97453957679109,1.4154488776318066,0],[103.97463079506245,1.415482253820651,0],[103.97468186730978,1.4154868077647687,0],[103.97472647776216,1.4155346945694647,0],[103.97478298693194,1.4156065254133061,0],[103.97482759757872,1.4156723692107636,0],[103.97482714472417,1.4157173693455851,0],[103.97485734094906,1.4157202551163655,0],[103.97489302844234,1.4157382117280835,0],[103.9749138517617,1.4158190223529694,0],[103.97491682989127,1.4158818752703288,0],[103.9749049358936,1.4159357506040122,0],[103.97486925257235,1.415986633963869,0],[103.97480680272345,1.41601656944097,0],[103.9747027181845,1.4160375253567814,0],[103.97458970817117,1.41604651169095,0],[103.97449454315843,1.416055496926279,0],[103.9743993786813,1.4160584961910945,0],[103.97433097927957,1.4160585012828575,0],[103.97426852708078,1.416079454631124,0]]],[[[103.93502416309212,1.427649642851874,0],[103.93450242078713,1.4276762054313057,0],[103.93419902396066,1.4277135780563723,0],[103.93383425475724,1.4277418337513295,0],[103.9335929398648,1.4276571263919688,0],[103.93341335533414,1.4275272307374673,0],[103.93323376968091,1.4273916891324947,0],[103.93306563257279,1.4272463672365239,0],[103.93301598939665,1.4271298061236906,0],[103.93302204616705,1.4268855809661807,0],[103.93298409332343,1.426698398580782,0],[103.93287305844444,1.426518823255959,0],[103.93281562623561,1.4264841461671725,0],[103.93273427113145,1.4264350238304657,0],[103.93256376161555,1.4263472357250395,0],[103.93247602444521,1.4263544129332946,0],[103.93203922643511,1.4264093827005984,0],[103.93186470077913,1.4263552948787948,0],[103.93173710358731,1.4262910345637057,0],[103.93150535229577,1.4262201316492216,0],[103.93049221502022,1.4261591168721002,0],[103.93039514799791,1.426128594235255,0],[103.93033779569625,1.4259410336841147,0],[103.93025597171736,1.4259163390108225,0],[103.93025596971435,1.4258684493962777,0],[103.93026390057003,1.425844505157343,0],[103.93029305184932,1.425825641632366,0],[103.93031941218219,1.4258085869504535,0],[103.93033923817845,1.4257966141584986,0],[103.93034320092148,1.4257527162322363,0],[103.9303233740506,1.4257008374106044,0],[103.93000217181091,1.4252858173185605,0],[103.92978802535487,1.425030428936923,0],[103.92972776411503,1.424944129963497,0],[103.92926667635498,1.4244312735507318,0],[103.92918925973024,1.424356014832986,0],[103.9291615006424,1.424316108282074,0],[103.92904254089332,1.4242522616393989,0],[103.92888789636504,1.4242323160484454,0],[103.928792729167,1.4242043842557754,0],[103.92874118238568,1.4242243402600012,0],[103.92867773761864,1.4242283329496546,0],[103.928626188134,1.4242043911904294,0],[103.92857067341704,1.4241644857860392,0],[103.92854291630285,1.4241285710831648,0],[103.9284596433343,1.4240687129726453,0],[103.92826930716595,1.4239689533931443,0],[103.92813845192678,1.423905107193356,0],[103.9280108553363,1.4238940322190068,0],[103.92787132158666,1.4238757210202917,0],[103.92707658433812,1.4237353242436002,0],[103.92680965396548,1.42378417977626,0],[103.9266397880925,1.4238269250709275,0],[103.92667012571339,1.4239246148988176,0],[103.92656699359343,1.4239673565646749,0],[103.92650025876449,1.4239185146519893,0],[103.92641532667776,1.423961259188426,0],[103.92633645941852,1.42394294542997,0],[103.92632432967638,1.424040635178087,0],[103.92622119885246,1.424071168837321,0],[103.9262515252922,1.4239124212099536,0],[103.92626972214953,1.4238330463687336,0],[103.9263182534307,1.4237719890668343,0],[103.92640925115688,1.4237109282307014,0],[103.92653305133948,1.4236361107011033,0],[103.92649934584644,1.422800222314418,0],[103.92643200127797,1.4227380971426824,0],[103.926342205675,1.4226364377604808,0],[103.92626363660138,1.4225234842380512,0],[103.92625240757448,1.422382287451399,0],[103.92626923970434,1.4223088615629575,0],[103.92635341817994,1.4222975635649442,0],[103.92645442992381,1.4222862639761626,0],[103.9264824888136,1.4222749673469184,0],[103.92662278280456,1.4222071868972441,0],[103.92679113294706,1.4220603332505422,0],[103.9269145852663,1.4218513553264043,0],[103.92703242567364,1.421681912744403,0],[103.92714465730111,1.4215181190357558,0],[103.92726455377823,1.4213296955958985,0],[103.92733734470542,1.421103782821559,0],[103.92742226234405,1.4207069142559152,0],[103.9275071835985,1.4204443688660513,0],[103.927731640993,1.4202428730757746,0],[103.92778740065313,1.4201878357936446,0],[103.92784090896544,1.4201897680244615,0],[103.92789245721595,1.4201857740462134,0],[103.92793607306609,1.4201458636304962,0],[103.92797968737848,1.420046095258438,0],[103.92801140544137,1.419950317424068,0],[103.92804557825279,1.419783588620082,0],[103.92813523265244,1.4195303977441793,0],[103.92818649896236,1.4194438770619446,0],[103.92825326443366,1.4194754130486618,0],[103.92830084621538,1.4194913730837835,0],[103.92832860343447,1.4194873818885565,0],[103.92835635763184,1.419475408788326,0],[103.92837221771406,1.4194315103693091,0],[103.92836825208764,1.4193836209133084,0],[103.92830877112844,1.4193437165611682,0],[103.92828894289457,1.419299819617084,0],[103.92830480330268,1.4192639021988793,0],[103.92832066191318,1.4192279856850227,0],[103.9282892197405,1.4192136754450977,0],[103.92838072359261,1.4190095072717892,0],[103.92832040582131,1.418897711548571,0],[103.92836121116056,1.4188431813158455,0],[103.9284970047446,1.4188409527759167,0],[103.92865974865592,1.4188578901727598,0],[103.92878882364509,1.4189030676797099,0],[103.92882810283167,1.418818348068931,0],[103.92895155828597,1.4186940889370108,0],[103.92902450910573,1.418603718369597,0],[103.9291030739517,1.4185924196095758,0],[103.92911991520046,1.4186997296746484,0],[103.92926582436075,1.4187674992408597,0],[103.92950713571786,1.4188578548826585,0],[103.92952397228736,1.4188296145509205,0],[103.92946223828037,1.4187392514101242,0],[103.92947345927453,1.4186601788987656,0],[103.9295520218207,1.4186149936558163,0],[103.92960813877832,1.4185754561904362,0],[103.92963619460649,1.4185133271119341,0],[103.92970914932934,1.4184963799175658,0],[103.92974843011176,1.4184511936012731,0],[103.92976526343914,1.418366475822275,0],[103.92983260261201,1.4183212901368636,0],[103.9298887188554,1.4182648076229194,0],[103.92988871581255,1.418191385134788,0],[103.92994483205163,1.41813490442846,0],[103.93006267526171,1.4179993490849092,0],[103.93004583514923,1.4179202795602486,0],[103.9300738918572,1.417858149573004,0],[103.93019173762848,1.4177847239357935,0],[103.93033764009067,1.417649168303084,0],[103.93033763703495,1.417575744911178,0],[103.93036569533537,1.4175305599632793,0],[103.93043303564862,1.4175136129850168,0],[103.9304835388555,1.4174684288974497,0],[103.93053965733112,1.417423242763025,0],[103.93061822208254,1.417389351167684,0],[103.93067995142071,1.4173893485575835,0],[103.93067994906231,1.4173328693040559,0],[103.93070800621871,1.4172820366081038,0],[103.93079218334697,1.417265089811988,0],[103.93086513764095,1.417282030859597,0],[103.93102226787914,1.417253784569504,0],[103.93110644637557,1.4172481323465476,0],[103.93119623569842,1.4172650726683629,0],[103.93125796403308,1.4172198871834947,0],[103.93139264713415,1.4172029382166693,0],[103.931549780398,1.4172255215903922,0],[103.93163957294804,1.4172763492649636,0],[103.9317181413061,1.4173497692971821,0],[103.93184160415993,1.417406243267927,0],[103.93196907497494,1.4174687961850567,0],[103.93228494688687,1.4176095493715246,0],[103.93261043707506,1.41766036685836,0],[103.93307060672188,1.41767164244719,0],[103.93337364835321,1.4176998689166955,0],[103.93349711143044,1.4177393986579654,0],[103.93361496290824,1.4178015214214812,0],[103.93373281057356,1.417795867633841,0],[103.93386188175907,1.4177732692137393,0],[103.93401340339724,1.4177958553729682,0],[103.93409197062203,1.4178410347891532,0],[103.9340975834417,1.4178466831915943,0],[103.93417615140288,1.41790880583621,0],[103.93423227388254,1.4179991699903036,0],[103.93424911160476,1.4180612971471371,0],[103.9343164527955,1.4180443500561863,0],[103.93429400306967,1.417953984427042,0],[103.93422104612685,1.4178975092846189,0],[103.93422665421546,1.4178353811431863,0],[103.93426593220416,1.417728069574144,0],[103.93436132964783,1.4176207546371147,0],[103.93441183138798,1.417502146181299,0],[103.93443427155934,1.41737224256542,0],[103.93437814974286,1.4172762306713425,0],[103.93430519290551,1.4171802186096703,0],[103.93424345591622,1.417044672750464,0],[103.93418733313905,1.4169260698747521,0],[103.93419293895134,1.4167905201578306,0],[103.93417609814588,1.4166775633039639,0],[103.9341143614231,1.4165476615656993,0],[103.93406946527344,1.4164629455620554,0],[103.93406946071649,1.4163782266898344,0],[103.93400506987541,1.4162550815558044,0],[103.93399672092407,1.4160633724391525,0],[103.93404631508346,1.416007237393878,0],[103.93409389410411,1.41593939274981,0],[103.93414544120645,1.4159114574495242,0],[103.93420888396669,1.41588750805737,0],[103.93425646380742,1.4158595720241016,0],[103.93428422121201,1.4158196630987405,0],[103.93428025188179,1.4157717745640368,0],[103.93429346555172,1.4157292463375066,0],[103.934434198776,1.4156722219189175,0],[103.93456327097952,1.4156552739249733,0],[103.93465306001065,1.4156665645622182,0],[103.93473723467181,1.4156157293559768,0],[103.93481018999375,1.4156157261444835,0],[103.9349617096127,1.4156157185628495,0],[103.9350627232907,1.4156157150101338,0],[103.93519179180237,1.4155761741977995,0],[103.93527035623887,1.4154971014065034,0],[103.93536575561312,1.415457561169701,0],[103.93551166240253,1.4154519060573834,0],[103.93561828511164,1.4154123662173053,0],[103.93591514988358,1.4153454139213277,0],[103.93598444873992,1.41534296724859,0],[103.9361455144253,1.415352249680931,0],[103.93628494757102,1.4152194052713716,0],[103.93635800695164,1.41527683535436,0],[103.93644127374587,1.4152409148758016,0],[103.93658006226066,1.4153446679772117,0],[103.93665540135775,1.4153207188919708,0],[103.93668711968114,1.41528081157211,0],[103.93673470466157,1.4152887886278631,0],[103.93679418242954,1.4152967687662728,0],[103.93686952240742,1.4152927762405074,0],[103.93692900018878,1.4152808007135647,0],[103.93703209390783,1.4152568503688476,0],[103.9371669118396,1.4152448723495836,0],[103.93733344914655,1.4152169308945726,0],[103.93747994697823,1.4151665350140334,0],[103.93764725424171,1.4151560042877684,0],[103.93789297880822,1.415013919626893,0],[103.93811256456134,1.414956028653732,0],[103.93818287588304,1.4149886575662671,0],[103.9382389979249,1.4150677261322224,0],[103.93825022380149,1.4151242048628396,0],[103.93823900542117,1.4152145728832317,0],[103.93819777376245,1.4153537579436148,0],[103.93814035027592,1.4153884202450775,0],[103.938097275875,1.4154534503829512,0],[103.93803266361871,1.415506440817518,0],[103.93803267240371,1.4156822606276072,0],[103.93795370303384,1.4157665616440214,0],[103.93787712328454,1.4157569318513326,0],[103.937971442714,1.415882134737863,0],[103.9381073823591,1.4159557961133151,0],[103.93831651181702,1.4159084305601286,0],[103.93846290732424,1.4159399951761384,0],[103.9385729345614,1.4159762297628187,0],[103.93866976437495,1.415975104832562,0],[103.93878872139184,1.4160030342404113,0],[103.93887595922021,1.4160708718944068,0],[103.93896716287182,1.416126738317916,0],[103.93907026003608,1.4161786123359987,0],[103.93912974215478,1.416222507354757,0],[103.93914560311597,1.4162624143292606,0],[103.93914353888613,1.4162981412598612,0],[103.93919814343273,1.4163409485525984,0],[103.93925266791858,1.4163422230054943,0],[103.93933594030248,1.4163901087795872,0],[103.93941921395994,1.4164659275908509,0],[103.93947869339651,1.4165098225995427,0],[103.93954610339644,1.416545737147262,0],[103.9396135133982,1.4165816489797567,0],[103.93961288276569,1.4166249372177115,0],[103.9397229678447,1.4166871296555643,0],[103.94005236565891,1.4169870452811781,0],[103.94021445024693,1.4171291085639361,0],[103.94032947511354,1.4171764619628955,0],[103.94041313177122,1.4172553871999085,0],[103.94060659464192,1.4175447849886122,0],[103.94084711134035,1.4178183940097748,0],[103.94113467966784,1.4180867392164702,0],[103.94131767908948,1.4182498513658073,0],[103.94151113066602,1.418349818622825,0],[103.94172026661047,1.4183813800641611,0],[103.9418875706298,1.4183550615618274,0],[103.94197645216771,1.418307700434346,0],[103.94220125615436,1.418018283024966,0],[103.94258290627636,1.4176446701679595,0],[103.9427554329303,1.4174868028247554,0],[103.94285999900076,1.4174341784369904,0],[103.9428547657649,1.4173605111451149,0],[103.94278156776733,1.4173026327292433,0],[103.94265085909858,1.417297378265622,0],[103.94261426360856,1.4173815707043054,0],[103.94265086461532,1.4174341883802042,0],[103.94248879382643,1.4175710061881341,0],[103.94234763427949,1.4177130845750692,0],[103.94219079405099,1.417886736792236,0],[103.94203395372031,1.4180972200584496,0],[103.94191893809743,1.4182498221556283,0],[103.94181450708285,1.418309480628235,0],[103.94173829255638,1.4183103180436456,0],[103.9416418368702,1.4182814074122856,0],[103.94149021059744,1.4182130085832991,0],[103.9412287878069,1.418028853808333,0],[103.94078958587983,1.4175710861598938,0],[103.94072160966833,1.417397446340899,0],[103.94059612623487,1.4173132596772662,0],[103.94052291923514,1.417097525644985,0],[103.94039220778002,1.4169922910826245,0],[103.94038174809614,1.41695019711968,0],[103.94047584992722,1.4167555016187907,0],[103.9404758415868,1.4165934995764173,0],[103.94039027078429,1.416608564806544,0],[103.9403528611068,1.4166537502966674,0],[103.94034538569471,1.4167893000890166,0],[103.94033042740595,1.4169173196038347,0],[103.9402481237097,1.417007690025531,0],[103.94010595237836,1.4169173309295031,0],[103.93994132988921,1.4167290738301779,0],[103.93986649963708,1.416601059376065,0],[103.93980663410879,1.4164655117928684,0],[103.93979166526954,1.4163826774146306,0],[103.9398066268911,1.416307369565048,0],[103.93979165702241,1.4162019424061738,0],[103.93983655034317,1.4161416971367236,0],[103.93990070555336,1.4161556692811723,0],[103.93993282122068,1.4161205179434768,0],[103.93990888797934,1.4160747583155844,0],[103.93988256235357,1.4160410412871514,0],[103.93981316183749,1.4160410435915791,0],[103.93977247757353,1.416024187252884,0],[103.93971982788499,1.4159712012851915,0],[103.93969828602742,1.4159109916423214,0],[103.93965041890107,1.41580501886078,0],[103.93966477536686,1.4157207207732947,0],[103.93971023842873,1.415621971348061,0],[103.93975091684531,1.4155304461896936,0],[103.9397317672194,1.4153955722790608,0],[103.93972218808587,1.4152727377024703,0],[103.93966953598249,1.4151860361984567,0],[103.93966713756387,1.4150656114155742,0],[103.93963363181368,1.4150222587329555,0],[103.93955465891078,1.4150270817201194,0],[103.93952833264557,1.414978912975305,0],[103.9395211518714,1.4149355599823805,0],[103.93955226183563,1.4149162911088582,0],[103.93945892682017,1.4148416321532185,0],[103.93929141116962,1.4148729497877004,0],[103.93921243903445,1.414894630077689,0],[103.93913825355556,1.4149139018283732,0],[103.93904843479588,1.4149402011894365,0],[103.9389647790904,1.414919156893418,0],[103.93895432100305,1.4148718004357177,0],[103.93926801495961,1.4147402365869026,0],[103.93930220271646,1.414704167235313,0],[103.93950239525209,1.4145503820561074,0],[103.93965306698277,1.4144027198692046,0],[103.93974426224145,1.41431492016403,0],[103.93976416908436,1.4142267222091578,0],[103.94016259102573,1.4138700287003894,0],[103.94059452371488,1.4134530243612147,0],[103.94073617800996,1.4132077103891247,0],[103.94078921803339,1.4130933097002567,0],[103.94079679144319,1.4129789111272186,0],[103.94080057333046,1.4128755396208075,0],[103.94074373425859,1.4127196112034344,0],[103.94075888574211,1.4126509712042705,0],[103.94081950472459,1.4125823290892567,0],[103.94096348268782,1.4125518173369431,0],[103.9411145846339,1.4125214363760101,0],[103.94113222132619,1.4125835390197232,0],[103.94130852720498,1.4126012743723566,0],[103.9413385867349,1.4126027154246403,0],[103.9414175063672,1.4125748908336073,0],[103.9415602508167,1.4125110343587408,0],[103.9416910992367,1.4124352028677682,0],[103.94176247142782,1.4123833216773707,0],[103.94189032923832,1.4123439587273479,0],[103.94247766443105,1.412082609227847,0],[103.94294904810555,1.4119018537212726,0],[103.94336057412568,1.4116985100049027,0],[103.94343539462834,1.4116382614431011,0],[103.94350349686377,1.4114921693225577,0],[103.94375958334444,1.411335494423445,0],[103.94379657783175,1.411349630551246,0],[103.9438441592952,1.4113416472796918,0],[103.94389966963455,1.4113097188279575,0],[103.94394328999239,1.4113176986424218,0],[103.94398690633437,1.4112977418012798,0],[103.9440225916263,1.4112937509507135,0],[103.94409000091746,1.411297737768026,0],[103.94413758459906,1.4113176893365738,0],[103.94419309862003,1.411325666767338,0],[103.94425257591884,1.4113256639139302,0],[103.94430412335262,1.411309700350138,0],[103.94434773912319,1.4112777715548563,0],[103.94439135602826,1.4112697866539787,0],[103.94445876309416,1.4112458404235764,0],[103.94453410305033,1.4112258829516326,0],[103.94470709108096,1.4111454316011556,0],[103.94488155133135,1.4112609789797115,0],[103.94494920159055,1.4113057868632282,0],[103.94504958333927,1.4113056725859527,0],[103.94516060672755,1.4112617703787353,0],[103.94525180592618,1.4112258483143973,0],[103.94533409822557,1.4111496608542167,0],[103.94554521963686,1.4109983652852247,0],[103.94567752744204,1.4108728406181301,0],[103.94580294814257,1.4107589083944034,0],[103.94589414167774,1.4106431736283571,0],[103.94596551102764,1.4105354217258201,0],[103.94604084607552,1.4104516126178985,0],[103.94610428720068,1.4103997298827309,0],[103.94621531026847,1.4103318828313318,0],[103.94636201911253,1.4102520620847385,0],[103.94648116022861,1.4101709259267916,0],[103.94685788187488,1.4100092418757009,0],[103.94695496220645,1.4099543911606214,0],[103.94733126063329,1.4097759998715127,0],[103.94743534629752,1.409757993412216,0],[103.94766258368614,1.4097571501828303,0],[103.94775774830691,1.4097411825823687,0],[103.9478211911266,1.4097252156434035,0],[103.94786193503883,1.4096952502999995,0],[103.94820161316845,1.4097327997632272,0],[103.94835126407483,1.4097855094080392,0],[103.94848594907621,1.409838215265641,0],[103.94857707865765,1.4098873392975229,0],[103.94864853917194,1.4098822387521228,0],[103.94876117603155,1.4097970078569226,0],[103.94877883708357,1.4097299069229203,0],[103.94865663513839,1.4095844906799448,0],[103.9485407201877,1.4095221623881422,0],[103.94850207869744,1.4094733477471182,0],[103.94854984495758,1.4093871379526897,0],[103.94872420235572,1.4091650649521634,0],[103.94887336611855,1.4089242891804457,0],[103.94890518865701,1.4086347334446898,0],[103.94886747373785,1.408241720340034,0],[103.9489048768132,1.4080685168453626,0],[103.94902458790892,1.407887777714159,0],[103.94917869136584,1.4077074456306882,0],[103.9492645148025,1.4076304493727225,0],[103.94942882885434,1.4075416689604034,0],[103.94942699081791,1.4074783664163928,0],[103.94946267496067,1.4074344659865456,0],[103.94952369824146,1.4074088459666068,0],[103.94953496706184,1.4073845243909755,0],[103.94964410863084,1.4072518209577851,0],[103.949738793734,1.4072267219648202,0],[103.94984565694962,1.407157840377148,0],[103.94988380273297,1.4070865087062359,0],[103.95003467100017,1.407029245046927,0],[103.95013193806469,1.4069388726691647,0],[103.95019927378767,1.4068033198655296,0],[103.9502666057547,1.4065924608276368,0],[103.95034890480224,1.4064418460197399,0],[103.95040127536349,1.4063213552133333,0],[103.95048357627108,1.4062083917093537,0],[103.95058084215829,1.4060954292554866,0],[103.95063819969118,1.4060081282822223,0],[103.95068640037373,1.4060588858807916,0],[103.9506841870058,1.4061456495884033,0],[103.95061891969921,1.4062238955850173,0],[103.95058483728211,1.40627606272279,0],[103.95051070356641,1.4063524814492152,0],[103.95041917820635,1.4066356617426177,0],[103.95052027324047,1.4068162686005017,0],[103.950837641123,1.4071445178911375,0],[103.95109328561514,1.4071356331274185,0],[103.95113736732003,1.4072598377843712,0],[103.95121670943553,1.4073308098952322,0],[103.95144590820483,1.4073307982276988,0],[103.95166630126353,1.4075348427202456,0],[103.9516839372705,1.4076501796346892,0],[103.95181617223726,1.4077477643955183,0],[103.95167513961641,1.4080139316856333,0],[103.95151647677737,1.4082446127016943,0],[103.95143713862868,1.408288976611465,0],[103.95122557311235,1.4082801174055526,0],[103.95111097856797,1.4084043310347414,0],[103.95105810755422,1.408812445193811,0],[103.95105812804182,1.4092205575669252,0],[103.9513314092181,1.4093181378840418,0],[103.95135786167792,1.4094423434286314,0],[103.95157825180723,1.409602029855851,0],[103.95163113795593,1.4094955620358263,0],[103.95189559330959,1.4093979569874524,0],[103.95203664169514,1.4094600541074747,0],[103.9521071688123,1.4095487702129592,0],[103.95230111368332,1.409690713436005,0],[103.9522923048834,1.409814921681823,0],[103.95232757115215,1.4098947677998142,0],[103.9524245418087,1.4099657389503206,0],[103.95247743874239,1.4100367123663706,0],[103.95246862769675,1.4101165607508954,0],[103.95228351229404,1.4102407789734719,0],[103.95213365594735,1.4103383781890793,0],[103.95206313734545,1.4104182297416699,0],[103.95220740704252,1.4103882626263353,0],[103.95249413934212,1.4102394079724412,0],[103.95276010333359,1.4101217946391607,0],[103.95292996030167,1.4099359720308051,0],[103.95307758196584,1.409946957819782,0],[103.95324103429994,1.409771058182728,0],[103.95301062526568,1.4097075386806035,0],[103.95231873938756,1.409601991902515,0],[103.95216005808206,1.4094866631489253,0],[103.9517721567607,1.4089898500397529,0],[103.95177059990968,1.4087841222241184,0],[103.95181054609549,1.4086175167960573,0],[103.95187791377205,1.408439779076172,0],[103.95188670376909,1.4079429456316592,0],[103.95230981764108,1.407499324416859,0],[103.95248612089291,1.407419467427284,0],[103.9526888653542,1.4072420148358116,0],[103.95273293406377,1.4071266756597727,0],[103.95274174103776,1.406966979342068,0],[103.95262711959623,1.406523384812923,0],[103.95256540630017,1.4063903065907897,0],[103.95244198377979,1.4062394897610195,0],[103.95226566983506,1.4060709293386422,0],[103.95193949937386,1.4059910981010715,0],[103.95182022559182,1.4060170232120057,0],[103.95170388696586,1.4061755647253116,0],[103.95163554931011,1.4062730593466466,0],[103.95156021299246,1.406324942822063,0],[103.95148487606939,1.4063648552545465,0],[103.95141746902753,1.4063848116275661,0],[103.9513500607816,1.406380823204035,0],[103.9512695496674,1.4063282693923402,0],[103.95093455076972,1.4060000210480053,0],[103.95086155912776,1.4059857123120243,0],[103.95079094336084,1.4059179303311853,0],[103.95079094016982,1.405854078749664,0],[103.95083059110394,1.4058021971060508,0],[103.95091385820822,1.405802192888351,0],[103.95094161730424,1.4058221453268822,0],[103.95097333924713,1.4058261337644633,0],[103.9510447099235,1.405806176299871,0],[103.95112401557914,1.4058141541753697,0],[103.95121918080761,1.4058141493426797,0],[103.95132624406901,1.4058660226319881,0],[103.95136986264444,1.4058939570625808,0],[103.95140158729143,1.4059338613296504,0],[103.95141744767339,1.4059777582578163,0],[103.95142934620752,1.4060216553874882,0],[103.95144520568424,1.406029637384231,0],[103.95146106835405,1.4060296356722828,0],[103.95146503289008,1.4059937196349117,0],[103.95150071657059,1.4059418381829705,0],[103.95155116043662,1.405891513290105,0],[103.95165304127197,1.4058836220599369,0],[103.95172276135322,1.4058300884084507,0],[103.95180603144651,1.4058181085960204,0],[103.95189722882937,1.4058061328974314,0],[103.95195912576338,1.4058221496035865,0],[103.95203601303909,1.405842044350096,0],[103.95209945943847,1.4058819460793512,0],[103.95213514722884,1.4058939180060261,0],[103.95220255626738,1.4059138665893072,0],[103.95226996510507,1.4059298269338976,0],[103.95232151417247,1.4059497781351855,0],[103.9523413423054,1.4059856929526477,0],[103.95236909932505,1.4060176173177492,0],[103.95239685874921,1.406061513627078,0],[103.95249995570241,1.4061133879668495,0],[103.9525435759143,1.4061732463536594,0],[103.952630813711,1.4062410843961013,0],[103.95275934100337,1.4063725539349983,0],[103.95281873506953,1.4065409837822673,0],[103.95286477679917,1.4065443646281461,0],[103.95291632718933,1.4065722977136816,0],[103.9529480500738,1.406612202860791,0],[103.95293615626716,1.4066441301667092,0],[103.95290840007586,1.4066640836329878,0],[103.95290840190427,1.406700001275035,0],[103.95292030322906,1.4068157300606965,0],[103.95292427241645,1.4068716013417166,0],[103.95292427769988,1.4069753587961868,0],[103.95290445605077,1.4070671453287806,0],[103.9528475383927,1.4071976458947144,0],[103.95275057463392,1.4073484767726636,0],[103.9523964982417,1.407653351811547,0],[103.95215115983852,1.4078453387598704,0],[103.9520189356212,1.4079606833495661,0],[103.9520277646302,1.4082357147683982,0],[103.95193081513736,1.4085994740435166,0],[103.95192201394275,1.4088745045561542,0],[103.95195728018052,1.4089898405621564,0],[103.95205425393229,1.4090696826199183,0],[103.95216306381997,1.4090429431915246,0],[103.95227126298248,1.4090224013825667,0],[103.9524156834328,1.4090785367530703,0],[103.95269778290782,1.4092737070609542,0],[103.95278820204084,1.409416495731375,0],[103.95287949337023,1.4094292786966975,0],[103.95297988468523,1.409495492703622,0],[103.9532605710206,1.4095196752855688,0],[103.95343256657759,1.4095101000255565,0],[103.95366747069706,1.4093535047824237,0],[103.95379968804801,1.4090873369409016,0],[103.95387902344808,1.40900748488395,0],[103.95399361790402,1.4089365027784124,0],[103.95404237999308,1.4090679383964597,0],[103.95411905141563,1.4091515236696237,0],[103.95431071731994,1.409132223620795,0],[103.95445126602583,1.409035766973749,0],[103.95448727882314,1.4089542223895801,0],[103.95441291520687,1.40870141189454,0],[103.95422124294726,1.4085792516505402,0],[103.9540615242653,1.4086307000910248,0],[103.95385964809486,1.4087606864140059,0],[103.9536938927426,1.4088477986597547,0],[103.95357048275845,1.4089631419727795,0],[103.95344708135538,1.4091760767904673,0],[103.95328841229541,1.409318037293409,0],[103.95315618308294,1.4093535313068493,0],[103.9530063213894,1.4093269236862658,0],[103.95283881999809,1.4091140039232966,0],[103.9524861934211,1.4088301184436316,0],[103.95241566091161,1.4086526799123849,0],[103.95240683410302,1.4084220083617112,0],[103.95263600635874,1.4079162917961567,0],[103.95293570831329,1.4075525238555113,0],[103.95315810735188,1.4071971831076988,0],[103.95324421891306,1.4070290577575268,0],[103.95324324761953,1.406854514130945,0],[103.95320075870997,1.4066189227882953,0],[103.95307200844486,1.4063270628758198,0],[103.95305508961127,1.4061971648056737,0],[103.95306301582025,1.4061053770774528,0],[103.95309473410742,1.4060375338188318,0],[103.95313834724519,1.4059936338346257,0],[103.95318592974061,1.4059736784379073,0],[103.95321764956677,1.4059537220512204,0],[103.95326126600725,1.4059217940092257,0],[103.95327315797371,1.4058539517734037,0],[103.95327941678033,1.4058047161728855,0],[103.9533058538825,1.405609531777954,0],[103.95341163220688,1.405520806584915,0],[103.95356656578575,1.4055227085765567,0],[103.95365379990633,1.4055187122019916,0],[103.95371724276514,1.4055067369679397,0],[103.95374896258026,1.405486782383567,0],[103.95378527688675,1.4054501303246858,0],[103.9539229148742,1.4054231867557176,0],[103.95409392884692,1.4053430993231284,0],[103.95420495011598,1.4052672691222545,0],[103.95428028613084,1.4052113964277337,0],[103.9543476904386,1.4051395594423448,0],[103.95437652014076,1.405062111091888,0],[103.95439923025667,1.4049799269165495,0],[103.95442302105118,1.4049440098439792,0],[103.95443491483039,1.4049120834368307,0],[103.95441905080844,1.4048681874376474,0],[103.95443094438193,1.4048322700810782,0],[103.95447059575525,1.404808324124952,0],[103.95450231837928,1.4048083233742383,0],[103.9545619265567,1.4047884161602204,0],[103.9546054098882,1.404772399447783,0],[103.95463316555535,1.4047604260542241,0],[103.95464506064117,1.4047364824494015,0],[103.95461342263903,1.4046523296020095,0],[103.95463652561499,1.4045912794397821,0],[103.95466869341621,1.404494160134947,0],[103.95477794533348,1.404314139364346,0],[103.95496305697391,1.404163305615346,0],[103.95503532273155,1.4040253522641564,0],[103.95500981932565,1.4039582743591457,0],[103.9550256759823,1.4038944228602328,0],[103.95507325931605,1.4038744674295223,0],[103.95511290487367,1.4037906590324936,0],[103.9551676122649,1.4037728149119257,0],[103.95522730180376,1.4036588657910691,0],[103.9552358160175,1.4035751539831016,0],[103.9552596034075,1.4034913491290444,0],[103.9552952868944,1.4034554296169592,0],[103.95530321480419,1.4034155206116203,0],[103.95533493464882,1.4033796040201194,0],[103.95533889781194,1.4033357060821572,0],[103.95537061806863,1.4033077695802738,0],[103.95538647692322,1.4032518981696793,0],[103.95541423236146,1.403235934723559,0],[103.95542216026882,1.403196026622359,0],[103.95542215819977,1.4031561189375776,0],[103.95542612136134,1.4031122228082964,0],[103.95546180705132,1.4030842851928689,0],[103.95549749204893,1.4030603394307037,0],[103.95550938629027,1.4030204311209042,0],[103.95558888224572,1.4029744220492368,0],[103.95573873704039,1.4028413327811557,0],[103.95577208921212,1.4028153930199778,0],[103.95577504112671,1.402765012668583,0],[103.95582658744766,1.4027330841682313,0],[103.95585830713864,1.4027290897392173,0],[103.95587030025918,1.4027763727677736,0],[103.95606560664389,1.4027738130719654,0],[103.95627778212459,1.4027204155702198,0],[103.95640660165847,1.4026670242712957,0],[103.9565657324097,1.402567868837357,0],[103.95670970369352,1.4024610904267003,0],[103.95680063055681,1.4023314335631636,0],[103.95685366706716,1.402186525740626,0],[103.9569370196858,1.4021407633134035,0],[103.95701280006985,1.4021483857702148,0],[103.95708857966343,1.402209393612943,0],[103.95713404993512,1.4022322706458026,0],[103.95708857615634,1.4021255013841585,0],[103.957020369295,1.4020034812659277,0],[103.95704309887714,1.401934838987733,0],[103.95709614397016,1.4019195831988118,0],[103.95717949787365,1.4018814472480567,0],[103.95730073630557,1.4017822955957788,0],[103.95739166641819,1.4016983994261705,0],[103.95743712836519,1.4016145038697325,0],[103.9575129040279,1.4015839920833344,0],[103.95762694177066,1.4015807221540637,0],[103.95767804159098,1.4016878691271288,0],[103.95748071200968,1.4019350263970165,0],[103.95745806210111,1.4019977215901926,0],[103.95735330561861,1.4022200130030023,0],[103.95735353859416,1.4022929262650814,0],[103.95736954796745,1.4024686230340753,0],[103.95744889198446,1.4025928265784462,0],[103.95758112729028,1.402681540133209,0],[103.95775743244027,1.402699274287727,0],[103.95791880986168,1.4026394276396479,0],[103.95797855061137,1.4026642735901305,0],[103.95805229637277,1.4026501353647012,0],[103.95818924832646,1.4025688394491174,0],[103.95838238187501,1.4024133186233705,0],[103.95852986696273,1.4023320239323094,0],[103.95860010105652,1.4023178831666188,0],[103.95864137504243,1.4023251936136987,0],[103.95868438409798,1.4023814950573021,0],[103.9586773641774,1.4024451118663692,0],[103.9586457623121,1.4025016633163156,0],[103.95857553170144,1.402547612299149,0],[103.95852285717918,1.4025864918428124,0],[103.9584708527634,1.4025871557299696,0],[103.95842739193071,1.4026193904292819,0],[103.95826872266828,1.402743606730939,0],[103.95816294662653,1.402903309153038,0],[103.95814533143601,1.40315172835771,0],[103.95819823173785,1.4033202922394579,0],[103.95829520363132,1.4034001349465899,0],[103.95840980744151,1.4034622331205517,0],[103.95860374328024,1.403488838045936,0],[103.95867639380481,1.403493707735281,0],[103.9587232184167,1.403552959902533,0],[103.95876524784475,1.4035717566044494,0],[103.95883735068819,1.403551371109116,0],[103.95891468277081,1.4035552990972908,0],[103.9589403691867,1.4035811479881892,0],[103.95893803463164,1.4036140469894929,0],[103.95894971304945,1.4036563469791332,0],[103.95897072977179,1.4037033437192268,0],[103.95896839496638,1.4037315436563844,0],[103.95893804202966,1.403752694703167,0],[103.95890068312815,1.4037620966591045,0],[103.95886332614877,1.40377384814642,0],[103.95883997800382,1.4038184986561888,0],[103.95881429641163,1.4038325999486487,0],[103.95875592276963,1.4038490543464357,0],[103.95873023797988,1.4038537538924376,0],[103.95868820932021,1.4038326067538742,0],[103.95867886694364,1.4038020579145203,0],[103.95866109821807,1.403764837147832,0],[103.9586559187813,1.403764538987749,0],[103.95853176301276,1.4037527166269235,0],[103.9584360292411,1.4037386227812072,0],[103.95835576663927,1.4037132597503743,0],[103.95829063911692,1.4036762151650153,0],[103.95823966617775,1.4036078228258875,0],[103.9581939660543,1.4035721798584737,0],[103.95815971883917,1.4035627826651509,0],[103.95813481476645,1.4035815820684139,0],[103.95814727112216,1.4036536481882258,0],[103.95814104511886,1.4036755811066708,0],[103.95811925372952,1.4036943821514232,0],[103.95812237312644,1.403804046713035,0],[103.95811303583483,1.4038353797357894,0],[103.95809435755878,1.4038792477155708,0],[103.95808501873336,1.4039325133224156,0],[103.95804455268704,1.4040296466727111,0],[103.95799163303556,1.4041236497899696,0],[103.95798852260539,1.4041831813858041,0],[103.95799475319029,1.4042646468731714,0],[103.9580165536883,1.404383710369466,0],[103.95804457643433,1.4044777064289107,0],[103.95810062163851,1.4046093007314056,0],[103.9581348714301,1.404650033158218,0],[103.95815043915003,1.4046970301988406,0],[103.95815355612702,1.4047440288128887,0],[103.95817223503751,1.4047628276831847,0],[103.95820337008372,1.4047816267878912,0],[103.95821271143599,1.4048098260970516,0],[103.9582345036659,1.404806690406807,0],[103.95830299284094,1.4047596888450082,0],[103.9583310101091,1.404750287399965,0],[103.95835903063822,1.4047346187267775,0],[103.95839950007795,1.4046844841526627,0],[103.95843374468011,1.4046782150805763,0],[103.9584586503914,1.404656281155191,0],[103.95850589123006,1.404667935833701,0],[103.95852782822428,1.4046496945770897,0],[103.95853025207616,1.4046061449015659,0],[103.9585644951755,1.4045716760166007,0],[103.95862481436072,1.4045738857368353,0],[103.95864186825405,1.4045686042479493,0],[103.95863921183874,1.404530940433468,0],[103.95861119134018,1.4044964758106622,0],[103.95857071660826,1.4044808108287474,0],[103.9585364730747,1.4044902117076044,0],[103.95837770338734,1.404637485640816,0],[103.95832478230594,1.4046876208847583,0],[103.95829364875834,1.4046970234017109,0],[103.95824821899828,1.404693599218688,0],[103.95821423913476,1.4046765022765,0],[103.95818308602165,1.4045881577456236,0],[103.95812361498686,1.4044314223696872,0],[103.9581037895556,1.4043630283555404,0],[103.95810661675355,1.404283231834401,0],[103.95812141607678,1.4042435105619124,0],[103.95812550176026,1.4041048409199461,0],[103.95814418063425,1.4040891745603188,0],[103.95816597009994,1.4040171084099686,0],[103.95818153090158,1.403916840973736,0],[103.95820853243252,1.403884255364737,0],[103.95823118399744,1.40385290534761,0],[103.95826233316708,1.4038671527986746,0],[103.95828498926996,1.4039212993427206,0],[103.95851151540711,1.4039070380248029,0],[103.95853332308415,1.4038228253870146,0],[103.95856445375684,1.403810290158598,0],[103.9586111535773,1.4038040213181406,0],[103.95864851258328,1.4038134183365039,0],[103.95868587455479,1.403844748842014,0],[103.95871078156542,1.4038980153155456,0],[103.9587045644385,1.404035879284257,0],[103.95870456844459,1.404111076971662,0],[103.958723251989,1.4041831409414656,0],[103.95877618129876,1.4042708702265359,0],[103.9588197695898,1.4043366683356127,0],[103.95886568058154,1.4043831075485387,0],[103.95928739109677,1.404300268690039,0],[103.95938649496932,1.4042546672000433,0],[103.95951674455841,1.4042090622059167,0],[103.95966398814674,1.404197655627225,0],[103.95969940378279,1.4042117445624673,0],[103.9597848712355,1.404208151404223,0],[103.95984402438137,1.4042332125711212,0],[103.95987516077957,1.4042770778490132,0],[103.95992185976186,1.4043052751144525,0],[103.96002927268303,1.4043743227080876,0],[103.96015669482755,1.4044028140034193,0],[103.9601793532833,1.4044997060887001,0],[103.96021153881522,1.404519140874354,0],[103.96027366942624,1.4045026527727753,0],[103.960317257307,1.4045433828450549,0],[103.96032971272119,1.404596647264552,0],[103.96035461881438,1.4046154457753224,0],[103.96034528099085,1.4046530460316295,0],[103.96031047329436,1.4046816709855583,0],[103.96032809636091,1.404716630839853,0],[103.9604168889975,1.4046875073418204,0],[103.96048538133785,1.4047000380470154,0],[103.96056010142242,1.40475643176387,0],[103.96071738224863,1.404978443956398,0],[103.96078427106487,1.4050321494267037,0],[103.9608091811712,1.4050916785767673,0],[103.96081852544307,1.4051731438758726,0],[103.96082164016784,1.4052107443539061,0],[103.96084654729087,1.4052483418262696,0],[103.96083721161077,1.405292208406403,0],[103.96082164560407,1.405311008229336,0],[103.96080920223524,1.4054802059550493,0],[103.96079053140434,1.4056274723455524,0],[103.96077808380882,1.4057684693584298,0],[103.96074695392558,1.4058123380395484,0],[103.96075389358369,1.4058770067593647,0],[103.96081653713716,1.4058903770202147,0],[103.96088082581795,1.4058342632663152,0],[103.96090572886791,1.4057966639616608,0],[103.96093828614289,1.405727931582446,0],[103.96099491262733,1.405622486217899,0],[103.9610062347903,1.405556940168134,0],[103.96099489498614,1.405297606918902,0],[103.96103167610102,1.404741892682356,0],[103.96103642187903,1.4045997430310346,0],[103.96106443939746,1.40456214174574,0],[103.96107377422096,1.4045026089063308,0],[103.96105820729638,1.4044712754361035,0],[103.96105197643496,1.404386678162021,0],[103.96103018013373,1.4043146143888583,0],[103.96098036524933,1.4042770173819559,0],[103.96088385324364,1.404245690165316,0],[103.96087140065723,1.4042613562035968,0],[103.96086828933097,1.4042864243783209,0],[103.96085895083728,1.4043114892774686,0],[103.96082159142826,1.404311491328131,0],[103.96075310198319,1.4043522284446075,0],[103.96068772589916,1.4044054980340779,0],[103.96058810471335,1.404455635884842,0],[103.96047602827524,1.4044556420224898,0],[103.96037328887732,1.4044368477712454,0],[103.96028922957774,1.4044086516535772,0],[103.96024563967208,1.404330322739088,0],[103.96016469125902,1.4042519949590477,0],[103.96012645395601,1.4041356291965104,0],[103.95998111283606,1.4039497039548046,0],[103.95992016868483,1.4039053392856122,0],[103.95985957371272,1.4039042175598493,0],[103.95981598809753,1.4038885527687708,0],[103.95976305965671,1.4038509568068605,0],[103.95965409491946,1.4038321637638576,0],[103.95959494279396,1.4038258997512683,0],[103.95950776775717,1.40375697221952,0],[103.9593894616646,1.4037099789558232,0],[103.95931785639691,1.4036755176094575,0],[103.95920266394018,1.4036629912049183,0],[103.95900136113714,1.4035450841670842,0],[103.95885694518614,1.4034510491912975,0],[103.9588371212511,1.4033940537606562,0],[103.95887109488233,1.4033114077230289,0],[103.95898152594377,1.4032772042179171,0],[103.95901550320494,1.403245855390992,0],[103.95907496512889,1.4032316030503382,0],[103.95921371897872,1.4033398883492512,0],[103.95933548033896,1.40340827592458,0],[103.9594714041389,1.4035251121003844,0],[103.95954502670338,1.4035593056416473,0],[103.95980836466367,1.4035564407781254,0],[103.96005188295106,1.4035763759266087,0],[103.9601141777064,1.4036048707784368,0],[103.96017647897501,1.4036875115777405,0],[103.96021895939596,1.4038043509942437,0],[103.96025861179763,1.4040009860224936,0],[103.96030392242844,1.40409502632084,0],[103.96036622025291,1.4041634197974937,0],[103.96043984436292,1.4042090118830657,0],[103.96049081385969,1.4042289584103704,0],[103.96054721875974,1.404230162645264,0],[103.96061922136329,1.404167371575952,0],[103.9606628070895,1.4041517029284212,0],[103.96068771267122,1.4041611005952312,0],[103.96070852911099,1.4042092485793465,0],[103.96072017185841,1.404206147788795,0],[103.96075916571172,1.404171606265368,0],[103.9607281830667,1.4041297667626078,0],[103.96073751935597,1.4040639666965304,0],[103.96075308438853,1.4040107007430516,0],[103.96077487519811,1.403998166902434,0],[103.96079978206653,1.4039981646318054,0],[103.96081534592902,1.40397309758261,0],[103.96082156885224,1.4038947650417186,0],[103.96082156460938,1.4038164328424436,0],[103.96084335342998,1.4037506339016406,0],[103.96089316315694,1.4037098969050623,0],[103.96098914627457,1.4036988665602976,0],[103.96104578044651,1.403735910628515,0],[103.96109241514169,1.4037882199671896,0],[103.96110175878172,1.4038414845527494,0],[103.96110176172138,1.4038790842973248,0],[103.96112666832215,1.4039072809274922,0],[103.96112044341565,1.403932348369217,0],[103.96110799100258,1.4039511489263743,0],[103.9611111062868,1.4039824812727228,0],[103.96112978611077,1.4040012801177075,0],[103.96113968214196,1.4041163397116696,0],[103.9611647287398,1.4041576767097774,0],[103.96122869280148,1.404247075679671,0],[103.96128857591937,1.4042613332625662,0],[103.96131971412511,1.4043709962622322,0],[103.9613259429506,1.404417995599337,0],[103.96134462577041,1.4044587270230784,0],[103.96132283457311,1.4044806608051832,0],[103.96128796990378,1.40448581758812,0],[103.96128237202011,1.4046561273018778,0],[103.96126681032781,1.4047375930658719,0],[103.96126681339531,1.4047939917776704,0],[103.9612450207381,1.4048221936907213,0],[103.96120274230285,1.4048353291606028,0],[103.96119849066166,1.4048931126846285,0],[103.96117936034224,1.4049680165959322,0],[103.96121125967728,1.4050450610344012,0],[103.96118999925417,1.4051114061834775,0],[103.9611772436706,1.405173468711177,0],[103.96114322277515,1.4052119936820329,0],[103.9611432256834,1.405265498436272,0],[103.96121977961575,1.4053018757889526,0],[103.9612325441953,1.4054217229133745,0],[103.96125381529914,1.4055351486002399,0],[103.96127933604761,1.4056036308910411,0],[103.9613495126767,1.4056549902463387,0],[103.96139417433638,1.4057769744243653,0],[103.96135803135614,1.405888263557051,0],[103.96130274691632,1.405952470864208,0],[103.96121768966455,1.405965315681911,0],[103.96115601923555,1.4059182361989269,0],[103.96116240066064,1.4059952802333098,0],[103.96110498983872,1.4060038440839384,0],[103.96111562418557,1.4060466469397959,0],[103.9612219493738,1.4060723231461367,0],[103.96126234926143,1.4060658999504438,0],[103.96140907842135,1.4061600576165563,0],[103.9614473583566,1.4061664737581303,0],[103.96154091570517,1.40607872560565,0],[103.96162597330864,1.4060723008397844,0],[103.96162809374503,1.405969573369295,0],[103.96157492886161,1.4058818297069589,0],[103.96151538143852,1.4057791092608496,0],[103.9614090556102,1.4057084899059837,0],[103.9614047986107,1.40566782822835,0],[103.9615706580462,1.4055715135880964,0],[103.96163019315651,1.4054816239763708,0],[103.961615307884,1.4054602239830418,0],[103.96146858221476,1.4054623718076331,0],[103.96134736960283,1.4053917550787662,0],[103.961253802174,1.40531043460263,0],[103.9612240279785,1.4052333918570257,0],[103.96124528856872,1.4051370833941752,0],[103.96124740358654,1.404950893280386,0],[103.9612622855928,1.404912370267325,0],[103.96131331987178,1.404867424293505,0],[103.96135447165247,1.4046592307154728,0],[103.9614054345844,1.4045252883131427,0],[103.96142524866136,1.404399895655247,0],[103.96141108639614,1.4043058518577622,0],[103.96130347640984,1.4041662170985292,0],[103.96126382717165,1.4040294291402244,0],[103.96125119057801,1.4038007438778586,0],[103.9612698687454,1.403772543041209,0],[103.96129496076561,1.403756875400904,0],[103.96129496036889,1.4037330481816528,0],[103.96126053044632,1.4037349438107458,0],[103.96123250829585,1.4037036128355707,0],[103.96115778592518,1.403637817393445,0],[103.96104834100468,1.4035795228245886,0],[103.9609098557634,1.4035877266611225,0],[103.9607343025971,1.4037017301889123,0],[103.96066351473236,1.4037615793050133,0],[103.96062388077009,1.403889822690152,0],[103.96059274098852,1.4040494144064226,0],[103.96053044904008,1.4041064143145832,0],[103.96039453003145,1.4040465756106544,0],[103.96036620044808,1.4038631011440843,0],[103.96032344091314,1.403769462243805,0],[103.96030787293626,1.403734996057792,0],[103.96026117272557,1.4037005333809196,0],[103.96023003626844,1.4036222010711124,0],[103.96020824219609,1.4035908697420985,0],[103.96015842908218,1.4035689398784887,0],[103.9601366328218,1.4035470075809842,0],[103.96009927179176,1.4035000108404543,0],[103.96002144093006,1.40347808159713,0],[103.95996540217168,1.4034843527825533,0],[103.95987914889096,1.4034452935717203,0],[103.95976021926924,1.4033997048338709,0],[103.95949121083486,1.4032600787488156,0],[103.95952801841167,1.4031745820014803,0],[103.95951951897123,1.4031118866748578,0],[103.95947987260476,1.4030263940765222,0],[103.9593269647071,1.4030093035982936,0],[103.95927599663263,1.4030321044171323,0],[103.95923635513586,1.403020707987465,0],[103.95921352474424,1.402984242641223,0],[103.95916215355393,1.4029630951114638,0],[103.95911778972744,1.4029630966074615,0],[103.95908276765088,1.4029818992801288,0],[103.95903117608037,1.4030406439889966,0],[103.95891355606905,1.4030520742437074,0],[103.95886122163277,1.4030652436739968,0],[103.95880958623945,1.403111163625512,0],[103.95872553265578,1.4031722668472175,0],[103.95862980290877,1.4032333706955713,0],[103.95854341327937,1.4032827236637004,0],[103.95848037099681,1.4033062269013932,0],[103.95845001656181,1.4032991781302673,0],[103.95841032063036,1.4032780308599213,0],[103.95837296238241,1.4032827337426361,0],[103.95833793712481,1.4032756852212196,0],[103.95830991570688,1.4032404392240554,0],[103.9583449380944,1.403193436750416,0],[103.95832859231156,1.4031652378175816,0],[103.95831224578087,1.40312293988308,0],[103.9583145773005,1.403066540134159,0],[103.95833558913988,1.4030218906591374,0],[103.95842844664469,1.402953653370995,0],[103.95844350512299,1.4029210069061862,0],[103.9585312799368,1.402846907814381,0],[103.9586445366831,1.4027557076726835,0],[103.9587238206794,1.4027300556968376,0],[103.95878328591998,1.4027614003847946,0],[103.95882009975408,1.402809844158721,0],[103.95885124893742,1.4028582891420236,0],[103.9588767353931,1.402875388344424,0],[103.95891921040173,1.4028753851464668,0],[103.95904945703842,1.4027756342318305,0],[103.95895034455532,1.4026587978455032,0],[103.95889371499601,1.4027072466635895,0],[103.9588314212006,1.4027129502187754,0],[103.95878328212575,1.4026901556624116,0],[103.95876346016121,1.4026531086437448,0],[103.95878044643709,1.402593260677382,0],[103.95887954707592,1.40250491183804,0],[103.95889936387672,1.4024450664314,0],[103.95887953842033,1.4023424739796861,0],[103.95877476174604,1.4021999883776435,0],[103.95871246522292,1.402137295945368,0],[103.95863884077643,1.402117352402225,0],[103.95863317534706,1.402068905137851,0],[103.95868131032583,1.4020318535526133,0],[103.95872095132677,1.4020005062345182,0],[103.95873793775215,1.4019435079126752,0],[103.95865015827937,1.4019292644206158,0],[103.95865582325376,1.4019691600392192,0],[103.95857371193367,1.4020546592138403,0],[103.95851424763198,1.4020575129625192,0],[103.9584066428843,1.401960625418252,0],[103.95837266608486,1.4020005240728406,0],[103.95841231179615,1.4020917159845554,0],[103.95802723140984,1.4023453685627814,0],[103.95787999198666,1.4024337199462393,0],[103.95774974080176,1.402465075717454,0],[103.95766762582075,1.4024821797829983,0],[103.95761665503193,1.4024536842549455,0],[103.95758550572828,1.4024023887034602,0],[103.95758267039693,1.4023453932549284,0],[103.95761097775106,1.4021972020975704,0],[103.95770724413464,1.402037607826533,0],[103.957851647608,1.4018979593917593,0],[103.95797622716724,1.4017013164117833,0],[103.95799604383024,1.4016215189789318,0],[103.95791957802899,1.401379289739915,0],[103.95789974901936,1.4012254027719893,0],[103.95785668564301,1.40116063558091,0],[103.9578368557357,1.4011087579210177,0],[103.95782265140143,1.4010315722966282,0],[103.95779496794421,1.4009974223580526,0],[103.9577609828772,1.400880582425059,0],[103.9577524831863,1.4007608896766357,0],[103.95779494734379,1.400606997568319,0],[103.95780060387247,1.400453110139692,0],[103.95780400228112,1.4003505281869608,0],[103.95782035461275,1.4003160421849319,0],[103.95790025424998,1.4002427719385404,0],[103.95797559107022,1.4002068502717964,0],[103.95797955307432,1.4001589622883501,0],[103.95800730872371,1.4001310250641004,0],[103.95798747909004,1.4000671736529444,0],[103.95799540700261,1.4000113035591222,0],[103.95802316022072,1.3999713971051506,0],[103.958078671193,1.399943458394883,0],[103.95809056358125,1.3999035500762418,0],[103.95810642304164,1.399843688608519,0],[103.95810642008837,1.3997878180347811,0],[103.95811831316327,1.3997439196713017,0],[103.95816589389986,1.3997279551356263,0],[103.95820157981979,1.3997399251667135,0],[103.9582214057633,1.399700017326882,0],[103.95820157417477,1.3996162138853883,0],[103.95818565323253,1.3995838982701487,0],[103.95816016725452,1.3995240516776577,0],[103.95816299055844,1.3994214598079315,0],[103.9582026318163,1.3993616133446893,0],[103.9583073994238,1.3993530569886852,0],[103.95834987393073,1.3993787024146158,0],[103.95839801444835,1.3994470949137232,0],[103.95844898563752,1.3995012399423736,0],[103.95842350570845,1.3995895848057267,0],[103.95843200208616,1.3996123805999265,0],[103.95847730785643,1.3996009813992243,0],[103.9585650931367,1.3997263673641132,0],[103.95866986664942,1.399811855582309,0],[103.95876897310124,1.3998517479829289,0],[103.95889639573421,1.3998773888233973,0],[103.95911725785606,1.3998317807957157,0],[103.95934944339518,1.3997605226245529,0],[103.95953915178892,1.3995980754046453,0],[103.95966374100637,1.3995866673652517,0],[103.95971753937731,1.3995610167467387,0],[103.95975718232502,1.3995838126546145,0],[103.95982514985779,1.3997661979503357,0],[103.96019608763096,1.3997604766904506,0],[103.96045093196311,1.3997775633814642,0],[103.96053021923805,1.3998317041016597,0],[103.96054154769772,1.3998830006942267,0],[103.96108521727604,1.3999542147660256,0],[103.96151845065525,1.3999940896067455,0],[103.96190071735802,1.400031114821333,0],[103.96205079184284,1.4000482062078519,0],[103.96226033212446,1.4000909419941259,0],[103.96235094463869,1.4001194334170843,0],[103.96234811792499,1.4002220279879143,0],[103.96238493131531,1.4002619227718351,0],[103.96241041503077,1.4002619213600251,0],[103.96243942459157,1.400225768796134,0],[103.9625990078392,1.4002425159613552,0],[103.96267434588651,1.4002305380305275,0],[103.9627536506544,1.400258469360308,0],[103.96284088760095,1.4003103441274485,0],[103.96294794859635,1.4003382720982016,0],[103.96324001781144,1.4004255809965225,0],[103.96372429078671,1.4006152239090248,0],[103.96395082299604,1.4007178047187911,0],[103.96447751143388,1.400934359791138,0],[103.96467572532922,1.4010112926135738,0],[103.96479465378641,1.4010369363115782,0],[103.96493340062871,1.4010340779257893,0],[103.96507350573538,1.4010403770209328,0],[103.96508888108227,1.4008750299027801,0],[103.96525902431348,1.4008887204442622,0],[103.96531958076532,1.4009417098915076,0],[103.96535085024546,1.4009542914066637,0],[103.9654512403282,1.4009838999387343,0],[103.96564163158857,1.400987371824679,0],[103.96569660275293,1.4009651801880547,0],[103.96579419435321,1.4008772905850098,0],[103.96591028632245,1.400828837326683,0],[103.96606602583005,1.4008516256024786,0],[103.96629821906458,1.4009200083196025,0],[103.9666776537587,1.4009598843424584,0],[103.96702876724875,1.400908567011912,0],[103.96737421925454,1.4008657997899578,0],[103.96751014006898,1.400974085641018,0],[103.96770552603864,1.4010795156953775,0],[103.96786976204169,1.4011251041200057,0],[103.96807080233566,1.401096594253594,0],[103.96817840601355,1.401153583600718,0],[103.9683426399043,1.4011934717999959,0],[103.9684672390812,1.4013559041780106,0],[103.96869505342941,1.401639824280649,0],[103.96874458180555,1.40164771466672,0],[103.96878626893474,1.4016670737162984,0],[103.9688343667765,1.4017219321981234,0],[103.96886002237358,1.4017574287017607,0],[103.96885681809601,1.4017897001240724,0],[103.96884123623764,1.4018438162148315,0],[103.96886635062683,1.4019684737497242,0],[103.96890812891364,1.4019478247429145,0],[103.96895943373625,1.4019704108944477,0],[103.96899470721087,1.4020123603590242,0],[103.96901715671082,1.4020639926649365,0],[103.96900433171103,1.4021027181718388,0],[103.9689786830455,1.4021253106174125,0],[103.96896906414817,1.4021479003195365,0],[103.96895898805441,1.4021892474099742,0],[103.96903643988627,1.402276357322556,0],[103.96913271883518,1.4023333481824145,0],[103.9693082812307,1.4024045826196712,0],[103.96947817864313,1.4024387711109114,0],[103.9696905487504,1.4024644072665078,0],[103.96991707556685,1.4024672436187473,0],[103.97003316998688,1.4024615357041617,0],[103.97019740034762,1.4024387289032805,0],[103.9702908432626,1.402415925355722,0],[103.97040410014412,1.4023361241619785,0],[103.97047771862182,1.4022677229677072,0],[103.97047204899803,1.402182230398143,0],[103.97057681119723,1.4020340337475448,0],[103.9706730802617,1.4019827326868366,0],[103.97080899832198,1.4019941241360392,0],[103.97096748326372,1.4020969053896974,0],[103.97110026177225,1.4022018902735496,0],[103.97136897685974,1.402357771780761,0],[103.97158394485102,1.4024309336078153,0],[103.97172620103727,1.402434106691733,0],[103.97184632991409,1.402456372153409,0],[103.97194748988068,1.4024500021362045,0],[103.97204233332037,1.4025740793843238,0],[103.97219092204955,1.402749058111527,0],[103.97232370319337,1.4028667672799924,0],[103.97253235392076,1.403025833769271,0],[103.97271255401573,1.4031880852945524,0],[103.97292436530265,1.4032898819675081,0],[103.97309133184228,1.403282098045467,0],[103.97313663633496,1.4032193986638113,0],[103.97315645039743,1.403119656366142,0],[103.9732246692863,1.4030671540876631,0],[103.97331950884433,1.403124416155508,0],[103.97345975061096,1.4032360402587547,0],[103.97354100760616,1.403254153333895,0],[103.97355029898405,1.4034361970871683,0],[103.97363249933112,1.4035570925721739,0],[103.97376810371668,1.4036411339127048,0],[103.9738491920855,1.403769495862006,0],[103.97390620795883,1.403815397792794,0],[103.97400599199796,1.4039703187904933,0],[103.9741200236313,1.4040449063153002,0],[103.97422402582755,1.4042481136067815,0],[103.97423519060447,1.4043216863366488,0],[103.97432880993543,1.4044084604503757,0],[103.97433620908976,1.4045324271307411,0],[103.97433867604464,1.4045832557016098,0],[103.97426723800072,1.4046886353084451,0],[103.97424384368051,1.4048274796962632,0],[103.97419950734465,1.404941535907821,0],[103.97411082507168,1.4050394781859887,0],[103.97410713797332,1.4051708848154154,0],[103.97413670661645,1.4052898942522416,0],[103.97413671166483,1.4053741951919703,0],[103.97404464108205,1.4054914421703966,0],[103.97396520901913,1.405503292308609,0],[103.9739122554312,1.4055299434259063,0],[103.97384184156486,1.4055875455552833,0],[103.97374274006755,1.405653096945613,0],[103.97366628885624,1.4056844503493817,0],[103.97356151713178,1.405641709333228,0],[103.97347939677289,1.4055676199731024,0],[103.97334064593976,1.4055220304507805,0],[103.97316224618811,1.4053567528984166,0],[103.97298951287326,1.405251320194335,0],[103.97290456038695,1.4051800797189522,0],[103.97285017880245,1.4052043072100961,0],[103.97285018216049,1.4052457586109781,0],[103.97289431378006,1.4052694438942386,0],[103.97292079328327,1.405316818174062,0],[103.97292962621756,1.405405644011289,0],[103.97300318037682,1.4054796633686015,0],[103.97311498171223,1.405583288304681,0],[103.97320324528674,1.4056661875963534,0],[103.97326208755575,1.4057194807736704,0],[103.97334632225733,1.405732916310547,0],[103.97356718509073,1.4057272036894997,0],[103.97363231381959,1.4057499968921563,0],[103.97364364085016,1.4057870451760568,0],[103.97360117140134,1.4058354943776752,0],[103.97337181574817,1.4058811043184274,0],[103.97331801629991,1.4059181547252184,0],[103.9732925354198,1.4059666028970221,0],[103.97326422543448,1.4060691971588635,0],[103.97325007111972,1.4061318928594715,0],[103.97320477136374,1.4062145415527008,0],[103.97309434630452,1.4063171398585659,0],[103.97301506132601,1.4063399426783567,0],[103.97295321833418,1.4063412893781282,0],[103.97291497078028,1.4063205664318794,0],[103.97282671031265,1.4063205708368292,0],[103.97280317763529,1.406385711588503,0],[103.9727737612607,1.406424205687671,0],[103.97270642737607,1.4064767540314502,0],[103.97264726203493,1.4065367275936658,0],[103.97253252768134,1.4065693041513188,0],[103.97246858106233,1.4066306580519785,0],[103.97270359888233,1.4065565478089725,0],[103.97289048424472,1.4065593871177944,0],[103.97290181413409,1.4065992841437847,0],[103.97289733659778,1.4066462668874993,0],[103.972847327389,1.4067143701117895,0],[103.9730150242092,1.4067735775948245,0],[103.9730887007531,1.4066534179047434,0],[103.9731849626683,1.406419728760118,0],[103.97336616569531,1.406126186569984,0],[103.97336616314804,1.4060834401249045,0],[103.97335766788936,1.406052093666498,0],[103.97338598092723,1.4060007947762951,0],[103.97342562070183,1.405966594865284,0],[103.97347658918044,1.4059523426708176,0],[103.97369179240745,1.4060007772006884,0],[103.9739239807146,1.405960578754038,0],[103.97403724026448,1.4058950292099257,0],[103.97411369108968,1.4058722247208655,0],[103.9742694307906,1.4058921627629706,0],[103.97440535121234,1.405969100271816,0],[103.97456392299277,1.406014689423449,0],[103.97478195963602,1.4060659697016589,0],[103.9749886699738,1.4061372026674306,0],[103.97530582098194,1.4063509191059191,0],[103.97545589709452,1.4063879579767875,0],[103.97571924241656,1.4064896788433874,0],[103.97602789484728,1.4066606492525437,0],[103.9762062926011,1.40680312760698,0],[103.97633938644715,1.406928510887702,0],[103.97636770743965,1.4069940554295481,0],[103.97635638370788,1.4070710009850431,0],[103.97634789358143,1.4071393974395698,0],[103.97637620979815,1.4071707417549697,0],[103.97640169592202,1.4071650408981786,0],[103.9764413330603,1.4070880926907328,0],[103.97646114997863,1.4070225478920202,0],[103.9765234440028,1.407005445289067,0],[103.97660555960417,1.4070139891422089,0],[103.97659707006521,1.4070624362940762,0],[103.97667352243076,1.40707953122926,0],[103.9767811222415,1.407051026345514,0],[103.97682642483795,1.4070168242208294,0],[103.97683774870028,1.4069569783252416,0],[103.97686323090537,1.4069313290657504,0],[103.97690853524058,1.4069256269768788,0],[103.97697366631982,1.4069712190230825,0],[103.97703313687525,1.4071137037663373,0],[103.97709826497004,1.4071251010093768,0],[103.97726816677942,1.4072390833788948,0],[103.97749810115889,1.4073841231882,0],[103.9775462429059,1.4074610650460737,0],[103.97761986777931,1.4074981094256733,0],[103.97765950610638,1.407441109598517,0],[103.97784073794054,1.407594988009473,0],[103.97846936972604,1.4078884772018003,0],[103.97850901722053,1.407965419567047,0],[103.9785854728152,1.408019561585623,0],[103.97868457920777,1.4080195562744664,0],[103.97876386111767,1.407991053073331,0],[103.97905833570675,1.4078371448761606,0],[103.97921407377655,1.407828585247192,0],[103.97937830932959,1.4078713222392865,0],[103.97950856572662,1.4079254599294997,0],[103.97959634759768,1.4079881501226874,0],[103.97963599640342,1.4080422926185376,0],[103.97969256857861,1.4079439642014202,0],[103.9797692889003,1.407862450199038,0],[103.97983702420892,1.4078370948691135,0],[103.97995311635196,1.407748745020073,0],[103.98017114161637,1.4076575372593223,0],[103.98048544627886,1.4075948215923864,0],[103.9805703908245,1.4075777174439428,0],[103.98063551357453,1.407503618105248,0],[103.98067232093354,1.407440920035537,0],[103.98075160189867,1.407398167659172,0],[103.98080257070454,1.4073896145881741,0],[103.98094414332694,1.4072784632294515,0],[103.98091581969776,1.407187272888781,0],[103.98094696400821,1.4071074764232585,0],[103.980995098686,1.407070424401602,0],[103.98110552913394,1.4070447696881943,0],[103.9811678256236,1.4070675646568946,0],[103.98124710692498,1.4070305106441903,0],[103.981626544963,1.4071074321488501,0],[103.98169733880734,1.40716442406406,0],[103.98190688496584,1.4072869506473193,0],[103.98218184658657,1.4074032727106844,0],[103.9824162918654,1.407501927036936,0],[103.98254417066906,1.407570557992381,0],[103.9825867976925,1.407600582742916,0],[103.98263794882195,1.407604870640631,0],[103.98270188684666,1.4075962877530017,0],[103.98290648819999,1.4075919842689963,0],[103.98299706627878,1.407580410741132,0],[103.9831273201752,1.4075946523404408,0],[103.98319244378,1.4075775475702559,0],[103.98322358965129,1.4075234005654917,0],[103.98321225319589,1.4073552616181377,0],[103.98325472297604,1.4072868647708616,0],[103.98357468343362,1.4071586020657112,0],[103.98360155259114,1.4071270489820686,0],[103.98375895488098,1.4070084969604395,0],[103.98377600071487,1.4069484372492318,0],[103.98380583488131,1.406884086420154,0],[103.98389108067988,1.4068154417057355,0],[103.98399337807872,1.4067768260876146,0],[103.98409141715538,1.4067811100037457,0],[103.98420224289819,1.4068111311936147,0],[103.98423208276716,1.406849740034068,0],[103.98427044837568,1.4068883474146856,0],[103.9843258642883,1.4069226615876531,0],[103.98439152223885,1.406929150621849,0],[103.9844751199458,1.4069989564045082,0],[103.98466767728148,1.4071300345635316,0],[103.98471786504439,1.4071192060877198,0],[103.98479049216725,1.4071499984475697,0],[103.98484590975366,1.4072100534284848,0],[103.98496952385554,1.4072357861678115,0],[103.98514855500088,1.4073129923930625,0],[103.98523117467764,1.4073209335988608,0],[103.9855539835642,1.4074292042010665,0],[103.98578617595848,1.4074548393250965,0],[103.98617693985557,1.407531758411727,0],[103.98634207674564,1.4075745997453943,0],[103.98644437899914,1.4075831717550848,0],[103.9866148802662,1.4075960322509584,0],[103.9868024300949,1.4075917286471458,0],[103.98689620296041,1.4075445337969377,0],[103.98697292321941,1.4074801798289933,0],[103.98705817264013,1.4074544342613575,0],[103.98713916199947,1.407471588228681,0],[103.98717326361228,1.4075059055504022,0],[103.98730540258312,1.407531635785979,0],[103.98736081944719,1.4075659525927067,0],[103.98740344708582,1.4076045587266817,0],[103.98768050631942,1.407544481697087,0],[103.98785526626602,1.407480121171353,0],[103.98799166641261,1.4074801120735756,0],[103.98808912916306,1.4074926562854928,0],[103.9881451177038,1.4074886805943008,0],[103.98819626476661,1.4074586487854586,0],[103.98823888760306,1.4074243254495733,0],[103.98824314622668,1.4073599762854656,0],[103.9882516688517,1.4073127861758543,0],[103.98825248029412,1.4072722870418393,0],[103.98840821638744,1.4072494776961026,0],[103.98851015308814,1.407260871245109,0],[103.9885696209875,1.4073121616958386,0],[103.98859227798849,1.4073691566046433,0],[103.98843655511313,1.4076057007536147,0],[103.98845071960635,1.4077168430181228,0],[103.98858664466418,1.4078564744359656,0],[103.9886800952676,1.4079505117324715,0],[103.98871408040776,1.4080303039068385,0],[103.98880186320145,1.4080901449879906,0],[103.98886416038484,1.4081357368614484,0],[103.98892645733538,1.408164230890709,0],[103.98901423720905,1.4081528246231694,0],[103.9890906837939,1.4080815757626173,0],[103.98931437135496,1.4079476185740034,0],[103.98943047082466,1.4080160066443816,0],[103.98962019401475,1.4081014893930395,0],[103.98975611161146,1.4081413760879822,0],[103.98988475520875,1.4081545330797722,0],[103.99003567764584,1.408131948226774,0],[103.99012489260329,1.4081079983394562,0],[103.99017247478253,1.4080750709671428,0],[103.99018139179954,1.408027182661699,0],[103.99016057166247,1.4079733085978388,0],[103.9901815065567,1.4079157147854304,0],[103.99022004355842,1.407868549771822,0],[103.990252754913,1.407859567256135,0],[103.99029141757583,1.4078775234299388,0],[103.99032412973109,1.4078805146473143,0],[103.99034792216747,1.407877519601631,0],[103.99037171140482,1.4078535741387552,0],[103.99040739686232,1.4078415997946099,0],[103.99043118770133,1.4078415981817476,0],[103.99045442784286,1.4078033132140833,0],[103.99050850641449,1.4077787380697608,0],[103.99057987863227,1.407787714432382,0],[103.9906274654114,1.4078236260739199,0],[103.99063597613355,1.407867705838982,0],[103.99073016718636,1.4079475237321089,0],[103.99081228715977,1.4080073633076786,0],[103.99097085889838,1.4080472492940956,0],[103.9911987287752,1.4080535462148795,0],[103.99126389411549,1.4080301025571513,0],[103.99131147297453,1.4079881966722105,0],[103.99132931628924,1.407964250701547,0],[103.99135334183906,1.4079669359182228,0],[103.9913828460805,1.4079702330130042,0],[103.99141258312605,1.4079612515885436,0],[103.99143042643958,1.4079373074259718,0],[103.99146016397974,1.4079223400385854,0],[103.99151964067268,1.407916349112038,0],[103.9915791177497,1.407889407768011,0],[103.9916145410858,1.4078548189845492,0],[103.99164156410197,1.4078145776169257,0],[103.99164156067025,1.4077636982940458,0],[103.99163852561858,1.40774232665345,0],[103.99165940025472,1.4076978478723672,0],[103.99167129304827,1.407658939661342,0],[103.9917045825638,1.407629010288175,0],[103.99175518110688,1.407633976290889,0],[103.9919222557167,1.4077878526572623,0],[103.99208366305545,1.4078761858696476,0],[103.99223090406211,1.4078419791934638,0],[103.9923724914149,1.4079702096061626,0],[103.99240587077828,1.408033016055021,0],[103.9924177757053,1.4081467512300305,0],[103.99242075438701,1.4082245694366942,0],[103.99244157385142,1.4082544987214418,0],[103.99246834233116,1.4082904126549414,0],[103.9924832133909,1.408323335781018,0],[103.99247131921808,1.4083682308613372,0],[103.99243860859384,1.4084011572563062,0],[103.99238805593812,1.4084370774050619,0],[103.99234987043359,1.4084461281537042,0],[103.99221961842034,1.4084603861965743,0],[103.9921560966912,1.4085119192056923,0],[103.99210257197764,1.4086076982697882,0],[103.99209067959377,1.408652595157635,0],[103.99208473541438,1.408691504771206,0],[103.99213468715945,1.4086855271408718,0],[103.99218565817982,1.4087368189721785,0],[103.99223945882878,1.4087482156492042,0],[103.99225928443494,1.4087909597915425,0],[103.99221115127945,1.4088479604145814,0],[103.9921545193905,1.4088394135712614,0],[103.99209222168595,1.4088137701797787,0],[103.99203558697124,1.4087767278386127,0],[103.99189401460933,1.4089106769454234,0],[103.99172412894848,1.4090332312313327,0],[103.99170148609643,1.4091871205737099,0],[103.99156557565853,1.4092811752221204,0],[103.99143943943528,1.4092871607597832,0],[103.9913502210425,1.4092871668520093,0],[103.99130264135387,1.4093171008155718,0],[103.99123721742372,1.40934404165796,0],[103.99116584306658,1.4093440474303112,0],[103.99107959936401,1.4093231028933195,0],[103.9908119497804,1.4093530500261562,0],[103.99065730803503,1.4093620408424676,0],[103.99065731486388,1.4094638031091051,0],[103.99070192487993,1.4095027092847365,0],[103.99070490119544,1.4095326397992014,0],[103.99061866091208,1.4095895136622318,0],[103.99056513279453,1.4096224387369551,0],[103.99052945163237,1.409712233312071,0],[103.99052053722954,1.4097990317309173,0],[103.99049972630651,1.4099097739036242,0],[103.99050270502943,1.4099756220022122,0],[103.99052055308854,1.4100354804148998,0],[103.9905651639179,1.4100863594213306,0],[103.9906127458311,1.410062411432644,0],[103.99064843011382,1.41003248009836,0],[103.99070195864057,1.410005539174614,0],[103.99076738400358,1.4099995478566583,0],[103.99083875757745,1.4099875710738923,0],[103.99095771226644,1.4099666107477062,0],[103.99103503426532,1.4099785774033375,0],[103.9910644338683,1.4100022081486572,0],[103.99095400778194,1.4101190572471158,0],[103.99084357875184,1.410178911731632,0],[103.99079713876353,1.4102270160217825,0],[103.9907763256399,1.4103048358544763,0],[103.99078525660765,1.4104245572081846,0],[103.9908328401481,1.4104514903470757,0],[103.99088438924115,1.4104666656233782,0],[103.99091313888641,1.4104993725765884,0],[103.9909131429132,1.4105592340088593,0],[103.99089232917318,1.4106011380680132,0],[103.99086259089911,1.4106190970767314,0],[103.99082682455223,1.4106180133758162,0],[103.99078414885741,1.4106548318949834,0],[103.99077105094948,1.4107324983655696,0],[103.9907198561695,1.4108016827189298,0],[103.99067525368515,1.4109154199450127,0],[103.9906722859063,1.4109992263340603,0],[103.99071094913538,1.4110381320060421,0],[103.99074958290646,1.4110398214343447,0],[103.99077935033742,1.4110411207821092,0],[103.99081206475122,1.4110770352325877,0],[103.99082177332107,1.4111347002163535,0],[103.99080568174597,1.4112318187816564,0],[103.99080565810678,1.4113613150724653,0],[103.9908538475968,1.4115393731423826,0],[103.99086916780023,1.4117035533259092,0],[103.99093996870629,1.4118602877422914,0],[103.99102406888417,1.4121271759760745,0],[103.99103519210308,1.4123221191697104,0],[103.99104709812867,1.4124657832594385,0],[103.9910708933626,1.4125436000478073,0],[103.99108576816197,1.4126184258205132,0],[103.99109172203079,1.412696243827002,0],[103.99109469898526,1.4127620901123503,0],[103.99108875498817,1.4128039931583225,0],[103.99113633676536,1.4128039899069442,0],[103.99119142370982,1.4128069578701201,0],[103.99129398622318,1.412860545067964,0],[103.99136195139897,1.412965983424981,0],[103.99137895080001,1.413125571140476,0],[103.99136197072343,1.4132652127981917,0],[103.99133932892867,1.4134219526829457,0],[103.99133368319963,1.4136755863959123,0],[103.99131780957072,1.4137797028887955,0],[103.9913416093247,1.413857522383728,0],[103.99140406383161,1.4139143833889158,0],[103.99148138879954,1.41396825265263,0],[103.99156901656977,1.4139902479259583,0],[103.99162253061826,1.4140403413035527,0],[103.99172823995035,1.414198699323299,0],[103.99176988023412,1.4143034521541356,0],[103.99178475669686,1.4144022217650107,0],[103.9917817882418,1.4144620815882225,0],[103.99178773811475,1.4145069772504222,0],[103.99182045419087,1.414539897340689,0],[103.99185614298659,1.4145758133722433,0],[103.99195671582687,1.4148895589429076,0],[103.99197810229127,1.4149978211744674,0],[103.99196918301207,1.4150516954448142,0],[103.99193647575326,1.4151355029698796,0],[103.99190376869555,1.4152223021190464,0],[103.99185916504557,1.4152791740856054,0],[103.99178185099264,1.4153869276198963,0],[103.99166587404294,1.4154886978469525,0],[103.99160833890595,1.4155197919031361,0],[103.99152636601137,1.4156590346779683,0],[103.99153203816141,1.415795826044159,0],[103.9915065628086,1.4159212191806778,0],[103.99140746830274,1.4161007632398674,0],[103.99137919400596,1.4167191731989615,0],[103.9912942533773,1.4168103702154833,0],[103.9912093072795,1.4168474240727735,0],[103.99103941719488,1.4169528787216241,0],[103.9908836898823,1.4171010797017531,0],[103.99006540507014,1.4178335337343557,0],[103.9898020860561,1.4181099821122647,0],[103.98972846584398,1.4181498856964199,0],[103.9893150606756,1.4182810044446699,0],[103.98878272728881,1.4184064318848388,0],[103.98861116402486,1.4184882609754659,0],[103.98837867924705,1.4185551278995585,0],[103.98803519182154,1.4185489724407572,0],[103.98794500473622,1.4185407262155638,0],[103.98782972679699,1.4184700147723943,0],[103.98768995014007,1.418431114947196,0],[103.9875769402476,1.4184011918102015,0],[103.98744311243135,1.418365283195031,0],[103.98735389230605,1.4183174005632495,0],[103.98729440768838,1.4182485664233642,0],[103.98727656300244,1.4182126509352464,0],[103.98715741270547,1.4181905183493053,0],[103.98704616931224,1.418158537645552,0],[103.98689716663152,1.418129107945395,0],[103.98671987058842,1.4181466137269079,0],[103.98654605756707,1.4182340950736994,0],[103.98642641115006,1.418374494181472,0],[103.98631517368247,1.4184464742228677,0],[103.98618010474667,1.4185584367247686,0],[103.98594265015326,1.4187542981319667,0],[103.98598988088236,1.418989861058292,0],[103.98596249275272,1.4190563749874534,0],[103.98571048418853,1.4191361870668202,0],[103.98562269378,1.4189794527063355,0],[103.98556065818937,1.4188981692578322,0],[103.98552793871924,1.4187994007656985,0],[103.98546548364902,1.418775461044944,0],[103.98539411128904,1.4187694788983,0],[103.98539113540697,1.41874553524102,0],[103.98540953987293,1.418712392821367,0],[103.9853941054266,1.4186796876370984,0],[103.98534354431463,1.4186048668880271,0],[103.98528108671292,1.4185420161375477,0],[103.98514508190128,1.4184825977682716,0],[103.98503035967555,1.418458115250034,0],[103.98488781828365,1.4183391668458656,0],[103.98468270800294,1.418297193596042,0],[103.9846097049063,1.418321691200689,0],[103.98454017617438,1.418325193840038,0],[103.9844741258763,1.4183426921356825,0],[103.98436983400656,1.4183392009193325,0],[103.98422729807476,1.4182762324004035,0],[103.98408128077544,1.4181537861010125,0],[103.98400827224458,1.4180943128852577,0],[103.98390049788455,1.4180138481113986,0],[103.98381358555947,1.417982363955746,0],[103.9836884319038,1.4179333901498032,0],[103.98354242006485,1.417894913709684,0],[103.98343116909875,1.4178004550589616,0],[103.98327820328693,1.4177506347523818,0],[103.98320520001398,1.4177444898551166,0],[103.98312524231004,1.41774799312936,0],[103.9830279043908,1.417754997407988,0],[103.98294099343138,1.4177585011282343,0],[103.9828540829218,1.4177410128218242,0],[103.98273240906111,1.4177410207252013,0],[103.98245777214446,1.4177340433096326,0],[103.98222833024775,1.4177515512200327,0],[103.98207537122023,1.4177795510813922,0],[103.98189459960899,1.417828544753248,0],[103.98177988166745,1.4178705362063937,0],[103.98171035783662,1.4179510116254244,0],[103.98165473806996,1.417979006085181,0],[103.98161997739197,1.4180104981714887,0],[103.98150872669297,1.4179475265527859,0],[103.98139747935302,1.4179090486378998,0],[103.98133142526571,1.4178530729492929,0],[103.98124941990255,1.4178602100127913,0],[103.98114830708187,1.4178542314507334,0],[103.98109155012713,1.4178181013569247,0],[103.98094901385261,1.4177481337727635,0],[103.98080647625788,1.417657176866632,0],[103.98064656038855,1.4176571871097918,0],[103.98048316790572,1.4176432016745768,0],[103.98041016056042,1.417615217275815,0],[103.98025719777436,1.4175697422142786,0],[103.98016680821301,1.4175277639315016,0],[103.98001718670105,1.417458882874177,0],[103.97986087291208,1.4173388497683608,0],[103.97978438765583,1.417275875844118,0],[103.97968009188581,1.4171954133443043,0],[103.97961751488128,1.4171744252954035,0],[103.97954103290655,1.417177928222755,0],[103.97943428363874,1.4171775750649738,0],[103.9792942099166,1.417184941832111,0],[103.97914820167018,1.4172024450445888,0],[103.97906824440136,1.4172129461218197,0],[103.97893169783003,1.4172524319286899,0],[103.97883533004189,1.4172829348837337,0],[103.97872756394874,1.417331923693769,0],[103.97863370326917,1.4173634185666186,0],[103.97844250573705,1.4174194105753049,0],[103.97806705986702,1.417524397069569,0],[103.97792453580631,1.417664355897133,0],[103.97769509885173,1.4177483402244155,0],[103.97739960632906,1.417765852704682,0],[103.97716523287659,1.4179140017077447,0],[103.97703735761212,1.4179978150289207,0],[103.97686487833538,1.4180816311273223,0],[103.97668942018875,1.4181355166657375,0],[103.97654964810401,1.4181834130996676,0],[103.97640987468544,1.4181804301714633,0],[103.9763087629433,1.4181924083904511,0],[103.97628684285799,1.4182220040649363,0],[103.9762698573159,1.418287551403166,0],[103.97562709634867,1.4185269756426662,0],[103.9755223257096,1.4185269821229889,0],[103.97547985230139,1.4184984874256672,0],[103.97538073624064,1.4183474525821447,0],[103.97514632004612,1.418018197299967,0],[103.97506598543868,1.417823949096506,0],[103.97501780566674,1.4175973300151141,0],[103.97497292789316,1.4174098912702175,0],[103.9749672549319,1.4172588533605301,0],[103.97486246573277,1.4169225830609637,0],[103.9747916722324,1.4168741407848022,0],[103.97463027208364,1.4168769994332924,0],[103.97459506532228,1.4169036350298474,0],[103.97450649168663,1.4169025226723022,0],[103.97446485789627,1.4169234783686635,0],[103.9744291732909,1.4169683739485532,0],[103.97441728035837,1.417025242716307,0],[103.97440578269361,1.4171248588034304,0],[103.97441134565291,1.4172257761249945,0],[103.97438756013352,1.4173155679854035,0],[103.97433700736222,1.417402369859043,0],[103.97428645385074,1.4174472672528142,0],[103.97421805513738,1.4174742096471329,0],[103.97413478679617,1.4174742147430734,0],[103.97404854017081,1.4174383042182914,0],[103.97397716189887,1.4173784480104572,0],[103.97388793626162,1.4172347866432806,0],[103.97378978713488,1.4170522183886844,0],[103.97370651124213,1.4169414808223624,0],[103.97368568866816,1.4168576785572373,0],[103.97365296774235,1.4167409510343512,0],[103.9736499892815,1.416657147680976,0],[103.97368383659357,1.4165127281784018,0],[103.9737467816473,1.4163791917932007,0],[103.97391383757268,1.4162737403224637,0],[103.9740865616405,1.4162110340305083,0],[103.97427061433328,1.4161511757711398,0],[103.97441785563764,1.4161369176431418,0],[103.97488223697843,1.416102691642027,0],[103.97501815112102,1.416065637036431,0],[103.97504363488808,1.4160342866940543,0],[103.97503872096753,1.4158787802877275,0],[103.97500604444369,1.4158429596476338,0],[103.97500009308557,1.4157980648128234,0],[103.97499711422743,1.4157232399628166,0],[103.97498521530812,1.4156663726561993,0],[103.97495547608467,1.4156424306181548,0],[103.97492870974382,1.4156244725547806,0],[103.97489599295605,1.4155765877371185,0],[103.97485138197274,1.4155496531755574,0],[103.97482164238923,1.4155197242646096,0],[103.97480082142633,1.415462858408472,0],[103.97475918259431,1.4154149723272145,0],[103.9747383623513,1.4153551121303432,0],[103.97471456906254,1.415316204355063,0],[103.97468780164759,1.4152952555659624,0],[103.97463724582305,1.4152862783593976,0],[103.97457637207702,1.4152563187960012,0],[103.97454290493101,1.4151927071770471,0],[103.97448854455514,1.4151994895978983,0],[103.97437553673355,1.415199497419668,0],[103.9742744209538,1.415172566302133,0],[103.97419126493713,1.4150967533602388,0],[103.97396472715265,1.4149314789033893,0],[103.97383164102153,1.4149257877331456,0],[103.9737057702073,1.415004492912776,0],[103.97367368537329,1.4150648528377334,0],[103.97365881829053,1.4151097507550978,0],[103.97365287235719,1.4151546463206406,0],[103.97367071933276,1.4152025338733722,0],[103.9736915375694,1.4152444352780822,0],[103.97370046177771,1.4152803514400418,0],[103.97369154242658,1.4153102818174035,0],[103.97369154368613,1.415331232249067,0],[103.97371236210317,1.4153611617197397,0],[103.97373615681401,1.415394084444432,0],[103.97379266523326,1.4154689060386092,0],[103.97381646030867,1.4155227791938054,0],[103.97381646355315,1.415591619168274,0],[103.97381051996231,1.4156604604096001,0],[103.9737569946786,1.4157472597384269,0],[103.97370049399451,1.415816103155903,0],[103.97363804575112,1.4158729731921216,0],[103.97360830869584,1.4158849487451808,0],[103.9735577519628,1.4159059022544893,0],[103.97349827497413,1.4159118927448826,0],[103.97344986784763,1.41590612405607,0],[103.97338997325555,1.4159460443931575,0],[103.97329936343753,1.4159745481304251,0],[103.97297940226336,1.416137005293735,0],[103.97281800614618,1.4162367588815707,0],[103.97259714771081,1.4163479146245956,0],[103.97242158983279,1.416402071149677,0],[103.97229133787059,1.4164134793899918,0],[103.97220921968058,1.416382135564477,0],[103.97209595162565,1.4163137473579857,0],[103.97201099911926,1.4162339570625095,0],[103.9718382540023,1.4159432876555678,0],[103.97182125656681,1.415840696125472,0],[103.97178726923742,1.4156868093398538,0],[103.97179292918432,1.4156070135866656,0],[103.97185238544043,1.4154787688712724,0],[103.97199679309084,1.4154274630070645,0],[103.97211571974495,1.4154246071107837,0],[103.9723337574238,1.4154787398883717,0],[103.97247250778372,1.4155214788634376,0],[103.97263674104668,1.4155328684154682,0],[103.97280380370816,1.415510060268421,0],[103.9729567092053,1.415473002947338,0],[103.97302749495354,1.4153932032487524,0],[103.97310677036803,1.4152507090956137,0],[103.97316056276134,1.415122463793199,0],[103.97327663123004,1.4146436888202487,0],[103.97338987714184,1.4143587023483366,0],[103.97342667932747,1.4142048103894902,0],[103.97350028663209,1.4139910709946522,0],[103.97352293297867,1.413859978841517,0],[103.97351726428847,1.4137630859240893,0],[103.97346912285667,1.4136918432706753,0],[103.97341532111197,1.4136633483062666,0],[103.97330771741035,1.4136177587509873,0],[103.97325675025805,1.4136719077579714,0],[103.97321428762118,1.4138514477429813,0],[103.97320579790879,1.4139283931205544,0],[103.97321975315357,1.4140523168947834,0],[103.97323979387002,1.4142105228252488,0],[103.97315202873305,1.4144442123773004,0],[103.97312938411419,1.414589552739954,0],[103.9730897476117,1.414680749120815,0],[103.973033119598,1.414769095984138,0],[103.9729198570561,1.4147919017904553,0],[103.97290003982145,1.414854598737608,0],[103.97294631334726,1.4149749537561307,0],[103.97294819591806,1.4151709232964833,0],[103.97292554787603,1.4152592699087934,0],[103.97288590965296,1.415321968056277,0],[103.97271035676629,1.4154131726579975,0],[103.97255461812662,1.4154217319021423,0],[103.972333751774,1.4153989462860193,0],[103.97224596921218,1.4153419551142143,0],[103.97214969278818,1.415307763397741,0],[103.9720420933633,1.4153049193288165,0],[103.97186370388104,1.4153704763540595,0],[103.97171363464513,1.4154588288054466,0],[103.9716655018372,1.4155329260150995,0],[103.97166551298425,1.415721013265577,0],[103.9716825056887,1.4157894090891845,0],[103.97169384141655,1.415911949362124,0],[103.97172782260652,1.4159774927136046,0],[103.97182088609893,1.4161241537197364,0],[103.97186092391529,1.4162225684278569,0],[103.97190623369717,1.4163052089484196,0],[103.97200817626465,1.4163935480562857,0],[103.97212144674606,1.4164875839521152,0],[103.97227719021393,1.4165588201406523,0],[103.97241310562826,1.4165417122737374,0],[103.97253769633836,1.4165274556301946,0],[103.97274156616818,1.4164618988129933,0],[103.97299357338251,1.4163393407896614,0],[103.97316063041397,1.4162367381081717,0],[103.97343245570396,1.4161113301003487,0],[103.97351174288171,1.4161198751078226,0],[103.97355988283059,1.416165468261239,0],[103.97359386707114,1.4162509608831015,0],[103.97358820829868,1.4163193562568697,0],[103.97354008307553,1.4165188449903567,0],[103.97354293229263,1.4168294748030743,0],[103.97350612430849,1.416872224389615,0],[103.97348347512111,1.4169263707780748,0],[103.97349763580372,1.4169691181657211,0],[103.97356276220168,1.4169776622218155,0],[103.9736760325565,1.417083098408861,0],[103.97374683037496,1.417188538084772,0],[103.9738855958444,1.4174649593688167,0],[103.97404700477519,1.417621688862956,0],[103.9741177967373,1.4176444816694658,0],[103.97433582755168,1.4175960244052852,0],[103.9744519210315,1.4175333197383135,0],[103.97451421113442,1.417476321268781,0],[103.97457366627086,1.4173167277202834,0],[103.97458781972384,1.4172397829000158,0],[103.97462462261319,1.417142887386824,0],[103.97470390861704,1.4171314821422076,0],[103.9747378910142,1.4171856259659548,0],[103.97476339789495,1.4175646493919398,0],[103.9747904610807,1.4177354272875695,0],[103.97476824909744,1.4177824572413777,0],[103.97476825344724,1.4178393252787482,0],[103.9747801509342,1.4178872140874714,0],[103.9747771789766,1.4179261207910419,0],[103.97475339075224,1.4179859837264095,0],[103.97472662856123,1.4180368674425807,0],[103.97468499692349,1.4180787726704145,0],[103.97464633742538,1.4180847619163819,0],[103.9746165962017,1.4180727900015555,0],[103.97459577810912,1.418048847414172,0],[103.97460172277312,1.4180129312503487,0],[103.97462848587426,1.417977013808001,0],[103.97464632763283,1.4179381043823593,0],[103.97465821966344,1.417881234709678,0],[103.97465524189579,1.417824366854693,0],[103.97464036883137,1.4177704931656376,0],[103.97461062813062,1.417722607260127,0],[103.97458088708493,1.4176986634113242,0],[103.97454222488061,1.4176747219182686,0],[103.97448869414906,1.4176717326715684,0],[103.97443219091048,1.417698671629797,0],[103.97437866470659,1.4177705092229036,0],[103.974307295093,1.4178243882000525,0],[103.97422700215678,1.4178722826595482,0],[103.97414373363185,1.4178992250590914,0],[103.97409615297929,1.417920178401591,0],[103.97405451880572,1.4179351472216106,0],[103.97398016981076,1.4179351508636737,0],[103.97395043092624,1.4179171938772404,0],[103.97391474070389,1.4178842736939696,0],[103.97391771285632,1.4178483559037522,0],[103.97390581430794,1.4177974763663834,0],[103.97387904740611,1.417770539795049,0],[103.973810644348,1.4177256496743236,0],[103.97373034274884,1.4176298772994,0],[103.97364409485647,1.4175430837814034,0],[103.97359650628486,1.4174622747747494,0],[103.97353404827817,1.4173575228054782,0],[103.9734834861138,1.4172587569807238,0],[103.97346861182129,1.417183931040485,0],[103.97344779302895,1.4171480174113456,0],[103.97341210444395,1.4171420318078358,0],[103.97339128942832,1.417168970377271,0],[103.9733645263146,1.4171899242459443,0],[103.97332883934648,1.4171959105747536,0],[103.97329315076101,1.4171899276825408,0],[103.97323664625974,1.4171959170843391,0],[103.9732069100834,1.4172228561945552,0],[103.97321285943781,1.417249793136074,0],[103.97327233843833,1.4172617632631461,0],[103.9732842362506,1.4173006699676787,0],[103.97329018470758,1.417327606908942,0],[103.9733110051171,1.4173605298169163,0],[103.97331100673453,1.417387467119723,0],[103.97331100889112,1.4174233829205602,0],[103.97332885390485,1.4174533125736233,0],[103.97335859421666,1.4174652826979532,0],[103.97338536038987,1.4174802464384473,0],[103.9733913102867,1.417516161877171,0],[103.97337941714645,1.4175550718373602,0],[103.97336752472518,1.4176059546354316,0],[103.97337644768295,1.4176358839264187,0],[103.97341808383578,1.417653840196859,0],[103.97343295561234,1.4176867625609593,0],[103.97345080009117,1.4177226781794472,0],[103.97345377764923,1.4177765526034505,0],[103.97346567636782,1.4178304255797045,0],[103.97347162878582,1.4178932792247234,0],[103.97349244776639,1.4179321871926205,0],[103.97351623962665,1.4179471511121082,0],[103.97353705806462,1.4179471498434955,0],[103.973560847944,1.4179291886846532,0],[103.97355489678424,1.4178872890889134,0],[103.9735311016851,1.4178334159339316,0],[103.97353407474209,1.4177974981435528,0],[103.97356381379865,1.417788517833321,0],[103.9736262647955,1.4177915083662205,0],[103.97369466676834,1.4178034752235427,0],[103.97375712010667,1.4178304087150875,0],[103.97381065282721,1.4178663212473077,0],[103.97390284775184,1.4179261752828292,0],[103.97400991482945,1.4180249403530578,0],[103.97407831410372,1.418006977365225,0],[103.97414671283417,1.4179800358778254,0],[103.97419726798748,1.4179620748831825,0],[103.97423890270338,1.4179560863669824,0],[103.97427459022872,1.417974042080606,0],[103.97429540994706,1.418024921972827,0],[103.97431028191939,1.418060836860732,0],[103.97429244122723,1.418087776159966,0],[103.97427162514215,1.4181266857657577,0],[103.97424224705229,1.4181610125935242,0],[103.97414614610925,1.4181631464402336,0],[103.9739422722875,1.4182087549932294,0],[103.97388969098593,1.4182295476616162,0],[103.97387908369319,1.4183721389366704,0],[103.97378094390372,1.4183901037360784,0],[103.97372741621793,1.4184230293687055,0],[103.9736694047628,1.418488722088269,0],[103.97365346796545,1.418542199746297,0],[103.97366763381487,1.4186704409151665,0],[103.97370775508335,1.4187796907230716,0],[103.97371552678966,1.418881287992267,0],[103.97361846276615,1.4189320936932535,0],[103.97347092161849,1.418924287201974,0],[103.97337950008641,1.4189348602332486,0],[103.97329623097212,1.4189528223000076,0],[103.97319833710144,1.4189813708014902,0],[103.97315255137148,1.419010273353106,0],[103.97305549299533,1.4191704913631351,0],[103.97296619659731,1.4192408343864171,0],[103.97284583844572,1.4192760095892436,0],[103.97274488691194,1.419248662405291,0],[103.972589576418,1.4191783342217508,0],[103.97245462718861,1.4191863297116654,0],[103.97229449688403,1.4192096140384503,0],[103.97221296211403,1.4192291567863167,0],[103.97210965569968,1.419252197106575,0],[103.97204481855496,1.4192733386555982,0],[103.97203048163493,1.4193190414161139,0],[103.97198389105722,1.4193229528764362,0],[103.97196258536249,1.4192892603747316,0],[103.97181226722319,1.4193060896510044,0],[103.97172899772244,1.419318066600697,0],[103.97166800588548,1.419328501175151,0],[103.97163833742081,1.4193464183571234,0],[103.97159174942364,1.4194089432712886,0],[103.97151409467676,1.4193972256108647,0],[103.97123066166763,1.4194285027860827,0],[103.9711064211415,1.419471493624424,0],[103.97093947173879,1.4195457489749856,0],[103.97062498225357,1.4196161026758698,0],[103.97039979088244,1.4196591013161006,0],[103.97032602005075,1.4196512902249419,0],[103.97025224556235,1.4195965879978243,0],[103.97015878484767,1.4195725692063628,0],[103.97005172170586,1.419539652304873,0],[103.96997142492219,1.4195246917094975,0],[103.9698970766072,1.4195067373217605,0],[103.96983462303888,1.4195067410321882,0],[103.96973945784853,1.4195157251820292,0],[103.96967700625208,1.4195187223240822,0],[103.96960265828912,1.4195067547985827,0],[103.96953425524667,1.4194618627395013,0],[103.96946287718507,1.4194050007276742,0],[103.96940934413406,1.4193631012195325,0],[103.96935581410621,1.4193421521446368,0],[103.96913574009237,1.4192912839802163,0],[103.96889187458548,1.4192314386974203,0],[103.96873128191801,1.4192164827909783,0],[103.9685677170748,1.4192075121115577,0],[103.96851121180667,1.4192015303716867,0],[103.96846142204649,1.419217412076288,0],[103.96838855661439,1.4192958136380305,0],[103.96831867131421,1.4193505243721034,0],[103.96822548901231,1.4193700676662888,0],[103.96805465195649,1.4193466312132017,0],[103.96793407270943,1.4192585299645386,0],[103.96783332820728,1.4191278203693996,0],[103.96775567234853,1.4190965620424052,0],[103.96729363643387,1.41906923569836,0],[103.96665688472545,1.4191044424283243,0],[103.96622979011842,1.4190732060967421,0],[103.96583764021437,1.4190185220995144,0],[103.96566025204257,1.4189871111816612,0],[103.9638865361859,1.4184703989062921,0],[103.9625829997222,1.4179648891828722,0],[103.96192481223476,1.4176723940194684,0],[103.96146568884977,1.4175464013575418,0],[103.96065716467031,1.4174535890894742,0],[103.96043692759496,1.4174390962062753,0],[103.96026443940487,1.417421146007118,0],[103.96018414142372,1.4173822411768828,0],[103.96010384442162,1.4173612951580616,0],[103.96001462380956,1.4173283758786,0],[103.95991053519353,1.4172954592218507,0],[103.95983618781068,1.4172924698720093,0],[103.95977670892125,1.4172984600147562,0],[103.95974102360685,1.417319412418181,0],[103.95970236397157,1.4173403649844292,0],[103.9596361731575,1.4173227064334273,0],[103.959497837801,1.4169608155917226,0],[103.95939856485649,1.4164813781832506,0],[103.95937869638584,1.4161018177487845,0],[103.95950016633114,1.4157699392848457,0],[103.95971033036984,1.4154905740489052,0],[103.95997560534633,1.4152746937716865,0],[103.96014980105153,1.4151338967806153,0],[103.96029170863905,1.415122902783443,0],[103.96064900167066,1.4152427426550325,0],[103.96096659960226,1.4154424958730705,0],[103.9612445031616,1.4157021787716646,0],[103.96158196063928,1.4160617432519849,0],[103.96187972200613,1.416481240125304,0],[103.96209808140851,1.416780879109397,0],[103.96223620140273,1.4168975313174936,0],[103.96262866568762,1.4171352596470423,0],[103.96265915224862,1.4172042833340361,0],[103.96261343571106,1.4173001527542628,0],[103.96254104299021,1.4173500088485893,0],[103.96238101358401,1.4173461833335685,0],[103.96227051274637,1.4172503217687722,0],[103.96220192233358,1.417112276617067,0],[103.96192757932288,1.4169780783619867,0],[103.9616646615555,1.416740340878431,0],[103.96137125591041,1.416391398414734,0],[103.9608758909676,1.4157050135775477,0],[103.96069299328214,1.4155478022230503,0],[103.96037673990203,1.4154519519127242,0],[103.96021671332589,1.4154979773651748,0],[103.96010241175739,1.4155861806267196,0],[103.95993477444544,1.4157702563908072,0],[103.95973665612088,1.4160195229231365,0],[103.95964902916714,1.4161767501102343,0],[103.95962998261041,1.4162572800440172,0],[103.95966808679563,1.4162841212189439,0],[103.95971762036946,1.4162994573806393,0],[103.95978620209148,1.416280278435038,0],[103.95983954199367,1.4162112528114061,0],[103.95995002500071,1.4159811617477078,0],[103.96007575229467,1.415797091000385,0],[103.96020148179727,1.4156705385564008,0],[103.96034626705968,1.4156168458612388,0],[103.96058631493474,1.4156781881325464,0],[103.96074253892428,1.4158008878152426,0],[103.96083018233844,1.4159466036692534,0],[103.96063967538421,1.416019473199006,0],[103.96057490619127,1.4160846667852325,0],[103.9604872720432,1.4160923406111683,0],[103.96043011714758,1.4160693349950324,0],[103.96042630304979,1.4160271539673206,0],[103.96043773193198,1.4159734668091808,0],[103.96033485416338,1.4159312912444149,0],[103.96025103141794,1.4159811460892568,0],[103.96025484705268,1.4160846844413761,0],[103.96025104157414,1.416184386910974,0],[103.9603348656425,1.4161422010526643,0],[103.96045679182897,1.41613835983373,0],[103.96051775735681,1.4161728669106106,0],[103.96054824560014,1.4163070797364654,0],[103.96049491023311,1.4164259592169852,0],[103.96036917855916,1.4165295029083589,0],[103.96026249535277,1.4165716900290302,0],[103.96015580957571,1.4165832021007827,0],[103.96024725687795,1.4166330463838082,0],[103.96026250098706,1.416675226781782,0],[103.96020915795998,1.4166867350110435,0],[103.96004531525114,1.4166215540238662,0],[103.9600110307064,1.4167557704218543,0],[103.96001103383064,1.4168132896346997,0],[103.96012534102319,1.4168439629091463,0],[103.96012153497989,1.4169168221145876,0],[103.96008401836005,1.4170039702823762,0],[103.96007408884205,1.417067479629329,0],[103.96010184724999,1.4170874328417564,0],[103.96018114997817,1.417067474636898,0],[103.96024062565084,1.4170355446780758,0],[103.96031993125955,1.417035541209223,0],[103.9603714808501,1.4170594822451628,0],[103.9604071690358,1.4170914060517272,0],[103.96044387456897,1.4171425113127964,0],[103.96064735462258,1.4171046932278846,0],[103.96120364734504,1.4171315047527513,0],[103.96196950872815,1.4172963543388153,0],[103.96198475520067,1.417380717765575,0],[103.96223623060867,1.41744205739588,0],[103.96249532543169,1.4174113669237314,0],[103.96264773511403,1.4174688766677084,0],[103.96292969273199,1.4174880359862991,0],[103.9632535607085,1.4174803487394434,0],[103.96361173462527,1.4177410857756196,0],[103.96367651380652,1.417871463009341,0],[103.96375272432671,1.4179289797032733,0],[103.96397371862574,1.4180018261490792,0],[103.96406896684724,1.4178714407424438,0],[103.9641223077217,1.417821586589232,0],[103.96422136119558,1.4176068375944417,0],[103.96427470615396,1.4176298433260364,0],[103.9645375948771,1.4173614002827402,0],[103.96456426084352,1.4172731990949248,0],[103.96455663694954,1.4172041750396331,0],[103.96449567306904,1.417200344021349,0],[103.96448043758133,1.417280874667104,0],[103.96441947887351,1.4173690750945562,0],[103.96424421760214,1.4175263083248066,0],[103.96420992881185,1.4175646570134015,0],[103.96412229527873,1.4175838362692177,0],[103.96406514522617,1.4176643683909906,0],[103.96406515339989,1.4178100863584797,0],[103.96404610616862,1.417859938562421,0],[103.96399248229962,1.4178788572345313,0],[103.96392037073048,1.417894457948002,0],[103.96379844318679,1.4178752924002496,0],[103.96372985237048,1.4177640887561063,0],[103.96363458998245,1.4176413831405144,0],[103.96345169260934,1.4174956746137033,0],[103.96315067962824,1.4173806522976453,0],[103.96313161030074,1.4170662068488153,0],[103.9632382889789,1.416943491625189,0],[103.96331448697299,1.4168092710216642,0],[103.9639126912221,1.416832245940557,0],[103.9640193820946,1.4169281076387044,0],[103.96446136678384,1.4169434222880768,0],[103.96457949057074,1.417058455770965,0],[103.9647166592051,1.417081456712691,0],[103.96474333513773,1.4171543141724519,0],[103.96480429635479,1.4171428072128922,0],[103.96484620502133,1.4170546060566438,0],[103.96497956022108,1.4170009119170102,0],[103.9652234032655,1.4168436756152059,0],[103.96531101422346,1.4164103475840801,0],[103.96534529020802,1.4161304140778894,0],[103.96529193595241,1.4159425179419398,0],[103.96526526441923,1.4159156762107632,0],[103.9651547704483,1.4159578637657046,0],[103.96492997808033,1.4161572810998881,0],[103.96471661164895,1.4162531610285691,0],[103.96457563719555,1.416287681310582,0],[103.96452229701076,1.4163490398539453,0],[103.96444991219595,1.4165062654220202,0],[103.96430132686241,1.41675169589702,0],[103.96422131469677,1.416778543706261,0],[103.96407652607517,1.4167555431655245,0],[103.96376789393858,1.416686536177033,0],[103.96338305968999,1.4166290369295533,0],[103.96319255389297,1.4167057411609056,0],[103.96303253541032,1.4168974856902863,0],[103.96297157601337,1.416974182604392,0],[103.96286870221068,1.417004866149156,0],[103.9627734522454,1.417104573755862,0],[103.9627163008062,1.4171122477638876,0],[103.96270105665054,1.417070065577927,0],[103.96269724409318,1.4170240500649536,0],[103.96279877596989,1.4168415532294838,0],[103.96322946256703,1.4163213492286524,0],[103.96342794339068,1.4161015926308957,0],[103.9635867269014,1.415921792958434,0],[103.96364626097888,1.415682066850097,0],[103.96358669680151,1.4153824181457064,0],[103.96346758563065,1.4151227247819163,0],[103.96326907799315,1.4148430612500091,0],[103.96301101299464,1.4143836103393221,0],[103.963245765436,1.4143320593692337,0],[103.96340526732057,1.41438715674969,0],[103.96348740309116,1.4145433959562042,0],[103.96364621414835,1.4148430399657197,0],[103.96382486538347,1.4150028450229772,0],[103.96400351620393,1.4151226953695843,0],[103.964122627873,1.4154223406810396,0],[103.96430127806445,1.4155621692509532,0],[103.96446007583403,1.4156220913565714,0],[103.96471811269456,1.4155421681774731,0],[103.96507538860425,1.4154023099747362,0],[103.96527387571243,1.4152824381613447,0],[103.965234171245,1.4151625781655583,0],[103.9651150709573,1.4150826792097806,0],[103.9648967311771,1.4151026672186,0],[103.96457915164645,1.415282477824113,0],[103.96444021374182,1.4154023461943301,0],[103.96430126797735,1.4153823767472222,0],[103.96420201387227,1.4152225690355276,0],[103.96416230430445,1.415042778783849,0],[103.96420199819751,1.4149428934131913,0],[103.96442033663075,1.4148829507773546,0],[103.96473792242023,1.4148629553522816,0],[103.96493641221066,1.4148229902427134,0],[103.96503565439392,1.4147231005572352,0],[103.96503564561043,1.4145832627502921,0],[103.96493639420147,1.4145033608391386,0],[103.96475775530233,1.4145633012573744,0],[103.96455926777372,1.4146432201389758,0],[103.96430122674347,1.414663212155711,0],[103.96412258871028,1.4147231534316485,0],[103.9639439466351,1.414743138191546,0],[103.96378515095181,1.414703195199104,0],[103.96362634100292,1.4144235267383607,0],[103.96363089305162,1.414420255405315,0],[103.96363856670922,1.4143189764213702,0],[103.9637439233538,1.414243228375084,0],[103.9638793891387,1.4142204968187644,0],[103.96396217438424,1.414228067064691,0],[103.96402361933569,1.4141909576285658,0],[103.96386450459663,1.4139240931510209,0],[103.96392450958818,1.4136221270389204,0],[103.96394321366847,1.4134459744302479,0],[103.9639438749524,1.4134446449812732,0],[103.96380492484782,1.4133447679111453,0],[103.9635270317752,1.413304830716001,0],[103.9631895977595,1.4133647799600462,0],[103.96287201857285,1.4134846582783902,0],[103.96270176770469,1.4135560635615374,0],[103.96245697341004,1.4137661206883938,0],[103.96229140915855,1.4138797449009406,0],[103.96212584716862,1.4139857941696565,0],[103.96200543516841,1.41405396805256,0],[103.96188502829177,1.4141827377780007,0],[103.96182483005555,1.4143418002604682,0],[103.96184051334627,1.4144940486716198,0],[103.96189946504022,1.4145434850288854,0],[103.96205825669321,1.4145434761709403,0],[103.96225675032238,1.4145234886386273,0],[103.9626735819162,1.4144835124108135,0],[103.96294476735152,1.4144777951861693,0],[103.96302478738383,1.4145774929381345,0],[103.96309042902503,1.414723210840594,0],[103.96308576371881,1.4148229088313011,0],[103.96284953109205,1.414822923017439,0],[103.96204311493148,1.4149401553565626,0],[103.96181734197069,1.4150083351136888,0],[103.96160175131719,1.4150029697844122,0],[103.96136355606349,1.4149030980871342,0],[103.96124445391108,1.4148032197596618,0],[103.9611451989383,1.4146234354488187,0],[103.96112533498709,1.4143637382405088,0],[103.96120471575816,1.414064079928523,0],[103.96136350022836,1.4138842804029335,0],[103.9615024320455,1.4136845028130414,0],[103.96180015991538,1.4134847181915486,0],[103.96219713279842,1.4132849279974085,0],[103.96263380838292,1.4131450657545885,0],[103.96303078624761,1.413005205664331,0],[103.96348731298279,1.4129252732935271,0],[103.9639438439243,1.4129052710691388,0],[103.96416013275126,1.4128978285887597,0],[103.96441923666447,1.4130550371523847,0],[103.9646745282064,1.4131854017360568,0],[103.96474311585645,1.413258257721774,0],[103.96484980377828,1.4133042682746346,0],[103.96498316132804,1.4133119296582508,0],[103.96503269457652,1.4133541089683024,0],[103.9650860383937,1.4133426024450142,0],[103.96509365558018,1.4132927499842083,0],[103.96520034091355,1.4132927438917584,0],[103.96519272481072,1.413361768817369,0],[103.96522320767383,1.4133809413491412,0],[103.96528416474415,1.4132658967464833,0],[103.96532988608256,1.4132582242421554,0],[103.96542132167373,1.4130856577867212,0],[103.96550513530728,1.4128785804244457,0],[103.96567277462175,1.4127098431866394,0],[103.96562704672671,1.4126331496183033,0],[103.96563466256842,1.4125756308840876,0],[103.96568419373286,1.4125334450066498,0],[103.96593185465692,1.4124605718184395,0],[103.96610711412055,1.4122956704183696,0],[103.96622522027226,1.41211926700844,0],[103.9662137848132,1.4120387396993719,0],[103.96610709170884,1.4119006950474127,0],[103.9659165807152,1.4118930370017153,0],[103.96571083559593,1.4119889174522444,0],[103.96521171540448,1.4122765492493594,0],[103.96504787744242,1.412291895665314,0],[103.96493737978506,1.4122497207316649,0],[103.96425913755867,1.4118164380364986,0],[103.9639847992537,1.4117244203023778,0],[103.96354281704305,1.4117359496341062,0],[103.96337517225065,1.4118241569419825,0],[103.9632913475902,1.4118356669467536,0],[103.96311226735898,1.4117934939681984,0],[103.96175204480757,1.4121847100090925,0],[103.961336700616,1.4115980229863203,0],[103.96094803724033,1.411157054197263,0],[103.96070036677973,1.4110228533418259,0],[103.96062034670122,1.410934658967105,0],[103.96058986132552,1.4108349592864702,0],[103.96071939673119,1.410654721001096,0],[103.96090608860851,1.4105128272080196,0],[103.96109659518126,1.4104246179111748,0],[103.96121471017311,1.4104207768898671,0],[103.96147762560224,1.4106470101220954,0],[103.96158050782371,1.410758210158971,0],[103.96165672066569,1.410896254934242,0],[103.96173292541239,1.4109192585692918,0],[103.9616528994196,1.4107236938919492,0],[103.96164527375927,1.410620156657966,0],[103.96180529829084,1.410543455189311,0],[103.96187768566806,1.410432243619183,0],[103.96180203897251,1.4104259100554997,0],[103.96174433232845,1.4104821030606813,0],[103.961710041427,1.4104974429386108,0],[103.96155000927995,1.4104514360842015,0],[103.96138616690583,1.4103517429008556,0],[103.96126804363018,1.4102367073930624,0],[103.9610737227579,1.4102290491447482,0],[103.96066604840823,1.4105166749301,0],[103.960498401698,1.410570370684177,0],[103.96036886302515,1.4107237647891544,0],[103.96035743782511,1.4108119641996315,0],[103.96041078724548,1.4109538447721242,0],[103.9605632051914,1.411122563157292,0],[103.96069275721852,1.4112145892986803,0],[103.96089470297017,1.411310445931431,0],[103.96123764168168,1.411697730730968,0],[103.9614395973604,1.4119738166462845,0],[103.96175205091126,1.4122959157467212,0],[103.96310084195318,1.4119085357399628,0],[103.96324944338356,1.4119392060483857,0],[103.96368379765616,1.411816470565276,0],[103.96403052566637,1.4118241199653587,0],[103.96424771276034,1.4118931321641466,0],[103.96485355770916,1.4123072456144155,0],[103.96499453886312,1.4123800965673323,0],[103.96520028794112,1.4123532415701006,0],[103.96579085040243,1.4120119207279291,0],[103.96593944596214,1.4119543911930164,0],[103.96608042385844,1.411969721068618,0],[103.9661490136857,1.4120809237495668,0],[103.96612234627031,1.41215761966124,0],[103.96588612806335,1.412406889734396,0],[103.96562323022401,1.4125181114323073,0],[103.96558513171294,1.4125756337211266,0],[103.96560419108323,1.4127098471162043,0],[103.96545559976751,1.41285940808188,0],[103.96533749943204,1.4131086686345105,0],[103.96523462944684,1.4132352209210153,0],[103.96501745137915,1.4132812508540327,0],[103.96491838388322,1.4132429097650718,0],[103.9648078863245,1.4132352452666799,0],[103.96444971693766,1.4130281921612267,0],[103.96418299174387,1.4128479770741125,0],[103.96418876957023,1.4127985352988242,0],[103.96428126688049,1.4126655292145458,0],[103.9643011022854,1.412425805347428,0],[103.96420184162046,1.4121461353439315,0],[103.96396364165648,1.412006311009404,0],[103.96356666005114,1.4120263107697109,0],[103.96322922822604,1.4121062382554728,0],[103.96279255287565,1.412246099686495,0],[103.96241542484188,1.4123859586168206,0],[103.96213754028949,1.412465881718062,0],[103.96181995586585,1.41250585229797,0],[103.961542061419,1.4124059846113353,0],[103.96128401016276,1.4121862525953675,0],[103.96090684608698,1.4116668759169178,0],[103.96074804322743,1.411507071301811,0],[103.96025929859967,1.4116000050849873,0],[103.96013888688663,1.4116227346883086,0],[103.96004105135134,1.4116151651207292,0],[103.9599582632518,1.4115697245764127,0],[103.95993295120932,1.4114565333338682,0],[103.95989051431174,1.4112667571536073,0],[103.95989050890971,1.4111834401145502,0],[103.95985287613149,1.4111152750031015,0],[103.95973246435625,1.4111531526428733,0],[103.95975504626205,1.4112288944181361,0],[103.95980773113729,1.4113122067670252,0],[103.95984105886653,1.4114314414226483,0],[103.95987547769161,1.4115545801472742,0],[103.9598754821957,1.4116378971861625,0],[103.95989142121554,1.4116699776419217,0],[103.95997393478774,1.4117068819329317,0],[103.96011287923558,1.4117068743140384,0],[103.96031137175926,1.4116868860647362,0],[103.96056940767066,1.4116269407243949,0],[103.96072820329428,1.4116868631225483,0],[103.96090685479788,1.4118266911004973,0],[103.96118476642442,1.4122262118857616,0],[103.96138326721223,1.4124059934205588,0],[103.96158176744017,1.4125258428866805,0],[103.9617405631465,1.412585765206812,0],[103.96197875357262,1.4125857510460387,0],[103.96215739461663,1.4125657637386333,0],[103.96243527897585,1.4124658650938988,0],[103.96305059318887,1.4122660625585866,0],[103.96338802684224,1.4121861360005532,0],[103.96374530770815,1.4121261856229004,0],[103.96386440423652,1.412126178896491,0],[103.96402320175599,1.4121861001525078,0],[103.964162148881,1.412265999868741,0],[103.96418200977585,1.4124657667925096,0],[103.96412247155632,1.4126455608663153,0],[103.96402323300474,1.4127454514138464,0],[103.9637850439115,1.4127854177693364,0],[103.96356670432121,1.4128054074423317,0],[103.96322926926837,1.4128453793375266,0],[103.96287198758314,1.41292530699493,0],[103.96225667208087,1.4131051339589018,0],[103.96187954606988,1.4132849457059242,0],[103.96144287806537,1.4135646447365013,0],[103.9611848507179,1.4137844053700745,0],[103.96107497443458,1.4139810251127902,0],[103.96105107743608,1.4141941320325626,0],[103.9610434683962,1.414378198996524,0],[103.96109683123176,1.4147463282204877,0],[103.96117304434893,1.4149035463695683,0],[103.96134371617303,1.4150828917149127,0],[103.96158191104769,1.4151428087143636,0],[103.96183994878834,1.4151427952483884,0],[103.96211783435943,1.4150428939014583,0],[103.96245526775681,1.4149829447900728,0],[103.96269345530877,1.4149429785497658,0],[103.96301104626822,1.4149829135953693,0],[103.9632801010931,1.415152683292552,0],[103.96336835161767,1.41532249933644,0],[103.96346760901501,1.4155422391312045,0],[103.96346762238063,1.4157819618742182,0],[103.96336838611835,1.4159417808309205,0],[103.96324929675137,1.4160416733831402,0],[103.96295824926516,1.4163468304264994,0],[103.96281084583963,1.416583727196693,0],[103.96266786144602,1.4167200695529447,0],[103.96253992415299,1.4167806716766236,0],[103.96244208708384,1.4167655291076098,0],[103.9622965661083,1.4166610084332791,0],[103.96217746541613,1.4165411537233805,0],[103.96203850456689,1.4162814613895267,0],[103.96174074519989,1.4158819418850068,0],[103.96136359002217,1.4155223796329908,0],[103.96094673366507,1.4151628204100593,0],[103.96045049324981,1.4149431033093771,0],[103.96017259892017,1.4148831883727762,0],[103.9599536902372,1.4149688796345892,0],[103.95970466703031,1.4151667748787033,0],[103.95949019268804,1.4153996959472013,0],[103.95925314260943,1.4156894248110714,0],[103.95906110313656,1.416021926605229,0],[103.95904127670286,1.4164214656608025,0],[103.95904130236477,1.4168809329708307,0],[103.95903390610624,1.4170810252173476,0],[103.9589427812295,1.4171948260287652,0],[103.95892020673953,1.4172743568317099,0],[103.95889763676054,1.417370930331214,0],[103.95884683792286,1.4174050157828892,0],[103.95880168094502,1.417382295252001,0],[103.95863799081563,1.4173141369987325,0],[103.95859847362217,1.4172459701698992,0],[103.95846865186121,1.4172232551422521,0],[103.95835012057829,1.4172459836722011,0],[103.95816385657506,1.417285758568038,0],[103.95806225731835,1.4172744025790507,0],[103.95800016678373,1.417240322356511,0],[103.95754297577476,1.4173539611397385,0],[103.95729462514113,1.4174335041050656,0],[103.95676559611073,1.4176234521362598,0],[103.95672978877225,1.417461835557483,0],[103.95673232879899,1.4174226566589025,0],[103.95671366839017,1.4173478343804484,0],[103.95666527196649,1.4172390368218086,0],[103.95662847572663,1.4171874539950815,0],[103.95657938895795,1.4171421426705126,0],[103.95653570334771,1.4171092009166424,0],[103.95648578269446,1.417063889634371,0],[103.95647831155206,1.4170412520488849,0],[103.95650898828448,1.4169713016382126,0],[103.95653238692307,1.4168929609477,0],[103.95653328744721,1.41682758910517,0],[103.95652020926286,1.4167904883611242,0],[103.9564929875684,1.4167408005612563,0],[103.95646781968381,1.416718353838041,0],[103.95644037502868,1.4166835428013247,0],[103.95641555732514,1.4166049198150115,0],[103.95638315419998,1.4165686919074332,0],[103.95639035061271,1.416510721929588,0],[103.9563867476852,1.4164672440227324,0],[103.95636514569959,1.4164165204260788,0],[103.95633994289022,1.4163621741479153,0],[103.95632194108036,1.4163368140903665,0],[103.95632554032046,1.4162933348942726,0],[103.95631113805533,1.4162643508664745,0],[103.95629313586467,1.4162317441572123,0],[103.95629673407194,1.416202757359575,0],[103.9563219326765,1.4161773940909743,0],[103.95634001671644,1.41617739312536,0],[103.95634035008179,1.4161431141765737,0],[103.95630936667223,1.416105783774261,0],[103.95628592742126,1.416061455016877,0],[103.95616668670698,1.41571666619047,0],[103.95604297994028,1.4154721369550365,0],[103.95587067683445,1.415245396378754,0],[103.95568070700774,1.4150764553950528,0],[103.95550399483147,1.414974204048152,0],[103.95534053779431,1.4149253057182534,0],[103.95518149960068,1.4149030840094714,0],[103.95509314370008,1.414889750243865,0],[103.95504896788061,1.4148808599859386,0],[103.9549959526492,1.414854185917021,0],[103.95495619103482,1.4147830509083472,0],[103.95492968062925,1.4147074693569304,0],[103.95491642273858,1.4146007643960565,0],[103.95493408719595,1.4144985018390401,0],[103.95498709179532,1.4143384387450804,0],[103.95500917207252,1.4142050577663607,0],[103.95501358112679,1.4140094295859518,0],[103.95500473906246,1.413871599872962,0],[103.95499147755488,1.4137471097307237,0],[103.9549252048788,1.4135870556370365,0],[103.95485009732646,1.4134270001968932,0],[103.95477057267398,1.4133425279365803,0],[103.95475732173097,1.4133692064057,0],[103.95482359135887,1.4134536757467562,0],[103.95490311702125,1.4136092860163134,0],[103.95495613757033,1.4137560050886455,0],[103.95497381382422,1.41388049499849,0],[103.95497382099853,1.4140183233688546,0],[103.9549694137381,1.4142139506450093,0],[103.9549517488476,1.4143251039840563,0],[103.95490316305225,1.4144940576262761,0],[103.95488108207368,1.4146141037883024,0],[103.95489434042577,1.4147297022443537,0],[103.95492085106197,1.4148097287349293,0],[103.95496503125185,1.4148853120672868,0],[103.9550136283709,1.4149164304043949,0],[103.95506664044471,1.414934212786835,0],[103.95515941266223,1.4149430995725807,0],[103.95532286943526,1.414969767796212,0],[103.95548190813085,1.4150186663612112,0],[103.95564536840432,1.4151120249181428,0],[103.9558353368667,1.4152720742189464,0],[103.95600322072765,1.4154988159375566,0],[103.95612251090634,1.4157255602306098,0],[103.95620646020012,1.4159611980857536,0],[103.95624272739245,1.4160687048779228,0],[103.9562355300222,1.4161085586794302,0],[103.95628253384778,1.4163245467172831,0],[103.95626290158035,1.416376412916459,0],[103.9563039467973,1.4164201447592786,0],[103.95632554878178,1.4164708701653559,0],[103.95633995091433,1.416514348399962,0],[103.9563247471626,1.4165545562346904,0],[103.95633110634758,1.4166036301854925,0],[103.9563173346777,1.4166388377271322,0],[103.95631115983018,1.416677391001798,0],[103.95631836121186,1.416713621160878,0],[103.95632916431789,1.4167534758097224,0],[103.95637562012999,1.4168009984461933,0],[103.95642330242447,1.416829799821783,0],[103.9564508531352,1.416865004250258,0],[103.95642966690151,1.4169450206043328,0],[103.95639894177808,1.4170004994187952,0],[103.95636503841015,1.417057043741051,0],[103.95635714006684,1.4171124806387905,0],[103.95630472339091,1.4171570377293048,0],[103.95628566129407,1.4171837707788475,0],[103.95630676570713,1.4171878835934328,0],[103.95634148542077,1.4171734861067604,0],[103.95638096925728,1.4171556626423543,0],[103.9564170489651,1.4171494911570686,0],[103.95645176817705,1.4171426360464776,0],[103.95650350784243,1.4171590836201433,0],[103.95654367634826,1.4171912966472113,0],[103.9565843689075,1.4172438469339745,0],[103.95662515882613,1.4173022629053482,0],[103.9566625006764,1.417373980414113,0],[103.9566722676944,1.417413309681656,0],[103.95667098593549,1.4174571758200951,0],[103.9566541434398,1.4175026073383727,0],[103.95658527234112,1.4175904652564442,0],[103.95652173871645,1.4175399564334517,0],[103.95646773868529,1.4175327135765623,0],[103.95646054533593,1.4176486549554106,0],[103.95650014998535,1.417757348082716,0],[103.95651732422074,1.417833889634342,0],[103.95653715358627,1.4178897591411488,0],[103.95652922762365,1.4179496192740786,0],[103.95653715864998,1.4179855355788031,0],[103.95656095131518,1.4180174609895597,0],[103.95659688225302,1.4180694888083527,0],[103.956600611374,1.4181371800900675,0],[103.95659664844486,1.4181850680689994,0],[103.95655699603748,1.4181930520908632,0],[103.95654113492873,1.4181730991014574,0],[103.95651690013929,1.4181408309611963,0],[103.95647652382279,1.4181554620797472,0],[103.95637945891158,1.4181632827687733,0],[103.956216385979,1.4181437536532213,0],[103.95610316555758,1.418052659714353,0],[103.95602168341185,1.4180334517986881,0],[103.9559384138222,1.4180454281800157,0],[103.95585911005448,1.4180813482311587,0],[103.95579170420004,1.4181292413971642,0],[103.95576791594722,1.418181122284626,0],[103.95575970570378,1.4182351384455119,0],[103.95577280039483,1.4182614917568073,0],[103.9557970707074,1.418354296980733,0],[103.95567671394606,1.418609807310292,0],[103.95566485023389,1.4187358361897504,0],[103.95564502743684,1.4187877150567512,0],[103.95562916677856,1.41882762357962,0],[103.95559348637508,1.4189433566617053,0],[103.95555780255616,1.4190112001667925,0],[103.95552608237571,1.4190271638395013,0],[103.9554864307864,1.41905111073524,0],[103.95545867573726,1.419095010838035,0],[103.9554229900905,1.4191109747201383,0],[103.95535558168825,1.4191109782993092,0],[103.95532385866234,1.4191069899385578,0],[103.95526834602632,1.4190950209416877,0],[103.95524058867399,1.41909502241387,0],[103.95518507681068,1.4191149791969673,0],[103.95509387860633,1.4191548899005526,0],[103.95498227535192,1.419178902999321,0],[103.95487984043591,1.4192384407506742,0],[103.95451099580566,1.4193459201206275,0],[103.95417126326181,1.4193264001732755,0],[103.95394764900003,1.4192925544184385,0],[103.9537932918156,1.419298625355505,0],[103.95364657679973,1.4192986330400745,0],[103.95356330798668,1.4192746917028318,0],[103.9534919317698,1.419246762409104,0],[103.95343158238164,1.419206545875999,0],[103.95343245107003,1.4191669492487944,0],[103.95341658735843,1.419131034248697,0],[103.95336074599628,1.4190871403423089,0],[103.95332141426871,1.4189714112015057,0],[103.95331744358765,1.4188876069031924,0],[103.95331044583983,1.4188090851406838,0],[103.95327381959859,1.4187599060418064,0],[103.95319571370247,1.4187110040308404,0],[103.95309864608298,1.4186670480556045,0],[103.95288024482824,1.4186377526677119,0],[103.95274920734752,1.4186524137571652,0],[103.95266713592262,1.4186721421516713,0],[103.95260369290911,1.4186881074315068,0],[103.95255089840678,1.418691538605455,0],[103.95248077201698,1.4186960957025962,0],[103.95241732842827,1.4187360066731107,0],[103.95232613189572,1.4187918810668674,0],[103.95227458763154,1.4188716981977416,0],[103.95216356772039,1.418987434233222,0],[103.95204858163824,1.4191071614182906,0],[103.95192962996134,1.419206934960852,0],[103.95176910374902,1.41933240537279,0],[103.95154185699782,1.4194142708734574,0],[103.95084258200276,1.419596555570916,0],[103.9506878093196,1.4195965625758569,0],[103.95045831793603,1.419644916955177,0],[103.9499779953862,1.419811453426544,0],[103.9496631159442,1.4199188940340792,0],[103.94963109173267,1.4198759257980063,0],[103.9495510342401,1.4198651878368567,0],[103.94943362415292,1.4199242766489655,0],[103.94917211136348,1.419951146689163,0],[103.94889992281212,1.4199672761290754,0],[103.94883054586965,1.420063961347565,0],[103.9487665044003,1.420117678246346,0],[103.94869676458477,1.4201814700230537,0],[103.94860455242053,1.4201814737480365,0],[103.94851719038435,1.4201179801570392,0],[103.94849431310058,1.4200424942026848,0],[103.94840891766604,1.4199887848014352,0],[103.9484249745599,1.420098446941108,0],[103.94843953817318,1.4201570597254998,0],[103.94847351356128,1.4202254422644482,0],[103.94861911659262,1.4202693941919915,0],[103.94883443744735,1.420313241316389,0],[103.94884657280589,1.4204023547337197,0],[103.94882522825777,1.4204668124035187,0],[103.9487878717042,1.4204936711216487,0],[103.94870781785367,1.4205205310803861,0],[103.94866512258857,1.4205796170067009,0],[103.9486437790324,1.4206279616565005,0],[103.94867046802395,1.4207192719438437,0],[103.94870249329756,1.420783726027054,0],[103.9487078359726,1.4208857812072209,0],[103.9487078388049,1.4209609789114763,0],[103.94877188776384,1.4210576610381633,0],[103.94881602758112,1.4211175293941654,0],[103.94889464675016,1.421224166000822,0],[103.94893233595342,1.4213632188101564,0],[103.94906568270771,1.42150515171114,0],[103.94902201011838,1.4216614584209604,0],[103.94877397070947,1.4219446257634925,0],[103.94838371515021,1.4223347681644702,0],[103.94823023423453,1.422439598655206,0],[103.94801611837941,1.4225633206758332,0],[103.94775045325098,1.4227069990956536,0],[103.94761563875316,1.422758884549046,0],[103.94747298877843,1.4228153075695744,0],[103.94743618111363,1.422821924810234,0],[103.94699946036675,1.4230534523449079,0],[103.94678060455858,1.4232003098855084,0],[103.94657042401599,1.4233168165866361,0],[103.9464304253496,1.423439547245154,0],[103.94623629867327,1.4236056302568567,0],[103.94618955095153,1.4236338631272198,0],[103.94593442712737,1.423744675411409,0],[103.94572427642409,1.4238484431954441,0],[103.94552601685835,1.4239362465790721,0],[103.94536741022006,1.423968181037139,0],[103.94514138968285,1.423964202033497,0],[103.9444911188645,1.4239737421413756,0],[103.94437877178804,1.4240476131780717,0],[103.94430581856186,1.4240589112923612,0],[103.94418912198428,1.4240320790909142,0],[103.94416031028058,1.4240459479744598,0],[103.94349893907496,1.4243001327810556,0],[103.94284505312,1.4245576559547477,0],[103.94270280130003,1.4245828799889617,0],[103.94255212357125,1.4246307749684108,0],[103.9424569598003,1.4246786691021533,0],[103.94234593374658,1.4247185802778355,0],[103.94213593531828,1.4248369323936323,0],[103.94195815443514,1.424906948419666,0],[103.94087224257449,1.4253832386589955,0],[103.93953153517373,1.4259022813227182,0],[103.93916370605487,1.4260938920429473,0],[103.93882313285877,1.4262053776637809,0],[103.93855938338888,1.4263296419600446,0],[103.93828789610448,1.4265128999461014,0],[103.93795544196561,1.4266532306133355,0],[103.93766711013572,1.4266685582594691,0],[103.93753803890498,1.4266798596308634,0],[103.9373927065793,1.4267267185495849,0],[103.93697685824857,1.4268380282692,0],[103.93665698891468,1.4269622958059651,0],[103.93642690826965,1.4270809124140382,0],[103.93609610905004,1.427219589575436,0],[103.93584306788011,1.427386115758132,0],[103.935655006217,1.4274654991684028,0],[103.93543660622663,1.4275021428485555,0],[103.93538079532567,1.4274948634154405,0],[103.93502416309212,1.427649642851874,0]]]]}},{"type":"Feature","properties":{"name":"PULAU BUSING","source":"Singapore Land Authority National Map Polygon","sourceDatasetUrl":"https://data.gov.sg/datasets/d_29f066d67df3eae91df8a42f443863c8/view","sourceUpdatedAt":"20250617153039"},"geometry":{"type":"Polygon","coordinates":[[[103.74314134035448,1.2366854846308328,0],[103.7427079803604,1.2364768601072567,0],[103.74146443373057,1.235623412119195,0],[103.74103107536263,1.2353768574075659,0],[103.74071076773652,1.2351682356268463,0],[103.74035277311854,1.235073399570417,0],[103.73995709539184,1.2349027058875,0],[103.73974984009854,1.234713053412079,0],[103.73958027190247,1.2344096133671123,0],[103.73955974374977,1.2341684314089931,0],[103.73954368802258,1.233990387785159,0],[103.73965622473179,1.2336666846118056,0],[103.73967230389842,1.2335857581642007,0],[103.73980091241366,1.2332620573590118,0],[103.73992951268369,1.2330192853710722,0],[103.74026708121275,1.2324851897943458,0],[103.74078143609059,1.2320320382208543,0],[103.74124755515444,1.2317731106132999,0],[103.74187440509807,1.2314332713957765,0],[103.74246321073174,1.2312236681924875,0],[103.74306616025879,1.2311099008026558,0],[103.74366910414638,1.2311099221803197,0],[103.74451699391116,1.2311289152558507,0],[103.74521414635817,1.2312237611215706,0],[103.74574783956943,1.2312232135917267,0],[103.74655141114752,1.2316764865924854,0],[103.74700140635484,1.231984054780335,0],[103.74745139831599,1.232340180928149,0],[103.74775675965677,1.2324535076604504,0],[103.74809426406284,1.2326153952341523,0],[103.74854427602985,1.23274492098638,0],[103.74886571111092,1.232858249920641,0],[103.74905856928088,1.2329553820822527,0],[103.74966929869016,1.233149664344992,0],[103.75015144192318,1.2334248640454881,0],[103.75044073816761,1.2334734474410805,0],[103.7507300232435,1.2336515149760032,0],[103.75100323092457,1.2338943254231867,0],[103.75113176426778,1.2343960915527343,0],[103.75103529185435,1.2348330963823249,0],[103.75089060482621,1.2352377243618249,0],[103.75072983799875,1.2357232806749592,0],[103.75054628474302,1.2361167909635462,0],[103.75022595792964,1.2364960721831408,0],[103.74973605469468,1.2368184544298098,0],[103.74932152297916,1.2370270509629218,0],[103.74885046815864,1.2371408230233252,0],[103.7482663597159,1.2372735558693573,0],[103.74775762261261,1.2373304338626694,0],[103.74724888459586,1.237387310851853,0],[103.74677783423473,1.237387295427034,0],[103.74634446672843,1.2373683166446827,0],[103.7459299427661,1.2373303738994093,0],[103.74536468396556,1.2372544970309813,0],[103.74470521802355,1.237064828876048,0],[103.7442525973039,1.2369042446738565,0],[103.74402758867149,1.2368718526880185,0],[103.74348049202705,1.236818247816675,0],[103.74314134035448,1.2366854846308328,0]]]}},{"type":"Feature","properties":{"name":"JURONG ISLAND","source":"Singapore Land Authority National Map Polygon","sourceDatasetUrl":"https://data.gov.sg/datasets/d_29f066d67df3eae91df8a42f443863c8/view","sourceUpdatedAt":"20250617153039"},"geometry":{"type":"Polygon","coordinates":[[[103.69933044867719,1.2839859799310138,0],[103.69920207994285,1.283799335361087,0],[103.6982220446111,1.282880677335279,0],[103.69782514472946,1.2826955287125041,0],[103.69778643716889,1.282412965858223,0],[103.69765091003676,1.2823447543349231,0],[103.69726367992502,1.2823544772506368,0],[103.69673125711172,1.2820426562302747,0],[103.69660900684181,1.2814823483565707,0],[103.69646662063975,1.2812397635938264,0],[103.69626209993207,1.2811640882116504,0],[103.69616200294298,1.2810645812597028,0],[103.69640120932522,1.2808956321187548,0],[103.69631325378275,1.2808049659677196,0],[103.6959275724164,1.279644072242224,0],[103.69578546669054,1.2795367900232806,0],[103.69569072603461,1.279536784909767,0],[103.6956670377321,1.2796082996988125,0],[103.69561966059692,1.2797274911892706,0],[103.69550123581702,1.2797036457975879,0],[103.69543019263976,1.279477174257474,0],[103.69552494791945,1.27920303370085,0],[103.69577366081081,1.2788454658817734,0],[103.69599869991588,1.2782852680420376,0],[103.69612898287671,1.277999209864703,0],[103.69596319934642,1.2777846518331997,0],[103.69576187584535,1.277760802000423,0],[103.69552502635217,1.2777488706345514,0],[103.69534739231158,1.2776654245713366,0],[103.69538293435383,1.2774032012092935,0],[103.69543031981341,1.2770932995984383,0],[103.69558427506297,1.2770694689148268,0],[103.69551322467917,1.2769621914306257,0],[103.69508689006202,1.2770098463743504,0],[103.69487372001056,1.2770932703906226,0],[103.69474345203847,1.2770813429260155,0],[103.69464871467098,1.277021741212505,0],[103.69437634937586,1.2767833392229084,0],[103.69340529616068,1.2761038822668818,0],[103.69216658084683,1.277126059979962,0],[103.69208975936544,1.2770839486287104,0],[103.69105088627087,1.2759634766821113,0],[103.68953264069705,1.2736030192647794,0],[103.6883263049687,1.2723089194415065,0],[103.68397488911491,1.2763147387025184,0],[103.6852601657415,1.2773410237226073,0],[103.68878940716529,1.280846430162318,0],[103.68874888644906,1.2809330693633385,0],[103.68888853297342,1.2811784099114467,0],[103.68834875489934,1.283237459612596,0],[103.68851855240479,1.2832815795490096,0],[103.68895695065831,1.2816029168156098,0],[103.68933499367505,1.28138843440325,0],[103.69075235082359,1.2828047913781773,0],[103.69109833461029,1.2842245453303232,0],[103.6912789968211,1.2850267020295314,0],[103.69390044340189,1.2880417395586101,0],[103.69426894060804,1.2884647770519428,0],[103.69555633679643,1.2899498681362573,0],[103.69559899989926,1.2900078283236625,0],[103.69563195935481,1.2900718806705607,0],[103.69565437871046,1.2901403936622184,0],[103.69566568928394,1.290211623657465,0],[103.69566560004515,1.2902837582985194,0],[103.69565411738162,1.2903549608259228,0],[103.69563153341514,1.290423418009047,0],[103.69559841791225,1.2904873907899546,0],[103.69555561738382,1.2905452513622668,0],[103.6955042209384,1.290595523865696,0],[103.69544553512064,1.2906369323158826,0],[103.69538105156262,1.2906684223074174,0],[103.69531242092465,1.2906891899520303,0],[103.69524137561933,1.2906987090053503,0],[103.69495737894295,1.2907137321108637,0],[103.69429680760688,1.2906390488960466,0],[103.69274308227955,1.2905971922666546,0],[103.69153147268715,1.290514158402766,0],[103.69142898213497,1.2905071348011308,0],[103.68982293362754,1.2907179675745006,0],[103.6877956571653,1.2905801770061653,0],[103.68743012782633,1.2905201216744837,0],[103.68706623527318,1.2904508952524818,0],[103.68670417538841,1.2903725411620197,0],[103.68634417280752,1.290285106444203,0],[103.68598645486102,1.2901886462796146,0],[103.68563124258922,1.2900832203704504,0],[103.68527875882909,1.2899688947495849,0],[103.68492922282284,1.2898457408759962,0],[103.68458285381232,1.2897138356349012,0],[103.68423986385066,1.2895732586242816,0],[103.68389920442631,1.2894226396758204,0],[103.6835635997315,1.2892650365992682,0],[103.67947848491254,1.2868458348915819,0],[103.67792191403016,1.2858957985586743,0],[103.6763511534174,1.2849371039786368,0],[103.67625721368428,1.2848710128561045,0],[103.6759183848468,1.2846326302187279,0],[103.6753920396897,1.284262317587112,0],[103.67520596990475,1.284131408733283,0],[103.67519108360403,1.2841209353009513,0],[103.675168755052,1.2841052206305734,0],[103.67484324843969,1.2838762124090177,0],[103.6686102059794,1.2794833291934498,0],[103.66841048662721,1.2797848076896665,0],[103.66659900927186,1.2785069379297642,0],[103.66678446358036,1.27820545775186,0],[103.66645684256774,1.2779750910548888,0],[103.66638507379297,1.2780618652351852,0],[103.66520119415138,1.2772434511054092,0],[103.66527252268055,1.2771286019466042,0],[103.66065745429226,1.2738904290517064,0],[103.6583113530493,1.2768416700138892,0],[103.65327155013134,1.2735871232454796,0],[103.65346222921241,1.2665044716271918,0],[103.65869551808649,1.2557752486540323,0],[103.66046841433798,1.2521404528481397,0],[103.66510848811413,1.2426273031007415,0],[103.66509919137978,1.2425804999996901,0],[103.66514194671689,1.2424084109255784,0],[103.66871164206039,1.2349011011652626,0],[103.66886126009449,1.234750529772303,0],[103.66911773984624,1.2345999650125898,0],[103.67262284386968,1.2346001796438382,0],[103.67287931957392,1.234514148834652,0],[103.67305031044812,1.234363579371929,0],[103.67379332592041,1.2327700684057146,0],[103.67443257914647,1.232230472391686,0],[103.67495826785024,1.23223320884181,0],[103.67561212090973,1.2307736431478806,0],[103.67536250944184,1.2306300599362254,0],[103.6755967823101,1.230161795326224,0],[103.67587365538036,1.2302950993459405,0],[103.67657504981116,1.2288953551048702,0],[103.67664638027044,1.228727864257954,0],[103.67662261686259,1.228548402184276,0],[103.67650108577797,1.2283542655881219,0],[103.67609963572743,1.2279980290776098,0],[103.67612342236507,1.227794643115553,0],[103.67608777531069,1.2275673251248653,0],[103.6759858910577,1.227330665676877,0],[103.67224862409878,1.2235950552482247,0],[103.67205844040538,1.2235711152421118,0],[103.67185636273965,1.2236428867211055,0],[103.67173059282979,1.22381207432432,0],[103.67009658484066,1.2271008540350155,0],[103.66996610609094,1.2282967584388915,0],[103.66986852787116,1.2284775804407948,0],[103.66964055673425,1.2284393236574942,0],[103.6696025844318,1.2280568930262048,0],[103.66983062986304,1.2268713812532595,0],[103.6715406427475,1.2233531489728267,0],[103.6719586170882,1.2229707459535029,0],[103.67252856558524,1.2227030811575368,0],[103.67306886100576,1.2225901299444248,0],[103.67382041310633,1.2227414023673908,0],[103.67435233217147,1.223047376113561,0],[103.67967749205518,1.2284767970018426,0],[103.6797369287879,1.2284169814140171,0],[103.68003298498257,1.228729110143559,0],[103.67996275305474,1.228811804569445,0],[103.6829189609967,1.231771758436151,0],[103.68282914536887,1.231846974558526,0],[103.68293462909561,1.2319848180040391,0],[103.68295814343351,1.2321110773388326,0],[103.68295029809347,1.232197877571851,0],[103.68255823782977,1.2331684592075942,0],[103.6870040641531,1.2375803699164725,0],[103.68780201723048,1.236815557813411,0],[103.68973305895537,1.2386826393163448,0],[103.69005397442699,1.239173180242822,0],[103.69030957913712,1.2397986348964214,0],[103.69044618037962,1.2402021037056488,0],[103.69049370794288,1.2405490622070399,0],[103.69046145259881,1.2418255127993323,0],[103.69010130817107,1.243121297947724,0],[103.68895996973399,1.247021494070037,0],[103.68860329855941,1.2482776923355468,0],[103.68687036373579,1.254510257305001,0],[103.68591289597299,1.257732949094819,0],[103.68472208068228,1.258824219117127,0],[103.68011968632882,1.2630598941495192,0],[103.68041613057959,1.2633862000395804,0],[103.68497031639791,1.2683991299626647,0],[103.68798321231598,1.2656397151945882,0],[103.68828776426979,1.2653870264415927,0],[103.68837229555828,1.2652687216373855,0],[103.68908541981924,1.2646084587826303,0],[103.6890936022467,1.2646009403731018,0],[103.69267127931114,1.261313032999958,0],[103.69270514204018,1.2612819121161007,0],[103.69352892565598,1.2605275349760745,0],[103.69411946278544,1.258294484414041,0],[103.69454410564093,1.2570623703428565,0],[103.69472454887969,1.2564135352022479,0],[103.69624634268145,1.2509460725907169,0],[103.69993117470804,1.2522503393209308,0],[103.7063023705612,1.254643456442534,0],[103.70735603241326,1.25515877843523,0],[103.71390533921742,1.258774706140196,0],[103.7141163003207,1.259050791689731,0],[103.71418594178297,1.2592665433780315,0],[103.71421057016174,1.2594512308349548,0],[103.7141968556143,1.2596359156236216,0],[103.71416123782734,1.2597764936143572,0],[103.71410371042758,1.2599143131920163,0],[103.7140297518488,1.2600273226171825,0],[103.71394758081205,1.260118282383764,0],[103.7138385197787,1.2602225413740782,0],[103.71056085586136,1.262069997951114,0],[103.70978006071005,1.2628078521825605,0],[103.70939967200732,1.2630279712728805,0],[103.70485402309859,1.2656119711744642,0],[103.70488165583147,1.2657171399928764,0],[103.70503249014907,1.2659964138238746,0],[103.70517266764577,1.2662812570888564,0],[103.7053019843723,1.266571258294063,0],[103.70542025075648,1.2668659869546752,0],[103.70552730597709,1.2671650496660818,0],[103.70562298292634,1.267467983387288,0],[103.70567179025095,1.267614837140687,0],[103.70573040882618,1.2677580097192938,0],[103.70579856732945,1.2678968373068586,0],[103.70587594771337,1.2680306777894048,0],[103.70596219508936,1.2681589098514376,0],[103.70605690874224,1.268280940210338,0],[103.70615964931825,1.268396203616754,0],[103.70626994241898,1.2685041691853778,0],[103.70638727410896,1.2686043331598194,0],[103.70667159705856,1.26881534044949,0],[103.70866543661784,1.2676915201472039,0],[103.70871537086697,1.2676695302695313,0],[103.70876861032556,1.267657741764095,0],[103.70882309733483,1.2676566157563156,0],[103.70887676527106,1.267666189225056,0],[103.70892755831186,1.267686099421527,0],[103.70897352308633,1.2677155847780162,0],[103.70901290122225,1.267753515660563,0],[103.70904418325574,1.267798439589759,0],[103.71004182940389,1.269579461243746,0],[103.71047605562127,1.2686908278972568,0],[103.71070424310484,1.268215978609597,0],[103.71070057828477,1.2676751323136712,0],[103.71068782141563,1.2672828606586992,0],[103.71068822888971,1.2669869431721474,0],[103.71080240622854,1.2667371771252016,0],[103.71149291735067,1.266359588604331,0],[103.71419504118217,1.2648942814496804,0],[103.71514750799683,1.2643806343646866,0],[103.71562272456003,1.2641243686219172,0],[103.71609880804246,1.2638697840328121,0],[103.71683090256747,1.2634732494076,0],[103.71671831617199,1.263263561391031,0],[103.71650961933469,1.2633773027570927,0],[103.71643558064373,1.2632117267881025,0],[103.717107968883,1.2628470265594494,0],[103.71778035694628,1.2624823261372629,0],[103.71786562942438,1.2626413115776354,0],[103.71766816460573,1.2627483169475897,0],[103.71777851034233,1.2629531583458773,0],[103.71851677467343,1.2623090006731763,0],[103.71880198925933,1.2620722266126652,0],[103.71899162213285,1.2619095816591577,0],[103.71921330039574,1.2617207549787681,0],[103.71928638325244,1.2616581726478813,0],[103.71923688287985,1.2615633534010344,0],[103.71931416098772,1.2615209376506256,0],[103.71931306487613,1.2615187598955195,0],[103.72039613315741,1.260930918823622,0],[103.72039776477067,1.2609336247498868,0],[103.72047269310403,1.2608931668052221,0],[103.72047652076212,1.2608949829337421,0],[103.72048106732355,1.2608949496706465,0],[103.72054876427715,1.2610217687778,0],[103.7206316181409,1.260990626116321,0],[103.7206880047606,1.2609839272401762,0],[103.72066794034163,1.260947971593818,0],[103.72064532429552,1.260907444279611,0],[103.72064738673893,1.2609000521036768,0],[103.72070183173014,1.2608702113894095,0],[103.72071274172679,1.2608690542793368,0],[103.7218235863358,1.2607311372471954,0],[103.72271513026281,1.2599774438001519,0],[103.72339268044671,1.2599415811916552,0],[103.7241058777063,1.2601928552982475,0],[103.72484159316438,1.2605962015914622,0],[103.72537472902434,1.2607595392708117,0],[103.72931527772276,1.2626494823384922,0],[103.73008019885074,1.2632794402469056,0],[103.73026563112863,1.2635127535657507,0],[103.73031198163548,1.2637460631348538,0],[103.73025389679763,1.2638424397477235,0],[103.73015879690647,1.2639860036667452,0],[103.73005698722513,1.2640726810347982,0],[103.72988301678954,1.2641295612481687,0],[103.7297400634106,1.2644642342434125,0],[103.7297400297768,1.2652897508698404,0],[103.72991145683797,1.266359652405439,0],[103.72991144317935,1.2667042149206913,0],[103.72979731898795,1.2669722040038458,0],[103.72958810181008,1.2671827621634117,0],[103.7291791849318,1.2673933122290444,0],[103.72887465986784,1.2675488992487793,0],[103.72855013325021,1.267642209134704,0],[103.72818067193974,1.2678239747443623,0],[103.72800949922456,1.2678813957290247,0],[103.72780835578084,1.2678988163797538,0],[103.72762291021016,1.267992130938665,0],[103.72678840729004,1.268388716861816,0],[103.72654501497422,1.2684460361742171,0],[103.72627843300116,1.268598671690653,0],[103.7259078676702,1.2687235741468148,0],[103.72561306136838,1.2690394107350667,0],[103.7254038460815,1.2691925423364472,0],[103.72520414471275,1.2692308183581429,0],[103.72501395500198,1.2692308103490895,0],[103.72439584863747,1.2689819332651826,0],[103.72419615088735,1.2689340676932372,0],[103.7238918495865,1.268886200368333,0],[103.72370166071514,1.2688670487008284,0],[103.72336887921784,1.2689121947755708,0],[103.72341121725495,1.268952762708739,0],[103.72331788716207,1.2689839746256815,0],[103.72271894426429,1.268920494268514,0],[103.72256255790771,1.268929286989529,0],[103.72208379101663,1.2690564261258757,0],[103.72176461298444,1.2691501088508501,0],[103.72089351593239,1.269511471634669,0],[103.71966333185536,1.2702609917319414,0],[103.71681728362574,1.2718938627240906,0],[103.71536101160264,1.2727102958263323,0],[103.71505512758105,1.2728842902243855,0],[103.71507506525383,1.2731185320287868,0],[103.7171231560504,1.271974187665879,0],[103.71873236973164,1.271064063755514,0],[103.71922444422717,1.2707562259775818,0],[103.72030833629057,1.2701204749193546,0],[103.72098659887106,1.2697323329736638,0],[103.72185104828145,1.269337505720815,0],[103.72260909457985,1.2691434521776424,0],[103.72370429056213,1.2692335918036692,0],[103.7259997179948,1.2714330996233132,0],[103.7255136042949,1.2719293269474368,0],[103.72565100373977,1.2720550573196339,0],[103.72580090890098,1.2718790491703769,0],[103.7261964846521,1.2715102726562741,0],[103.72629225304523,1.2715102766540194,0],[103.72638385380391,1.2715815253203429,0],[103.726533752135,1.2715480050046157,0],[103.72669614307922,1.271485148553812,0],[103.72689507843714,1.2714182303034982,0],[103.72703202236043,1.2713465733178482,0],[103.72706488880698,1.2713272791809407,0],[103.72716622844537,1.2712749144022042,0],[103.7274346332941,1.2711784579486756,0],[103.72761552082943,1.2711076736444782,0],[103.7279918635628,1.2709939943539383,0],[103.72809036384733,1.2710072165716395,0],[103.72818229631473,1.271053485766732,0],[103.72867480395438,1.2709213196096103,0],[103.72866167381753,1.2708287891234744,0],[103.72915418256022,1.2706900128757161,0],[103.7291870124234,1.270775935976034,0],[103.72926581659883,1.2706834092195989,0],[103.72943655483222,1.2705974943666818,0],[103.72983712696292,1.2704917624150467,0],[103.73009323132429,1.2704256791258117,0],[103.73028412357547,1.270340802327923,0],[103.7305135101342,1.2701811506606107,0],[103.73073021325396,1.2701282848081088,0],[103.73105854908113,1.2701018606446126,0],[103.7314591200388,1.270068831120256,0],[103.73177432019388,1.2700886708709571,0],[103.7319143297694,1.2701311516484413,0],[103.73284657238275,1.2692217701866142,0],[103.7347060817441,1.270098479909837,0],[103.73478550094427,1.270131564581568,0],[103.73487039971543,1.270156379055312,0],[103.73601243338572,1.2703328829375309,0],[103.73605077529116,1.2703411547965058,0],[103.7369572730599,1.2705645008022612,0],[103.73703121705326,1.2705865582952671,0],[103.73711063730347,1.270616886397802,0],[103.73743378875074,1.270807108792742,0],[103.7384333679259,1.2713943185853154,0],[103.73850183179381,1.2714411843425149,0],[103.73904405477633,1.2719098302606284,0],[103.73967390940682,1.2724501510143298,0],[103.73974237143396,1.272524581749875,0],[103.73976935110159,1.2725666908170177,0],[103.74002092309728,1.272855967076565,0],[103.7401574649009,1.2730915768998925,0],[103.74019189225817,1.2732665182835263,0],[103.74021818372661,1.2734570940122618,0],[103.74020765964282,1.2735947323722852,0],[103.74013927872271,1.273737660964104,0],[103.74000252341762,1.2738911762576641,0],[103.73824987667153,1.275681799892102,0],[103.73771124767343,1.276223881638901,0],[103.7377976870759,1.2763376601562435,0],[103.73741200041775,1.2767793586430163,0],[103.73728473111078,1.2766777838709957,0],[103.73727808170203,1.2766843990414156,0],[103.73705291890388,1.2770135870865669,0],[103.73681352882936,1.2772411268050716,0],[103.73659408910915,1.2774151271155967,0],[103.7361552048032,1.2778902866281483,0],[103.73591581532558,1.2780977493757701,0],[103.73570302576435,1.2782182079073805,0],[103.73543039379533,1.2783118940564866,0],[103.7349768367161,1.2783676333445668,0],[103.73490457235408,1.2784278213827422,0],[103.73470559162405,1.2784724892612573,0],[103.73446620582362,1.278579562072948,0],[103.73415367505132,1.2787000165989741,0],[103.73387439472332,1.2787468553765802,0],[103.73335448670896,1.2787622689209888,0],[103.7331241906707,1.2787935526722618,0],[103.73278199976876,1.2787824290998564,0],[103.73278143223388,1.2787044177729774,0],[103.73245084735916,1.2787490857060753,0],[103.73220800002093,1.2787712963024396,0],[103.73204242014761,1.2788712797823865,0],[103.73161190624278,1.2792378943329932,0],[103.73186379425813,1.2795470800310838,0],[103.73152448375174,1.2798608752152212,0],[103.73131357958702,1.279602435866355,0],[103.73120353288269,1.2797224169832098,0],[103.73091009912864,1.2794178273406227,0],[103.73065331576613,1.2798608402665457,0],[103.73082153430884,1.2800436243256879,0],[103.73068732128142,1.2801897079917353,0],[103.73087353489682,1.280393703715136,0],[103.73067906733739,1.28055080914562,0],[103.73050928438951,1.2803688660708148,0],[103.73031755221434,1.280564562580556,0],[103.73050924040777,1.2807961226456102,0],[103.73034216019977,1.2809532309600586,0],[103.7301230841697,1.2807326939639276,0],[103.72983275181308,1.280975243313189,0],[103.72960335724181,1.2807047886114697,0],[103.72916811564521,1.2810231700833146,0],[103.72896002208388,1.2814354698924606,0],[103.72882996643679,1.2816252569772764,0],[103.7287454310491,1.2817168772758638,0],[103.72866089273221,1.2818804876118581,0],[103.7284788169598,1.2820964511412851,0],[103.7281861960342,1.2823974889787757,0],[103.72761395670285,1.282956048917367,0],[103.72744159957564,1.2831664681094677,0],[103.72658700733389,1.2841504692144643,0],[103.72647745194195,1.2842000770763218,0],[103.72637191812474,1.2849694289874942,0],[103.7263255921937,1.285487544921625,0],[103.7262542512731,1.285954138217303,0],[103.72618291061896,1.2863920170676446,0],[103.72604737891768,1.286901677937873,0],[103.72586463080602,1.287345084945862,0],[103.72575407832484,1.2876199524326584,0],[103.72560450712575,1.2879929859825248,0],[103.72540941767473,1.288366017578896,0],[103.72518181838427,1.2887325037928519,0],[103.72503875411174,1.288981192145597,0],[103.72486968130443,1.2892364224407258,0],[103.72464208477533,1.289491651111595,0],[103.7244144918813,1.2896814327993131,0],[103.72316014310549,1.290326590061007,0],[103.7223474846012,1.29076485683431,0],[103.72171403306625,1.2911074713293087,0],[103.72164282129603,1.2911432999540797,0],[103.72159078365765,1.291154320935251,0],[103.72153053402853,1.2911295079714327,0],[103.7213662012548,1.291203919831366,0],[103.7212867749696,1.2912204516852825,0],[103.72115257306928,1.2912507626944063,0],[103.7209416877764,1.2912645276754025,0],[103.72072532697204,1.2912534830013507,0],[103.72052266468467,1.2911955802508952,0],[103.7203227459695,1.2911101117161252,0],[103.72014473938773,1.2909970809700448,0],[103.71998316744158,1.290856485963066,0],[103.71954501400532,1.2904154102075651,0],[103.7192054459928,1.2900708199092001,0],[103.71914793933561,1.290012928128544,0],[103.71898362294938,1.2899219499182104,0],[103.71887132478926,1.290012904769869,0],[103.71898085432966,1.2902086256489138,0],[103.71996943759805,1.2911845077867399,0],[103.7199803828126,1.2912837431348831,0],[103.71978864914057,1.2914766812912586,0],[103.71955037505903,1.2914987144182664,0],[103.71949559538854,1.2915428132148683,0],[103.71941342857728,1.2915786403746545,0],[103.71927107433507,1.2916056635526278,0],[103.7180944998683,1.2918806938572904,0],[103.71804654718237,1.2918870050265239,0],[103.71799829301678,1.2918837796730225,0],[103.71795159195368,1.2918711408749282,0],[103.71790823835661,1.2918495752617296,0],[103.7178698971837,1.2918199104018788,0],[103.7178380428882,1.2917832876692097,0],[103.71781390011681,1.291741114308817,0],[103.7177983960897,1.291695010077485,0],[103.71760665642934,1.290863996597924,0],[103.71753200694425,1.2906385173920967,0],[103.71750188386848,1.2906081936243101,0],[103.71744437202618,1.2905861362872026,0],[103.71738412081135,1.2905778622198107,0],[103.71732934467441,1.2905833699901634,0],[103.71726635166416,1.290602660778512,0],[103.71715679901375,1.2906219467123785,0],[103.71710476302435,1.2906164286099886,0],[103.71706368623072,1.2905778348384849,0],[103.71632146643265,1.2907514310419654,0],[103.71629680964936,1.2908093145565487,0],[103.71621738272738,1.2908396305496324,0],[103.71612699889704,1.2908919962096712,0],[103.71601744329585,1.2909360896724238,0],[103.71574356092336,1.2909994673583705,0],[103.71531356520146,1.291104177060048,0],[103.71479045336467,1.2911978536117465,0],[103.71452418279453,1.2912350511152515,0],[103.71351733404742,1.291496695430014,0],[103.71346331142385,1.2915094859838796,0],[103.71343153125852,1.2915606578484913,0],[103.71342517258765,1.2916118318240477,0],[103.71339974569493,1.2917077817084401,0],[103.71335207859065,1.2917173747341586,0],[103.71324085744602,1.2917141707159117,0],[103.71252903488134,1.2917141367640956,0],[103.71127720881391,1.291879795625538,0],[103.7110714177792,1.2918274411509227,0],[103.71087634876145,1.2917619856766502,0],[103.7101350724196,1.2917554047469464,0],[103.71001802733525,1.291781576718209,0],[103.7096603835895,1.2919975309982126,0],[103.70942628990277,1.2921218657786644,0],[103.70923121271413,1.2922069359284478,0],[103.70911416500473,1.2923050978403399,0],[103.70899061078782,1.2924621623776666,0],[103.70889306405215,1.2926715826515802,0],[103.7088115870489,1.2926913561403215,0],[103.70870735364562,1.292710456561008,0],[103.70863623735649,1.292626930630334,0],[103.70835876805715,1.2926282417954604,0],[103.70760432179759,1.2926914816705508,0],[103.7069337073551,1.292649263267754,0],[103.70635519382189,1.2925788766204775,0],[103.70597720001433,1.2923347918091395,0],[103.70552962776696,1.2921640644159769,0],[103.70483184412369,1.2913402577846653,0],[103.7047124302548,1.2910848244460706,0],[103.70442132385793,1.2911073472289778,0],[103.70408367138317,1.2910038989370292,0],[103.70351786531508,1.2904765569367513,0],[103.70337117976128,1.2902445306697343,0],[103.7033502454361,1.289822678837347,0],[103.70019339564934,1.284833074694686,0],[103.69933044867719,1.2839859799310138,0]]]}},{"type":"Feature","properties":{"name":"PULAU TEKONG","source":"Singapore Land Authority National Map Polygon","sourceDatasetUrl":"https://data.gov.sg/datasets/d_29f066d67df3eae91df8a42f443863c8/view","sourceUpdatedAt":"20250617153039"},"geometry":{"type":"Polygon","coordinates":[[[104.05279000223649,1.4333047871045157,0],[104.05284717728564,1.433320473995618,0],[104.05304133967151,1.4331978985937723,0],[104.0531531465632,1.4329915551079508,0],[104.05322767017836,1.4326914270584028,0],[104.05335811911617,1.4325225963089456,0],[104.05371222735273,1.4323912593682342,0],[104.0540290648197,1.4323349559735947,0],[104.05430863874028,1.432391201577782,0],[104.05470008779628,1.4329538897663525,0],[104.05468146459502,1.4331039524404592,0],[104.05449509931167,1.4332352732466658,0],[104.05382417763924,1.4336855200491934,0],[104.05353666026055,1.4338948875637418,0],[104.05353677081523,1.433895184182163,0],[104.05225670776636,1.4340563438848934,0],[104.05070996136705,1.4342175302058304,0],[104.04889654744818,1.4345397760949508,0],[104.04886162802235,1.4345560849678773,0],[104.04784801942492,1.4346657979727213,0],[104.04708723660109,1.434929075620633,0],[104.04647041919264,1.4353668000519906,0],[104.04579131629188,1.4361308133252833,0],[104.04519216001022,1.4373773118382613,0],[104.044637532215,1.4385392369379948,0],[104.04389215697634,1.4394720290551857,0],[104.0434294026101,1.4398763171509454,0],[104.04272215427243,1.4402542630515136,0],[104.04190998838956,1.4404988030591412,0],[104.04080990888274,1.4407114119099103,0],[104.03936915675816,1.4408433617636416,0],[104.03771008335775,1.4407029061770886,0],[104.03630961499395,1.4403919537874048,0],[104.02509219534649,1.4373294389896312,0],[104.02374744177072,1.4368374282151883,0],[104.02250746034623,1.4361872237270743,0],[104.02182633280377,1.435712730704736,0],[104.02119759784439,1.4352382340134835,0],[104.0200099725924,1.4341574149067218,0],[104.01994922058121,1.434055935441697,0],[104.0199492150707,1.43397680131952,0],[104.0199413447179,1.4338818415604677,0],[104.01993540220292,1.4338579262749622,0],[104.01991774814361,1.4337868830909195,0],[104.01984697470283,1.433691929392759,0],[104.01972902286205,1.4335890646067677,0],[104.0196189320333,1.43345454660512,0],[104.01951670260006,1.433304200766478,0],[104.01945378993533,1.4331855060804914,0],[104.01945378290833,1.433098458814336,0],[104.01946950337727,1.4330272383534142,0],[104.01950094890445,1.4329639279391009,0],[104.01958743574015,1.4329006139265763,0],[104.0196692527481,1.4328947261850553,0],[104.01969751502433,1.432892691777057,0],[104.01974281529561,1.4329219947256573,0],[104.01976238939845,1.4329346559573366,0],[104.01980760070639,1.4329639028414591,0],[104.0198747178405,1.433082088922012,0],[104.01993342478089,1.4331854668108546,0],[104.0200513746836,1.4332645912610533,0],[104.02020077420973,1.4333199718906524,0],[104.02038948768624,1.4333832633237293,0],[104.02054674924354,1.4334307301415188,0],[104.02064110900987,1.4334940302157875,0],[104.02074333272876,1.4335731550146686,0],[104.02083769829993,1.4337076742482748,0],[104.0209477879176,1.4338263649943683,0],[104.02107359990111,1.4338975746890377,0],[104.02129376588684,1.433960864345895,0],[104.0214903442894,1.4340399813070488,0],[104.02170265022093,1.4341349241316768,0],[104.02184419080312,1.4342456990803325,0],[104.02198573334269,1.4343802143424547,0],[104.02218232437603,1.4346017722746236,0],[104.02238676916917,1.4347362822804721,0],[104.02276421516882,1.4350686117729008,0],[104.02321242837274,1.4354167615544593,0],[104.02337755383455,1.4354879678146077,0],[104.02333584305777,1.435672948846665,0],[104.02338340957955,1.4358643677771774,0],[104.02357362737634,1.4360557747633316,0],[104.02381138800503,1.4361514667431574,0],[104.02457222180995,1.4364624651313944,0],[104.02530927688132,1.4367256102037838,0],[104.02585611603405,1.4368212748903904,0],[104.02628408686806,1.437012661433891,0],[104.02709246588445,1.437251871387926,0],[104.02780573028468,1.4373235938453603,0],[104.02820992235357,1.437467126088763,0],[104.02854278180979,1.4375388809360314,0],[104.02918473400204,1.4377781053032255,0],[104.02973158367163,1.4379934083816304,0],[104.03011199601698,1.4380890872825458,0],[104.03053995091597,1.438089049214131,0],[104.0312532382155,1.438423976791864,0],[104.03191896370231,1.4386392698188317,0],[104.03218049238045,1.4386392468999112,0],[104.03246578678315,1.4385435109160187,0],[104.0327510903656,1.438543485844968,0],[104.03294128205505,1.4384238297521819,0],[104.03306013974101,1.4382084680798242,0],[104.03303633778519,1.4378974080216955,0],[104.03294121228,1.4376102817469096,0],[104.03265589636695,1.4374667399530423,0],[104.03239436044018,1.437371051959443,0],[104.0322516917068,1.4371796407591293,0],[104.03179994675385,1.4370121859087952,0],[104.03125309398492,1.436749027391275,0],[104.03056359124882,1.4365098077271978,0],[104.03046847842202,1.4363662490916858,0],[104.03120901096842,1.43581966104586,0],[104.0313033703942,1.4358750456789897,0],[104.03131909980709,1.4359225249301795,0],[104.03153140211468,1.4359699870399008,0],[104.03170438521693,1.4359699710372338,0],[104.03184592359024,1.4360490927394363,0],[104.0319874626556,1.4361361266621575,0],[104.03213686461037,1.4362152467511913,0],[104.03229412034264,1.4361914935767894,0],[104.03248283083741,1.4362152173484113,0],[104.03263223006805,1.4362626839581107,0],[104.0327423191974,1.4363576346263636,0],[104.0327973656115,1.4364367629490982,0],[104.03304112297383,1.4365237887211861,0],[104.0330615914037,1.4365380468418576,0],[104.03314334560616,1.4365949997493153,0],[104.03325342789239,1.4366108172337722,0],[104.03326841041421,1.4366042186213424,0],[104.0333792293159,1.4365554124044881,0],[104.0336465602283,1.4364762547820815,0],[104.03392175330134,1.4363812710722432,0],[104.03410259838294,1.4363733419584233,0],[104.03424210786109,1.4364425546227084,0],[104.03604982184135,1.4371397761468823,0],[104.03677837857602,1.4372856038123296,0],[104.03716920159835,1.4372855687470796,0],[104.03728715128017,1.437354312872705,0],[104.03739723973004,1.437449263279664,0],[104.03758595141694,1.4374650725678992,0],[104.03779038613048,1.4374650550634123,0],[104.03782182924628,1.4373700919303312,0],[104.03779823100564,1.437275133756147,0],[104.03768028199616,1.4372039243787231,0],[104.03767190244021,1.4371814409849524,0],[104.03763309295617,1.4370773148913436,0],[104.03762521923741,1.436942787827791,0],[104.03764093593396,1.4368557401486044,0],[104.03764878684187,1.4367132994418597,0],[104.03771169838738,1.436808254081267,0],[104.03774315978957,1.4369190378146315,0],[104.0377746195933,1.4370219084148605,0],[104.03782179616573,1.4369981638645601,0],[104.03788468571,1.4368557182008193,0],[104.03797116292284,1.436689530109515,0],[104.03804977938026,1.43655499615828,0],[104.03818342428386,1.4362859303786997,0],[104.03822271100867,1.4359773056380083,0],[104.03823841820406,1.4357636442271502,0],[104.03826198786469,1.435557895239322,0],[104.03833273386363,1.4353363148281046,0],[104.03839563007456,1.4352492619878148,0],[104.03845851461367,1.4350514225851023,0],[104.0385764483898,1.4349327122465412,0],[104.03865506809814,1.434845657982211,0],[104.03883591388876,1.4348377276067583,0],[104.03893027129055,1.4348693734122473,0],[104.03887523301502,1.4348931177844748,0],[104.03882019493071,1.4349089499279586,0],[104.03885164998836,1.434948513648566,0],[104.03892241993812,1.4349959878496747,0],[104.03900891610375,1.4350434597209754,0],[104.03918976171359,1.4350434442557745,0],[104.03940205955654,1.4350513381525325,0],[104.03949641697174,1.4350829821233495,0],[104.03958591778674,1.435147771247161,0],[104.03974492665826,1.4350963160329826,0],[104.04004321327851,1.435054881998629,0],[104.0401769361734,1.4351273333168146,0],[104.04025043720674,1.4352774907265975,0],[104.04095866785198,1.435210076805591,0],[104.04265623400548,1.4353455449199084,0],[104.04316733573773,1.4353883634392697,0],[104.04328636121072,1.4355178700308822,0],[104.04342790129424,1.4356128172175213,0],[104.04381318443785,1.4356365209506048,0],[104.04436358478944,1.4356364699011146,0],[104.04461519480914,1.4356127071330964,0],[104.04485107788125,1.4355810317687359,0],[104.04498474025227,1.435501885322534,0],[104.04513412411345,1.4353910848898626,0],[104.04532282577635,1.4353198473299913,0],[104.0454250438861,1.4353198368892035,0],[104.04550366566936,1.4352486095856696,0],[104.04571595706558,1.4351773697944727,0],[104.04582603692228,1.4351773604107254,0],[104.04592825412377,1.435177349948339,0],[104.04619556521888,1.4348924450818412,0],[104.04661226819833,1.434575871865381,0],[104.04715478277299,1.4343305067232908,0],[104.04742708896228,1.4342497111348675,0],[104.04916301767668,1.433734643987305,0],[104.04916315425473,1.4337345652952602,0],[104.05044322266566,1.4336270863561251,0],[104.05279000223649,1.4333047871045157,0]]]}},{"type":"Feature","properties":{"name":"PULAU ULAR","source":"Singapore Land Authority National Map Polygon","sourceDatasetUrl":"https://data.gov.sg/datasets/d_29f066d67df3eae91df8a42f443863c8/view","sourceUpdatedAt":"20250617153039"},"geometry":{"type":"Polygon","coordinates":[[[103.75707831879733,1.2365816819131585,0],[103.7567729456628,1.2365654695699788,0],[103.7564836516558,1.2364845160193714,0],[103.7561300765968,1.2363064426710377,0],[103.75571221506362,1.2360959929504538,0],[103.75535865197507,1.2357884344175543,0],[103.7548765278592,1.2352866353510952,0],[103.75468368990265,1.2349467197326014,0],[103.75444265203286,1.2344125714170466,0],[103.75431411805806,1.233910805407475,0],[103.75407307938653,1.2334090278841257,0],[103.75386418221524,1.23292343943116,0],[103.75370347857532,1.2326968252995352,0],[103.7535267159582,1.2323407255901642,0],[103.75355887524006,1.232178871559394,0],[103.75368746459829,1.2320493975802764,0],[103.75386428228492,1.2317904426682618,0],[103.75394464465501,1.2317742641907707,0],[103.7540732229615,1.2317742752773029,0],[103.75436253377734,1.2316610014253069,0],[103.75455540994881,1.2315477192472761,0],[103.75473222018222,1.2313858776338265,0],[103.75558412744378,1.2305119267809983,0],[103.75574486711888,1.2303015265782442,0],[103.75593776630524,1.2299454586055647,0],[103.7561788890979,1.2294922813607245,0],[103.75638786271158,1.2291038438953188,0],[103.75659683264317,1.228747777230771,0],[103.75672543436274,1.2284888179824833,0],[103.75688616974652,1.2283269748323462,0],[103.75691831428414,1.2283269775662577,0],[103.75703081518472,1.2283917296817415,0],[103.75707902836965,1.2284402918227852,0],[103.75712722890248,1.2286183381583888,0],[103.75720757623965,1.2287802018126748,0],[103.75741649544656,1.2290068198351225,0],[103.75783432043346,1.2296219108557154,0],[103.75822001275306,1.2301075149032892,0],[103.75844498913023,1.2305121755506874,0],[103.75866996826998,1.2308844653586049,0],[103.75892708800251,1.2313053150014845,0],[103.7590717139035,1.2315966700373941,0],[103.75915206188714,1.2317423482301333,0],[103.75916811892176,1.2319203918269157,0],[103.75916809962563,1.2321308048922897,0],[103.75916808975492,1.2322602908989855,0],[103.75915201566623,1.2322764749559239,0],[103.75911985088202,1.2325192570384311,0],[103.75905932411425,1.2326055923071904,0],[103.758887553239,1.2328539133127785,0],[103.75876621634012,1.2330371667011075,0],[103.75860544566805,1.2335874670561249,0],[103.7586054096661,1.2340082940802757,0],[103.75855717610008,1.2342025176515397,0],[103.75842856162782,1.2346233347004143,0],[103.75823566734299,1.2349308447999894,0],[103.75817136007205,1.2351250669986977,0],[103.75807488740413,1.235578257566427,0],[103.75794627458949,1.2359667028527561,0],[103.75770516318609,1.2362903951248805,0],[103.75749620225145,1.2365331612422243,0],[103.75739976698387,1.2365493375480408,0],[103.75707831879733,1.2365816819131585,0]]]}},{"type":"Feature","properties":{"name":"PULAU SEBAROK","source":"Singapore Land Authority National Map Polygon","sourceDatasetUrl":"https://data.gov.sg/datasets/d_29f066d67df3eae91df8a42f443863c8/view","sourceUpdatedAt":"20250617153039"},"geometry":{"type":"Polygon","coordinates":[[[103.79203750716242,1.2075755902680771,0],[103.79210575675657,1.2073155555646153,0],[103.7921184822935,1.207262878294011,0],[103.7921055617326,1.2071993446321139,0],[103.79212891643276,1.2071033484299138,0],[103.79216023056156,1.20704039966227,0],[103.79221824629714,1.2070043046168353,0],[103.7924156833747,1.2066696834396673,0],[103.79247619543122,1.2064954927613942,0],[103.79267844888938,1.2060719101314417,0],[103.7928015347258,1.2058041050173278,0],[103.79290906523386,1.2055534771770968,0],[103.79327126876886,1.2048414658651674,0],[103.79332532626889,1.20475934668327,0],[103.79362780817951,1.2044199573295022,0],[103.79378900781069,1.2042783758822386,0],[103.7941371476373,1.204055412402542,0],[103.7943517060656,1.2039275427729312,0],[103.7948022096625,1.2036421550537695,0],[103.79677438589862,1.2024377477814454,0],[103.7974817995682,1.202010547715948,0],[103.79780148001558,1.2018068101738308,0],[103.79805162026553,1.2016624061930603,0],[103.79832870559552,1.201474988208439,0],[103.79840930269621,1.2014250773246762,0],[103.7987515318153,1.20131126190379,0],[103.79937800938261,1.2011289027338126,0],[103.80032652898174,1.200835866597612,0],[103.8007816680398,1.200681174067759,0],[103.80090493692433,1.2006515033150884,0],[103.80121645675932,1.2005959735572604,0],[103.80128884964446,1.2006090533437528,0],[103.80142929193254,1.2007197809681098,0],[103.80149080391061,1.2008054811589939,0],[103.80154816315178,1.201031337128447,0],[103.80159732427914,1.2014221058302903,0],[103.80158685233276,1.201482328300538,0],[103.8015661788078,1.201532141406231,0],[103.80147087193515,1.2016849156310192,0],[103.80135757061488,1.2018331687177042,0],[103.80105840661027,1.2022255973313267,0],[103.80092033506368,1.202374882888374,0],[103.80052585407489,1.2027703959919593,0],[103.79937262002103,1.2038990061915402,0],[103.79894016020295,1.2043001997938614,0],[103.79876329556343,1.2044893790060627,0],[103.79852288267398,1.2047523852503241,0],[103.7982103896274,1.2051277072798146,0],[103.79790053830878,1.2056275956740186,0],[103.79771282670318,1.2059521038893763,0],[103.79765274865991,1.2060811677793788,0],[103.79748761022046,1.2063456526464305,0],[103.79734737020274,1.206628390637746,0],[103.79720740067118,1.2068382313571666,0],[103.7968293148171,1.2072826702548431,0],[103.79669412939356,1.2074553822934018,0],[103.79622450068305,1.207858839448634,0],[103.79593673890022,1.2080769059754635,0],[103.79563819233526,1.2082861647061713,0],[103.79529758391128,1.208473596859045,0],[103.79519792768984,1.2086225986690906,0],[103.7950291775812,1.2087694688105601,0],[103.7949486737291,1.208813570845868,0],[103.79490460465271,1.2088543380988472,0],[103.79486609173547,1.2089127613526613,0],[103.79469534988635,1.2090383978522283,0],[103.79457961671123,1.2091093780100703,0],[103.794469002588,1.2092277469741883,0],[103.79440725734418,1.2093098742028066,0],[103.79421747879813,1.2094869045664782,0],[103.7939759999824,1.2097090113414029,0],[103.79361920043739,1.2100549954386366,0],[103.79345762090817,1.2102216793175153,0],[103.79323938987267,1.2104608300315578,0],[103.79283822997685,1.2107198242771018,0],[103.79259520543148,1.2108258691887912,0],[103.7924394318283,1.2108837353483866,0],[103.79232891911062,1.2108800058751097,0],[103.79215556489206,1.2108369952399027,0],[103.79203034225291,1.2107967481677202,0],[103.79195700944807,1.2107742898461324,0],[103.79192386264467,1.2107552859111956,0],[103.79190151418213,1.2107365805824786,0],[103.79187766256737,1.210713800160932,0],[103.79185996211996,1.210695092190296,0],[103.79183985826407,1.210668688939181,0],[103.79183190485426,1.2106529953676435,0],[103.79182274675033,1.2106232669342138,0],[103.79181267796636,1.2105663731653076,0],[103.79181521667773,1.2105395072278649,0],[103.79183420877469,1.2104080453795816,0],[103.7918867836824,1.2101024422000883,0],[103.79191478044888,1.2099862199468179,0],[103.79195747142434,1.2098757261677713,0],[103.79199247542232,1.2096588337050505,0],[103.79201493157711,1.2095667606288878,0],[103.79200760370001,1.2093619444091912,0],[103.79198372790594,1.2092751720115027,0],[103.79196601101872,1.2092152620674828,0],[103.79194910328948,1.2090633384032248,0],[103.79194122572666,1.2086673104317374,0],[103.79188721799122,1.208600019405858,0],[103.79187130430778,1.208547956665659,0],[103.79187517697311,1.2084839629392718,0],[103.79191338470567,1.2084087872642444,0],[103.79193009058764,1.208183299431787,0],[103.79196148081934,1.2079017900168485,0],[103.79198135932488,1.2077369733801444,0],[103.79203750716242,1.2075755902680771,0]]]}},{"type":"Feature","properties":{"name":"ISLET","source":"Singapore Land Authority National Map Polygon","sourceDatasetUrl":"https://data.gov.sg/datasets/d_29f066d67df3eae91df8a42f443863c8/view","sourceUpdatedAt":"20250617153039"},"geometry":{"type":"Polygon","coordinates":[[[103.81088744879138,1.2551393473584334,0],[103.81095405458188,1.2551856812674782,0],[103.81095267367797,1.2552754033121722,0],[103.81093959071944,1.2553189411416483,0],[103.81092291384667,1.255338523214279,0],[103.81088400101801,1.2553637013056909,0],[103.81083952913039,1.255372093428722,0],[103.81076726319918,1.2553609021890206,0],[103.81066720235195,1.2553273312875477,0],[103.81057579480145,1.2552410251234147,0],[103.8104727635638,1.2552947308417186,0],[103.81035393110001,1.2552092455919779,0],[103.81035868225447,1.2551370962949464,0],[103.81041149312516,1.2550559679816065,0],[103.81043095000088,1.2550419812433136,0],[103.81047264205299,1.2550084106754207,0],[103.81049209926783,1.254955257695107,0],[103.81048931955796,1.2549160932378791,0],[103.81044762811543,1.254879724735052,0],[103.81042261332834,1.2548489516851755,0],[103.81041775360453,1.2548005771558612,0],[103.8104727702286,1.2547340914348857,0],[103.81056875258258,1.2547727584048876,0],[103.81064553663046,1.254850087714179,0],[103.81069076040737,1.2549661226662951,0],[103.81077681081184,1.2550651079779607,0],[103.81088744879138,1.2551393473584334,0]]]}},{"type":"Feature","properties":{"name":"PARADISE ISLAND","source":"Singapore Land Authority National Map Polygon","sourceDatasetUrl":"https://data.gov.sg/datasets/d_29f066d67df3eae91df8a42f443863c8/view","sourceUpdatedAt":"20250617153039"},"geometry":{"type":"Polygon","coordinates":[[[103.84306822477626,1.2500052159218198,0],[103.8430757632255,1.2499515237351755,0],[103.84308759935546,1.2499041521404233,0],[103.84310612409381,1.24984847121363,0],[103.84312986301424,1.2498001237640772,0],[103.8431915196492,1.249711949739142,0],[103.84322910491318,1.2496734308766932,0],[103.84328955767066,1.2496265935759965,0],[103.84343567587486,1.2495365544208255,0],[103.84355633882858,1.2494576119176237,0],[103.8436680623366,1.2493815236206587,0],[103.84377874264112,1.249303739638449,0],[103.84388853339118,1.2492245014360097,0],[103.84399228510156,1.249137663873291,0],[103.84409245338873,1.2490288520568997,0],[103.84419570171416,1.2488944521163725,0],[103.84428148369159,1.2487923145672548,0],[103.8443417206779,1.2487248559090358,0],[103.84440429383608,1.2486584037979047,0],[103.8444494177523,1.2486298247632492,0],[103.84449998678605,1.248611610633502,0],[103.84456516589597,1.248599265769833,0],[103.84457904813083,1.2485968781861176,0],[103.84463157606764,1.2486056873803668,0],[103.84470238915058,1.2486418426873624,0],[103.8447429218653,1.2486772746327235,0],[103.84477802660054,1.2487178813785924,0],[103.84482637844803,1.2487870650999509,0],[103.8448707650785,1.248851953103438,0],[103.84489999437045,1.248897668632219,0],[103.84492728284768,1.2489441257486855,0],[103.84494871289517,1.24898315805307,0],[103.84502315656665,1.2491378403349667,0],[103.84507899802443,1.2492904200492727,0],[103.84512075599103,1.2494479096241145,0],[103.84513150261654,1.249501023844587,0],[103.84514056899783,1.2495545350888855,0],[103.8451476936633,1.2496084442625917,0],[103.84514945934907,1.2496261680025817,0],[103.84515719158016,1.24971599132183,0],[103.84515954596324,1.249769846255119,0],[103.84516041777752,1.249824062941165,0],[103.8451585005599,1.2498777831433519,0],[103.84515171781642,1.2499318099473373,0],[103.84514144878139,1.249984939636856,0],[103.84513197212661,1.2500110134309534,0],[103.84509687325553,1.2500818045791593,0],[103.84502257164873,1.2501594220508496,0],[103.8449795143434,1.250191815698166,0],[103.8449348863967,1.2502210558305493,0],[103.84488784319352,1.2502473423163356,0],[103.84478923804495,1.250289937444671,0],[103.84473775966184,1.2503059883426373,0],[103.84468554626778,1.2503186370211357,0],[103.84460296263654,1.250331779613348,0],[103.84444221612539,1.25035738107105,0],[103.84428289739314,1.2503881581945695,0],[103.8441250531624,1.250424119123234,0],[103.8439768770962,1.2504624557701647,0],[103.84379270964294,1.2505129779691255,0],[103.8436574453958,1.2505471725538293,0],[103.84360782873055,1.2505581336552152,0],[103.8435538002685,1.25056272804237,0],[103.84350057236276,1.250559065571596,0],[103.8434488611342,1.250545482208286,0],[103.84330840296383,1.2504668391568041,0],[103.84319353474692,1.250354291351974,0],[103.84313492344268,1.2502634842691516,0],[103.84311210065776,1.2502148475975357,0],[103.8430933841372,1.25016399521575,0],[103.84307916923832,1.2501123741066162,0],[103.84307023767606,1.250058926160088,0],[103.84306907756361,1.2500281867932403,0],[103.84306822477626,1.2500052159218198,0]]]}},{"type":"Feature","properties":{"name":"TREASURE ISLAND","source":"Singapore Land Authority National Map Polygon","sourceDatasetUrl":"https://data.gov.sg/datasets/d_29f066d67df3eae91df8a42f443863c8/view","sourceUpdatedAt":"20250617153039"},"geometry":{"type":"Polygon","coordinates":[[[103.84211606342039,1.2490216462350245,0],[103.84211704892645,1.24896790342822,0],[103.84213058956006,1.2489158571681407,0],[103.84215586497751,1.248869228015637,0],[103.84219186883244,1.248829408696102,0],[103.84223568990522,1.2487990399652975,0],[103.8422846236369,1.2487804550941772,0],[103.84237048958613,1.248777335643091,0],[103.84248781740096,1.2487551837144837,0],[103.84261981001852,1.2487164176363186,0],[103.84272430412486,1.2486831890783228,0],[103.84282063772804,1.2486286500853598,0],[103.84287350873713,1.2485930233319966,0],[103.84297635386758,1.2485130318566722,0],[103.84302514372428,1.2484671170573316,0],[103.84309049334303,1.248396458764685,0],[103.84314688463421,1.2483233858491019,0],[103.84318599730246,1.2482652892844353,0],[103.84323799472911,1.248175693632052,0],[103.84335416443015,1.2479483086582996,0],[103.84342572337077,1.247778911745594,0],[103.84346167214791,1.2476779754114002,0],[103.84348514957291,1.2476300439670132,0],[103.84351187337461,1.2475821206490412,0],[103.84354260192195,1.2475374548384597,0],[103.84363270580195,1.2474370789961813,0],[103.84367775783194,1.247410589962859,0],[103.84373031261802,1.2473989867494477,0],[103.84378289442354,1.2474036349767712,0],[103.8438316395831,1.247424236219815,0],[103.8438718667649,1.247458791850679,0],[103.84396165710507,1.2475976124431827,0],[103.84407037055594,1.247767233823185,0],[103.84409167476225,1.2478000712343542,0],[103.84411275440745,1.2478501277588079,0],[103.84412819130937,1.2479014504175956,0],[103.8441385614267,1.2479548260060984,0],[103.8441420936865,1.2479916417925208,0],[103.8441434938825,1.2480629075695067,0],[103.84413783338115,1.2481165165504151,0],[103.84411003337989,1.2482208813080877,0],[103.84407600556024,1.248294451553278,0],[103.84400936317599,1.2484112315939742,0],[103.8439276516064,1.2485328970746143,0],[103.84388111712434,1.2485930646763341,0],[103.84371300342085,1.2487799162332351,0],[103.84360661819751,1.2488837106419495,0],[103.84352093492551,1.2489589903325167,0],[103.84332500264199,1.2491130587361106,0],[103.84326144098276,1.249157409045392,0],[103.84311222289278,1.2492525759529465,0],[103.84299200016167,1.2493173560759314,0],[103.84287233266737,1.2493690346535005,0],[103.84274068238398,1.2494145129413452,0],[103.84261523006872,1.2494400888367458,0],[103.84252951862409,1.249437177084294,0],[103.84247686577326,1.249425818442987,0],[103.84237791080247,1.2493847877409086,0],[103.84233339765198,1.2493553417655092,0],[103.84226664763227,1.2492923864236334,0],[103.8422254212157,1.249238498158204,0],[103.84214918975975,1.2491213017368665,0],[103.84214421182837,1.2490943516721698,0],[103.84212774175364,1.249073831682418,0],[103.84211606342039,1.2490216462350245,0]]]}},{"type":"Feature","properties":{"name":"SANDY ISLAND","source":"Singapore Land Authority National Map Polygon","sourceDatasetUrl":"https://data.gov.sg/datasets/d_29f066d67df3eae91df8a42f443863c8/view","sourceUpdatedAt":"20250617153039"},"geometry":{"type":"Polygon","coordinates":[[[103.8372311096188,1.241479500239156,0],[103.83722149788713,1.2413343776721113,0],[103.83723591627964,1.2411747454338025,0],[103.83727158133247,1.2411155474424185,0],[103.8372825801209,1.2410804716210713,0],[103.83731191058952,1.2410324769148855,0],[103.83735957635331,1.2409863279897384,0],[103.83742007217667,1.2409586371378398,0],[103.83750990125617,1.240945716330809,0],[103.83756123127155,1.240945715344384,0],[103.83766366215762,1.2409328750003037,0],[103.83777420317138,1.240947387164487,0],[103.83789916281908,1.240966735844165,0],[103.83799005677604,1.2410269501294053,0],[103.83804322076664,1.2410749456009442,0],[103.83808355203313,1.24112478599966,0],[103.83810582760384,1.2412618162807147,0],[103.83815869634681,1.2415085233964056,0],[103.838221175704,1.2417455537849287,0],[103.83826923814077,1.2419293749672984,0],[103.83829427934855,1.2420453317226097,0],[103.83829611340332,1.2421339378046246,0],[103.83826443262127,1.2423018531607632,0],[103.83821694125628,1.2423984729149007,0],[103.83817311580923,1.2424614873547668,0],[103.83814544580451,1.2425036941296956,0],[103.83810511379951,1.2425553822921782,0],[103.83807578239382,1.2425830712947614,0],[103.83801895073913,1.2426181453924992,0],[103.83796578773234,1.2426366062937562,0],[103.83790345794229,1.2426384513080282,0],[103.83783746214127,1.242623684042697,0],[103.83777879827242,1.2425886110513735,0],[103.83774624465417,1.2425575398309803,0],[103.83760118473229,1.242417952205863,0],[103.83741855105359,1.2421809201845877,0],[103.8373704888251,1.2420986854262708,0],[103.83734645767186,1.242030961170144,0],[103.837303202564,1.2419535629482594,0],[103.8372789089798,1.2418422075923037,0],[103.83723591700304,1.241668158050024,0],[103.8372311096188,1.241479500239156,0]]]}},{"type":"Feature","properties":{"name":"PEARL ISLAND","source":"Singapore Land Authority National Map Polygon","sourceDatasetUrl":"https://data.gov.sg/datasets/d_29f066d67df3eae91df8a42f443863c8/view","sourceUpdatedAt":"20250617153039"},"geometry":{"type":"Polygon","coordinates":[[[103.83531345755878,1.2405603987275713,0],[103.83536151869428,1.2405071876501232,0],[103.8354384179852,1.240473326347102,0],[103.83553454123656,1.2404781628135957,0],[103.83570275580088,1.2404830010213295,0],[103.83586609227154,1.2404826309837058,0],[103.83601458422187,1.2404844757415325,0],[103.83614840955573,1.2404844746973045,0],[103.83628956864209,1.2404807829235556,0],[103.83646739290599,1.2404678602430028,0],[103.83654255537694,1.2404697050573923,0],[103.8366085511265,1.240491857402071,0],[103.83666538194147,1.2405250837088289,0],[103.83669654639678,1.2405509268096475,0],[103.83672392537288,1.2405798067733742,0],[103.83675509076112,1.2406314930139783,0],[103.8367752564086,1.2406794885541452,0],[103.83679908807534,1.2407570197529365,0],[103.8368229207049,1.240882544709163,0],[103.8368394186923,1.2410173014349455,0],[103.836850418565,1.241118829076777,0],[103.8368522517066,1.2412332792052971,0],[103.83684857514208,1.2413836697190395,0],[103.83683207576733,1.24156272862693,0],[103.83682107700486,1.2416236457778416,0],[103.83679357861789,1.2416753329991346,0],[103.83675507958267,1.2417214828062797,0],[103.83671204657996,1.2417600694124227,0],[103.83665437301146,1.2417987681776852,0],[103.83660150562723,1.2418181180420473,0],[103.836505383253,1.2418374670535564,0],[103.83640558768661,1.24183873057037,0],[103.83623131691914,1.241780262653194,0],[103.83611608462405,1.2417116956162253,0],[103.8360007382134,1.24163429835233,0],[103.83587577844621,1.2415085256930212,0],[103.83576043022781,1.2414021037212548,0],[103.83552492937531,1.2411505601699209,0],[103.83533748886907,1.2409232029041115,0],[103.83528462140754,1.2408264548572547,0],[103.83526059120689,1.240744220041312,0],[103.83525097784752,1.2406813341084961,0],[103.83526540360434,1.2406063730736265,0],[103.83531345755878,1.2405603987275713,0]]]}},{"type":"Feature","properties":{"name":"PULAU ANAK BUKOM","source":"Singapore Land Authority National Map Polygon","sourceDatasetUrl":"https://data.gov.sg/datasets/d_29f066d67df3eae91df8a42f443863c8/view","sourceUpdatedAt":"20250617153039"},"geometry":{"type":"Polygon","coordinates":[[[103.76971206959979,1.2245902898127843,0],[103.77014003860525,1.2247388373931405,0],[103.77030237289415,1.2247462678835443,0],[103.77038353777039,1.2248279646911477,0],[103.77042780219949,1.225221587793672,0],[103.76999243579746,1.2258677126353756,0],[103.76992602695684,1.2258380035755672,0],[103.77000720321783,1.2254740909354016,0],[103.76999244923213,1.2252958457147474,0],[103.76985226098387,1.2248947936800105,0],[103.7697120659223,1.224746253847483,0],[103.76971206959979,1.2245902898127843,0]]]}},{"type":"Feature","properties":{"name":"PULAU SUBAR DARAT (SISTERS' ISLAND)","source":"Singapore Land Authority National Map Polygon","sourceDatasetUrl":"https://data.gov.sg/datasets/d_29f066d67df3eae91df8a42f443863c8/view","sourceUpdatedAt":"20250617153039"},"geometry":{"type":"Polygon","coordinates":[[[103.833653808083,1.2164228542556055,0],[103.83363772735098,1.21656852491169,0],[103.83350914515717,1.2166494448246041,0],[103.83336887774874,1.216760341730792,0],[103.83322426241055,1.216787633667304,0],[103.8330706079912,1.2168331214266181,0],[103.83288983903368,1.2168695103526672,0],[103.83270906917281,1.2169059001708775,0],[103.83236560667908,1.2170150669183475,0],[103.83220291407267,1.2170150668546666,0],[103.8320582978278,1.2170059697784001,0],[103.83191368162672,1.2169149968789816,0],[103.83194983615546,1.2168786070436834,0],[103.83205829784916,1.2169604829128635,0],[103.83219387501462,1.2169695808896668,0],[103.8322300286788,1.21684221822382,0],[103.83221195240908,1.2166329797196789,0],[103.83218483704005,1.2164874230041334,0],[103.83204659315888,1.2163580163941674,0],[103.83196623164935,1.216358011832567,0],[103.8318376575826,1.2162932619154965,0],[103.83170908079742,1.2162770682741217,0],[103.83170579835293,1.2165511036446295,0],[103.83166964385315,1.2165420057066758,0],[103.83165156676385,1.2162781842255472,0],[103.83167868240142,1.2159324860517395,0],[103.83172387525133,1.2156322747536412,0],[103.83178714443213,1.2153411595716912,0],[103.83190201441465,1.2151602675653352,0],[103.83193415610407,1.2152088256733022,0],[103.83191807983022,1.215257382851496,0],[103.83193414070436,1.2154516107019173,0],[103.83196628239779,1.2155001706181268,0],[103.83211093090559,1.2155163651589587,0],[103.83222343590589,1.2155163724427773,0],[103.83230379919985,1.2154840052374887,0],[103.83236809074593,1.2154192662648753,0],[103.83248060567668,1.2152574156463247,0],[103.83251276091882,1.2150955595732749,0],[103.83253733807702,1.2149226838050973,0],[103.83248063458143,1.2147718446834765,0],[103.83257706870054,1.2147556647110727,0],[103.83291457098801,1.2150146560422954,0],[103.83309135578737,1.215144152144737,0],[103.83321992892981,1.2152412737614953,0],[103.83338063840854,1.2154355106492118,0],[103.8334449191543,1.2155811858244103,0],[103.83344491017512,1.215726857383899,0],[103.8334770429222,1.215937273364183,0],[103.83354132278524,1.2160667622048569,0],[103.83365381974079,1.2162286246062228,0],[103.833653808083,1.2164228542556055,0]]]}},{"type":"Feature","properties":{"name":"PULAU SERINGAT KECHIL","source":"Singapore Land Authority National Map Polygon","sourceDatasetUrl":"https://data.gov.sg/datasets/d_29f066d67df3eae91df8a42f443863c8/view","sourceUpdatedAt":"20250617153039"},"geometry":{"type":"Polygon","coordinates":[[[103.84680807790798,1.2271350783154025,0],[103.84683152628244,1.226537193260341,0],[103.84699077917548,1.2263896362064242,0],[103.84726081120655,1.2263712038414953,0],[103.84747283508557,1.2264067171477275,0],[103.84749241391158,1.226422244995585,0],[103.84812143301924,1.2266770455873666,0],[103.84817612624875,1.2267368609069098,0],[103.84820157240522,1.2267505076368923,0],[103.84832228144721,1.2269285864313833,0],[103.84834462665187,1.226913120754608,0],[103.8484528991876,1.2270718452915865,0],[103.848430624965,1.2270872467589153,0],[103.84856035440905,1.227288223115012,0],[103.84869564565855,1.2274798754260814,0],[103.84907955904383,1.22794470788597,0],[103.84906003456744,1.2280076518245768,0],[103.84897224140236,1.2280676298477595,0],[103.84876687518067,1.2281489606179659,0],[103.84823983699359,1.2277646346127462,0],[103.84803504610677,1.2277330652664291,0],[103.84791425791097,1.2277086390258936,0],[103.84779607536679,1.2276732518584903,0],[103.84768163959691,1.227627056596072,0],[103.8475719120221,1.2275706256971917,0],[103.84746772826925,1.2275043914445747,0],[103.8473698880251,1.227428957950621,0],[103.84722518073818,1.2273062734209987,0],[103.84695562468082,1.2272954667467681,0],[103.84680807790798,1.2271350783154025,0]]]}},{"type":"Feature","properties":{"name":null,"source":"Singapore Land Authority National Map Polygon","sourceDatasetUrl":"https://data.gov.sg/datasets/d_29f066d67df3eae91df8a42f443863c8/view","sourceUpdatedAt":"20250617153039"},"geometry":{"type":"Polygon","coordinates":[[[103.74574783956943,1.2312232135917267,0],[103.7520662089805,1.229877983925908,0],[103.7585608395799,1.2265139344068174,0],[103.75913645171298,1.2262133180457173,0],[103.75894354381545,1.226682685094381,0],[103.75868636000631,1.227194134922807,0],[103.7585738312526,1.2274530956407723,0],[103.75855774101345,1.2276635073537538,0],[103.75858987071626,1.2278415523123092,0],[103.7587184290878,1.2280681625478076,0],[103.75884698882686,1.228278588270342,0],[103.75918445089236,1.2289098586332592,0],[103.75936122842347,1.2291041011732415,0],[103.75985940499912,1.2298486855799233,0],[103.76008437625256,1.2303180895605603,0],[103.76024508210502,1.230512330700622,0],[103.76043793522496,1.230674204604754,0],[103.76067901860044,1.2306904111066008,0],[103.76041139573181,1.2308026779027772,0],[103.76006510779422,1.2309653192191248,0],[103.75989427185978,1.2310721977172938,0],[103.75972805302702,1.2311930189198526,0],[103.75956183328537,1.2313463701030605,0],[103.75935405579168,1.231574074252153,0],[103.75929864838666,1.2316763102087727,0],[103.75921091925929,1.2318157218760282,0],[103.75916811892176,1.2319203918269157,0],[103.75915206188714,1.2317423482301333,0],[103.7590717139035,1.2315966700373941,0],[103.75892708800251,1.2313053150014845,0],[103.75866996826998,1.2308844653586049,0],[103.75844498913023,1.2305121755506874,0],[103.75822001275306,1.2301075149032892,0],[103.75783432043346,1.2296219108557154,0],[103.75741649544656,1.2290068198351225,0],[103.75720757623965,1.2287802018126748,0],[103.75712722890248,1.2286183381583888,0],[103.75707902836965,1.2284402918227852,0],[103.75703081518472,1.2283917296817415,0],[103.75691831428414,1.2283269775662577,0],[103.75688616974652,1.2283269748323462,0],[103.75672543436274,1.2284888179824833,0],[103.75659683264317,1.228747777230771,0],[103.75638786271158,1.2291038438953188,0],[103.7561788890979,1.2294922813607245,0],[103.75593776630524,1.2299454586055647,0],[103.75574486711888,1.2303015265782442,0],[103.75558412744378,1.2305119267809983,0],[103.75473222018222,1.2313858776338265,0],[103.75455540994881,1.2315477192472761,0],[103.75436253377734,1.2316610014253069,0],[103.7540732229615,1.2317742752773029,0],[103.75394464465501,1.2317742641907707,0],[103.75386428228492,1.2317904426682618,0],[103.75368746459829,1.2320493975802764,0],[103.75355887524006,1.232178871559394,0],[103.7535267159582,1.2323407255901642,0],[103.75370347857532,1.2326968252995352,0],[103.75386418221524,1.23292343943116,0],[103.75407307938653,1.2334090278841257,0],[103.75431411805806,1.233910805407475,0],[103.75441490259098,1.2343042458206,0],[103.75073616418317,1.2357041752725362,0],[103.75089060482621,1.2352377243618249,0],[103.75103529185435,1.2348330963823249,0],[103.75113176426778,1.2343960915527343,0],[103.75100323092457,1.2338943254231867,0],[103.7507300232435,1.2336515149760032,0],[103.75044073816761,1.2334734474410805,0],[103.75015144192318,1.2334248640454881,0],[103.74966929869016,1.233149664344992,0],[103.74905856928088,1.2329553820822527,0],[103.74886571111092,1.232858249920641,0],[103.74854427602985,1.23274492098638,0],[103.74809426406284,1.2326153952341523,0],[103.74775675965677,1.2324535076604504,0],[103.74745139831599,1.232340180928149,0],[103.74700140635484,1.231984054780335,0],[103.74655141114752,1.2316764865924854,0],[103.74574783956943,1.2312232135917267,0]]]}},{"type":"Feature","properties":{"name":"SULTAN SHOAL","source":"Singapore Land Authority National Map Polygon","sourceDatasetUrl":"https://data.gov.sg/datasets/d_29f066d67df3eae91df8a42f443863c8/view","sourceUpdatedAt":"20250617153039"},"geometry":{"type":"Polygon","coordinates":[[[103.64809763472675,1.239895877303035,0],[103.64807986977922,1.2399133754272162,0],[103.64793887287249,1.2399309281746684,0],[103.64772909892363,1.2398820137086244,0],[103.64774536935353,1.2397911356744853,0],[103.64771125434949,1.2397655679021728,0],[103.64767359888448,1.2397313352022041,0],[103.64759953481969,1.2397185061437892,0],[103.64752951606779,1.2396773527999667,0],[103.6474970751471,1.2396111422809795,0],[103.64751911164694,1.2395422234321238,0],[103.64758312570608,1.239491447208003,0],[103.64765589108175,1.239444399373173,0],[103.64767020472505,1.239441098563009,0],[103.6477222999333,1.2393255973203567,0],[103.64786714389412,1.239313403186643,0],[103.64802974982143,1.239313612694828,0],[103.6482165982128,1.2392820238705318,0],[103.64829808290803,1.2392852852979879,0],[103.64834002388318,1.239312780804973,0],[103.64861225216542,1.2393865776546582,0],[103.64864425616236,1.2394048208520763,0],[103.64872230971685,1.239416745799911,0],[103.64877225522753,1.239462726991268,0],[103.64881875975209,1.23954271822637,0],[103.64881875412955,1.2396369290777847,0],[103.64878618499701,1.2396830392316802,0],[103.64874243037596,1.2397654423960656,0],[103.64860734166216,1.2398287906026166,0],[103.64854958803306,1.2397954979413845,0],[103.64843873702402,1.2398049497642083,0],[103.64833099522134,1.2398096629519422,0],[103.648150642021,1.239843681348278,0],[103.64810909163457,1.239884600734633,0],[103.64809763472675,1.239895877303035,0]]]}},{"type":"Feature","properties":{"name":"PULAU SUDONG","source":"Singapore Land Authority National Map Polygon","sourceDatasetUrl":"https://data.gov.sg/datasets/d_29f066d67df3eae91df8a42f443863c8/view","sourceUpdatedAt":"20250617153039"},"geometry":{"type":"Polygon","coordinates":[[[103.71466256519882,1.2029394571535474,0],[103.71541030356508,1.2027488951576675,0],[103.71638634478315,1.2025879254352934,0],[103.71686676177953,1.202548460687906,0],[103.71770343743931,1.2025432963936615,0],[103.7181441352337,1.2026029850576632,0],[103.7194083426462,1.2029243037017967,0],[103.72032645995546,1.2031254102075828,0],[103.72128814642,1.203188876769121,0],[103.72210622323438,1.2032501892411267,0],[103.72267547433898,1.20325400724858,0],[103.72318817560166,1.2032654113560894,0],[103.72355762498952,1.2032236872398556,0],[103.723881834665,1.2031971391839966,0],[103.72425882389462,1.2031440320472893,0],[103.72470367311658,1.2030453946660553,0],[103.72484316026815,1.2029846903063308,0],[103.72531063063677,1.2028101649372556,0],[103.72561976830745,1.2026090720316573,0],[103.72578564586195,1.202540779245646,0],[103.72605707919769,1.202480079142585,0],[103.72636997774973,1.202468708270765,0],[103.72660370977113,1.2024725112838401,0],[103.72691660835936,1.2025066741671073,0],[103.72751601218549,1.2026357078438086,0],[103.72819835325423,1.2027837172606786,0],[103.72880152766339,1.202905162291908,0],[103.72921244191164,1.2029696827661878,0],[103.72967990261678,1.2030455903804291,0],[103.72997395091477,1.2030949292357362,0],[103.73041125273842,1.2031822169985091,0],[103.73089756310183,1.2032657127384223,0],[103.73093148978144,1.203318836362739,0],[103.73090132867408,1.2033643681427584,0],[103.73039993906112,1.2032922550592344,0],[103.73037368383599,1.203383996364078,0],[103.73039238880222,1.20355786467153,0],[103.73045647090493,1.2037172341295674,0],[103.73062610774912,1.2039145501818425,0],[103.73082967617083,1.2040587469761999,0],[103.73100308656132,1.204142230852683,0],[103.73120665779446,1.2041877705506747,0],[103.73142154202822,1.2041650130882944,0],[103.73161757794566,1.2041005148832644,0],[103.73187016402461,1.2039715141122103,0],[103.73201719336302,1.2038576864078372,0],[103.732096369412,1.2036338176644175,0],[103.73203228771371,1.2034365047389997,0],[103.73174577864287,1.2034137275552326,0],[103.7317457827137,1.2033036890605706,0],[103.73207753116804,1.2033188794149103,0],[103.73287674337296,1.2033568526504246,0],[103.7331481730283,1.2033720406386301,0],[103.73338190373505,1.2033910219217352,0],[103.73354777622247,1.2034593283226027,0],[103.73368348779015,1.20356937181689,0],[103.73371665304795,1.2036594721178828,0],[103.73370698040463,1.203837569992068,0],[103.73365728493204,1.2040776180469286,0],[103.73233633162583,1.2055962242579954,0],[103.7322759431869,1.2055578706371042,0],[103.73225390292824,1.2054786212971647,0],[103.73201282902062,1.2053976689864974,0],[103.7318072966191,1.2053659009225626,0],[103.73156918577016,1.2053887172222482,0],[103.73134241031082,1.205514246166713,0],[103.73111562925125,1.2057653107624855,0],[103.73086616890966,1.2060620249620249,0],[103.73082080705501,1.2062674468118397,0],[103.7305146567089,1.206495683997325,0],[103.73026084581139,1.2066923526975877,0],[103.72997152456271,1.206918924616069,0],[103.72985900801964,1.207048399003592,0],[103.7296858838165,1.2071864950758942,0],[103.72952325711191,1.207295610291598,0],[103.72928835703142,1.207327427631697,0],[103.72906474768054,1.2073819801917582,0],[103.72884339984631,1.2074137989194382,0],[103.72853170396444,1.2074683471208982,0],[103.72837133815398,1.2075229020741387,0],[103.72822903879421,1.207645657611703,0],[103.72810254876532,1.2077911476565286,0],[103.72789811375412,1.2080517203843424,0],[103.72781773282864,1.208262125644298,0],[103.72778845811357,1.2083860241623052,0],[103.72780766262528,1.2084633579741817,0],[103.72782302719482,1.2085329584202098,0],[103.72784991444287,1.2086450915505575,0],[103.72795748029273,1.208633496381409,0],[103.72813034974878,1.2087456361104352,0],[103.72833395074969,1.208888709888706,0],[103.7284453540482,1.2089969810515366,0],[103.7286182269465,1.2089969868624202,0],[103.72867969106451,1.2090549897227503,0],[103.72874883599802,1.209174858606559,0],[103.72905231814994,1.209372069622652,0],[103.72926360891093,1.2093450110756234,0],[103.72942111414984,1.2093798170725973,0],[103.72940958598718,1.2094571496928614,0],[103.72939202086646,1.2095541727962487,0],[103.72949406374134,1.2096568889571426,0],[103.72961318595635,1.2096543568009734,0],[103.72995521311024,1.2094115147533369,0],[103.72999923426616,1.2096166867768954,0],[103.72984478410434,1.2102179607876018,0],[103.72976349680435,1.210471559400981,0],[103.72968627718994,1.2106269885571337,0],[103.72956435396596,1.2108028690832189,0],[103.7294993256671,1.2109501187297662,0],[103.72929206163367,1.211125995949216,0],[103.72914169361891,1.211244610124754,0],[103.72896694341978,1.211342772060286,0],[103.72882064002398,1.211420481993582,0],[103.72865808177347,1.2114941017526955,0],[103.72864182990952,1.2114122950755624,0],[103.72861745155234,1.2112691324179587,0],[103.72859714026889,1.2110687037874768,0],[103.72853023404932,1.2109578686759352,0],[103.72826751034899,1.2107547600154414,0],[103.72813894379162,1.2106414481509529,0],[103.72801037509755,1.2105605070820693,0],[103.72780458107911,1.2105013427798106,0],[103.72754379618891,1.2104214455712314,0],[103.72718096407098,1.2103529573930176,0],[103.72687482275255,1.2103072948381228,0],[103.72650065278764,1.2102273939558934,0],[103.72623986573412,1.210204558367283,0],[103.72592238612532,1.2101817213995196,0],[103.72565026075348,1.2101588853028176,0],[103.72543887164032,1.2101717993037884,0],[103.72521385632635,1.2102365201264236,0],[103.725085272989,1.2103012502304515,0],[103.7248452121288,1.2103642774471222,0],[103.7246637911288,1.2104441562084796,0],[103.72443701496384,1.2105696835989619,0],[103.7242555912036,1.2107180380421811,0],[103.72407416788094,1.2108549803048667,0],[103.72393810013615,1.2109805113253205,0],[103.72379069085375,1.2111631036119983,0],[103.72366595912297,1.21134569771661,0],[103.72356390221235,1.2115739432115125,0],[103.72349586439417,1.211745125641092,0],[103.7234164850504,1.211950546816019,0],[103.72338246220886,1.2121445567704505,0],[103.72337111056211,1.2124298667870517,0],[103.72341645467581,1.2127037669543599,0],[103.72351848867277,1.213023319005141,0],[103.72316431500845,1.213096320131934,0],[103.72303573860452,1.2130963067214597,0],[103.72274643500914,1.213144835656362,0],[103.72244105190491,1.2132742908818959,0],[103.7221838870371,1.2133713781744058,0],[103.72200708900313,1.2134199180056748,0],[103.7217981481967,1.2134522683812896,0],[103.72163742186795,1.2135008088539319,0],[103.72146062538245,1.2135331623466312,0],[103.72136419395977,1.213516966604193,0],[103.72126776723236,1.2134522146690927,0],[103.7212356269326,1.2134198416316315,0],[103.72115527975191,1.2132741615725078,0],[103.7206570825885,1.2128856568637483,0],[103.7186338769209,1.2123406316806773,0],[103.71750589658008,1.212178392988643,0],[103.71695802334958,1.2120810553114463,0],[103.7162167798693,1.2119512714080227,0],[103.71550776524107,1.2118214878138558,0],[103.71492766163409,1.2117241492305146,0],[103.7143797933967,1.2114970584037872,0],[103.7139286059862,1.2113348480832613,0],[103.7135741054182,1.2111402042859927,0],[103.71332314028243,1.2109099666041956,0],[103.71319487883406,1.2107392098377447,0],[103.71262469509738,1.2101556429587903,0],[103.71236459397801,1.209704095313099,0],[103.71207433477535,1.2092032168881814,0],[103.71186675314743,1.2089650081800547,0],[103.7117260747014,1.2088692143861905,0],[103.71163505094017,1.208748435265505,0],[103.71132473815902,1.2084069200773007,0],[103.71087374537441,1.208027916239677,0],[103.71062135588153,1.2077738600709715,0],[103.71053860525204,1.2077030573202165,0],[103.71045587234242,1.2076779430046516,0],[103.71038137371951,1.2076655679236759,0],[103.71034827577724,1.2075739435572752,0],[103.71021693965682,1.2074498435492158,0],[103.71009588333605,1.2074073474221585,0],[103.70991796243797,1.207415667581799,0],[103.70988900215855,1.2073240443049054,0],[103.70974832119656,1.2073073785963944,0],[103.70969684830739,1.2071851849990136,0],[103.70911940559506,1.2069491902314946,0],[103.70894148610256,1.2069075352135177,0],[103.7088297701942,1.206857554048962,0],[103.70872679816179,1.206698742204025,0],[103.70838752119786,1.2064445000746111,0],[103.70789368323587,1.2061143620039037,0],[103.70762226114554,1.2059170390410885,0],[103.7073508408399,1.2056817716857489,0],[103.70719628469125,1.2054806603231416,0],[103.7070982756525,1.205313700348443,0],[103.70707566426067,1.2051657174305241,0],[103.70708320785542,1.2050746511160495,0],[103.70706814003375,1.2048166292467444,0],[103.70709453714288,1.2046458812690728,0],[103.70713224062902,1.2045244614070194,0],[103.70720764679689,1.204357510418651,0],[103.70730943709144,1.2042626537810945,0],[103.7074989243872,1.2041543813676787,0],[103.70778465357625,1.2040704064078385,0],[103.70884487458227,1.2039200316813767,0],[103.70982289212465,1.2037805973872824,0],[103.71077529184939,1.2036485764466875,0],[103.71202025919385,1.203430762270878,0],[103.71285433436574,1.2032897730361367,0],[103.71374780190648,1.2031278139670376,0],[103.71466256519882,1.2029394571535474,0]]]}},{"type":"Feature","properties":{"name":"PULAU HANTU","source":"Singapore Land Authority National Map Polygon","sourceDatasetUrl":"https://data.gov.sg/datasets/d_29f066d67df3eae91df8a42f443863c8/view","sourceUpdatedAt":"20250617153039"},"geometry":{"type":"Polygon","coordinates":[[[103.74995977077074,1.2232915306349925,0],[103.75020653176453,1.2234028773512025,0],[103.75012143912124,1.223471390246436,0],[103.74984914133623,1.2236512362934984,0],[103.7495768441489,1.2238396457361553,0],[103.74948323842115,1.2240109330200795,0],[103.74945770477274,1.2241993511043188,0],[103.74949173371851,1.2244220292891872,0],[103.74957681943312,1.2246361438448372,0],[103.74967892272855,1.224833130272037,0],[103.7498405915714,1.224970167346701,0],[103.75007032974746,1.2252442376394088,0],[103.75027453805023,1.225586823571529,0],[103.75035962111522,1.2258608911340128,0],[103.75038514339246,1.226040745584472,0],[103.75038514102013,1.2261178263680494,0],[103.7502745219527,1.2261092576817498,0],[103.75016390378477,1.2261006898952889,0],[103.74996819224798,1.226152070656668,0],[103.74984055719756,1.2261092440973442,0],[103.7496217140002,1.2261088962746718,0],[103.7493980815801,1.2260835371826515,0],[103.74907473633763,1.2260492687359772,0],[103.74876840797381,1.226049259016647,0],[103.7484966651659,1.226027865766367,0],[103.74822343169812,1.226092584202386,0],[103.74798233900283,1.2261896762656026,0],[103.74777339079733,1.2262867720529245,0],[103.74764480570767,1.2263676877182002,0],[103.74738763267611,1.2265618925568282,0],[103.7472429550367,1.2268694070052513,0],[103.74716257489318,1.227079813795648,0],[103.74714647527094,1.2273873396347703,0],[103.74710056496514,1.2277107171068768,0],[103.74709205104891,1.2278648783826642,0],[103.747109064063,1.2280190386782233,0],[103.74713458660487,1.2281560723991851,0],[103.74721116673419,1.2282331538509,0],[103.74735582240686,1.2282502881018431,0],[103.74828332811623,1.2279334323334168,0],[103.7483599103512,1.227916305219947,0],[103.74837692587221,1.2279933856383942,0],[103.74737283844743,1.2283102398652062,0],[103.74716861792841,1.2283273619060744,0],[103.74697291010777,1.2282845329960523,0],[103.74683676734247,1.2281731913757812,0],[103.7467772079362,1.2280104635552413,0],[103.74674317856946,1.2277792210245897,0],[103.74688784486678,1.2274366462184405,0],[103.74698996213372,1.227222536773722,0],[103.74706655203592,1.226965604846565,0],[103.74714314336852,1.2266915442561286,0],[103.74715166193062,1.2263917866587448,0],[103.74709837214023,1.2261248536726934,0],[103.74700196361673,1.225849687763391,0],[103.74688947816111,1.225623079360979,0],[103.74698150421337,1.2256295422226136,0],[103.7471176501506,1.225638110966441,0],[103.74728783415513,1.225578165260649,0],[103.74748354923183,1.2254154456946262,0],[103.7476026820424,1.2252441602216144,0],[103.74773032905277,1.2249358421178524,0],[103.74777288076537,1.224747424606925,0],[103.74777288918398,1.2244819258534565,0],[103.7477388597542,1.2242506833265168,0],[103.7476537745544,1.2240536973827871,0],[103.74760272239696,1.2240023088560898,0],[103.7475431600242,1.2239337913945063,0],[103.7474750879546,1.223916659637895,0],[103.74745807329458,1.2238138853204996,0],[103.74760273436192,1.2236254710982777,0],[103.74778994003707,1.2234713155524557,0],[103.74797714371005,1.223351419121241,0],[103.74815583930304,1.223231522403826,0],[103.74838558973028,1.2230773690744359,0],[103.74864937813699,1.2229403445605058,0],[103.74880254285068,1.2228889634367017,0],[103.7489642167131,1.2228889676511039,0],[103.74929606867444,1.222983187571499,0],[103.74969105643457,1.2231763432776568,0],[103.74973395742566,1.2231935790947364,0],[103.74995977077074,1.2232915306349925,0]]]}},{"type":"Feature","properties":{"name":"PULAU HANTU","source":"Singapore Land Authority National Map Polygon","sourceDatasetUrl":"https://data.gov.sg/datasets/d_29f066d67df3eae91df8a42f443863c8/view","sourceUpdatedAt":"20250617153039"},"geometry":{"type":"Polygon","coordinates":[[[103.75235082910629,1.2234971518908626,0],[103.75310813442998,1.223728416253904,0],[103.75350805917917,1.2238568959442269,0],[103.75384841904854,1.2240281963624509,0],[103.75383990792292,1.224071017765627,0],[103.75349954818769,1.2239254121488297,0],[103.75319322231883,1.223848322164692,0],[103.75310812869657,1.2238911421653946,0],[103.75298899564073,1.2240538626788593,0],[103.75293793801845,1.2241823288203386,0],[103.75292942279575,1.2243621831361888,0],[103.7529379273033,1.224542037965433,0],[103.7529719589707,1.2247133292336692,0],[103.75304002561796,1.2248846206236075,0],[103.75318467582699,1.2250816082165288,0],[103.75332081757651,1.2252015147572315,0],[103.75389094683727,1.2246377030997995,0],[103.7539590213867,1.2246034468993678,0],[103.75353354910033,1.2251073116894036,0],[103.75322721139659,1.2254241890754138,0],[103.75277621636504,1.2258095775985158,0],[103.75221460174085,1.2261692696717204,0],[103.75142324132625,1.2265803414378391,0],[103.75113244698841,1.2267402720185816,0],[103.7511163751806,1.2267402706173125,0],[103.75094672143543,1.2268543898194966,0],[103.75030852521623,1.2271969486116434,0],[103.74989157070189,1.2274110492399652,0],[103.74948312563473,1.2276080186929315,0],[103.74919381183061,1.2277107842224595,0],[103.74914275894669,1.2276508313896173,0],[103.7491938155787,1.2275908808869118,0],[103.74961076840493,1.227462427294404,0],[103.74992561015765,1.2273254051961864,0],[103.75035958313393,1.2270941773359956,0],[103.75039362483709,1.2269057586058132,0],[103.75045319314516,1.2267858580276023,0],[103.75087014620979,1.2266145816666507,0],[103.75113393411333,1.2264432996026768,0],[103.751210518642,1.2263490934264583,0],[103.75126157859494,1.2261778047705472,0],[103.75124501487453,1.2260442983714468,0],[103.75129562618754,1.2258523549218456,0],[103.75142326880051,1.2256468112977152,0],[103.75155091061413,1.225466960658317,0],[103.75168706188055,1.2253299328311409,0],[103.75190830903215,1.2249873600399481,0],[103.7520955212864,1.2246105279594508,0],[103.75220615111687,1.224259388332373,0],[103.75217212478336,1.2238825485901985,0],[103.75212107292653,1.2237883375846055,0],[103.75206151159283,1.2237112558852627,0],[103.75192536894163,1.223625606611757,0],[103.75184027982594,1.2235485241283133,0],[103.75177221071209,1.2234029248019955,0],[103.7514743918509,1.223394352248235,0],[103.75122762611164,1.223437166315036,0],[103.75119359092098,1.2233857783769426,0],[103.7514148296461,1.2233172687272964,0],[103.75169563121085,1.2233344069058714,0],[103.75197643136674,1.223368672812844,0],[103.75235082910629,1.2234971518908626,0]]]}},{"type":"Feature","properties":{"name":"PULAU BUKOM KECHIL","source":"Singapore Land Authority National Map Polygon","sourceDatasetUrl":"https://data.gov.sg/datasets/d_29f066d67df3eae91df8a42f443863c8/view","sourceUpdatedAt":"20250617153039"},"geometry":{"type":"Polygon","coordinates":[[[103.76486026484137,1.2300891506891334,0],[103.76412344933014,1.2300582502215878,0],[103.76389932808029,1.2299786268142328,0],[103.76363565557097,1.2298724646741208,0],[103.76338516589628,1.229845918595565,0],[103.76318740899244,1.2298724528565836,0],[103.76271279011071,1.2300714818663974,0],[103.76167126830623,1.230350113973564,0],[103.76134167183902,1.2304297207789812,0],[103.7610165427954,1.2306095113617872,0],[103.76080759821092,1.2306742355462064,0],[103.76067901860044,1.2306904111066008,0],[103.76043793522496,1.230674204604754,0],[103.76024508210502,1.230512330700622,0],[103.76008437625256,1.2303180895605603,0],[103.75985940499912,1.2298486855799233,0],[103.75963442308183,1.2295087666896631,0],[103.75936122842347,1.2291041011732415,0],[103.75918445089236,1.2289098586332592,0],[103.75884698882686,1.228278588270342,0],[103.7587184290878,1.2280681625478076,0],[103.75858987071626,1.2278415523123092,0],[103.75855774101345,1.2276635073537538,0],[103.7585738312526,1.2274530956407723,0],[103.75868636000631,1.227194134922807,0],[103.75894354381545,1.226682685094381,0],[103.75913645171298,1.2262133180457173,0],[103.75943015344521,1.2260109312413234,0],[103.75982566564586,1.225931325558927,0],[103.7601816289826,1.2258384489878327,0],[103.76048655783131,1.2257602343384144,0],[103.76079193335535,1.225744075354719,0],[103.76124196135201,1.225663184935848,0],[103.76170806691336,1.2255337404402875,0],[103.76194915737814,1.225469017019877,0],[103.76225452884947,1.2254690432794126,0],[103.7623831082036,1.2254528676267593,0],[103.76252776068435,1.2254205096947555,0],[103.76284921500637,1.225307238416298,0],[103.76314797715706,1.2253342877171207,0],[103.76346438512677,1.225334296944999,0],[103.76375442901973,1.2252546878952733,0],[103.7640840228696,1.2252148881655784,0],[103.76449271926157,1.2251883592794557,0],[103.76509917039743,1.2251352968242282,0],[103.767406323844,1.2249495821607317,0],[103.76751179537916,1.224883237860475,0],[103.76768318428434,1.2248434328601774,0],[103.7678677539285,1.2249363238012279,0],[103.76884335032433,1.2248567309520355,0],[103.77083402908822,1.2274575976697797,0],[103.77076810606405,1.2276699084086347,0],[103.77046486507336,1.2283068363064917,0],[103.76989795804727,1.2286252903481458,0],[103.76888279371079,1.2293152789992674,0],[103.76807858023793,1.2296204571091907,0],[103.76737156055921,1.2299205340540256,0],[103.76720421858226,1.2299471968881812,0],[103.76708531782047,1.2299661412651928,0],[103.76658826609547,1.2300453357732977,0],[103.76629401975012,1.230037514640143,0],[103.76567454525023,1.2301622207414904,0],[103.7651598901599,1.2301151263357033,0],[103.76499702474364,1.2301002227359372,0],[103.76486026484137,1.2300891506891334,0]]]}},{"type":"Feature","properties":{"name":"PULAU JONG","source":"Singapore Land Authority National Map Polygon","sourceDatasetUrl":"https://data.gov.sg/datasets/d_29f066d67df3eae91df8a42f443863c8/view","sourceUpdatedAt":"20250617153039"},"geometry":{"type":"Polygon","coordinates":[[[103.78695782137231,1.2155840353666667,0],[103.78681316405061,1.2156811381598374,0],[103.78665244112518,1.2156811263247427,0],[103.78647564734527,1.2156811132950456,0],[103.78631492767613,1.2156487296916454,0],[103.78620242860441,1.2155677915649044,0],[103.78615422042296,1.215470674569027,0],[103.78612208427738,1.215357373337622,0],[103.78615423575486,1.215260261371595,0],[103.78625067810522,1.2151469678246416,0],[103.7863310421879,1.2150984183933284,0],[103.78637926069207,1.215066050201947,0],[103.78649177124342,1.2150013150012928,0],[103.78657213739298,1.2149365792359919,0],[103.7866685741112,1.2148880291695499,0],[103.78686144076384,1.2148718588493996,0],[103.78700608892198,1.2148880549105905,0],[103.78715073473545,1.2149366227127398,0],[103.78718287416491,1.2150175530893794,0],[103.78724715592361,1.215114672152955,0],[103.78724714798815,1.2152117855901972,0],[103.78724714095105,1.2153089008361284,0],[103.78716677480544,1.2153736366216394,0],[103.78711855513086,1.215422191153696,0],[103.78707033338212,1.2154869292981447,0],[103.78705425928165,1.2155192998651496,0],[103.78695782137231,1.2155840353666667,0]]]}},{"type":"Feature","properties":{"name":"PULAU SARIMBUN","source":"Singapore Land Authority National Map Polygon","sourceDatasetUrl":"https://data.gov.sg/datasets/d_29f066d67df3eae91df8a42f443863c8/view","sourceUpdatedAt":"20250617153039"},"geometry":{"type":"Polygon","coordinates":[[[103.68479869384508,1.4347463035847454,0],[103.6847144442149,1.434681831629495,0],[103.68465715399586,1.434661469819989,0],[103.68452572511498,1.4345766349004112,0],[103.6844178841272,1.4345359126171122,0],[103.68431004272513,1.4345155492973594,0],[103.6842763421108,1.434485011349343,0],[103.6842426441733,1.4344408971381302,0],[103.68419546815731,1.434328920624057,0],[103.6842022106717,1.434281416806961,0],[103.68420558368594,1.4342305187031306,0],[103.6842359182487,1.4341626556554357,0],[103.68429995335629,1.4340846162354852,0],[103.68435050716958,1.4340438998014575,0],[103.68441454143559,1.4340065774099964,0],[103.68447183358737,1.4339828281254194,0],[103.68457293879248,1.4339387200229048,0],[103.68467404572223,1.4338538948824409,0],[103.6847886317863,1.4337928227470589,0],[103.6848964764158,1.4337487150685617,0],[103.68499421191011,1.4337181811802502,0],[103.6850413942134,1.4336910362505402,0],[103.6850885782871,1.433650321386783,0],[103.68518968690499,1.433524777377052,0],[103.68523686876613,1.4335044196700255,0],[103.68529753001711,1.433517995358832,0],[103.68535144722969,1.433589254354265,0],[103.68542558139914,1.4337657026719457,0],[103.68550307425083,1.43414234773968,0],[103.68550643926359,1.434257716356359,0],[103.68550306410039,1.4343425451763496,0],[103.68551653955122,1.4344239819299582,0],[103.6855670877503,1.4344986338652381,0],[103.6856210076312,1.4345427466600802,0],[103.68571199607344,1.434617400314943,0],[103.68571873538254,1.4346615118531998,0],[103.68571198832954,1.434780272070966,0],[103.68569176366945,1.4348651007017887,0],[103.685637836872,1.4349567152748297,0],[103.6855906530508,1.4350211831830537,0],[103.68551650933559,1.435034752818106,0],[103.68546595660628,1.4350585025655822,0],[103.68541540368456,1.4350992199281962,0],[103.68531430059393,1.4350958228985582,0],[103.68523005076855,1.435061887604611,0],[103.68514580179435,1.435000807015872,0],[103.68508851440261,1.4349363341168748,0],[103.68501437544825,1.4348481088914096,0],[103.68490653487461,1.4348006003062435,0],[103.68479869384508,1.4347463035847454,0]]]}},{"type":"Feature","properties":{"name":"PULAU SAMULUN","source":"Singapore Land Authority National Map Polygon","sourceDatasetUrl":"https://data.gov.sg/datasets/d_29f066d67df3eae91df8a42f443863c8/view","sourceUpdatedAt":"20250617153039"},"geometry":{"type":"Polygon","coordinates":[[[103.6949631300743,1.3062221697682377,0],[103.69475270156696,1.3061264802072172,0],[103.69453377683728,1.3059252764240923,0],[103.69451476197409,1.3055133085905137,0],[103.69447670297613,1.3052067277261246,0],[103.69457193090138,1.3044977701032225,0],[103.69479664722829,1.3043596303981735,0],[103.69567139226373,1.3045922517073079,0],[103.69571063228553,1.3043661352954885,0],[103.69482981699461,1.3041291989598638,0],[103.69508595799647,1.303547225352793,0],[103.69513249985478,1.3032506523102603,0],[103.69532774243525,1.3015353910510497,0],[103.69538849167256,1.3008636712632327,0],[103.695388514409,1.300726273330076,0],[103.69544157213247,1.3004010802746613,0],[103.69550449704526,1.2996226567072506,0],[103.69943678705656,1.2995360164142324,0],[103.69942152918213,1.3001619428490288,0],[103.69939118274367,1.3003146039185445,0],[103.69945172089432,1.301001605982773,0],[103.69936942314263,1.3010055409891468,0],[103.69937001474023,1.3012202303023106,0],[103.6994820102931,1.3012153418759183,0],[103.69951218818625,1.3021466051495223,0],[103.69954243004243,1.302665671840837,0],[103.6995271590818,1.3033679300561887,0],[103.69951199965774,1.3033526618013525,0],[103.69942665203904,1.3034441696569368,0],[103.6992648180448,1.3036645151941804,0],[103.69902517898727,1.3038362099905731,0],[103.69873050021262,1.304046918700537,0],[103.69855214580198,1.3041093462670157,0],[103.69853663028961,1.3042342188668272,0],[103.69840504670371,1.3044517072751067,0],[103.69825339015618,1.3047264850329479,0],[103.6981333610697,1.304991245059227,0],[103.69803254928294,1.305084895357037,0],[103.69797050710861,1.3052097663341242,0],[103.69793172782417,1.3053424423111128,0],[103.69776112391872,1.3054595018460444,0],[103.6976468000743,1.3055813313178655,0],[103.69754064944341,1.3057187162574033,0],[103.6972337933347,1.3060448198013266,0],[103.69718945399114,1.3061739657318487,0],[103.69699338761097,1.3063804046432643,0],[103.69679951616857,1.306606727866677,0],[103.69674523887166,1.3065364839922227,0],[103.69659014630328,1.3066223256984812,0],[103.69662115942806,1.3067081775930403,0],[103.69632755598485,1.3068635462886184,0],[103.69600917956275,1.306771905151148,0],[103.69573819497936,1.30666623721829,0],[103.6956423133028,1.3066288492187552,0],[103.69553920658468,1.3065886437290601,0],[103.6953572832314,1.3064970208944267,0],[103.69516625319807,1.3063221284024762,0],[103.6949631300743,1.3062221697682377,0]]]}},{"type":"Feature","properties":{"name":"PULAU KEPPEL","source":"Singapore Land Authority National Map Polygon","sourceDatasetUrl":"https://data.gov.sg/datasets/d_29f066d67df3eae91df8a42f443863c8/view","sourceUpdatedAt":"20250617153039"},"geometry":{"type":"Polygon","coordinates":[[[103.81194032829274,1.2649586622530664,0],[103.81181187229335,1.2649542017604176,0],[103.81163771995466,1.2649089241723919,0],[103.81148583444518,1.2648296562034436,0],[103.8113508262268,1.2647334016820222,0],[103.81128894694017,1.264631487359242,0],[103.81128894912835,1.2644786162149655,0],[103.81124932670663,1.2643523303492044,0],[103.81123269613671,1.2643087579016676,0],[103.81119331857329,1.2642351531063987,0],[103.81113144110141,1.2641332378754004,0],[103.8110662523305,1.2640561971733864,0],[103.81098066674122,1.2639951798320348,0],[103.81090080096234,1.2639633789529316,0],[103.81082852593416,1.2639377061147496,0],[103.81081080788951,1.263924331306367,0],[103.8106690627661,1.2639064968922753,0],[103.81049631202777,1.2638842036768687,0],[103.81034195907853,1.2638236767753919,0],[103.81026517815971,1.2636690251558476,0],[103.8102969873748,1.2634339158653372,0],[103.81032278338175,1.2632244000495663,0],[103.81041658685382,1.2630861723123143,0],[103.81053175608147,1.2629970065609262,0],[103.8106602117011,1.2629301344223551,0],[103.81088611823347,1.2628944700488862,0],[103.81103019411331,1.26291026422293,0],[103.81118207893505,1.2629498993260275,0],[103.81118732619687,1.2628632639173485,0],[103.81129363526283,1.2628454316532296,0],[103.81131135469285,1.2625868521461556,0],[103.81145753044808,1.2626002280420465,0],[103.81154611930177,1.2627206033898393,0],[103.81341537564359,1.2629747396209559,0],[103.81344638174727,1.2630326979003041,0],[103.81340559336753,1.2630871313158183,0],[103.81313665838677,1.2635308703867933,0],[103.81304088184868,1.263671008227973,0],[103.81310603933555,1.263733184737728,0],[103.81273347528568,1.2643293337724235,0],[103.81261035284139,1.264232080992132,0],[103.81254259792959,1.264253616090702,0],[103.81247840865142,1.2642428482030297,0],[103.81241065313492,1.26433975578991,0],[103.812387714081,1.2645039213637328,0],[103.81236113567029,1.2645930861099368,0],[103.81235214724927,1.2646428197808963,0],[103.81231839431439,1.2646994390851665,0],[103.81226776509195,1.2647617186716578,0],[103.81222276162595,1.2648183378826625,0],[103.81214963134288,1.2648806190911153,0],[103.81204837262777,1.2649259133778148,0],[103.81194032829274,1.2649586622530664,0]]]}},{"type":"Feature","properties":{"name":"ISLET","source":"Singapore Land Authority National Map Polygon","sourceDatasetUrl":"https://data.gov.sg/datasets/d_29f066d67df3eae91df8a42f443863c8/view","sourceUpdatedAt":"20250617153039"},"geometry":{"type":"Polygon","coordinates":[[[103.81494421225081,1.2522502827794582,0],[103.81485452831488,1.2522530748241705,0],[103.81478851508564,1.2522736938791386,0],[103.81457909525251,1.2523745001476578,0],[103.8143833330199,1.2524775972551827,0],[103.81426161838296,1.2525977647820736,0],[103.81434184494945,1.2526462149192195,0],[103.81439101836489,1.2526957066567683,0],[103.81436643067386,1.2527451987615215,0],[103.81419432696185,1.2526833325997533,0],[103.8141205687763,1.252652400057539,0],[103.8140222235751,1.2525781609045634,0],[103.81402260537743,1.2524652798660638,0],[103.81402260518638,1.252368618612465,0],[103.8140609991138,1.252271956738787,0],[103.81448332093845,1.2520206412922061,0],[103.81465608898706,1.2519046477652558,0],[103.81480965928642,1.2518853171532947,0],[103.81486724865901,1.2518853166577122,0],[103.81498242610247,1.2519433153093888,0],[103.81507329176041,1.2520461286936635,0],[103.81506099843752,1.2521265537953343,0],[103.81503026470163,1.2521946052441835,0],[103.81505485019089,1.252330707841547,0],[103.81501796979107,1.252374013104931,0],[103.81495650522697,1.2523492674343368,0],[103.81494421225081,1.2522502827794582,0]]]}},{"type":"Feature","properties":{"name":"PULAU PALAWAN","source":"Singapore Land Authority National Map Polygon","sourceDatasetUrl":"https://data.gov.sg/datasets/d_29f066d67df3eae91df8a42f443863c8/view","sourceUpdatedAt":"20250617153039"},"geometry":{"type":"Polygon","coordinates":[[[103.81481568821582,1.249733992690459,0],[103.81473890108666,1.2497146604359752,0],[103.8147005088022,1.2497146601621845,0],[103.81464292105878,1.2496179966857366,0],[103.81466211815578,1.2494826694367636,0],[103.81475810097905,1.2493086757001757,0],[103.81489247669464,1.2491733483614977,0],[103.81511633813437,1.2490951675686057,0],[103.81524541620423,1.2490766099893171,0],[103.8154113737208,1.249014746228944,0],[103.81563265062246,1.24885389826233,0],[103.81581090319689,1.2487116102735403,0],[103.81592768710625,1.2487672901017846,0],[103.81593383332482,1.2488594675577633,0],[103.8158600731409,1.2490079439221002,0],[103.81567952927888,1.2491540175705755,0],[103.81539907862,1.2493611903333435,0],[103.81515936075712,1.2495839021502884,0],[103.81481568821582,1.249733992690459,0]]]}},{"type":"Feature","properties":{"name":"ISLET","source":"Singapore Land Authority National Map Polygon","sourceDatasetUrl":"https://data.gov.sg/datasets/d_29f066d67df3eae91df8a42f443863c8/view","sourceUpdatedAt":"20250617153039"},"geometry":{"type":"Polygon","coordinates":[[[103.82898290832375,1.2408005952757653,0],[103.82888731691563,1.2408459526488695,0],[103.82862940225992,1.241052294880468,0],[103.82851036374308,1.2411488094246732,0],[103.82844753878159,1.2412120434286784,0],[103.82844753870829,1.2412519801964548,0],[103.82847399123328,1.2412752757890193,0],[103.82849431934154,1.2413385488342132,0],[103.82847415369011,1.2413717769836092,0],[103.82845765494478,1.2413902359513869,0],[103.82842621374861,1.2413999062700587,0],[103.828389826175,1.2414086966316964,0],[103.82835316096653,1.241412388181262,0],[103.828311036352,1.2413999069567982,0],[103.82826516578983,1.2413865448727184,0],[103.82821016802703,1.2413662390539877,0],[103.82817666208622,1.2413419088511608,0],[103.8281441733215,1.2412942460274716,0],[103.8281240069337,1.2412425597069754,0],[103.82811907324286,1.2411872487208297,0],[103.82812400713598,1.2411391853370297,0],[103.82814233891555,1.241098573949045,0],[103.8281766617494,1.241051919623992,0],[103.82882933931864,1.2404912749819734,0],[103.82887380103833,1.2404709422145452,0],[103.82891596521807,1.2404580207154765,0],[103.82894451763826,1.240452609041815,0],[103.8289892947146,1.240446945076807,0],[103.8290387917305,1.2404469442537458,0],[103.82905969499402,1.2404526083271623,0],[103.82908462274017,1.2404635584216197,0],[103.82911395503565,1.2404857099905149,0],[103.82913228668792,1.2405133989697696,0],[103.82917829821484,1.2405863632286733,0],[103.82918160466045,1.2406662367698977,0],[103.8291849110959,1.2407527673434415,0],[103.82915845843416,1.2408160014218688,0],[103.8291088589532,1.240832640758242,0],[103.82902412542323,1.2408124461454426,0],[103.82898290832375,1.2408005952757653,0]]]}},{"type":"Feature","properties":{"name":"PULAU TEKUKOR","source":"Singapore Land Authority National Map Polygon","sourceDatasetUrl":"https://data.gov.sg/datasets/d_29f066d67df3eae91df8a42f443863c8/view","sourceUpdatedAt":"20250617153039"},"geometry":{"type":"Polygon","coordinates":[[[103.83653383680279,1.2320554311088239,0],[103.83657802063325,1.23199611102341,0],[103.83665866521048,1.231647556788237,0],[103.83668948166992,1.2315420960009371,0],[103.83671413595768,1.2313497854056543,0],[103.83678193376123,1.231250527611103,0],[103.83691962391445,1.2311328686006358,0],[103.83698391924992,1.2310195732475888,0],[103.8370482128277,1.2309386478395217,0],[103.83728931700185,1.2305825771730086,0],[103.8373696841796,1.2304854681160928,0],[103.83749826866224,1.2303721753645558,0],[103.83764293113933,1.2301779545484346,0],[103.837752642198,1.2300858863639645,0],[103.83781467243266,1.2300508864188084,0],[103.83783165623876,1.2300288632865217,0],[103.83784797505172,1.2299548346292708,0],[103.83793225423369,1.2297895156049834,0],[103.83807690960275,1.2296762237014531,0],[103.83818942307407,1.2295629300402886,0],[103.8383180100835,1.2294010809715703,0],[103.83843052437027,1.2292554164486933,0],[103.83859125332538,1.2291421253903239,0],[103.83865554770838,1.2290612008468504,0],[103.83878413293435,1.228931721702186,0],[103.83899308262049,1.2287536906257719,0],[103.83913774227688,1.2285918423867854,0],[103.83920308613519,1.2285260451459015,0],[103.83950002734633,1.2285147453327971,0],[103.83964178697326,1.2285395589747963,0],[103.83969725916458,1.2286388156467958,0],[103.8397773392571,1.2287864530881187,0],[103.83977738491463,1.2290916772791158,0],[103.83974656800179,1.2293212097867636,0],[103.83963562640639,1.2295569464311225,0],[103.83945688525857,1.2298609221107764,0],[103.8392411643088,1.2300594371113396,0],[103.83906242279195,1.2302269340939733,0],[103.83872343229147,1.2306301668677768,0],[103.83810708357818,1.231107843844225,0],[103.8378543812322,1.2313932086126684,0],[103.8375893521342,1.231753017108696,0],[103.83740444763973,1.2320507878062463,0],[103.83713941759729,1.2324664281504318,0],[103.83689725284022,1.232718230006248,0],[103.83687131084685,1.2328161773218347,0],[103.8367150718107,1.2331651250570792,0],[103.83667099413505,1.233341132681681,0],[103.83656621401168,1.233446595367559,0],[103.83645527087346,1.2335148343821252,0],[103.83625187612544,1.2336140914155822,0],[103.83618015784538,1.2335768651062893,0],[103.83611587123197,1.2335283043773302,0],[103.83606765473819,1.233528300810172,0],[103.83601944263965,1.233431184690927,0],[103.83600337696802,1.2333340694428456,0],[103.83601946033424,1.2331560279403206,0],[103.83608375662135,1.2330103608557565,0],[103.83611590743266,1.2329132482705758,0],[103.83618020108192,1.2328323237889132,0],[103.8362605648437,1.2327999555637679,0],[103.83629270856513,1.2327999582411189,0],[103.83642130116023,1.2325733666619285,0],[103.83645345281494,1.2324438823173607,0],[103.8364534545743,1.2324115105623603,0],[103.8365177587722,1.2321525436803793,0],[103.83653383680279,1.2320554311088239,0]]]}},{"type":"Feature","properties":{"name":"PULAU SUBAR LAUT","source":"Singapore Land Authority National Map Polygon","sourceDatasetUrl":"https://data.gov.sg/datasets/d_29f066d67df3eae91df8a42f443863c8/view","sourceUpdatedAt":"20250617153039"},"geometry":{"type":"Polygon","coordinates":[[[103.8352127280186,1.2154685229457594,0],[103.83505003464654,1.21553220394372,0],[103.83494157385591,1.2155140090836287,0],[103.83483311214815,1.2154594261732914,0],[103.83471561134056,1.2153411596611159,0],[103.83462522681933,1.2151410200274062,0],[103.8345740086531,1.2150117943761563,0],[103.83449365343154,1.214914674612424,0],[103.83444544262161,1.2148175593549257,0],[103.83412811005581,1.2144223318933187,0],[103.83403772472636,1.214285872223606,0],[103.8340276047061,1.2141377353651168,0],[103.8339472522181,1.2140082456335965,0],[103.83385082440476,1.2139273112810758,0],[103.83377046296704,1.2139273067735317,0],[103.83364003174104,1.2138673952968362,0],[103.83352253195135,1.2137309356121686,0],[103.83340503217175,1.2135307941279614,0],[103.83338695493501,1.2133215556265533,0],[103.83354964820238,1.213112318020613,0],[103.8336671479567,1.213166901887073,0],[103.83380272494159,1.2131941938060453,0],[103.8339633749839,1.2131504044002295,0],[103.83404373639449,1.2131342225699788,0],[103.8341080287422,1.2130694853633264,0],[103.83426875959807,1.2129076373658085,0],[103.83433305461875,1.2128105265851434,0],[103.83436520167199,1.2127457857664818,0],[103.83433306532967,1.2126162987393017,0],[103.83430092541936,1.2125515543269845,0],[103.83420449942862,1.2124220627986122,0],[103.83396541718223,1.212602868120121,0],[103.83392926272138,1.2125664791773596,0],[103.8341913792879,1.2123481426871856,0],[103.83435407069625,1.2122935587515942,0],[103.8345529183676,1.2122935586688095,0],[103.83485118677035,1.212366337323571,0],[103.83542964905119,1.2124573097647982,0],[103.83542061094346,1.2125300885782224,0],[103.83500484098573,1.2124482130506204,0],[103.83499202822324,1.2125515937817006,0],[103.83497772582743,1.2128303011222568,0],[103.83505003396112,1.2130213437475859,0],[103.8351042648449,1.213166901324572,0],[103.83524913709131,1.2133447076031807,0],[103.83529407287905,1.2135307943181246,0],[103.83540253473345,1.2138673954220163,0],[103.83554715007195,1.21405843797575,0],[103.83570080357644,1.2142221903831647,0],[103.83589061333882,1.2143495519881655,0],[103.83613465215873,1.2144951093553562,0],[103.83627022928347,1.2145678871113899,0],[103.83626119034174,1.2146861518883614,0],[103.83599003737766,1.21494087844036,0],[103.83582734408883,1.215040948435901,0],[103.83560138183735,1.2152047002692035,0],[103.8352127280186,1.2154685229457594,0]]]}},{"type":"Feature","properties":{"name":"PULAU SAKIJANG BENDERA (SAINT JOHN'S ISLAND)","source":"Singapore Land Authority National Map Polygon","sourceDatasetUrl":"https://data.gov.sg/datasets/d_29f066d67df3eae91df8a42f443863c8/view","sourceUpdatedAt":"20250617153039"},"geometry":{"type":"Polygon","coordinates":[[[103.84428682594059,1.2232570837342835,0],[103.84376218877941,1.2227406416883997,0],[103.843324030809,1.2225201401065307,0],[103.84328367361888,1.2224563101523647,0],[103.84324908190388,1.2223054386305052,0],[103.84312224675858,1.2222242008653823,0],[103.84311071571614,1.2221255536415634,0],[103.84314530730877,1.2219978942085843,0],[103.84331375881335,1.221753856929273,0],[103.84366993986039,1.2213769993040193,0],[103.84388901843357,1.2211739024104336,0],[103.84411962461176,1.2208837639060208,0],[103.8444828325709,1.220465964620255,0],[103.84493251829437,1.2200597724402205,0],[103.84516889063607,1.2199030964394724,0],[103.8456210266939,1.2195573229728052,0],[103.84619509578593,1.2189920620908192,0],[103.84645452944359,1.2186787118049276,0],[103.84663901473911,1.2184872205759376,0],[103.84680620543955,1.218313137549898,0],[103.84696186533378,1.2181158440355027,0],[103.8470137523641,1.2180113949994846,0],[103.8470886987807,1.217877931090622,0],[103.84730777468882,1.2176110038108212,0],[103.84762486081624,1.2173556817126343,0],[103.847820877347,1.2171351755872837,0],[103.8479534756492,1.2169146716029904,0],[103.84816102159992,1.2166419419082046,0],[103.84837433328865,1.2163692121649792,0],[103.84863376567722,1.2160790731089977,0],[103.84866259241473,1.2160152428377082,0],[103.8486856520148,1.2158701743635905,0],[103.848783658749,1.2155858386199228,0],[103.84888166606035,1.2154059543580766,0],[103.84907768228207,1.215173843324428,0],[103.84920451544205,1.2149417326863605,0],[103.84927369716377,1.2148720988569028,0],[103.8493890007702,1.2148314785997598,0],[103.84976373875656,1.2147270275600985,0],[103.84993092994634,1.2147038159949866,0],[103.85009812099007,1.214657392978221,0],[103.85035755512821,1.2145587449816935,0],[103.85045556310192,1.2145065190680289,0],[103.85051321524637,1.2144717033467294,0],[103.85052474459697,1.2144078722617089,0],[103.85051897909713,1.2143092259341532,0],[103.85054203924518,1.2142686062164805,0],[103.8504473536417,1.2141221394253314,0],[103.85055933420266,1.2140364971188933,0],[103.85074958696312,1.2143440407063475,0],[103.85081300420053,1.2143440402944072,0],[103.8508648907113,1.2143324351400122,0],[103.85089948202992,1.214233787645349,0],[103.8508994807194,1.2141699584428522,0],[103.85096289798672,1.2140364935967887,0],[103.85108396628446,1.2138392000707292,0],[103.85128574704189,1.2136012864311898,0],[103.85152788317919,1.213287936676048,0],[103.8516950730135,1.2132124997116598,0],[103.85184496939081,1.213177683330546,0],[103.85198333395614,1.2132357091687922,0],[103.85204675188496,1.2133401584050192,0],[103.85203226212874,1.213427670323919,0],[103.85198333626101,1.2135722678318317,0],[103.85198910173239,1.213659309339771,0],[103.85201792940117,1.213746349783044,0],[103.85202369622876,1.2140306840186603,0],[103.85211438957671,1.2142738238195294,0],[103.85214476837915,1.2144020589960463,0],[103.85212170843752,1.2145993518843863,0],[103.85210441514987,1.214924305848622,0],[103.8520640588688,1.2150055443651147,0],[103.85200640661398,1.2150229528952678,0],[103.85207558636486,1.214547127820918,0],[103.8520640545538,1.2143788481190618,0],[103.85198334142946,1.214326624294818,0],[103.85184497630456,1.214326625251941,0],[103.85152789081954,1.2144310770948155,0],[103.85133340024973,1.2146190380826427,0],[103.85118774568005,1.2147908485757841,0],[103.8511646858037,1.2148720869641338,0],[103.85121080778842,1.2149127062271527,0],[103.85119927841386,1.2149707340022124,0],[103.85117621725719,1.2149939446922928,0],[103.85110703422819,1.2149939451512122,0],[103.8510609132556,1.2149707349194332,0],[103.85096867061151,1.2152318592650704,0],[103.85092831642963,1.215504588083716,0],[103.85093408431138,1.2158295409847648,0],[103.8509744418115,1.2160674530152267,0],[103.85104362514184,1.216247338060922,0],[103.85114163543024,1.2164040105679508,0],[103.85129729614872,1.2165316697409854,0],[103.85142989689159,1.2165896965468583,0],[103.85155096569076,1.2165896957269549,0],[103.8516432067594,1.216229925001652,0],[103.85170662411898,1.216241531192692,0],[103.85172392001299,1.2162937545549957,0],[103.85160285415427,1.2167289622095165,0],[103.85155096896071,1.2170771260337103,0],[103.85157403169107,1.2172860252251523,0],[103.85162592122556,1.217581963956229,0],[103.85164321810578,1.2177792565608874,0],[103.85160862641929,1.2178256787738166,0],[103.85156250535512,1.2177966661440065,0],[103.85155673863738,1.2176574002530307,0],[103.85151637996783,1.217390474386687,0],[103.85135495266363,1.2172860258031661,0],[103.85119929235701,1.217228000052592,0],[103.85098021415688,1.2172163957838908,0],[103.85092256192326,1.217245410011643,0],[103.85091679782977,1.2173672669478965,0],[103.85090526915306,1.2175355468031819,0],[103.85051324772516,1.2197463942895341,0],[103.85066890909869,1.2198102233892776,0],[103.85103211915501,1.2198914592420886,0],[103.85129155257387,1.219885654200036,0],[103.85145874500367,1.2198682449439477,0],[103.85149333578084,1.2198160203253716,0],[103.85147027416384,1.2196419382977433,0],[103.8515279254266,1.2195955159300536,0],[103.85151062620609,1.2190500580534973,0],[103.8515394522804,1.2190268473215475,0],[103.85157980918204,1.2190268470466512,0],[103.85160863474819,1.219061663106037,0],[103.8516605268004,1.2198566378484585,0],[103.85161883328836,1.2201814743978878,0],[103.85141262702884,1.220576179710487,0],[103.85130885439038,1.2206922348978295,0],[103.8510724815958,1.2208721219728318,0],[103.85100329916389,1.2208489109911973,0],[103.84998862367625,1.2214407965719472,0],[103.84984728628041,1.2215048563578896,0],[103.84980413739714,1.221464009156309,0],[103.84987331865268,1.2214407981929591,0],[103.85001168378415,1.2213827696364918,0],[103.85062855989483,1.2210171932188194,0],[103.85039218362466,1.2206574246512043,0],[103.85031723605897,1.2205935950245943,0],[103.85020193103553,1.2205877933470537,0],[103.84998285400063,1.2206632296408266,0],[103.84979260202098,1.220692244667597,0],[103.84843777960843,1.2215800717224623,0],[103.8487433411261,1.2223286239994413,0],[103.8485329231941,1.2222911980477857,0],[103.84837436584812,1.2222357821528491,0],[103.8480976364452,1.2223750487216636,0],[103.84805727933494,1.222346036001,0],[103.84823023458908,1.2222473877769915,0],[103.84827635697867,1.2221835583196072,0],[103.84823023372584,1.2220907137211061,0],[103.84804574665965,1.2219804626643114,0],[103.84774018895955,1.2219050294110334,0],[103.84761335409866,1.2218992267802875,0],[103.84696188577453,1.2221777620434293,0],[103.84679469484834,1.2223518450767412,0],[103.84652372939502,1.222317030173782,0],[103.84633924201339,1.2223170310793046,0],[103.84599909531121,1.2225085230286548,0],[103.84576272155562,1.2227870559980087,0],[103.84570506957193,1.2229089140666793,0],[103.8457108381781,1.2233267109207924,0],[103.84575119435317,1.2233499221733646,0],[103.846148993783,1.2231700347948387,0],[103.84618935071985,1.2231642321927039,0],[103.84621817718835,1.223204850717385,0],[103.8461316985827,1.2232512731098564,0],[103.84576272533731,1.2234137522236443,0],[103.84554941181274,1.2234601751856042,0],[103.84527844562098,1.2234833869492845,0],[103.84502799788424,1.2234802191635719,0],[103.84452896630042,1.2233441251776456,0],[103.84428682594059,1.2232570837342835,0]]]}},{"type":"Feature","properties":{"name":"PULAU SELETAR","source":"Singapore Land Authority National Map Polygon","sourceDatasetUrl":"https://data.gov.sg/datasets/d_29f066d67df3eae91df8a42f443863c8/view","sourceUpdatedAt":"20250617153039"},"geometry":{"type":"Polygon","coordinates":[[[103.86461029606694,1.4375765203045525,0],[103.86486069217227,1.4373515111697521,0],[103.86501254130994,1.4372133186760039,0],[103.86522652116398,1.4372707427695242,0],[103.86544050033022,1.4373425236150905,0],[103.86556808434439,1.4376314189557209,0],[103.86566875098266,1.4378593659901104,0],[103.865896999586,1.4381608558487666,0],[103.86605392318116,1.4385341296693255,0],[103.86609672285395,1.438878693393094,0],[103.86601126455908,1.4397020163953493,0],[103.86586232987828,1.4403125697757821,0],[103.86559405382803,1.4409605899191325,0],[103.86520057856535,1.441662613155597,0],[103.8648071022324,1.4422386331549018,0],[103.86417216970723,1.4429496588853956,0],[103.86379657506717,1.4433276743920884,0],[103.86337626757758,1.4438226906630265,0],[103.8630632727597,1.4442097054437195,0],[103.8629023074,1.4446057166140418,0],[103.86278605262083,1.4448577253765478,0],[103.86258931472206,1.44524473676436,0],[103.86206044765412,1.4460189547505289,0],[103.86148042302075,1.4470177936529385,0],[103.86126579722412,1.44726080333729,0],[103.86071993164623,1.4477621720204068,0],[103.86026420823787,1.4482058392928538,0],[103.85974552833426,1.4487728587882642,0],[103.85930733363486,1.449303877237984,0],[103.85885125206353,1.4496728917333357,0],[103.85859749534798,1.4498428398865908,0],[103.85820653568406,1.45001156502443,0],[103.85786754044902,1.4501139128597966,0],[103.85776916879334,1.4501139139304702,0],[103.85764803118806,1.4501240775765445,0],[103.85750840985014,1.450095978696131,0],[103.85736879001618,1.4500397649519303,0],[103.85714540261957,1.4498992156610317,0],[103.85691959186069,1.4497719152992714,0],[103.85692853330653,1.4495469086405275,0],[103.85703584607312,1.449465906379364,0],[103.85745260557046,1.4494774732837885,0],[103.85769460169283,1.4493305495781408,0],[103.85792735105419,1.4491717254274286,0],[103.8580940278204,1.4490721233256383,0],[103.85866462891317,1.4479809995990378,0],[103.85868083587079,1.4478015555932175,0],[103.85882105475393,1.4476780260843198,0],[103.85882106338279,1.4475655702803913,0],[103.85884900315166,1.4473687668810888,0],[103.85890486066364,1.4472563050177991,0],[103.85904449135963,1.447171948010932,0],[103.85918412500304,1.4470313630934701,0],[103.85921205998041,1.4468907903046948,0],[103.85943250299711,1.4466038087775466,0],[103.85967395471884,1.4461177937392335,0],[103.85982649558576,1.4456537033028736,0],[103.85980808836995,1.445316772911273,0],[103.85976337074639,1.4450287661845533,0],[103.85967393926633,1.444776760884572,0],[103.85960239289781,1.444470754012234,0],[103.85962921722307,1.4441017453110516,0],[103.85968700537698,1.443882525993228,0],[103.85993837689739,1.4432077592661947,0],[103.86024557787962,1.4428141295561983,0],[103.86055276402196,1.442617298372474,0],[103.86072033303043,1.4423361396482794,0],[103.86102752523676,1.442054965641338,0],[103.8611950818198,1.4419424924024569,0],[103.86139055705469,1.4419143579476326,0],[103.86156978635374,1.441725662962212,0],[103.86172181203797,1.441509654714294,0],[103.86188850259948,1.4411327672183634,0],[103.86258719498183,1.4400428147415265,0],[103.86330930603931,1.4389610751733164,0],[103.86375721522671,1.4382900956068683,0],[103.86404368395623,1.438006212003915,0],[103.86432294666861,1.4377812703634396,0],[103.86461029606694,1.4375765203045525,0]]]}},{"type":"Feature","properties":{"name":"ISLET","source":"Singapore Land Authority National Map Polygon","sourceDatasetUrl":"https://data.gov.sg/datasets/d_29f066d67df3eae91df8a42f443863c8/view","sourceUpdatedAt":"20250617153039"},"geometry":{"type":"Polygon","coordinates":[[[103.81176356707992,1.2540365937293814,0],[103.81187874501836,1.2540365946819485,0],[103.81194299207368,1.2540936317069311,0],[103.81197912432599,1.2541300001405102,0],[103.81198746213136,1.254197141175613,0],[103.81199302067338,1.2542782700023054,0],[103.81197992672264,1.2543504572184538,0],[103.8120013577546,1.2544349314216872,0],[103.81200969571988,1.2544824893355668,0],[103.81198745963786,1.2545048685709232,0],[103.81195410619041,1.2545104636035205,0],[103.81193742877262,1.2544880840485415,0],[103.81189427393505,1.254412070000989,0],[103.811881841166,1.2543901697941247,0],[103.81185404608932,1.2543873723635515,0],[103.81179289733775,1.2544181437832893,0],[103.81172618922439,1.2544684991807384,0],[103.81167893778976,1.254527247246285,0],[103.8116455839268,1.254583197321369,0],[103.81159833161287,1.2546391472798215,0],[103.81151216844306,1.254700692217665,0],[103.8114482402969,1.2547594401387019,0],[103.81141948779474,1.25481534774423,0],[103.81151772616009,1.254879733936317,0],[103.81152050505624,1.2549105067893958,0],[103.81149826898962,1.254930088819228,0],[103.81146769473342,1.2549300885622088,0],[103.8112836498234,1.2548292159380439,0],[103.81118766802975,1.25482921602648,0],[103.81113008136921,1.2547132207690541,0],[103.81114927762587,1.2545972270709724,0],[103.81120686819318,1.25446190108783,0],[103.81151401390936,1.254171918122616,0],[103.81168678117051,1.2540752592197524,0],[103.81176356707992,1.2540365937293814,0]]]}},{"type":"Feature","properties":{"name":"PULAU PERGAM","source":"Singapore Land Authority National Map Polygon","sourceDatasetUrl":"https://data.gov.sg/datasets/d_29f066d67df3eae91df8a42f443863c8/view","sourceUpdatedAt":"20250617153039"},"geometry":{"type":"Polygon","coordinates":[[[103.661228392389,1.3991828892605378,0],[103.66097218368111,1.3989249939027932,0],[103.66082899865084,1.3989173993524062,0],[103.66080639764989,1.3988187980289308,0],[103.66083655107978,1.39869744691164,0],[103.66093452633703,1.3986140242374692,0],[103.66107017996109,1.3985533571333693,0],[103.66115308081497,1.3984926870315084,0],[103.66116815907324,1.3984168421874754,0],[103.66111541294462,1.3983258226031685,0],[103.66100238412632,1.3981589544182969,0],[103.66085166388439,1.3981361886802803,0],[103.66072354941618,1.3981589329020925,0],[103.66070095084837,1.3980148250906075,0],[103.66076878297363,1.3979238153229443,0],[103.66083661364154,1.3978403886106945,0],[103.66094211913861,1.397840397311196,0],[103.66099487485951,1.3977873089475639,0],[103.66098734492402,1.3977114633391299,0],[103.66088937966845,1.3976583629386286,0],[103.66083663079777,1.397605266780982,0],[103.66085170981799,1.3975066691469245,0],[103.66082157391192,1.397400483304671,0],[103.66076882359597,1.3973549711087225,0],[103.66066331957383,1.3973473793450424,0],[103.66055028341476,1.3972942787225864,0],[103.66039203020115,1.3972260059170925,0],[103.66032421362243,1.397104646642078,0],[103.66033175608607,1.3970212181883432,0],[103.66041465668678,1.3969757160324432,0],[103.66049001926119,1.3969529679157475,0],[103.66057291785043,1.3969226363914715,0],[103.66068813400001,1.3969256699963883,0],[103.66080653915681,1.3968923150996713,0],[103.66091204481864,1.3968771531578856,0],[103.66098287511807,1.3968400045659053,0],[103.66107456861401,1.3968268339019823,0],[103.6612134897716,1.3968468368307467,0],[103.6612586993124,1.3969530246849156,0],[103.66137927018329,1.3970288786208849,0],[103.66144708736951,1.3971426530046647,0],[103.66149229712903,1.397233672026011,0],[103.66154504400848,1.3973019369997592,0],[103.66167315071867,1.397385376345499,0],[103.6618012566862,1.3974915702871764,0],[103.66187660331886,1.39768877513885,0],[103.66190673687447,1.3978404683687595,0],[103.6619067203719,1.398068006248338,0],[103.66186149407488,1.3982045251104704,0],[103.6618162688728,1.3983258751408232,0],[103.66175597368732,1.3984093006293397,0],[103.66177103285351,1.3985837473530396,0],[103.66174840516835,1.3988643749234337,0],[103.6616655001068,1.3989705533449113,0],[103.66162027763289,1.3990539799364103,0],[103.66151477097426,1.3990691409939626,0],[103.66142433408443,1.3991373963228122,0],[103.66133389981174,1.399144973615804,0],[103.661228392389,1.3991828892605378,0]]]}},{"type":"Feature","properties":{"name":"CORAL ISLAND","source":"Singapore Land Authority National Map Polygon","sourceDatasetUrl":"https://data.gov.sg/datasets/d_29f066d67df3eae91df8a42f443863c8/view","sourceUpdatedAt":"20250617153039"},"geometry":{"type":"Polygon","coordinates":[[[103.84473073900608,1.2510329116408336,0],[103.84473248191775,1.2509789933841278,0],[103.84474109857155,1.2509258166767643,0],[103.84475802661895,1.2508750265525235,0],[103.84478187334182,1.2508267704289004,0],[103.84480439032555,1.2507976407290562,0],[103.84481456160454,1.25078448217163,0],[103.84485296542175,1.2507466623568284,0],[103.84489541982323,1.2507137704091116,0],[103.84494012055997,1.2506846577925932,0],[103.8449869166733,1.2506579426379192,0],[103.84506365979973,1.2506263889944362,0],[103.84508654526981,1.2506185570893797,0],[103.84519162801652,1.250599031370542,0],[103.84530615436202,1.2505955309542796,0],[103.84546959657298,1.2505940199091212,0],[103.84562486219272,1.2505952129440299,0],[103.84578393758596,1.2505996616659563,0],[103.84584888319186,1.2506022207084584,0],[103.84594842213228,1.2506072313161005,0],[103.84605296588352,1.2506143743885103,0],[103.84614396885432,1.2506285363010474,0],[103.84621105302541,1.250645021642598,0],[103.84631151761602,1.2506834846978592,0],[103.84633978537295,1.2506976197839712,0],[103.84640557576733,1.2507344271157033,0],[103.84644962175845,1.2507652928763227,0],[103.84648845631989,1.2508024349564317,0],[103.84652394837623,1.2508431312078028,0],[103.84655616082124,1.2508867485746593,0],[103.84660785899881,1.2509808954345503,0],[103.84662788923761,1.251031140050057,0],[103.84664321658882,1.2510828352910477,0],[103.8466604284301,1.251189258177692,0],[103.84666226978743,1.2512434196910929,0],[103.84665926717857,1.2512973144415238,0],[103.84665184560653,1.25135085470338,0],[103.8466302445526,1.2514422942667145,0],[103.84660968925199,1.2515074773919335,0],[103.84658903233957,1.2515572989715558,0],[103.84654746683438,1.2516389362220317,0],[103.84648226117018,1.2517449733621244,0],[103.84640776457681,1.251822441653083,0],[103.8463770171017,1.251855320001092,0],[103.8462780219741,1.2519014711511722,0],[103.84615867601042,1.2519343110475685,0],[103.84595490955309,1.2519336183945857,0],[103.84587535107606,1.2519158380561448,0],[103.84582644408074,1.2518948208457132,0],[103.84578125066605,1.2518658334467982,0],[103.84572330162293,1.2518108691240113,0],[103.84566930967227,1.2517498328737335,0],[103.8456148846669,1.2516959700484718,0],[103.84550085743341,1.2516077922707451,0],[103.84538047228227,1.2515327956389624,0],[103.84524615458878,1.2514640934465204,0],[103.84509031358374,1.2514008781274402,0],[103.84492002423674,1.251333729779274,0],[103.84487247402159,1.2513091547722028,0],[103.8448305458595,1.2512758245806708,0],[103.84479583374424,1.2512348343840958,0],[103.8447684446107,1.2511885056875578,0],[103.84474804062175,1.251139071370265,0],[103.84473498029125,1.2510868750896016,0],[103.84473296837508,1.2510609469501186,0],[103.84473073900608,1.2510329116408336,0]]]}},{"type":"Feature","properties":{"name":"PULAU SALU","source":"Singapore Land Authority National Map Polygon","sourceDatasetUrl":"https://data.gov.sg/datasets/d_29f066d67df3eae91df8a42f443863c8/view","sourceUpdatedAt":"20250617153039"},"geometry":{"type":"Polygon","coordinates":[[[103.70745514880714,1.2165519973152668,0],[103.70723012441913,1.2166976425706422,0],[103.70708546538958,1.2167947426624353,0],[103.70692472787066,1.2169403963411385,0],[103.70681221227281,1.2170374979313598,0],[103.7067157742534,1.2170860459219721,0],[103.70650531977275,1.2172193698475824,0],[103.70635492736075,1.2172761259826392,0],[103.70622803376764,1.2172950419565047,0],[103.70611994289541,1.2172477341131656,0],[103.7060447515659,1.2171720452961639,0],[103.70603535508977,1.2171105508697615,0],[103.70605415779984,1.2170254068779724,0],[103.70613405701101,1.2169355350624067,0],[103.70644424492713,1.2167605292685737,0],[103.70649594383498,1.216717958819732,0],[103.70652414831409,1.2165807818288457,0],[103.70665155934284,1.2163900558526777,0],[103.70679674338248,1.2163253591404122,0],[103.70699413163679,1.216287526274313,0],[103.70715862304695,1.2162591523888273,0],[103.70730901516893,1.2162071260200042,0],[103.70748734769664,1.2160340600792168,0],[103.70763199768598,1.2160340750010648,0],[103.70764806536494,1.216082633727198,0],[103.70764805293598,1.2161959332523962,0],[103.70764804634695,1.2162606757090082,0],[103.70759981784697,1.2163739702606473,0],[103.70755159503597,1.2164225223545984,0],[103.7074872981006,1.2165034435647826,0],[103.70745514880714,1.2165519973152668,0]]]}},{"type":"Feature","properties":{"name":"PULAU PUNGGOL TIMOR","source":"Singapore Land Authority National Map Polygon","sourceDatasetUrl":"https://data.gov.sg/datasets/d_29f066d67df3eae91df8a42f443863c8/view","sourceUpdatedAt":"20250617153039"},"geometry":{"type":"Polygon","coordinates":[[[103.88354560814336,1.4175424408084667,0],[103.88402456073133,1.4175305551102997,0],[103.88416926622499,1.4175929665694893,0],[103.88457236832441,1.4175097380948571,0],[103.88501681442804,1.4174265086225335,0],[103.88556461761841,1.4172912649661695,0],[103.88613309219728,1.4170519962917876,0],[103.88661887860833,1.4168127293960295,0],[103.88723902892286,1.41641742309024,0],[103.88758010990124,1.4161677573923597,0],[103.88792119333287,1.4159492976137913,0],[103.88818992505757,1.4158036579564162,0],[103.88843798736475,1.4157308354002036,0],[103.88872739161299,1.4156476080265796,0],[103.88903747087754,1.4156163927759828,0],[103.88951292512974,1.4155435645981422,0],[103.89006073075424,1.4155019423189203,0],[103.89051551204624,1.415429114445135,0],[103.89146641956349,1.4153250662481593,0],[103.89198321727677,1.415273041404395,0],[103.89232430239797,1.4151794102822466,0],[103.89277908486277,1.415158592813459,0],[103.89284520917197,1.4151227340009487,0],[103.89328941234425,1.4150588328308975,0],[103.89334626932751,1.4150506540972638,0],[103.89343929385389,1.4150896595819358,0],[103.89382689165141,1.4150350367444893,0],[103.8946098385994,1.4149335926135886,0],[103.89470286403858,1.4149725998553169,0],[103.89492767059055,1.4149335850486768,0],[103.89502069232492,1.4148321582048398,0],[103.89527650680738,1.414808746421462,0],[103.89570286664703,1.4148477437389044,0],[103.89580621572043,1.4148440619906288,0],[103.89587972309549,1.4149549240980313,0],[103.89594977763625,1.414981224701473,0],[103.89604446937949,1.4150314748884396,0],[103.89614656993265,1.415080108772053,0],[103.89621144631377,1.415120913688369,0],[103.89628980769422,1.415158092641641,0],[103.89630606882916,1.415169398548559,0],[103.89640430735189,1.4152544575698218,0],[103.89643902967391,1.4152884841962263,0],[103.89646104988454,1.4153008905545224,0],[103.89648418361105,1.4153194456487381,0],[103.89655291039789,1.415391507960876,0],[103.89659757937774,1.4154326643127004,0],[103.89666536381856,1.415514494675839,0],[103.89673954429519,1.4156252717237459,0],[103.89678125102886,1.415680699007146,0],[103.8968027644219,1.4157254191836302,0],[103.89685364721306,1.4158021611531229,0],[103.89689793077797,1.4158787233350545,0],[103.89704487082743,1.4161883624416778,0],[103.89709550101767,1.41632660473804,0],[103.89719459937417,1.41653593498024,0],[103.89727512085587,1.4167309559914956,0],[103.89730894706602,1.4168211978540282,0],[103.89736166729021,1.4169226424437487,0],[103.89739515090223,1.4170040513972184,0],[103.89747231357194,1.4171691208828747,0],[103.89754029631438,1.4173354368340312,0],[103.89761202333216,1.4174962975581904,0],[103.89765783024866,1.4176121687364247,0],[103.89771593473516,1.4178071840230129,0],[103.89771902901228,1.417823063652363,0],[103.8977252607048,1.4178550372439678,0],[103.89773294656392,1.4179286096998338,0],[103.89776894143853,1.4180634456486712,0],[103.89778054808576,1.4181134204417094,0],[103.89778929980685,1.4181918185500226,0],[103.8977926149538,1.4182660060948762,0],[103.89780354578187,1.4183779388388318,0],[103.89780990572574,1.4185307480291602,0],[103.89777014216544,1.4190131636773449,0],[103.89775414100298,1.419110670771606,0],[103.89772663938024,1.419228979448929,0],[103.89765328037802,1.4194229620115344,0],[103.8976133055928,1.41951433186175,0],[103.89759115893816,1.419578017746934,0],[103.89753775312046,1.4197084031100007,0],[103.8975076206516,1.4197701891502372,0],[103.89743790720469,1.419899443608095,0],[103.89732951074694,1.4200740122667732,0],[103.89721471344903,1.4202421953893465,0],[103.8970900425722,1.4203824538497831,0],[103.89707093306447,1.4204110738622677,0],[103.8970524376937,1.4204215333374552,0],[103.89703031944592,1.420440538242123,0],[103.8969104529715,1.4205686636217814,0],[103.89681439791075,1.4206533888452715,0],[103.896729019349,1.4207186726715972,0],[103.89665006257066,1.4207682222044546,0],[103.89646822935372,1.4208965690307853,0],[103.89631072100926,1.4209947664155154,0],[103.89616704596406,1.4210756086787617,0],[103.89609375442623,1.4211125503089381,0],[103.8959664202667,1.4211954052261675,0],[103.8958064717368,1.421276002829353,0],[103.89565638444725,1.4213615207950476,0],[103.89560619338901,1.421382072005889,0],[103.89555280567305,1.4214222109081727,0],[103.89545602635874,1.4214768831990374,0],[103.89539170014368,1.4215183382425212,0],[103.89532671990716,1.4215655676619772,0],[103.89526772295656,1.421597079987455,0],[103.89515319607577,1.4216701438782713,0],[103.8951114626041,1.4216934585852619,0],[103.89497723119236,1.4217571212366291,0],[103.89484660167923,1.4218343546604622,0],[103.89477128179342,1.4218642974364613,0],[103.89468065658328,1.4219076677022555,0],[103.8946106431856,1.4219497875839628,0],[103.89451780263154,1.4220153636408237,0],[103.89445647462567,1.4220434303840346,0],[103.8944039761862,1.4220724754117862,0],[103.89430499766304,1.4221497938778116,0],[103.89241594381014,1.423249317684118,0],[103.89170068728144,1.423665632570509,0],[103.89047373275854,1.4243797814061097,0],[103.89039348777612,1.424418762374291,0],[103.89026590173792,1.4245064942271015,0],[103.89017003425468,1.4245620163829877,0],[103.89007356218887,1.4246246378028324,0],[103.88986924675598,1.424728652789095,0],[103.88977539315518,1.4247907306098146,0],[103.8896977135775,1.4248278439808146,0],[103.88961965987576,1.4248893010131045,0],[103.88959468386741,1.424902668118408,0],[103.88955255734844,1.4249158231192538,0],[103.88953607490869,1.424932838217406,0],[103.88947804298138,1.424968693129304,0],[103.88944771977684,1.4249952794443752,0],[103.88933636067776,1.4250562760582082,0],[103.88927037605265,1.4250854262091546,0],[103.8892303488718,1.4251083310950778,0],[103.88899409669034,1.42525627804804,0],[103.88891999382467,1.4253079298531397,0],[103.88874932560509,1.425394612704975,0],[103.8886520569171,1.4254406408263862,0],[103.8886355873633,1.4254332417228164,0],[103.88858588799643,1.4253539953641616,0],[103.88854570884686,1.4252974492012198,0],[103.88848562208273,1.4251933991145906,0],[103.88840435608911,1.4250748236501405,0],[103.88834136606117,1.4249737679762278,0],[103.88834281414812,1.4249551543330694,0],[103.88838208318177,1.4249052117268135,0],[103.88838815992862,1.424887384768519,0],[103.88838074332868,1.424865078822563,0],[103.88836789390042,1.4248449552361586,0],[103.88825927470953,1.4247216560281135,0],[103.88812093142502,1.4245382969403662,0],[103.88808248578214,1.424485956016482,0],[103.88806433417643,1.4244447681213792,0],[103.8880004985976,1.4243433009711501,0],[103.88796351095492,1.4242731901726398,0],[103.88791519660315,1.4242040690169786,0],[103.88788722039675,1.4241494823053051,0],[103.8878333543804,1.4240728243147973,0],[103.88779985711989,1.424013234794561,0],[103.88772318925064,1.423892911962209,0],[103.8876244029569,1.4237500465830268,0],[103.88756587589268,1.4236700660643522,0],[103.88752196143786,1.4236169493151818,0],[103.88748433890305,1.4235633277815782,0],[103.88728702722116,1.4232494251620764,0],[103.887252220839,1.4231940518057122,0],[103.8872062886025,1.4231209794127113,0],[103.8871559021986,1.4230539962024915,0],[103.88708698689224,1.4229492119365887,0],[103.887028123951,1.4228759969531903,0],[103.88693140534114,1.4227305712381384,0],[103.88693655109337,1.4226322071194615,0],[103.8867839529218,1.422414644340585,0],[103.88654151394668,1.4220480282539394,0],[103.88631386284686,1.4217080046048622,0],[103.88625423400296,1.4216189433591222,0],[103.88592627262706,1.4211237295824313,0],[103.88562114460595,1.4206711469278681,0],[103.88545098497914,1.4204276066048172,0],[103.88527567957601,1.4201620596016542,0],[103.88482406324296,1.4194791070894115,0],[103.88457009664502,1.4191009983685972,0],[103.88428780659576,1.4186807134403656,0],[103.88410584217225,1.4184220577320683,0],[103.88382992317474,1.4180382790424517,0],[103.88374092667532,1.4180236936099586,0],[103.88349358217316,1.41764842430987,0],[103.88348561924131,1.4175814563610403,0],[103.88354560814336,1.4175424408084667,0]]]}},{"type":"Feature","properties":{"name":"PULAU SERANGOON (CONEY ISLAND)","source":"Singapore Land Authority National Map Polygon","sourceDatasetUrl":"https://data.gov.sg/datasets/d_29f066d67df3eae91df8a42f443863c8/view","sourceUpdatedAt":"20250617153039"},"geometry":{"type":"Polygon","coordinates":[[[103.91732348782497,1.4161127686462038,0],[103.91695703774049,1.4166128829382045,0],[103.91640424988226,1.4172317784211719,0],[103.91607505524676,1.4173880714348173,0],[103.91575827799693,1.4174130884377512,0],[103.91544149523345,1.4172818233342104,0],[103.91518060967421,1.4170380326410812,0],[103.91502531104786,1.4165941994054638,0],[103.9150253049642,1.416420483933815,0],[103.91502529570147,1.4161816154380276,0],[103.91507378160895,1.4160006316889815,0],[103.91517434907752,1.4156252469310295,0],[103.91538552108071,1.4152564148665758,0],[103.91574718382029,1.4147356010176735,0],[103.91608115169583,1.4141561682077468,0],[103.91622004794088,1.4136995539618038,0],[103.91630473019704,1.4133059884204235,0],[103.91633139227375,1.412803472734455,0],[103.91635928388379,1.4121314043129238,0],[103.91648480536885,1.411799428034893,0],[103.91666491816824,1.411380585716837,0],[103.91700030621098,1.4107304433179038,0],[103.91748476005453,1.409924011586427,0],[103.91770214605664,1.4096114413490555,0],[103.91798785292863,1.4092426063658758,0],[103.91836186536729,1.408799317332135,0],[103.91896299124352,1.408186107239661,0],[103.9193294483369,1.4078735304484766,0],[103.91975801699597,1.4075547003323998,0],[103.92008099807646,1.4073734005719627,0],[103.92045988157454,1.4072108542521935,0],[103.92109964083863,1.4070482971082254,0],[103.92154684837301,1.406848239578613,0],[103.92187603899109,1.4066106789284045,0],[103.92219901503557,1.4063043552392431,0],[103.92246608939114,1.405954274249797,0],[103.9226524145632,1.405610448203573,0],[103.922913275445,1.4052228589575841,0],[103.92321140392681,1.404879027652013,0],[103.92350682017194,1.4045995554034807,0],[103.92400642714233,1.4042413693624403,0],[103.92441015369792,1.4040288102063168,0],[103.92480145898124,1.4038600099751148,0],[103.92526109139106,1.4037349672896355,0],[103.92575178094657,1.4036661836941606,0],[103.92658409590274,1.40368490421859,0],[103.92663999188447,1.4035411227561185,0],[103.92673315926866,1.4034661039267788,0],[103.92688843941248,1.4034160882268554,0],[103.9270670166773,1.4034913963675502,0],[103.92736050068343,1.4034910842650576,0],[103.9275903184244,1.403447315553941,0],[103.92778907682194,1.4033847952160943,0],[103.92793193443676,1.4033222771374818,0],[103.92801267797712,1.4032472578612414,0],[103.92809527235303,1.403144004300824,0],[103.92823626237212,1.4026721327963219,0],[103.92846896405626,1.4020620166411797,0],[103.92877700402764,1.4017519685684625,0],[103.92900495734682,1.4016279457497247,0],[103.92922675198709,1.4015535292706107,0],[103.92946086986477,1.4015039144112256,0],[103.92998455966004,1.4015348960882605,0],[103.93022484277299,1.4015968919209276,0],[103.93048361341891,1.401727095802488,0],[103.93068969189645,1.401871870237409,0],[103.93089467256397,1.402065651209712,0],[103.93106859999065,1.4023219448256847,0],[103.93117420098483,1.4025532383849006,0],[103.93125496477772,1.4029470641444965,0],[103.93120529242375,1.4033659001179224,0],[103.93108108125499,1.4037284779184296,0],[103.93088232994768,1.4040035418568924,0],[103.93044755590297,1.4044036410924408,0],[103.9301307901963,1.4046599561365036,0],[103.9294972609976,1.4052538521429843,0],[103.92872087641697,1.405954026443748,0],[103.92802523563071,1.4066166878668267,0],[103.92721158481085,1.4073793746010452,0],[103.92654078841852,1.4080045279832807,0],[103.92585136004061,1.4087109479778073,0],[103.92531374889596,1.4093043001321184,0],[103.92506343807402,1.4096403025564734,0],[103.92439597224576,1.4102842840881629,0],[103.92395098913993,1.4107602749594428,0],[103.92328352520435,1.4113762544176949,0],[103.92294457634357,1.4116366526411495,0],[103.92244147302587,1.4119929946815697,0],[103.92136693593841,1.4125931566182213,0],[103.9206215921842,1.4129932660148494,0],[103.91999426306208,1.4134183745830704,0],[103.91957190397868,1.4137247026462147,0],[103.91902856677959,1.4142879972002278,0],[103.91863919107293,1.4148200022258048,0],[103.91816638693547,1.4153799975861212,0],[103.91785143400365,1.4156001455680172,0],[103.91755455467636,1.4158559672547772,0],[103.91747255574043,1.4159752349236838,0],[103.91732348782497,1.4161127686462038,0]]]}},{"type":"Feature","properties":{"name":"PULAU SEKUDU","source":"Singapore Land Authority National Map Polygon","sourceDatasetUrl":"https://data.gov.sg/datasets/d_29f066d67df3eae91df8a42f443863c8/view","sourceUpdatedAt":"20250617153039"},"geometry":{"type":"Polygon","coordinates":[[[103.989020763286,1.405110998102923,0],[103.98892566304164,1.4050990406911539,0],[103.9888008411745,1.4050571753454182,0],[103.98869979366204,1.404997362268457,0],[103.98856307827634,1.4048478218089417,0],[103.98846203500877,1.4048657746949293,0],[103.98827183285455,1.4048298951268197,0],[103.98802814193294,1.4048777683337301,0],[103.98782605874885,1.4049376007272507,0],[103.98766558201268,1.4050034126851971,0],[103.98757643086907,1.4050811845879254,0],[103.98744567835354,1.4052307428824833,0],[103.98741002098048,1.4053144926701833,0],[103.987332753612,1.4053384262781097,0],[103.9872792586499,1.4053145022502669,0],[103.98724359187185,1.4052546847702472,0],[103.98724358807188,1.4051829011371784,0],[103.98727330134022,1.4050991508413015,0],[103.9873981133941,1.4049914666605654,0],[103.98758830535513,1.4048718152482644,0],[103.98789737019611,1.4047342088751211,0],[103.9878438689574,1.4046145727479482,0],[103.98773687227317,1.404476994041554,0],[103.98765638439188,1.4043360375891274,0],[103.98765958817783,1.4042317383583143,0],[103.98773685107552,1.4041539672458685,0],[103.98784978242274,1.4041479782957735,0],[103.98805782880889,1.4043932252644538,0],[103.9881886014318,1.404536783811051,0],[103.98828369889479,1.404506868451655,0],[103.98837879843612,1.4044948974133271,0],[103.98855116637642,1.404488903554782,0],[103.98874137166558,1.4045726391563786,0],[103.98883053737859,1.4047162013491907,0],[103.9889969758704,1.4049315410814773,0],[103.98907425271021,1.405051174675279,0],[103.989020763286,1.405110998102923,0]]]}},{"type":"Feature","properties":{"name":"PULAU DAMAR LAUT","source":"Singapore Land Authority National Map Polygon","sourceDatasetUrl":"https://data.gov.sg/datasets/d_29f066d67df3eae91df8a42f443863c8/view","sourceUpdatedAt":"20250617153039"},"geometry":{"type":"Polygon","coordinates":[[[103.71288952924212,1.3064001919279649,0],[103.71267906609094,1.3064480126079057,0],[103.7125670426576,1.30652317058776,0],[103.71223774479036,1.3071210433031202,0],[103.71223431782771,1.3072129480938428,0],[103.71143395516717,1.306958168240725,0],[103.71142406114963,1.3058610238720758,0],[103.71137550086172,1.3025054804246858,0],[103.71134011084156,1.2995866588305307,0],[103.71188968443384,1.2996130232380199,0],[103.71191924560661,1.2996127795858499,0],[103.71541556004821,1.2995841034334157,0],[103.7184863982308,1.2995425040428026,0],[103.72179725508093,1.29951007456949,0],[103.7219481637384,1.299506974783252,0],[103.72192774432645,1.299774001548047,0],[103.72039711124243,1.2997893389589987,0],[103.72039200224158,1.2999485292326245,0],[103.7208511647205,1.3005442266661806,0],[103.72085626118321,1.300688011575393,0],[103.7207950303106,1.3008215226575772,0],[103.72069808616935,1.300908815564776,0],[103.72091746544874,1.3011758539728708,0],[103.71780831089205,1.3038674892146704,0],[103.71534866333775,1.3059240718721923,0],[103.71458868038859,1.3065498413540926,0],[103.71425708139249,1.3062021559459882,0],[103.71374834388492,1.3063934007462241,0],[103.71288952924212,1.3064001919279649,0]]]}},{"type":"Feature","properties":{"name":"PULAU BULOH","source":"Singapore Land Authority National Map Polygon","sourceDatasetUrl":"https://data.gov.sg/datasets/d_29f066d67df3eae91df8a42f443863c8/view","sourceUpdatedAt":"20250617153039"},"geometry":{"type":"Polygon","coordinates":[[[103.7253958101974,1.451133657646944,0],[103.72516218517413,1.4511488161863528,0],[103.72459695967179,1.4512398039109273,0],[103.72439347979858,1.4512397940588821,0],[103.72421261413366,1.4511639391581599,0],[103.72406189366396,1.4510349942336223,0],[103.72389748719958,1.4506138338985135,0],[103.72385400075966,1.4504934612000204,0],[103.72377555302491,1.4502689359488452,0],[103.72376048575208,1.4501475806871926,0],[103.72379063289281,1.4501096604480486,0],[103.72387353175623,1.4501020786946692,0],[103.72398657683495,1.4500945002123933,0],[103.72412223195907,1.4500414144214109,0],[103.72414484471948,1.44995798541041,0],[103.72413731742309,1.4497835390391867,0],[103.72424283084293,1.4496546056469968,0],[103.72419761586693,1.4496015119781656,0],[103.72413732541725,1.4496166779176116,0],[103.72406195786223,1.4497152741362975,0],[103.72392629384791,1.4499352210453014,0],[103.7238509293578,1.4499883088549905,0],[103.72374542193215,1.4499731348544693,0],[103.72366252472996,1.4499276233194252,0],[103.72356455622217,1.449882111046358,0],[103.72348166122075,1.4497910920098152,0],[103.72346260874727,1.4497055619485357,0],[103.72338650266323,1.4495961304304315,0],[103.72330834656643,1.449381515180025,0],[103.7231651670107,1.449184308427702,0],[103.72308227991569,1.4489491820099678,0],[103.72307475526499,1.4487216441653483,0],[103.72313505359125,1.4485244473673595,0],[103.72330085868593,1.44837276321897,0],[103.7235344872399,1.4482969293962031,0],[103.72397911939485,1.4484638112451227,0],[103.72443036316119,1.4486003881590832,0],[103.72478916694057,1.4487426616308128,0],[103.72505011385158,1.4488739875637164,0],[103.72556113316733,1.4491694671673643,0],[103.72632284568147,1.4495409367692083,0],[103.72691819424094,1.4498974410235863,0],[103.72736282417476,1.4501250004193673,0],[103.72770948182985,1.45032980138401,0],[103.72809382303271,1.450519433388518,0],[103.72799472768443,1.450548817805152,0],[103.7278617705968,1.4505739012918941,0],[103.72780360333356,1.4505738976588165,0],[103.72768726468281,1.4506240707284328,0],[103.72760416834048,1.4506073406459998,0],[103.72754599707096,1.450674241714693,0],[103.72752106500643,1.4507411452502845,0],[103.72743796581882,1.450766230151933,0],[103.72736318205988,1.4506993228250014,0],[103.72730501506364,1.4506742312697964,0],[103.72718036614728,1.4507244030157411,0],[103.72710557927756,1.4507243985797098,0],[103.72696430840702,1.450824748962689,0],[103.72682304065341,1.4508581946289465,0],[103.72677318273787,1.4508581922666353,0],[103.72667346914176,1.4507912828321254,0],[103.72659868227102,1.4507912801877934,0],[103.72651558189715,1.4508414538670884,0],[103.72617487921812,1.4509250676334446,0],[103.72597544170496,1.4509919619200655,0],[103.72561436425666,1.4510729917671221,0],[103.7253958101974,1.451133657646944,0]]]}},{"type":"Feature","properties":{"name":"PULAU RENGGIS","source":"Singapore Land Authority National Map Polygon","sourceDatasetUrl":"https://data.gov.sg/datasets/d_29f066d67df3eae91df8a42f443863c8/view","sourceUpdatedAt":"20250617153039"},"geometry":{"type":"Polygon","coordinates":[[[103.81317504197513,1.2597836939223483,0],[103.81314407104016,1.259598253631295,0],[103.8132254966978,1.2594954822224793,0],[103.81331603306593,1.2594432648867586,0],[103.81346004984248,1.259409913013329,0],[103.81366304592507,1.2594104029200857,0],[103.81419263981374,1.259436010366655,0],[103.81452471763161,1.259479882643294,0],[103.81472210844663,1.259514050980573,0],[103.81478283870621,1.2595909676630526,0],[103.8149080390665,1.259724208658425,0],[103.81493721321038,1.2598890384381234,0],[103.81473930131416,1.2600945178046348,0],[103.81450840504843,1.2601969454241237,0],[103.81417808714374,1.260183042005771,0],[103.81388103296094,1.2601561258870617,0],[103.8135102636502,1.2600822002765828,0],[103.81333700966438,1.2599806839693986,0],[103.81317504197513,1.2597836939223483,0]]]}},{"type":"Feature","properties":{"name":"PULAU BUKOM","source":"Singapore Land Authority National Map Polygon","sourceDatasetUrl":"https://data.gov.sg/datasets/d_29f066d67df3eae91df8a42f443863c8/view","sourceUpdatedAt":"20250617153039"},"geometry":{"type":"Polygon","coordinates":[[[103.76032606211051,1.2332869206313843,0],[103.76042589700332,1.2330157126006478,0],[103.76046989061798,1.2328754577254342,0],[103.76069495762229,1.2322442355497247,0],[103.76304160603348,1.2311114393570834,0],[103.76325055060894,1.231046714995572,0],[103.76373271965188,1.2310305703267976,0],[103.76443990334734,1.2309820732635515,0],[103.76499422600541,1.230906304574062,0],[103.76512827672343,1.2308893710866662,0],[103.76536691018013,1.230859226604895,0],[103.76718356686793,1.2304265223173128,0],[103.76729954317915,1.2303988968675792,0],[103.76767690240999,1.230309015102831,0],[103.76777334168605,1.230228095840785,0],[103.76796621297136,1.23017955340137,0],[103.76815908514887,1.230131012756281,0],[103.7683680256757,1.230114845129564,0],[103.76841624336659,1.2300986636083688,0],[103.76857697135566,1.2300339331123227,0],[103.76897878956079,1.229888295860439,0],[103.76925202780214,1.2297750190379984,0],[103.76952526089023,1.229726484752671,0],[103.77042533586791,1.229370473225235,0],[103.77069857527785,1.2292410108314464,0],[103.77085930316673,1.2291762810954818,0],[103.77249880097276,1.2276064043111918,0],[103.77254702744493,1.2274769229850495,0],[103.77257919562912,1.2271855826005993,0],[103.77254707690493,1.2268780526157577,0],[103.77257925518684,1.2264572279902084,0],[103.77264357166136,1.2261173347981345,0],[103.77269180657102,1.2258907391556075,0],[103.77283647375958,1.225680338357297,0],[103.77296506029097,1.2255832332963157,0],[103.77299720984952,1.2255184932610927,0],[103.77299722209422,1.2253728217937698,0],[103.77298116415494,1.2251947782232728,0],[103.77299725702889,1.2249358082951523,0],[103.7730454792811,1.2248710704314663,0],[103.77389733589203,1.2245150538043974,0],[103.77423486365294,1.224385595155861,0],[103.7758260130433,1.2244019085458775,0],[103.77614262571335,1.2244504924166952,0],[103.77620690637603,1.2245476108270725,0],[103.77635155123923,1.2246123655462433,0],[103.77641584025142,1.2246123714426234,0],[103.7765122799666,1.2245314491233086,0],[103.77654443066744,1.2244505236217276,0],[103.77664087127144,1.2243696031059688,0],[103.77680159997612,1.2242886875687247,0],[103.77697839766219,1.2242563313296835,0],[103.77726770222299,1.2241916102288761,0],[103.77742842843232,1.2241430663938553,0],[103.77774988083485,1.2240459777895287,0],[103.77784631926002,1.2239812426462173,0],[103.77813563294804,1.2238194080315716,0],[103.77856958722694,1.22375470062974,0],[103.77881066805566,1.223787090879964,0],[103.77895531294786,1.2238518445547917,0],[103.77899761687756,1.2238576704320527,0],[103.77911010594146,1.2240842776338123,0],[103.77908385455343,1.2243212397012897,0],[103.77906106105895,1.2246277086130948,0],[103.77885091416452,1.2250051545862126,0],[103.77855206097166,1.2256013483074641,0],[103.77847139818037,1.2256474882477477,0],[103.77836328619023,1.2257982743945932,0],[103.77831745062618,1.2258573384234337,0],[103.77826429077382,1.225982732038989,0],[103.77811402858254,1.2261646952811174,0],[103.77791051543142,1.2265744633031235,0],[103.77784665890107,1.226863174131534,0],[103.77785581410193,1.226985003125255,0],[103.7777953133499,1.2270643707330746,0],[103.77775314734299,1.2271215890180032,0],[103.77769997873332,1.2271898837329902,0],[103.77764131595872,1.2272009528349996,0],[103.77758265859346,1.227167723430842,0],[103.77752462720952,1.2271050506311763,0],[103.77738467024298,1.2272765433052228,0],[103.77725138090203,1.2273316307867654,0],[103.77712279566538,1.2274125479259597,0],[103.77705850343521,1.227477284620236,0],[103.77696206025257,1.2275905777894363,0],[103.77692990738599,1.227687689615343,0],[103.77696204574153,1.2277686201006948,0],[103.77702632403388,1.2278981111387082,0],[103.77709060570443,1.227995228626204,0],[103.77712274530474,1.2280599745961713,0],[103.77715488524449,1.2281085351477563,0],[103.77823231655263,1.2269696412743396,0],[103.77834481001712,1.2271153214137627,0],[103.7780389146107,1.2274126195987363,0],[103.77802282465606,1.2276392187383451,0],[103.77778173240443,1.2277524998797495,0],[103.7771387828424,1.2284969893613646,0],[103.77709055195707,1.2286750279378085,0],[103.77697803813932,1.2287721344418185,0],[103.776865527349,1.2288530528097,0],[103.77675300889996,1.228998714652346,0],[103.77659227900789,1.229079630170564,0],[103.77646369084262,1.2292091053338032,0],[103.77620652441523,1.2293385695856136,0],[103.7759474304414,1.2295613958737472,0],[103.77584476666378,1.2296333765701903,0],[103.77567977007907,1.2297773406359462,0],[103.7755312736828,1.2298899281123323,0],[103.7754189301526,1.2300021193533413,0],[103.77535463602146,1.230066857808935,0],[103.7752260418567,1.2302610763837274,0],[103.77506530274671,1.230471476044459,0],[103.77498493210777,1.2305847685791307,0],[103.77469559836615,1.231005573993098,0],[103.77455093763096,1.231118862375899,0],[103.77437413158857,1.2312645181555733,0],[103.77434198198694,1.2313292591072875,0],[103.77424553944714,1.2314425503537405,0],[103.77414909761315,1.2315234716670396,0],[103.77402051639336,1.2315720178060074,0],[103.7738919317564,1.231652935676129,0],[103.77373119838822,1.231798593578315,0],[103.77361868090337,1.2319280698541222,0],[103.773490094978,1.2320251731195844,0],[103.7733454359351,1.2321384614305644,0],[103.77326506769488,1.2322193839772528,0],[103.77320077435718,1.232284120565673,0],[103.7731364792193,1.2323488580566855,0],[103.77313647795741,1.2323650443773853,0],[103.77283108524747,1.232591618772016,0],[103.77242923558745,1.2329250153796039,0],[103.77234885932677,1.2331192367119512,0],[103.7720916825584,1.233362001157112,0],[103.77199524074872,1.2334752932158988,0],[103.77168985671473,1.2335885677467924,0],[103.77143270072847,1.233588547269424,0],[103.77123983089349,1.2336047164062027,0],[103.77112732138258,1.2336532645823388,0],[103.77093444606274,1.2337503625827695,0],[103.77078978719999,1.2338474653269624,0],[103.77064512922551,1.233944567158288,0],[103.77053261495765,1.2340416715536986,0],[103.77042010285902,1.2341225914329408,0],[103.7703397335739,1.234203512073303,0],[103.77029150468191,1.2343491796607027,0],[103.77022720482175,1.2344948459586458,0],[103.77014683257599,1.234624324646237,0],[103.77001616164436,1.2348431162796187,0],[103.76990249528545,1.2349833922745408,0],[103.76947173718543,1.2353364377310156,0],[103.76940743892743,1.2354497322703433,0],[103.76919848035975,1.2356763148700831,0],[103.76892523943371,1.235838148798336,0],[103.76882879986185,1.2358866972608236,0],[103.76878058116854,1.2359028796877678,0],[103.76861985630343,1.2359352384415145,0],[103.7685073418791,1.236032341836622,0],[103.76834660964518,1.2361456285494257,0],[103.7682662411352,1.236226550023352,0],[103.76800906977888,1.2364045705650162,0],[103.76788048214567,1.236517860755688,0],[103.76773582262857,1.2366311487310366,0],[103.76760723796463,1.2366958799516385,0],[103.76747865289575,1.2367767965796528,0],[103.767333993748,1.2368739000214457,0],[103.76723755331102,1.2369548192497553,0],[103.76702860704529,1.2370357311257107,0],[103.76688394876655,1.237132832732259,0],[103.76680357757992,1.2372461258889016,0],[103.76675535494533,1.2373108636135088,0],[103.76672320378186,1.2373917898700475,0],[103.76662676070231,1.2375050808053534,0],[103.7662650630628,1.2377899238721317,0],[103.7660561088663,1.2379679490501785,0],[103.76589537028703,1.2381459772532875,0],[103.76570248399466,1.2383725608598257,0],[103.76555781683992,1.2385667766737531,0],[103.76539708302151,1.2386962486025377,0],[103.76513990771902,1.2389066405678526,0],[103.76503082113723,1.239170343218063,0],[103.76497031589547,1.2392940116952544,0],[103.76473804934163,1.2395054759342274,0],[103.76456124658671,1.2395863902441606,0],[103.76432015099013,1.239732039984818,0],[103.7640147633096,1.239877685295387,0],[103.7638218912597,1.239926225591321,0],[103.7635647307375,1.239974760550949,0],[103.76329149741667,1.2400232950569645,0],[103.76313077002898,1.240071837965301,0],[103.76277717718902,1.2400879931161182,0],[103.7625843037779,1.240152721444113,0],[103.76240750314963,1.2402174483821535,0],[103.76210211977964,1.2403307217331323,0],[103.76189317487734,1.2403792596394276,0],[103.7616360160563,1.2403954235825747,0],[103.7613467161179,1.240379213988948,0],[103.76110563677543,1.2403144503585766,0],[103.7608645547683,1.240282058433809,0],[103.76060740399828,1.2402011080004107,0],[103.76036633006059,1.2400716017551825,0],[103.76009311908305,1.2398611639214765,0],[103.75994847923303,1.2397316666540947,0],[103.75981991980689,1.239521241869045,0],[103.75977171669618,1.2393593809851542,0],[103.75972351224544,1.2392137064159368,0],[103.75969138103008,1.239051846884575,0],[103.75959496272982,1.2388737956202893,0],[103.75949852521232,1.2387087744358665,0],[103.75945035483012,1.2383720284495616,0],[103.7593860879611,1.2381130519296133,0],[103.75945043966243,1.2373847020936184,0],[103.75957909360154,1.2365106871553142,0],[103.75967559340211,1.2357499691833522,0],[103.75977205371746,1.2354424499584233,0],[103.75993282294571,1.2349083367527238,0],[103.76012573313562,1.2344065970542142,0],[103.76017397463883,1.2341152600726135,0],[103.7601739956482,1.2338724743731417,0],[103.76028653393708,1.233500213010056,0],[103.76030262008473,1.2333383584300048,0],[103.76032606211051,1.2332869206313843,0]]]}},{"type":"Feature","properties":{"name":null,"source":"Singapore Land Authority National Map Polygon","sourceDatasetUrl":"https://data.gov.sg/datasets/d_29f066d67df3eae91df8a42f443863c8/view","sourceUpdatedAt":"20250617153039"},"geometry":{"type":"Polygon","coordinates":[[[103.75073616418317,1.2357041752725362,0],[103.75072983799875,1.2357232806749592,0],[103.75054628474302,1.2361167909635462,0],[103.75022595792964,1.2364960721831408,0],[103.74973605469468,1.2368184544298098,0],[103.74932152297916,1.2370270509629218,0],[103.74885046815864,1.2371408230233252,0],[103.7482663597159,1.2372735558693573,0],[103.74775762261261,1.2373304338626694,0],[103.74724888459586,1.237387310851853,0],[103.74677783423473,1.237387295427034,0],[103.74634446672843,1.2373683166446827,0],[103.7459299427661,1.2373303738994093,0],[103.74536468396556,1.2372544970309813,0],[103.74470521802355,1.237064828876048,0],[103.7442525973039,1.2369042446738565,0],[103.74402758867149,1.2368718526880185,0],[103.74348049202705,1.236818247816675,0],[103.74314134035448,1.2366854846308328,0],[103.7427079803604,1.2364768601072567,0],[103.74146443373057,1.235623412119195,0],[103.74103107536263,1.2353768574075659,0],[103.74071076773652,1.2351682356268463,0],[103.74035277311854,1.235073399570417,0],[103.73995709539184,1.2349027058875,0],[103.73974984009854,1.234713053412079,0],[103.73958027190247,1.2344096133671123,0],[103.73955974374977,1.2341684314089931,0],[103.73954368802258,1.233990387785159,0],[103.73965622473179,1.2336666846118056,0],[103.73967230389842,1.2335857581642007,0],[103.73980091241366,1.2332620573590118,0],[103.73992951268369,1.2330192853710722,0],[103.74026708121275,1.2324851897943458,0],[103.74078143609059,1.2320320382208543,0],[103.74124755515444,1.2317731106132999,0],[103.74187440509807,1.2314332713957765,0],[103.74246321073174,1.2312236681924875,0],[103.74306616025879,1.2311099008026558,0],[103.74366910414638,1.2311099221803197,0],[103.74451699391116,1.2311289152558507,0],[103.74521414635817,1.2312237611215706,0],[103.74574783956943,1.2312232135917267,0],[103.7520662089805,1.229877983925908,0],[103.7585608395799,1.2265139344068174,0],[103.75913645171298,1.2262133180457173,0],[103.75943015344521,1.2260109312413234,0],[103.75982566564586,1.225931325558927,0],[103.7601816289826,1.2258384489878327,0],[103.76048655783131,1.2257602343384144,0],[103.76079193335535,1.225744075354719,0],[103.76124196135201,1.225663184935848,0],[103.76170806691336,1.2255337404402875,0],[103.76194915737814,1.225469017019877,0],[103.76225452884947,1.2254690432794126,0],[103.7623831082036,1.2254528676267593,0],[103.76252776068435,1.2254205096947555,0],[103.76284921500637,1.225307238416298,0],[103.76314797715706,1.2253342877171207,0],[103.76346438512677,1.225334296944999,0],[103.76375442901973,1.2252546878952733,0],[103.7640840228696,1.2252148881655784,0],[103.76449271926157,1.2251883592794557,0],[103.76509917039743,1.2251352968242282,0],[103.767406323844,1.2249495821607317,0],[103.76751179537916,1.224883237860475,0],[103.76768318428434,1.2248434328601774,0],[103.7678677539285,1.2249363238012279,0],[103.76884335032433,1.2248567309520355,0],[103.77083402908822,1.2274575976697797,0],[103.77076810606405,1.2276699084086347,0],[103.77046486507336,1.2283068363064917,0],[103.76989795804727,1.2286252903481458,0],[103.76888279371079,1.2293152789992674,0],[103.76807858023793,1.2296204571091907,0],[103.76737156055921,1.2299205340540256,0],[103.76720421858226,1.2299471968881812,0],[103.76708531782047,1.2299661412651928,0],[103.76658826609547,1.2300453357732977,0],[103.76629401975012,1.230037514640143,0],[103.76567454525023,1.2301622207414904,0],[103.7651598901599,1.2301151263357033,0],[103.76499702474364,1.2301002227359372,0],[103.76486026484137,1.2300891506891334,0],[103.76412344933014,1.2300582502215878,0],[103.76389932808029,1.2299786268142328,0],[103.76363565557097,1.2298724646741208,0],[103.76338516589628,1.229845918595565,0],[103.76318740899244,1.2298724528565836,0],[103.76271279011071,1.2300714818663974,0],[103.76167126830623,1.230350113973564,0],[103.76134167183902,1.2304297207789812,0],[103.7610165427954,1.2306095113617872,0],[103.76080759821092,1.2306742355462064,0],[103.76067901860044,1.2306904111066008,0],[103.76041139573181,1.2308026779027772,0],[103.76006510779422,1.2309653192191248,0],[103.75989427185978,1.2310721977172938,0],[103.75972805302702,1.2311930189198526,0],[103.75956183328537,1.2313463701030605,0],[103.75935405579168,1.231574074252153,0],[103.75929864838666,1.2316763102087727,0],[103.75921091925929,1.2318157218760282,0],[103.75916811892176,1.2319203918269157,0],[103.75916809962563,1.2321308048922897,0],[103.75916808975492,1.2322602908989855,0],[103.75915201566623,1.2322764749559239,0],[103.75911985088202,1.2325192570384311,0],[103.75905932411425,1.2326055923071904,0],[103.758887553239,1.2328539133127785,0],[103.75876621634012,1.2330371667011075,0],[103.75860544566805,1.2335874670561249,0],[103.7586054096661,1.2340082940802757,0],[103.75855717610008,1.2342025176515397,0],[103.75842856162782,1.2346233347004143,0],[103.75823566734299,1.2349308447999894,0],[103.75817136007205,1.2351250669986977,0],[103.75807488740413,1.235578257566427,0],[103.75794627458949,1.2359667028527561,0],[103.75770516318609,1.2362903951248805,0],[103.75749620225145,1.2365331612422243,0],[103.75739976698387,1.2365493375480408,0],[103.75707831879733,1.2365816819131585,0],[103.7567729456628,1.2365654695699788,0],[103.7564836516558,1.2364845160193714,0],[103.7561300765968,1.2363064426710377,0],[103.75571221506362,1.2360959929504538,0],[103.75535865197507,1.2357884344175543,0],[103.7548765278592,1.2352866353510952,0],[103.75468368990265,1.2349467197326014,0],[103.75444265203286,1.2344125714170466,0],[103.75441490259098,1.2343042458206,0],[103.75073616418317,1.2357041752725362,0]]]}},{"type":"Feature","properties":{"name":"PULAU SEMAKAU","source":"Singapore Land Authority National Map Polygon","sourceDatasetUrl":"https://data.gov.sg/datasets/d_29f066d67df3eae91df8a42f443863c8/view","sourceUpdatedAt":"20250617153039"},"geometry":{"type":"Polygon","coordinates":[[[103.75964957259293,1.2003382513497987,0],[103.75958235487789,1.20010917032046,0],[103.75955385014335,1.19992264612796,0],[103.75991024691514,1.1991478684088177,0],[103.76015259710849,1.1985883055752686,0],[103.76026664043437,1.1984878744107654,0],[103.76038068157546,1.1984017891791316,0],[103.76053748543082,1.198487880764325,0],[103.76036643141305,1.1982583104224045,0],[103.76010984929628,1.1979569963241867,0],[103.75986752233605,1.1976126402526892,0],[103.7599958195834,1.1975122076726303,0],[103.75982476872535,1.1971678526127343,0],[103.75975350211934,1.1968808930364125,0],[103.75975351244205,1.1964934993455356,0],[103.75981054099766,1.1961491504326844,0],[103.75989607897891,1.1958478464304092,0],[103.7597677847307,1.1958047988275264,0],[103.75979630066199,1.1956039293279166,0],[103.75998162583342,1.1952452361147508,0],[103.7602524782347,1.1949869803119921,0],[103.76063736642149,1.1948722068012236,0],[103.762077162191,1.193322669889905,0],[103.76226248322384,1.193107455779054,0],[103.7624192969752,1.1927631102756528,0],[103.76276142487282,1.1924331163913475,0],[103.7630180188317,1.1922609482085766,0],[103.76317482481173,1.19221790808426,0],[103.76387333719438,1.1915435726697658,0],[103.76501376711816,1.190338376866663,0],[103.76517057613381,1.1901662059705718,0],[103.76548419095163,1.1899509938928878,0],[103.76604061396789,1.189579600304939,0],[103.76622294038661,1.1894854956535472,0],[103.76631099502941,1.1893340537583557,0],[103.76669588359294,1.1891618883294333,0],[103.76705226077813,1.189061461809532,0],[103.76760820799001,1.1889610391259224,0],[103.76826393906953,1.1888893151009157,0],[103.76894817741858,1.1889180267450772,0],[103.76954688338866,1.1890615209512747,0],[103.7699437256436,1.1893545552655471,0],[103.77041922581401,1.189536434924015,0],[103.7713035117365,1.1900412680120809,0],[103.77162702815836,1.1902480231088315,0],[103.77266868495516,1.1908981256662134,0],[103.77323887357669,1.1913859681194632,0],[103.7737805527189,1.1919168530971083,0],[103.77469285426835,1.1928207920145237,0],[103.77504921932442,1.1932655853662677,0],[103.77517750499446,1.1937247215828175,0],[103.77530575999484,1.1956473465536899,0],[103.77536276312321,1.1964651795543784,0],[103.775476795922,1.196795183880197,0],[103.77561934205515,1.1969960581375645,0],[103.77580465187852,1.1972399765462265,0],[103.77597570866634,1.1973978081337386,0],[103.77618953183652,1.1975125964495494,0],[103.77872690608255,1.1986174380819177,0],[103.77912604427345,1.1987896208975315,0],[103.7794681606958,1.198990498937187,0],[103.77983878640893,1.1992631171628065,0],[103.78019515732765,1.1995357341577824,0],[103.78042871875739,1.19986742365908,0],[103.78047626720657,1.1998587236873197,0],[103.78060825110587,1.1999118640311186,0],[103.78060824932541,1.2000048562777974,0],[103.78054225488619,1.2000845621200094,0],[103.78063694690528,1.2002370634283264,0],[103.78073683575565,1.2002100971958276,0],[103.78082236561514,1.2002244466022596,0],[103.78087938409018,1.2003248837795384,0],[103.78080810773137,1.2003822743169763,0],[103.78105043482503,1.2008270638394396,0],[103.78120723182799,1.201271852606049,0],[103.7813070088145,1.2017453366812716,0],[103.78136401838547,1.202319255104927,0],[103.78128194294479,1.203553056227208,0],[103.78129403368551,1.2039129440267893,0],[103.78134477873489,1.2043982453966962,0],[103.78147166205255,1.2044493317960143,0],[103.78135743466605,1.206084028280664,0],[103.78121783834563,1.2073483623323462,0],[103.78107824731826,1.2082806478754782,0],[103.7809767275853,1.2089064294490155,0],[103.78083714488034,1.2094428119792706,0],[103.78067218621318,1.2098897957088726,0],[103.78032959269245,1.2101707526032985,0],[103.78007582010804,1.2103495432809743,0],[103.78005043490052,1.2107837600830542,0],[103.77898460367292,1.2107965093298858,0],[103.77897191270172,1.2109497618644347,0],[103.77942187784168,1.2109494543801662,0],[103.77941600621706,1.211077481600775,0],[103.77893384485591,1.2110647013669318,0],[103.77893384358279,1.2111285558671891,0],[103.77717014790032,1.2111412911073638,0],[103.77714451418431,1.211054185755002,0],[103.77672605433546,1.2110646558695943,0],[103.77672605619009,1.2109752575829604,0],[103.77709402189886,1.210936951868467,0],[103.77709402542926,1.2108092419674,0],[103.77481010283718,1.2107836513397878,0],[103.77482279904464,1.2104388317303194,0],[103.77441677032202,1.2103621969463143,0],[103.7740361186308,1.2102727912190356,0],[103.77368084515076,1.2101578431177828,0],[103.77312255660925,1.2099790359498168,0],[103.7725388925599,1.209749143236544,0],[103.77192985394052,1.2094681658676636,0],[103.77157458239786,1.2092765915640993,0],[103.7710162979788,1.2089317597632243,0],[103.77057220966486,1.2086124715845572,0],[103.77014080759055,1.208369812279992,0],[103.76972209411554,1.2082165487730332,0],[103.76943026093227,1.2081654579266814,0],[103.76907498374746,1.2081909923753744,0],[103.76878314877425,1.2082165273902539,0],[103.7685293777935,1.2083059177767383,0],[103.768186786653,1.2084463917578727,0],[103.76776806198161,1.208727345166243,0],[103.76778074621275,1.2088805991402103,0],[103.76732395807214,1.209072154179808,0],[103.76682910621358,1.2091870813688586,0],[103.76638500872782,1.20922538289449,0],[103.76596629226418,1.2091615179840425,0],[103.7656617690024,1.2091615103619444,0],[103.76575058505827,1.2093147653431235,0],[103.76573789335855,1.209468017779486,0],[103.76417718335263,1.2106812296639937,0],[103.76399954244481,1.2107961653370756,0],[103.76377114887163,1.210808929983897,0],[103.76266725513608,1.2107833601842506,0],[103.76252566229839,1.2107345081099683,0],[103.76244235157661,1.210650651412854,0],[103.7623729293791,1.2105248678261635,0],[103.76118852602117,1.2130561314495845,0],[103.76016505927602,1.2145358397218533,0],[103.75995678012427,1.2144939067897855,0],[103.75972580800402,1.2148202440693443,0],[103.75954899831694,1.2150144569491228,0],[103.75942040339207,1.2152248592705013,0],[103.75940432807381,1.2152572287511825,0],[103.75937215735344,1.2155647543453492,0],[103.75937214038788,1.2157589820237287,0],[103.7593239072823,1.215953205658894,0],[103.75917923026331,1.216276907224071,0],[103.75916314063245,1.2164711335516651,0],[103.75909882635887,1.2167786546301915,0],[103.75906666004211,1.2170214376556125,0],[103.75906663321624,1.2173451513513849,0],[103.75906662114384,1.2174908218811935,0],[103.75903446286189,1.2176364906150414,0],[103.75888981435595,1.2176364766511907,0],[103.75874516674011,1.2176040945659594,0],[103.75856839174828,1.2173774802865749,0],[103.75850411324258,1.217264174268592,0],[103.75850413027676,1.217069946596238,0],[103.75855235584497,1.2169566509532361,0],[103.75869315578083,1.2167020346394437,0],[103.75873484409944,1.2155280755706326,0],[103.75870708135741,1.2152485610169246,0],[103.75873485828615,1.2150109752548417,0],[103.75895703596477,1.214549781685203,0],[103.75909589917953,1.2141724420965962,0],[103.75910980603005,1.213361851411291,0],[103.75908205011423,1.2128307733606247,0],[103.75888768690864,1.2116847580143233,0],[103.75885992798125,1.2112654856558642,0],[103.75883217096603,1.2107763348483846,0],[103.75867944369153,1.210371035080032,0],[103.75841563489841,1.209937781021649,0],[103.7580407469596,1.2093927172412273,0],[103.75801298084605,1.2092389844241294,0],[103.75797133219477,1.208973443713306,0],[103.75788802912724,1.208652000345625,0],[103.7578463835798,1.208274654840288,0],[103.75781862635817,1.2077994791718318,0],[103.75778175323437,1.2073422711640645,0],[103.75771749560431,1.2069699957956521,0],[103.75765324382306,1.2065491623744538,0],[103.75758898712104,1.2061768870031238,0],[103.75756874143725,1.2059966049588022,0],[103.7576242921088,1.2056332382196182,0],[103.75824917437244,1.2040120716108247,0],[103.75836065942802,1.2037329172147302,0],[103.75839281618067,1.2035710630509837,0],[103.75836069517902,1.203312089193591,0],[103.75836070858274,1.2031502323316046,0],[103.75839286488478,1.2030045653904273,0],[103.75842502030036,1.2028912665653793,0],[103.75847324602601,1.2027617863857634,0],[103.75847325764062,1.2026323012570936,0],[103.75848934494033,1.2024542603267296,0],[103.75855364501606,1.2023247805880073,0],[103.75860187385983,1.2021791131807966,0],[103.75858581290332,1.202049625799772,0],[103.75866619667072,1.2017744768588556,0],[103.75874656570802,1.201677369290244,0],[103.75879479185383,1.2015640754211392,0],[103.75881087109994,1.2014831469773877,0],[103.75879481280978,1.2013212887660112,0],[103.75879483109027,1.2011108756541602,0],[103.75882698867588,1.2009490223830097,0],[103.75892344226382,1.2007062447002823,0],[103.75913792462953,1.2005461183219508,0],[103.7593600900277,1.200490221978324,0],[103.7595822512988,1.2005880576731214,0],[103.75982346735452,1.2008519931120307,0],[103.76024872370307,1.2013148132467513,0],[103.76047087915073,1.2016362611975482,0],[103.76063749705048,1.2018459010314568,0],[103.76072080619433,1.201943732918601,0],[103.76083590666825,1.2020336325654397,0],[103.76093234555498,1.2019688989023776,0],[103.76099664020902,1.2019041616659074,0],[103.76110959330614,1.2019577193465383,0],[103.76123455927244,1.2019856738711918,0],[103.76135952670516,1.201957725986793,0],[103.76154003668445,1.2018878523114613,0],[103.76177608483353,1.2019437609496206,0],[103.76195659134731,1.2020415962671687,0],[103.76245644302811,1.2026984675979067,0],[103.76256752740933,1.2026425680940396,0],[103.76233149181792,1.2020975076028624,0],[103.7622065312561,1.2018599177544154,0],[103.76199825700554,1.2016642529684234,0],[103.76173444114684,1.2015105130546329,0],[103.76145673790737,1.201426651206173,0],[103.76113737662874,1.20142664273245,0],[103.76090132669955,1.2014406115937237,0],[103.76070693463268,1.2014126551990447,0],[103.7605680864412,1.2012589194214751,0],[103.76040146895035,1.201035302627713,0],[103.7602626226502,1.2008116883809565,0],[103.75994326704189,1.2006020425976571,0],[103.75970722443748,1.2003784247942324,0],[103.75964957259293,1.2003382513497987,0]],[[103.76609067815266,1.202416076352441,0],[103.76816323301257,1.2008833025966816,0],[103.77095790155144,1.1990190126221851,0],[103.77159938879616,1.1985598938188904,0],[103.77197002506084,1.19835903098194,0],[103.7725972527579,1.198057738669181,0],[103.77275406237199,1.1978999150962903,0],[103.7730961857042,1.1977564442737791,0],[103.77499212279622,1.1968812618654954,0],[103.77492085187814,1.1966803891060853,0],[103.77489234703067,1.1964508217592682,0],[103.77484959069052,1.196020382872928,0],[103.77479257615686,1.1957908149131786,0],[103.77470704861913,1.195632986001518,0],[103.77462152168462,1.1954895048389218,0],[103.77462152532584,1.19536037417142,0],[103.77470705742965,1.1952599399411785,0],[103.77479259075513,1.1950590714470672,0],[103.77473559386821,1.1939973230407108,0],[103.77465007064265,1.1936386228919693,0],[103.77449327385504,1.193294268959064,0],[103.77420817968374,1.1930073050621353,0],[103.77388032202403,1.1926342518903807,0],[103.77352395538166,1.192275545811187,0],[103.77323886234845,1.1919455367583263,0],[103.77268292691613,1.191486391024065,0],[103.77180228211856,1.190851234908366,0],[103.77173904632936,1.1907984954404027,0],[103.77121111322211,1.190506224395989,0],[103.77059079271748,1.190147527339973,0],[103.76990447911643,1.1898153988689122,0],[103.76924455955361,1.1896293999555707,0],[103.76861103456916,1.1895231086231977,0],[103.76791151597898,1.1895363771444414,0],[103.76738357471704,1.1896160707034276,0],[103.76684243425035,1.1897754718524878,0],[103.7663408869589,1.1899880134383973,0],[103.76607691176861,1.1902138431762352,0],[103.76582613302308,1.1905459496552235,0],[103.76564135279794,1.1905990828656985,0],[103.7654301781675,1.1905725092071655,0],[103.7652321975578,1.1906787798314966,0],[103.76516755792605,1.1906834257550878,0],[103.76420120297986,1.1915292341248542,0],[103.76421545386938,1.1916870606274463,0],[103.76415842973711,1.1918448871379794,0],[103.76405864112097,1.1920027116601006,0],[103.76404438127426,1.192203581591562,0],[103.76404437678875,1.1923470617927645,0],[103.76387331274756,1.1925192322483713,0],[103.76371650784016,1.1925192282618393,0],[103.7634456601527,1.1926483529009548,0],[103.76102224595024,1.1950874359506423,0],[103.760651605042,1.1954891693647816,0],[103.76040926079662,1.1958048160526484,0],[103.76028095643811,1.1961778585699245,0],[103.76020967281454,1.196464815220714,0],[103.76023817467284,1.1967948177875454,0],[103.76032369555948,1.197139171438039,0],[103.76050900223144,1.1974835259472176,0],[103.76103642266119,1.1980718048716894,0],[103.76219104706182,1.1993631479438458,0],[103.76298930676272,1.2002096957713515,0],[103.76326014225118,1.2006257928784079,0],[103.76609067815266,1.202416076352441,0]]]}},{"type":"Feature","properties":{"name":"PULAU SAKIJANG PELEPAH (LAZARUS ISLAND)","source":"Singapore Land Authority National Map Polygon","sourceDatasetUrl":"https://data.gov.sg/datasets/d_29f066d67df3eae91df8a42f443863c8/view","sourceUpdatedAt":"20250617153039"},"geometry":{"type":"Polygon","coordinates":[[[103.85821357077504,1.2207872889106632,0],[103.85833124921417,1.2208375370596671,0],[103.85836310743058,1.2209746439621407,0],[103.85837133693965,1.2210700498988156,0],[103.85831296191537,1.2211549187950088,0],[103.85832593538012,1.2212267307019449,0],[103.85831296384404,1.2213638271712997,0],[103.85829999308478,1.2214878664147704,0],[103.85824161889113,1.2216641322716348,0],[103.85818973085244,1.2218142854241671,0],[103.85807946799906,1.2219774954387237,0],[103.85797568998258,1.222068893360956,0],[103.85782651132241,1.2222255751114601,0],[103.85766435874567,1.2224605967085864,0],[103.85742437276502,1.2226825635830996,0],[103.85726222134511,1.2228523017410828,0],[103.85711304068852,1.222995928035567,0],[103.85700926321267,1.223054683761198,0],[103.85689251343364,1.2231721953041825,0],[103.85676279060611,1.2232635934092368,0],[103.8565941510178,1.223341934622215,0],[103.85639308236253,1.223452919169532,0],[103.85628281815835,1.223583486951521,0],[103.85623741605009,1.2236944701427082,0],[103.85629155392401,1.2237323019889834,0],[103.85628876175386,1.223782433692586,0],[103.85625910663815,1.2238409563282824,0],[103.8562982732614,1.2238631084181666,0],[103.8561924320141,1.224048958197962,0],[103.85611754435936,1.2241909143411545,0],[103.85602765276516,1.2243847965502035,0],[103.85600428379009,1.2244568547642867,0],[103.85596561587188,1.22454581840798,0],[103.85591730093991,1.2246811417047594,0],[103.85590047984378,1.2247981006930266,0],[103.85589232159305,1.224941779983596,0],[103.85594069486712,1.2256559468661514,0],[103.85591864834016,1.225816183392852,0],[103.85585656772514,1.2259107986115352,0],[103.85576705770227,1.22596963917966,0],[103.85567850970087,1.2259936173606945,0],[103.85509122804032,1.2261777618462535,0],[103.85505121061598,1.226059164618272,0],[103.8552941948436,1.2259832990400326,0],[103.85526083337815,1.2258317982391589,0],[103.85517615032761,1.2256856851631805,0],[103.85494629720164,1.2255517487364584,0],[103.85464385888154,1.2255152229580286,0],[103.85434142321992,1.2255882817969006,0],[103.8540510849634,1.2257465751247474,0],[103.85382123494028,1.2260144517037301,0],[103.85366397007527,1.2262945058919064,0],[103.8535792902061,1.2265623831452779,0],[103.85342060604474,1.2265374663726198,0],[103.85341685838989,1.226546980323454,0],[103.85317615213958,1.2265464847294831,0],[103.85221071856945,1.226521159582333,0],[103.85222416489874,1.2262622243365269,0],[103.85195492792889,1.2259944979402149,0],[103.85166484938522,1.2260542685512166,0],[103.85107759810984,1.2265321490916667,0],[103.85071254772815,1.2264263317215554,0],[103.85065909262106,1.2263683098029807,0],[103.85066869034208,1.226326929602887,0],[103.85044104109494,1.2259959306719563,0],[103.85037600827408,1.2260319383929261,0],[103.85023306561733,1.225765428282689,0],[103.85038730137448,1.225685922738108,0],[103.85045951190043,1.22556201970897,0],[103.8505799286607,1.225403426722443,0],[103.85066129983382,1.2253198420414808,0],[103.85075573821631,1.225243715573052,0],[103.85084451243199,1.2251836190132135,0],[103.85093332178978,1.2251394365660782,0],[103.85113734090186,1.225068192930149,0],[103.85126132468174,1.225038832783705,0],[103.85164416081888,1.224576044759255,0],[103.85184933809995,1.2247724958978283,0],[103.85190300332367,1.2246810849947203,0],[103.85200660315317,1.2245046190905764,0],[103.8520791863572,1.2242367428711287,0],[103.85215176912283,1.2239079847784424,0],[103.8521747496112,1.223646172674632,0],[103.85208371775057,1.223613220958544,0],[103.85217580205679,1.2232999490779273,0],[103.85220114388902,1.2231730501700895,0],[103.85221615543638,1.2230440604425348,0],[103.85222124404433,1.2229580597892034,0],[103.85222262917581,1.222903113257405,0],[103.85227959378032,1.2228216657152453,0],[103.85228766225087,1.2227895145674486,0],[103.85228907176446,1.2227521742188923,0],[103.85228159677384,1.2227214439393732,0],[103.851139279954,1.2209852386371016,0],[103.85100955703403,1.220939541919449,0],[103.8508163623325,1.2209579560684658,0],[103.85100064405377,1.220850460186547,0],[103.85107581328339,1.2208695861103727,0],[103.85134590629274,1.2206507984385038,0],[103.85132089055162,1.2207698022295153,0],[103.85135499615745,1.2208546839189496,0],[103.8517435384291,1.2214849271206798,0],[103.85171843420326,1.221539147611031,0],[103.85196353008142,1.2219183878835957,0],[103.8520166180999,1.2219139832535415,0],[103.85243931279743,1.2225911156366494,0],[103.85247648511857,1.2226778512365757,0],[103.85257157806781,1.2225582102594015,0],[103.85267855605304,1.2223608028212494,0],[103.85276176209686,1.222187324153218,0],[103.85289251412028,1.222013845134562,0],[103.85301137980434,1.2218642938941264,0],[103.85323128120463,1.2216010830759259,0],[103.85340363710576,1.2215292977907506,0],[103.85349873006305,1.2214216206293318,0],[103.85358787918199,1.221295998189087,0],[103.85365919841732,1.2212122488991732,0],[103.85372457539165,1.2212002845523704,0],[103.853766178163,1.2211464455597294,0],[103.85376617725966,1.2210268061704783,0],[103.85399202230532,1.2207755599977739,0],[103.85413466064819,1.2207157387442908,0],[103.85425352662288,1.220620026124022,0],[103.85436050591241,1.2205003849907399,0],[103.85454474689112,1.2202611029474868,0],[103.85468738600088,1.2200756589947606,0],[103.85483596826587,1.2199380721895021,0],[103.85502021044623,1.2197466464123121,0],[103.85516879315834,1.2196688788314032,0],[103.85546001520616,1.219555217616229,0],[103.85556105110062,1.219483432783164,0],[103.85565614290327,1.2193637916976188,0],[103.85580472408778,1.2191065636413254,0],[103.85598896539317,1.2188254075781493,0],[103.8561018866745,1.2186280008584003,0],[103.85623858235692,1.2184963946453362,0],[103.8563693347935,1.2184186280558167,0],[103.85654763425032,1.2183647878407977,0],[103.8567199900101,1.2183109485703245,0],[103.85691611862029,1.218245145231087,0],[103.8570884751061,1.218173358807861,0],[103.85720139706969,1.2180656822630385,0],[103.85727271589721,1.217958005181375,0],[103.85732026165556,1.2178383653667362,0],[103.85730243080107,1.2177605991546074,0],[103.85716488382188,1.217734069017204,0],[103.85698208591258,1.2177269026379847,0],[103.85698208476381,1.2176981890397687,0],[103.85716959534334,1.2176998577404623,0],[103.85740287278546,1.2177029711929357,0],[103.85760019181579,1.2177316830107079,0],[103.85777373721007,1.2177843227278116,0],[103.85790924480052,1.2178369627827887,0],[103.85804950942753,1.21792071114414,0],[103.85816124439962,1.2180092429505707,0],[103.85840106337213,1.2182394649872823,0],[103.85842988459504,1.2182820214344863,0],[103.8584061118327,1.2183035564033804,0],[103.85837895826108,1.2182614032872305,0],[103.85821140766858,1.2181040868902187,0],[103.85820677943285,1.2181067873679559,0],[103.85813132126262,1.2180278369781528,0],[103.8580399999176,1.2179637807244301,0],[103.85801622603863,1.2179613879930986,0],[103.85783317393712,1.2181647778102676,0],[103.857723818381,1.2182915979532027,0],[103.85766676294388,1.2184351673664016,0],[103.857633482262,1.2185787347538979,0],[103.85761208690384,1.2186935902439562,0],[103.85761446534434,1.2188012657621976,0],[103.85764299384235,1.2188658715505318,0],[103.8576786550289,1.21895919087142,0],[103.85774216228486,1.2190658493257935,0],[103.85772919060979,1.2191898876645937,0],[103.85761892832095,1.219307400083978,0],[103.85752163617853,1.2194314400902788,0],[103.8574438041166,1.21955547901337,0],[103.85739840223675,1.2196795176426138,0],[103.85741137523515,1.2198035566504302,0],[103.85743083480692,1.2199471814384488,0],[103.85747896922122,1.2201412378970913,0],[103.85758238435945,1.2202704490544118,0],[103.85774998826493,1.2204499079652023,0],[103.85805310010389,1.2207011487037218,0],[103.85821357077504,1.2207872889106632,0]]]}},{"type":"Feature","properties":{"name":"SENTOSA","source":"Singapore Land Authority National Map Polygon","sourceDatasetUrl":"https://data.gov.sg/datasets/d_29f066d67df3eae91df8a42f443863c8/view","sourceUpdatedAt":"20250617153039"},"geometry":{"type":"Polygon","coordinates":[[[103.82145374916769,1.25831670944111,0],[103.8213469468613,1.2583772082600606,0],[103.82131366335156,1.258408313742771,0],[103.82126849329049,1.2584154932872647,0],[103.82122570087338,1.2583939574421552,0],[103.82119955022907,1.2583532798830823,0],[103.82119236308381,1.2583099616666054,0],[103.82120668228558,1.2582623532428545,0],[103.82129892486891,1.2581874586787458,0],[103.8211348877545,1.2579074999451714,0],[103.82097084969531,1.2578357151901238,0],[103.82093518780718,1.2580510669543072,0],[103.82090539224751,1.2583025535567127,0],[103.82079290842417,1.2585714379347488,0],[103.82058200035759,1.2588544697118162,0],[103.8203851520451,1.2590384428174755,0],[103.82010785889415,1.259271393197093,0],[103.82005080229624,1.2592498581641733,0],[103.82011402034202,1.2590489366048403,0],[103.81968212997361,1.258854466031576,0],[103.81949934293667,1.259335625260466,0],[103.81917595082989,1.2593497750175533,0],[103.81892286325552,1.2595478983019592,0],[103.81875413559405,1.259661111201878,0],[103.81864064589499,1.2596342328308987,0],[103.81858482311696,1.259748971117209,0],[103.8184658299326,1.2598772907945825,0],[103.81833833658384,1.2600141657104218,0],[103.81821934202205,1.260065493161438,0],[103.81808335034087,1.2600483817770747,0],[103.81791335969082,1.2600911554283285,0],[103.81773486823616,1.2600997078435945,0],[103.81753087967911,1.2600227152964762,0],[103.81742888693452,1.2599542768466343,0],[103.81740338605199,1.260048377682122,0],[103.81724189586295,1.2600312679053258,0],[103.81692741295322,1.2599884930820688,0],[103.81654493573441,1.2599114957029582,0],[103.81589047344634,1.2596634068614831,0],[103.81537200224766,1.2593982073114818,0],[103.81468338286508,1.2588536498857354,0],[103.81465880614638,1.258868879216098,0],[103.81446170640206,1.258973944205811,0],[103.81425585840671,1.2589746924169094,0],[103.81401469064103,1.2590197506180902,0],[103.8135919141861,1.259111103674225,0],[103.81304616231361,1.2590569279923192,0],[103.81268836606009,1.2591110966313341,0],[103.81253470191658,1.2590121108406682,0],[103.81206755999803,1.259160582081558,0],[103.81124391368384,1.259377103689363,0],[103.81023587198341,1.259655487387599,0],[103.80992854228978,1.2596307393926125,0],[103.80975643623768,1.2597915863835039,0],[103.80957203859496,1.2598163299332308,0],[103.80899425790142,1.2599276808381605,0],[103.8087729808505,1.2600575962072347,0],[103.80855170391015,1.2599833556798572,0],[103.80838574499903,1.2600081002253776,0],[103.80829354702767,1.259977166434819,0],[103.80815217634881,1.259915301071505,0],[103.80803539241789,1.2598286888971222,0],[103.80779567544575,1.259797753643467,0],[103.80770347598607,1.2598286847284172,0],[103.80758054244266,1.2599338548269434,0],[103.80746375520769,1.260001906223998,0],[103.8073253715848,1.2599983968056383,0],[103.80722939069611,1.259979065942279,0],[103.80705808184729,1.2599214760553783,0],[103.80676919404796,1.259853420546293,0],[103.80662167585382,1.259772996563235,0],[103.80659592478955,1.2595150768286738,0],[103.80663431918197,1.2593217511205919,0],[103.80674938067074,1.2591313147411891,0],[103.80690295538096,1.2588993286038055,0],[103.8072484941794,1.2585513496361747,0],[103.80765162329276,1.2582033711907616,0],[103.80790117797726,1.2579713859385913,0],[103.8082659141487,1.2576620731419854,0],[103.80841948520948,1.2575074164471023,0],[103.80863064934607,1.257256098140805,0],[103.80872663393485,1.2570627747509349,0],[103.8088418141664,1.2567341259732656,0],[103.80892667669124,1.2565436656892794,0],[103.80908034357604,1.2563147669143717,0],[103.80927703759549,1.2560673082448237,0],[103.80957822337511,1.2557208659548864,0],[103.80980564707971,1.2555662053243677,0],[103.81002077873235,1.2555290876006253,0],[103.8101867351684,1.2555476511769927,0],[103.81021746781917,1.255621888968237,0],[103.81018058792043,1.2556961261573811,0],[103.81008224157272,1.2557518034170758,0],[103.80999360799423,1.255844849123666,0],[103.81000848082937,1.2560054500183515,0],[103.81008223823771,1.2561291795737433,0],[103.8102912210008,1.2562281669031425,0],[103.81048791269868,1.2562343535936582,0],[103.81073992196055,1.2561848653261531,0],[103.81094890839333,1.256067323193953,0],[103.81122550619256,1.2558755450073207,0],[103.8114775162809,1.25572088172512,0],[103.81167420942182,1.2555476640037704,0],[103.81177870444387,1.2552630847039754,0],[103.81180943697011,1.2550279988799855,0],[103.8119323707117,1.2549599482333058,0],[103.81218437913076,1.2549970690555243,0],[103.8123687770162,1.2550094422634495,0],[103.81255317544068,1.254953765604935,0],[103.81273142626534,1.2548795304090232,0],[103.81295885080596,1.2547001233556774,0],[103.81317398225524,1.2544402919052837,0],[103.81331535633758,1.254031983020517,0],[103.81327956793832,1.2537944331712434,0],[103.81331189474561,1.253737499116997,0],[103.81337856495885,1.2537021380504234,0],[103.81345922564624,1.253735365040666,0],[103.8134885572096,1.2537372119780381,0],[103.81362268777627,1.253741221143679,0],[103.81374561915503,1.2537350344062517,0],[103.81396689739834,1.2537041031596747,0],[103.8141512948455,1.253642241432466,0],[103.81435413256135,1.253487579308177,0],[103.8145886922036,1.2531656541695153,0],[103.81462010376501,1.2529270213890753,0],[103.81460452793034,1.252778084103988,0],[103.81459674144108,1.2526291468747055,0],[103.8146045303872,1.2525585983145295,0],[103.81490048362824,1.252370468069325,0],[103.81500951861132,1.252448855587431,0],[103.81513412986268,1.2524880516442733,0],[103.81524316359808,1.2524880533082912,0],[103.81539892995971,1.2524645363713698,0],[103.81564036503359,1.2523939875973193,0],[103.815780554016,1.2523077636644933,0],[103.81587401242841,1.2522058586246967,0],[103.81598304977585,1.252064760310505,0],[103.81608429877082,1.2519079856752227,0],[103.81615439318627,1.2517355309483096,0],[103.81616218134225,1.251641466176561,0],[103.81603757037146,1.2515630767941506,0],[103.81596747696237,1.2514454952991632,0],[103.81599863124427,1.2513671060436942,0],[103.8160531488974,1.2513122349573023,0],[103.81617776136655,1.2512965577069073,0],[103.81628679480038,1.2513357517971602,0],[103.81634910038413,1.2513592693140703,0],[103.81645813706977,1.2513122367061358,0],[103.81662947813419,1.2511946549714565,0],[103.81708898570173,1.250849751108834,0],[103.81712792706688,1.250692974232478,0],[103.81709677643741,1.2506224254205227,0],[103.81706562211897,1.250567552873076,0],[103.81706562264982,1.2504813261811722,0],[103.81712014040686,1.2504029370567191,0],[103.81721359997093,1.250387261370975,0],[103.81759286600898,1.250209575837128,0],[103.81822029796139,1.2497500517315183,0],[103.81839860260787,1.2496018625838536,0],[103.81864580627737,1.249461398899053,0],[103.81907472686227,1.2492183043120841,0],[103.81951829479617,1.2490450746506276,0],[103.8196017231041,1.2490363018444504,0],[103.81969209903083,1.2489875642721593,0],[103.8197230499244,1.2489444298340888,0],[103.81973733675466,1.2488965039824038,0],[103.81974269395549,1.248861230152464,0],[103.81981732767404,1.2488129211628114,0],[103.81987455495975,1.2487961816595845,0],[103.81994232971086,1.2488476403843274,0],[103.82003359058413,1.2489955949872438,0],[103.82016266998355,1.2490636473093144,0],[103.82033477261591,1.2491440742677227,0],[103.82045770367854,1.249156446591858,0],[103.8205191707976,1.2492059400851387,0],[103.82050687681593,1.249273989883932,0],[103.82042082538206,1.2493482287938977,0],[103.82029678058963,1.2494262586101357,0],[103.82020181303947,1.2495039666127852,0],[103.82019705784185,1.2495422519824788,0],[103.82023509567833,1.2496283929526772,0],[103.82036347315763,1.2497384629698407,0],[103.82050135902935,1.2498150326298176,0],[103.82065826524,1.2498293910974332,0],[103.82080090562043,1.2498246058860016,0],[103.82096732126445,1.249771965393995,0],[103.82117177532184,1.2496858246710425,0],[103.8213381902902,1.2495805419648538,0],[103.82147132301775,1.2494465464080016,0],[103.82163773919632,1.2492646937988496,0],[103.82177562710868,1.2490828410525159,0],[103.82186596673506,1.2489009880901547,0],[103.82190400618812,1.2486234232194267,0],[103.82197532742072,1.248475069662951,0],[103.82201811989864,1.2484463562551829,0],[103.82211321378159,1.2484319998685434,0],[103.82222257288103,1.2483697872485233,0],[103.82228438475735,1.2482740749293422,0],[103.82229864921379,1.248192720109392,0],[103.822360460984,1.2481209363857695,0],[103.82244604591916,1.2480635086521719,0],[103.82265525273445,1.2480443677224713,0],[103.82302136562834,1.2480491550930226,0],[103.82318302693781,1.2480156562317908,0],[103.82337321573836,1.2479390870788651,0],[103.82356340461627,1.2478385902186264,0],[103.82374883866602,1.2476854511354325,0],[103.82389623634188,1.2475083842083239,0],[103.82401510502635,1.247288246780168,0],[103.82410544488727,1.246977182563271,0],[103.82410544636531,1.2468107549550558,0],[103.82410544578708,1.2467187602172831,0],[103.82408167325637,1.2465225499710888,0],[103.82396756074512,1.2461684137306566,0],[103.8239009782834,1.2461293214027511,0],[103.8238725470513,1.2461464906729016,0],[103.82379927374772,1.246223281862282,0],[103.82380362616381,1.2462360053916908,0],[103.82375882620751,1.2463271372018405,0],[103.82362934393701,1.2463601623321316,0],[103.82352485197498,1.2465024511404659,0],[103.82337733323018,1.2466261813034785,0],[103.8233097210704,1.2465828746150578,0],[103.823278989925,1.2465148237315613,0],[103.82335889531237,1.2464282129854174,0],[103.82345109278963,1.246273550613059,0],[103.82352485263272,1.2460817694041697,0],[103.82347568156084,1.245871429255196,0],[103.82350026726584,1.2458095626307022,0],[103.82356173369467,1.2457971893365465,0],[103.82364117390513,1.2458769347438756,0],[103.82406463323173,1.2453424293285924,0],[103.82461895388344,1.2447521882537464,0],[103.82534682491992,1.244030796552226,0],[103.82566901015457,1.2437209981744737,0],[103.82585959700856,1.2435072158368443,0],[103.82654154384406,1.2427461582038386,0],[103.82696643061885,1.2422629569417747,0],[103.82716262411573,1.2420250189249333,0],[103.8271520487432,1.2419103625749601,0],[103.8271850416771,1.2419117110609224,0],[103.82726778761254,1.2419661721260116,0],[103.82743445381395,1.2420984720915327,0],[103.82750819558952,1.2421765189733276,0],[103.82749562584355,1.2423038345744866,0],[103.82736892458436,1.2424107130737996,0],[103.8273378419025,1.242412050559139,0],[103.82728379437309,1.2425641583315898,0],[103.8274239801221,1.2427209348803683,0],[103.82762647339153,1.2427993247996816,0],[103.82786012141682,1.242791486259765,0],[103.82807040070527,1.2427287761980443,0],[103.8282806817958,1.2426582270818252,0],[103.82844423607355,1.242532807312089,0],[103.82856884734537,1.2424152228817458,0],[103.82870903463358,1.2422427697314105,0],[103.82880249318632,1.2420859927595949,0],[103.82888037585064,1.2418978614160887,0],[103.8289271048627,1.2417018909802469,0],[103.82894268198719,1.2415215985666999,0],[103.82894268219408,1.241396176677337,0],[103.82896604757345,1.2413099500150995,0],[103.82904392997598,1.2412629177261234,0],[103.82923863305773,1.2412864351497315,0],[103.82945670319998,1.241294275422508,0],[103.829674773419,1.241247239700409,0],[103.82987726690797,1.2411218198934817,0],[103.83003302990906,1.240996399108155,0],[103.83015764106682,1.2408553002005895,0],[103.83026667724124,1.2406671688512716,0],[103.83032119362315,1.2404868755686054,0],[103.83032119471666,1.2403144212603954,0],[103.83030561808476,1.240149806876173,0],[103.83023552432842,1.2400400638835603,0],[103.83015183858087,1.239947357304676,0],[103.83001940142643,1.2400017348133003,0],[103.82981142163042,1.240134269266352,0],[103.82975596743835,1.2401086467160696,0],[103.8297474711074,1.24002311726798,0],[103.82981120365636,1.2398563334153128,0],[103.82984094672352,1.2397665272751486,0],[103.82978146273189,1.239685271788841,0],[103.82977296457582,1.2396211251519529,0],[103.82981545402598,1.239591188911414,0],[103.82987918628878,1.239633954618622,0],[103.8299811596514,1.2397494195805838,0],[103.83015111639348,1.23975797418228,0],[103.83028708115027,1.239693825909087,0],[103.83041879678441,1.2396254017853336,0],[103.8305972510431,1.2394586189419037,0],[103.83107471998382,1.2389662847731027,0],[103.83143358531945,1.2385963056226095,0],[103.83151122681654,1.2385174450290914,0],[103.8316042779871,1.2384456303529416,0],[103.83189792374462,1.2382539575526543,0],[103.83207948938234,1.238138534414575,0],[103.8322349699583,1.2380393337567523,0],[103.83243844965837,1.2379250681902725,0],[103.83258700168103,1.2378700466554158,0],[103.83271346978003,1.2378389012537525,0],[103.83282052886676,1.2378182347223197,0],[103.83294061744085,1.2378044531210688,0],[103.83304303025713,1.2378028524078577,0],[103.83315256027751,1.237813144094073,0],[103.83326530701272,1.2378386390598515,0],[103.83348561600988,1.2379133658516492,0],[103.83377307169678,1.2380345959795174,0],[103.83398827712824,1.2381838532779168,0],[103.834070626843,1.2382540130068254,0],[103.8341514850177,1.238340452212194,0],[103.83454139058306,1.2387298988629887,0],[103.83469721265557,1.2388548187564155,0],[103.83488855338858,1.2389698267768217,0],[103.83497448824357,1.2390101785968834,0],[103.8353090087689,1.2390849793196468,0],[103.83545152366082,1.2390884971895795,0],[103.83606360711693,1.2390223242220588,0],[103.83625920683716,1.239057720867031,0],[103.83651763233098,1.2391541078132262,0],[103.83659434657503,1.2392043271204352,0],[103.83666272524859,1.2392819043884438,0],[103.83673163323682,1.2394222518356155,0],[103.8367332651904,1.2396055766128253,0],[103.83701611696998,1.2395828649082627,0],[103.83712388956133,1.2395903447599943,0],[103.83713078459499,1.239421374055657,0],[103.83711831283608,1.2392491829344467,0],[103.83708469889321,1.2391364267259606,0],[103.83698383126874,1.2389766246274712,0],[103.83690813861429,1.2389030012623425,0],[103.83679552741742,1.2388319092620803,0],[103.83640352732478,1.238681451409154,0],[103.83638401132465,1.2386270891333662,0],[103.83641722970833,1.238590516564677,0],[103.83645494074665,1.2385851527300509,0],[103.83689125321709,1.23865134718988,0],[103.83706644025014,1.2386824706768076,0],[103.83727121393407,1.2387496656195667,0],[103.83745821486384,1.238841521709692,0],[103.83761591496663,1.2389493127496054,0],[103.83773397219292,1.2390500859723155,0],[103.83799170521674,1.23928378254716,0],[103.83813955757822,1.2394109821546562,0],[103.83831580422614,1.239544166789119,0],[103.83851411325291,1.2396765862752483,0],[103.8394061009796,1.2402071175626805,0],[103.83959837737328,1.2403210228151438,0],[103.83973717182005,1.2404382833790981,0],[103.83993088522375,1.2406485288209108,0],[103.84029761009721,1.2410621926621839,0],[103.84061534822999,1.2414093152033563,0],[103.84091522201075,1.2417693150124718,0],[103.84099438157827,1.2419165580990366,0],[103.84099750960696,1.2420079975511813,0],[103.84096366162336,1.242130124030984,0],[103.84092593404834,1.242337305164215,0],[103.84086861709791,1.2423246170855682,0],[103.84058822199445,1.241822197786941,0],[103.8394138793212,1.2424868097129762,0],[103.83976462820709,1.2431134887419963,0],[103.83995905278734,1.2437823033985447,0],[103.84013094238895,1.2444313920818262,0],[103.84020984283156,1.2447763891071986,0],[103.8402281193547,1.244971321357162,0],[103.84006691058248,1.2464911562947127,0],[103.84045382172827,1.247253778383018,0],[103.84084073508795,1.2477675986998704,0],[103.84119002856836,1.2481137533868416,0],[103.84198534187749,1.2473132683313963,0],[103.84173277165873,1.2465452379412794,0],[103.84163029979442,1.246159512052901,0],[103.84172591841266,1.2453511811110822,0],[103.84183268069283,1.2451669706236852,0],[103.8419019117681,1.2450569362868344,0],[103.8419381134486,1.2450780078768569,0],[103.84209123039524,1.2448147113954373,0],[103.8419661552754,1.2447183779270168,0],[103.8419217589201,1.2446591150225357,0],[103.84178948520939,1.244119210342097,0],[103.84161982321457,1.2433571186175716,0],[103.84159082780828,1.2433599855466537,0],[103.84157700828221,1.2432938502679975,0],[103.84156692737498,1.2431806056902357,0],[103.84159798807515,1.2430445800238492,0],[103.84163401855182,1.242920211608612,0],[103.84165378573076,1.242799750102037,0],[103.8416554658,1.2427445024269006,0],[103.8416402534242,1.2426343869688075,0],[103.84161061074397,1.2425268309095712,0],[103.84157402259443,1.2424603511389811,0],[103.84150973189047,1.2423518636907962,0],[103.84150228382629,1.2422900593962696,0],[103.84151665113735,1.2422560651680545,0],[103.8415490340234,1.242270117997762,0],[103.84158675415445,1.2422860618379312,0],[103.84170562860265,1.2424391695852859,0],[103.8418196168918,1.2425944767589485,0],[103.84190902860816,1.2427111757532538,0],[103.84200988939814,1.2428453922603355,0],[103.842114397251,1.2429609969154543,0],[103.84222491623136,1.2430718274020234,0],[103.84234461812633,1.2431756472133104,0],[103.84268905991951,1.2434836194336496,0],[103.84287118171927,1.2436433649400798,0],[103.84299165731858,1.2437534890478876,0],[103.843055030447,1.243786706146994,0],[103.8438377030797,1.244535210014028,0],[103.84420940709244,1.2449882050141594,0],[103.84495365276449,1.2462675077403162,0],[103.84611235395451,1.247611750704182,0],[103.84623707044696,1.2478100963602725,0],[103.84669090177754,1.2484757149655468,0],[103.84770602238746,1.2500734062385086,0],[103.84810529537249,1.2506508592268133,0],[103.8482907606695,1.2509964251252785,0],[103.84853232720059,1.2519291135569603,0],[103.84854381059715,1.2521205675835891,0],[103.84845563065328,1.2522482463629778,0],[103.84657864588867,1.2532747019419939,0],[103.84640769203418,1.2533209068198012,0],[103.84592307063159,1.2533414654281816,0],[103.8456521730218,1.2533064587510698,0],[103.84495786087034,1.253082025654332,0],[103.84454425705057,1.252595136280459,0],[103.84407314002351,1.2524623856054506,0],[103.84380748982967,1.2524012787359844,0],[103.84350340062727,1.2523471437404263,0],[103.84335817138691,1.2523247992499356,0],[103.84310618794333,1.252291481587604,0],[103.8428223247457,1.252266116099732,0],[103.84268669181314,1.252247794152809,0],[103.84236945736599,1.2522480493992043,0],[103.84231436942618,1.2522303683470912,0],[103.84227344940625,1.25218997140192,0],[103.84221179158082,1.2519504550299063,0],[103.8422455941143,1.2519201487345986,0],[103.84210728197434,1.2514159927732291,0],[103.8417965874268,1.2506724618628597,0],[103.84165078080011,1.250447628113996,0],[103.84144729238886,1.2502480986732039,0],[103.84132705025965,1.2501665433955926,0],[103.84125160076042,1.250124464419802,0],[103.8410356223086,1.250040683774746,0],[103.84087463161798,1.2501499143717774,0],[103.84083334541023,1.2502353851363834,0],[103.84091111256983,1.2504032441262798,0],[103.84113595215115,1.2504268021754712,0],[103.8413534683534,1.250620796882576,0],[103.84145944133317,1.250816373655647,0],[103.84182547966539,1.2523716562378924,0],[103.84184131271871,1.25267603835731,0],[103.84192932491668,1.253082160410685,0],[103.84180199586802,1.2535354195837962,0],[103.8416666149807,1.2536802360076633,0],[103.8414249738764,1.2537710078975293,0],[103.84038723523676,1.2535488617649033,0],[103.84019072699907,1.2535597427069898,0],[103.84015117396841,1.253641244195902,0],[103.84004904741879,1.2537379753551232,0],[103.83917469939946,1.2540148398041229,0],[103.83833388213364,1.2540957822350303,0],[103.8381158897589,1.2539651109281797,0],[103.83772912636348,1.2536283441247416,0],[103.83738055080936,1.2534665718560865,0],[103.83696918607897,1.2532857536992306,0],[103.83656020262396,1.2532013046224455,0],[103.83587110294813,1.2532075726359042,0],[103.83553357963847,1.2532522124060461,0],[103.83525911503993,1.253257756381856,0],[103.83492131313126,1.2532390000770373,0],[103.83460156271418,1.2533112952011627,0],[103.83442334943386,1.2533702689321637,0],[103.83412331183604,1.2535241105930413,0],[103.8333482228588,1.2541369627861383,0],[103.83314131765228,1.2543446963529061,0],[103.83278565281361,1.254547445015228,0],[103.83270781412918,1.254530822766677,0],[103.83269816394078,1.2544667747218938,0],[103.83230601876768,1.254658130117405,0],[103.83225750717678,1.2546481097322117,0],[103.83199437285549,1.254701593763376,0],[103.83154661775271,1.2546903431920755,0],[103.83085395943867,1.2547609654004905,0],[103.8301424861992,1.2545712912232425,0],[103.82985319574061,1.2545611167444937,0],[103.82953494576314,1.2544983985778213,0],[103.82797999588922,1.2545742811185572,0],[103.8276873808458,1.25458070239632,0],[103.82716672794346,1.254639637783951,0],[103.82705965014927,1.2546661363300942,0],[103.82688642257395,1.2547147165916614,0],[103.82681900588913,1.2547280838443937,0],[103.82614978974989,1.2549169587355484,0],[103.82582852025975,1.2550301481653783,0],[103.82522424144015,1.255269522751372,0],[103.82442475898475,1.255974791069712,0],[103.82437773040894,1.2561010131453174,0],[103.8243071866085,1.256168067955897,0],[103.82431110666388,1.2562351230243058,0],[103.82401326333046,1.2563692320816662,0],[103.82391920882127,1.2563692317423276,0],[103.82376122705618,1.2564934710331281,0],[103.82352990293903,1.2565727522404513,0],[103.82351802885114,1.2565768218385083,0],[103.82349265158626,1.2565994616182647,0],[103.8234705763575,1.2566383456161483,0],[103.8234816128237,1.2566855616553352,0],[103.8235347011839,1.256788329383911,0],[103.82340815389226,1.257297792125762,0],[103.82331082912332,1.2574224630011555,0],[103.82325348913719,1.2574959144071924,0],[103.82304671360268,1.257590217169402,0],[103.82145374916769,1.25831670944111,0]]]}},{"type":"Feature","properties":{"name":"PULAU BRANI","source":"Singapore Land Authority National Map Polygon","sourceDatasetUrl":"https://data.gov.sg/datasets/d_29f066d67df3eae91df8a42f443863c8/view","sourceUpdatedAt":"20250617153039"},"geometry":{"type":"Polygon","coordinates":[[[103.83641963324672,1.2547844248863929,0],[103.84017261614115,1.2566305009324172,0],[103.84012647594972,1.256715305177991,0],[103.83990656858927,1.2566195931678907,0],[103.83975204108468,1.2569366404461026,0],[103.83989171236682,1.2570084240767812,0],[103.83996006058159,1.2569007483854837,0],[103.84002543761854,1.2568977565779613,0],[103.8402186002673,1.256996459384128,0],[103.84025426004068,1.2569246753094159,0],[103.84048010903633,1.2568798091446316,0],[103.84054845940643,1.2569127097578605,0],[103.8405898733415,1.256835747267982,0],[103.84062375335994,1.2568524128130945,0],[103.84253265686176,1.25784173061138,0],[103.84200557442556,1.2583722402235737,0],[103.83840146090776,1.2617560257839593,0],[103.83615694629347,1.2638639187820941,0],[103.83370139376419,1.2637796651296926,0],[103.83132141965868,1.2636773273260495,0],[103.8308513174295,1.2636629891131765,0],[103.830447788351,1.2636617063039624,0],[103.82757484086284,1.261999770620288,0],[103.82607906002265,1.2611681615745425,0],[103.82480228240587,1.2604386099935936,0],[103.82441863180347,1.2602420268646222,0],[103.82414658955403,1.260059487058242,0],[103.82431720539657,1.2595187469786544,0],[103.82464882695226,1.2590204158215657,0],[103.8252869842853,1.2583913333889913,0],[103.82611413070309,1.2578671585825132,0],[103.8266961984302,1.2576050706110595,0],[103.82738548636533,1.257512571107978,0],[103.827890963726,1.2574200710423147,0],[103.82862349461422,1.2571159968931398,0],[103.82854474694672,1.2568914257108288,0],[103.82943723486592,1.2565479656152085,0],[103.82966035602483,1.2565413613621093,0],[103.82965379386685,1.2566800674468461,0],[103.83037565936101,1.256673461982648,0],[103.83039099986277,1.2567629199878088,0],[103.83048728332534,1.2570536463459154,0],[103.8309508701836,1.2568921317268131,0],[103.83112917228777,1.2573659079626225,0],[103.83177106081808,1.2571505555836628,0],[103.8317354000574,1.256981863434363,0],[103.8313502668022,1.2568634193749415,0],[103.83139662572118,1.2566444780434851,0],[103.83161415528537,1.256709083326941,0],[103.83163555111332,1.2566588341024982,0],[103.83127181370408,1.2565403900451397,0],[103.83127092337635,1.2563932326581038,0],[103.83641963324672,1.2547844248863929,0]],[[103.83798672721461,1.2560578871070125,0],[103.83815076491673,1.2557396434383283,0],[103.8381055948816,1.2557109299293938,0],[103.838093708164,1.2556726445585167,0],[103.83664113709628,1.2549452352021875,0],[103.83661023129824,1.2549595920376118,0],[103.83656743892828,1.2550337690226554,0],[103.83673623177275,1.2554237961601133,0],[103.83678378020831,1.255462079681501,0],[103.83798672721461,1.2560578871070125,0]],[[103.83822636457991,1.255780320735417,0],[103.83808372359505,1.2561105282157294,0],[103.83966704992179,1.2568929715772486,0],[103.83982395589892,1.2565986573236125,0],[103.83977403079297,1.2565627650057276,0],[103.83977450600395,1.2565173007620218,0],[103.83830767073489,1.2557827144354285,0],[103.8382720099083,1.2557922853994525,0],[103.83822636457991,1.255780320735417,0]]]}},{"type":"Feature","properties":{"name":"KUSU ISLAND (PULAU TEMBAKUL)","source":"Singapore Land Authority National Map Polygon","sourceDatasetUrl":"https://data.gov.sg/datasets/d_29f066d67df3eae91df8a42f443863c8/view","sourceUpdatedAt":"20250617153039"},"geometry":{"type":"MultiPolygon","coordinates":[[[[103.86137214030244,1.2212335853934513,0],[103.86142063690784,1.2212335848839047,0],[103.8614291956785,1.2212709133736297,0],[103.86141047524949,1.2212893969873186,0],[103.8612464398253,1.2213575941766301,0],[103.86095046470913,1.2217380528595416,0],[103.86082209140618,1.2218923904437067,0],[103.8607864307272,1.2218636772142017,0],[103.8612214770147,1.2213396482135241,0],[103.86137214030244,1.2212335853934513,0]]],[[[103.86213711292251,1.2236448482797977,0],[103.86202421187564,1.2239477955676918,0],[103.86186968704644,1.2241781046824483,0],[103.86168247509562,1.2244203788883663,0],[103.86143285730739,1.2246566713646525,0],[103.86127535993174,1.2247852864170186,0],[103.86091281767612,1.2249916690528397,0],[103.86050273043014,1.2252189899895265,0],[103.85987868143413,1.2254493028380524,0],[103.85955179784627,1.2254941716369174,0],[103.85955179738095,1.2254463162465123,0],[103.85987273734614,1.2254104197144362,0],[103.86048787110558,1.2251681431108257,0],[103.86085259586295,1.2249560277381604,0],[103.8610366662591,1.2248455322955392,0],[103.86117729456743,1.2247763143323893,0],[103.86145068574807,1.2245729233397185,0],[103.86154969842572,1.224436906668041,0],[103.86155753103681,1.2243721449916483,0],[103.86133857203208,1.2242162256943565,0],[103.86112825495931,1.2241429688872347,0],[103.8609707558832,1.2241040873425755,0],[103.86072410781085,1.2240891353059256,0],[103.86050123332456,1.224131010602073,0],[103.86034967816875,1.224202797037568,0],[103.86007509836284,1.2244227378145207,0],[103.85978268709403,1.2245196497990585,0],[103.85968159210448,1.2245278262626644,0],[103.85941182174862,1.2245375996794152,0],[103.85924778669865,1.2245770831534408,0],[103.85911227893062,1.2246381001821576,0],[103.85896607369514,1.2247314212333442,0],[103.8588376989682,1.2248570451278584,0],[103.85875211627247,1.224989845650693,0],[103.85872732765937,1.225057019423919,0],[103.85872501537793,1.225110874395811,0],[103.85872216442395,1.225211372009866,0],[103.85873500171117,1.225321919685041,0],[103.85875567358922,1.2253795610146643,0],[103.85876281813658,1.2254241398219003,0],[103.85908563469299,1.2254377745459888,0],[103.85912298518085,1.2254313152078888,0],[103.85926205793305,1.2253308162705243,0],[103.85930841672467,1.2253918324363264,0],[103.8591194197128,1.225510277179499,0],[103.85872002686366,1.2254995136464313,0],[103.85847753785623,1.2254779812032501,0],[103.85823504968444,1.2254492689822825,0],[103.85812483009255,1.2253490735776176,0],[103.85796919395062,1.2249533808635689,0],[103.85800128701149,1.2248281341196057,0],[103.85806095860157,1.2247340795809036,0],[103.85909883314609,1.2234722098266155,0],[103.85919054540265,1.2234260221013014,0],[103.8593169038912,1.2234063599724352,0],[103.85938316997016,1.2234404810264343,0],[103.85999663364146,1.2231736953555272,0],[103.86006795280628,1.223098321224909,0],[103.86008221701135,1.2230301256121898,0],[103.86008221516371,1.2228434872355356,0],[103.86012500471186,1.222692739972613,0],[103.86021058816726,1.2225599394064242,0],[103.86038242759676,1.2223395158249253,0],[103.86061496669643,1.2220598394108706,0],[103.86063850271131,1.2220825703905789,0],[103.86038242812107,1.2223919156514582,0],[103.86033896286544,1.2224486722456263,0],[103.86036749236665,1.2225132770965388,0],[103.86044237837243,1.2225922391790351,0],[103.8605671886875,1.2226640218988316,0],[103.86068130167529,1.2226891449021873,0],[103.86079184822675,1.2226927331922774,0],[103.86090595995292,1.2226819646427964,0],[103.86101650509096,1.2226353036779647,0],[103.86115914399583,1.2225491614053874,0],[103.86140876318133,1.2223768772131998,0],[103.86159775878677,1.2222404851839865,0],[103.86174753020255,1.222165110177533,0],[103.861986450963,1.2220215387381754,0],[103.86216118418284,1.2218707909293167,0],[103.86229312327923,1.221684151126484,0],[103.86238583639859,1.2213898353065775,0],[103.86211172580079,1.220993111332077,0],[103.86193485113161,1.2208572007014127,0],[103.86179411173934,1.2208514603894203,0],[103.86171328308805,1.2208715598623805,0],[103.86162480772383,1.2209464956004115,0],[103.86148216864765,1.221093056729794,0],[103.86144957639054,1.2210623692472315,0],[103.86163244894674,1.2208823172399992,0],[103.86169426377104,1.2208342332933018,0],[103.86179411224535,1.2208141318096737,0],[103.86197003502738,1.2208323158105518,0],[103.86219798827732,1.2210187346860715,0],[103.8625665920636,1.2215478820107413,0],[103.86276292293974,1.2218966401652773,0],[103.86273408375206,1.2221949733884125,0],[103.8624915528555,1.2228460638452763,0],[103.86242312296915,1.2229647272577497,0],[103.86213711292251,1.2236448482797977,0]]]]}},{"type":"Feature","properties":{"name":"PULAU TEKONG KECHIL","source":"Singapore Land Authority National Map Polygon","sourceDatasetUrl":"https://data.gov.sg/datasets/d_29f066d67df3eae91df8a42f443863c8/view","sourceUpdatedAt":"20250617153039"},"geometry":{"type":"Polygon","coordinates":[[[104.01687525106054,1.4286813494357793,0],[104.01633039436129,1.428868338682743,0],[104.01579791420511,1.428980547166504,0],[104.01495583697738,1.4289432262957764,0],[104.01421281778497,1.428818656436296,0],[104.0115314880362,1.4264319217765546,0],[104.0105904129306,1.42548494783218,0],[104.00993163503618,1.42449059666469,0],[104.00941400141475,1.4234015325656906,0],[104.00903750389791,1.4221230465861154,0],[104.00894330828568,1.4208445398079637,0],[104.00908436061306,1.4195660159234524,0],[104.01209486573454,1.410474123675896,0],[104.01256532758632,1.4100005646165452,0],[104.01317692560448,1.4093375836578952,0],[104.01383560121393,1.4090534170063291,0],[104.0144942839593,1.4088639556119322,0],[104.01571757460114,1.4088165082254522,0],[104.01807004869198,1.408626912731941,0],[104.02106805135064,1.4085170271390266,0],[104.02220809300846,1.408478688198794,0],[104.02315141763438,1.4085317973362288,0],[104.0236616579213,1.4085933061324853,0],[104.02413948310473,1.4087684773159919,0],[104.02473524021336,1.4090808543093483,0],[104.02493936765346,1.4092419353966157,0],[104.0250582801798,1.4094154783527477,0],[104.02511529972578,1.4096258247931066,0],[104.02523881516048,1.4097596759465452,0],[104.02550483435539,1.409845707232856,0],[104.02574235609042,1.409998670645745,0],[104.02577087981051,1.4102950736946271,0],[104.02584689062196,1.4103811207309933,0],[104.0260432692937,1.4104815569390912,0],[104.02620793112077,1.4107061796137488,0],[104.02619845101007,1.4109452178147157,0],[104.0265536871332,1.4115354269673626,0],[104.02700543505044,1.411804576968257,0],[104.02752850267024,1.4120318490620607,0],[104.02809316962224,1.4121334948563835,0],[104.02873509590783,1.4121513867408946,0],[104.02923436391701,1.4120675954183408,0],[104.02978860029933,1.4117747966164838,0],[104.0300248441761,1.411600935281183,0],[104.03017342301162,1.411433428182855,0],[104.03047641730909,1.4117221604361405,0],[104.03051205923427,1.4117827801681173,0],[104.03073917056294,1.4120325880217561,0],[104.03093699067156,1.412460614865345,0],[104.03106862195327,1.4127361806388579,0],[104.0311782708997,1.4128904792304653,0],[104.03108890103785,1.4130963369773926,0],[104.03097528926428,1.412962387693212,0],[104.03077979963035,1.412785301170873,0],[104.03051826275225,1.4126537176434701,0],[104.03025673928089,1.4126597241008372,0],[104.03020924379308,1.4128402706818144,0],[104.0302508299203,1.4130724801936703,0],[104.03003686831134,1.41322802912129,0],[104.02985260444856,1.4131442975918909,0],[104.02966832893998,1.412911016784283,0],[104.02937708083364,1.4128691670150186,0],[104.02868760104042,1.4128034243178387,0],[104.02757016976817,1.4127556626376834,0],[104.02728487215384,1.4127796150471046,0],[104.02714222829977,1.4128514095960911,0],[104.02702336703297,1.4130189158560253,0],[104.02694611138,1.413180435385131,0],[104.02696395323684,1.4133060547465506,0],[104.0270055717535,1.4134556014450372,0],[104.02693425782235,1.4135991743814196,0],[104.02720770930085,1.414059763036622,0],[104.0272612234454,1.4142870727246926,0],[104.02714830138046,1.4144067216426586,0],[104.02707108062751,1.4150109066935053,0],[104.02683337474782,1.415549304083014,0],[104.02653964634294,1.4163446543795106,0],[104.02642189184854,1.4166413246771137,0],[104.02623615995792,1.4168781384486986,0],[104.02614950197732,1.4171772560417966,0],[104.02601332309922,1.417650860241216,0],[104.0258028418382,1.418099544719537,0],[104.02544376376733,1.4185731693523844,0],[104.0252704418611,1.4191464803862124,0],[104.02491136033332,1.4195702512845145,0],[104.02427984763888,1.42008128739685,0],[104.02364830802723,1.42025582138184,0],[104.02332635812701,1.4204801805904348,0],[104.02263487907886,1.4209855102626523,0],[104.02178800589031,1.4213170455891746,0],[104.02136985458111,1.421415065373238,0],[104.02099837558772,1.4216892811528563,0],[104.02029258390657,1.4224745069068647,0],[104.02018843382332,1.422927156139958,0],[104.02000028532223,1.4235427532975908,0],[104.0195992110679,1.4236959346190936,0],[104.01935153479023,1.4235962527685786,0],[104.01914105377325,1.4240698628039208,0],[104.01834857473727,1.4248177062367067,0],[104.01754373265464,1.425839735870246,0],[104.0173579833169,1.4258771388348686,0],[104.01715985243084,1.4259270066582197,0],[104.01496798677258,1.4259770336306081,0],[104.01484416223859,1.4261016741166004,0],[104.0147079444264,1.426089221945922,0],[104.01458409842279,1.4259396760556042,0],[104.01412590971955,1.4259397123106348,0],[104.01395254939685,1.4260269659317617,0],[104.01387826039418,1.4261640654368115,0],[104.01375442906317,1.4262139271119987,0],[104.0137420282355,1.4260020565916582,0],[104.0132590744338,1.4260020946275551,0],[104.01237985177623,1.426014628396343,0],[104.01218172372961,1.4261268088808505,0],[104.01224366873987,1.426475767396385,0],[104.01256566117321,1.4267748563412777,0],[104.01317249493353,1.4273481047013448,0],[104.01325917325906,1.4272857820932139,0],[104.01324675295241,1.426799727897087,0],[104.0135191866575,1.426787242562551,0],[104.01385356840159,1.42713618041715,0],[104.01380428291141,1.4271854547096903,0],[104.01379166974934,1.427385445728341,0],[104.01361830841091,1.4274726993385785,0],[104.01351925261609,1.4276347267448275,0],[104.01449761637012,1.428531983614419,0],[104.01503011121251,1.4286067191576894,0],[104.01537684959442,1.4286316165863497,0],[104.01555020602186,1.4284820479682387,0],[104.01543871686013,1.4280084638220716,0],[104.01505482327796,1.4279087896877627,0],[104.01505481259267,1.4277841608426898,0],[104.01567398437895,1.4277591855634908,0],[104.0163055387567,1.4277466711964697,0],[104.01660275212822,1.4278837409939371,0],[104.0166894716659,1.428319939025298,0],[104.01676378318257,1.428457024865494,0],[104.0169371523547,1.428469474811686,0],[104.0172219587227,1.4283198962146528,0],[104.01755627679152,1.427871200426992,0],[104.01756863920765,1.4275845519489032,0],[104.01756861540109,1.42728543787813,0],[104.01744476132313,1.4270486531718154,0],[104.01735806639185,1.4269115674439177,0],[104.01754382383467,1.426986329419921,0],[104.01765529467102,1.4272480437783681,0],[104.01766028710684,1.4277882080436954,0],[104.01798964730648,1.427235552913202,0],[104.01797723812649,1.426923979588996,0],[104.01786576221697,1.4265874883137988,0],[104.01808868892411,1.4269115076118504,0],[104.01806395885184,1.4273726414199865,0],[104.01769250137089,1.4279335052086914,0],[104.0174200916951,1.4282824904292106,0],[104.0170300839244,1.4285775255968485,0],[104.01687525106054,1.4286813494357793,0]]]}},{"type":"Feature","properties":{"name":"PULAU SAKIJANG PELEPAH (LAZARUS ISLAND)","source":"Singapore Land Authority National Map Polygon","sourceDatasetUrl":"https://data.gov.sg/datasets/d_29f066d67df3eae91df8a42f443863c8/view","sourceUpdatedAt":"20250617153039"},"geometry":{"type":"Polygon","coordinates":[[[103.85918529277907,1.2206187123310255,0],[103.85925925331479,1.2205194927970855,0],[103.85936370998377,1.2202801090095,0],[103.85940262500709,1.22011689963964,0],[103.85937623190286,1.2199248326103755,0],[103.85931830089379,1.219738256288681,0],[103.85935182804442,1.2197248731654595,0],[103.85942172281632,1.2199115108665344,0],[103.85943313629794,1.2200579501008577,0],[103.85942743224707,1.2202173110729737,0],[103.85938749442519,1.2203508301414334,0],[103.85933210289296,1.2204738207392258,0],[103.85926910519936,1.2205755163208372,0],[103.85918946510986,1.2206724252567491,0],[103.85911457966303,1.2207370311216255,0],[103.85908937872816,1.2207152397792644,0],[103.85912978830207,1.220677108636854,0],[103.85918529277907,1.2206187123310255,0]]]}},{"type":"Feature","properties":{"name":"SINGAPORE - MAIN ISLAND","source":"Singapore Land Authority National Map Polygon","sourceDatasetUrl":"https://data.gov.sg/datasets/d_29f066d67df3eae91df8a42f443863c8/view","sourceUpdatedAt":"20250617153039"},"geometry":{"type":"Polygon","coordinates":[[[103.62612895122645,1.31735940193601,0],[103.62177238635759,1.305385473240184,0],[103.62005644118715,1.300708171614144,0],[103.61963554317809,1.2996488498491885,0],[103.61931177210458,1.2988665811305733,0],[103.61903657067433,1.2981495026984342,0],[103.61868498765072,1.2971625427098545,0],[103.61865647198482,1.2970094016436424,0],[103.61808588992191,1.2971146355667802,0],[103.61793381372043,1.2961957907941313,0],[103.6176485257078,1.2962244806423362,0],[103.61733486563583,1.2944155072859072,0],[103.61760113824933,1.2943485334162914,0],[103.617468069412,1.2935732589822893,0],[103.61795306669003,1.2934488752045017,0],[103.61820213634202,1.2928633714002427,0],[103.61839237798254,1.2922651906700489,0],[103.6186358947378,1.291633191430481,0],[103.61905817020792,1.2907577919828672,0],[103.61978575819718,1.289456177742927,0],[103.61946245631613,1.2891977299766972,0],[103.61935785387558,1.2891594360184402,0],[103.61901841526962,1.2884712555707232,0],[103.61899668641003,1.2868527603541895,0],[103.61917742389485,1.286173220723215,0],[103.61864499218399,1.2849480710634373,0],[103.61878768565124,1.2843546719953522,0],[103.61897332244838,1.2840653734222445,0],[103.619147409031,1.2839323605793078,0],[103.61991171906543,1.2836093292221233,0],[103.6192772412599,1.28384002023316,0],[103.6191439497349,1.283856108391107,0],[103.61900533213343,1.2838238988238717,0],[103.61859757478813,1.2833975407391596,0],[103.6182077307987,1.2828519525954472,0],[103.6180080871195,1.2821915269944228,0],[103.6180081046125,1.2819713898566694,0],[103.61803836065324,1.2811133533379242,0],[103.6178197648329,1.2807268445767646,0],[103.6168481298373,1.2797890708793158,0],[103.61644207718581,1.2794466697694598,0],[103.61575461103823,1.2789754296169038,0],[103.61508897918829,1.2785925271039351,0],[103.61435782342748,1.278237547222104,0],[103.61382792134341,1.2780241581511391,0],[103.6132632219337,1.2778745340943944,0],[103.61305400539412,1.2779797987214279,0],[103.61207455361708,1.2777117228316037,0],[103.61145647358119,1.2772905376364065,0],[103.611228277216,1.2769268148031636,0],[103.61106666165308,1.2764099600775742,0],[103.61096611865383,1.2760878949339385,0],[103.61013422856402,1.2739044053974955,0],[103.60908915285142,1.2710978026226867,0],[103.60843316566451,1.2691930876681525,0],[103.60787224070313,1.2676616583974012,0],[103.60696354241387,1.2651376648185628,0],[103.60693179992273,1.2648712436054939,0],[103.60713299021904,1.264647469743148,0],[103.60734474932825,1.2646581461642854,0],[103.60988585827164,1.2646583666540168,0],[103.60987557037244,1.261152318441557,0],[103.60570392072486,1.2611412968042153,0],[103.60573576401264,1.2602354829723172,0],[103.60565594130522,1.2602312082870795,0],[103.6097485972123,1.2601932048960158,0],[103.6097013256441,1.256090708390736,0],[103.60969658819847,1.2559161089741113,0],[103.60573364223494,1.255915763809805,0],[103.60571939591928,1.2557004132317517,0],[103.61200600821572,1.25565298117202,0],[103.6120060835804,1.2547458781179321,0],[103.6120062333833,1.252972859182983,0],[103.60601918084068,1.2529295951946184,0],[103.60604772869465,1.2526998898560373,0],[103.60884348638537,1.2526714190191386,0],[103.60877187521388,1.2499123680296853,0],[103.60599091325865,1.2499146829625056,0],[103.6059909370493,1.2496275483962889,0],[103.60877354297617,1.249572553781719,0],[103.6087878758639,1.2466522983358777,0],[103.60878801483574,1.2466240045973722,0],[103.60880740857591,1.246612295727356,0],[103.60603398636583,1.2466413556637135,0],[103.60603400483133,1.2464260036026955,0],[103.60894652971153,1.2463922972063364,0],[103.60901066603482,1.2463923027046533,0],[103.61242409177716,1.2463925930649495,0],[103.61242431984843,1.2436524693413566,0],[103.60566661875482,1.2437700991904084,0],[103.60566474714156,1.243770091793062,0],[103.60569258740199,1.2412126646644028,0],[103.60605161507107,1.2413516874343535,0],[103.60627256889481,1.2412961102198254,0],[103.6067803546182,1.2410725623583112,0],[103.60734675456968,1.2410136379261512,0],[103.60815981131574,1.2408988542162724,0],[103.60875890821725,1.2407984068509559,0],[103.6094846452067,1.2408115141169365,0],[103.60964207417493,1.2408794267378103,0],[103.60997350481655,1.2407960604238524,0],[103.61033254244245,1.2408516872377735,0],[103.61063634513839,1.2408795111594961,0],[103.610884919856,1.2407961368002993,0],[103.61113350383816,1.2406015706483764,0],[103.6112992411471,1.2402958057035958,0],[103.61166102615636,1.239404150580127,0],[103.61277204685265,1.2360606334007171,0],[103.61306937565836,1.23408660904757,0],[103.61312893670001,1.2325313017899795,0],[103.61312929473735,1.2281644662780753,0],[103.61289174358679,1.2259511193825627,0],[103.61265413871237,1.2243957883245349,0],[103.61211928185479,1.2239171863584934,0],[103.61170322239253,1.2242760690814478,0],[103.61140603194208,1.2245751428318528,0],[103.6117030552453,1.2263099379160234,0],[103.61194065370537,1.2279250886651818,0],[103.61199997355395,1.229300945765712,0],[103.61211855382894,1.2327704972179792,0],[103.61222247805271,1.2352929389923122,0],[103.61196567244902,1.2359533270535479,0],[103.61183246823133,1.2368434315875396,0],[103.61203210483318,1.237551713857036,0],[103.61225778119514,1.2375793609469503,0],[103.61176047921839,1.2390824976538306,0],[103.61168017899176,1.2385279410201209,0],[103.6111952322196,1.2381833387068555,0],[103.61065319622993,1.2382407197013334,0],[103.61037739084179,1.2386522562912026,0],[103.61059844436403,1.2391212607725914,0],[103.6105508446465,1.2397433811334289,0],[103.61009912983894,1.2400065491006522,0],[103.60760295614632,1.239719202364157,0],[103.60788844966115,1.2371828728961993,0],[103.60743677270662,1.2369914123576757,0],[103.60679493688093,1.2364888724013046,0],[103.60605796799186,1.2364648805999296,0],[103.60627232077398,1.2318228948387921,0],[103.6064506445795,1.2315238117530902,0],[103.60687860826212,1.23099743595191,0],[103.6069381623964,1.2295617687974107,0],[103.60722774801177,1.227723178070172,0],[103.60671066269492,1.2265487959557777,0],[103.60635409984378,1.226130027813428,0],[103.60621150835586,1.2255677110527656,0],[103.60623534969655,1.2247541660336714,0],[103.60647312386074,1.2242517013693501,0],[103.60648190783724,1.2238546092825373,0],[103.60666339043078,1.223294602705791,0],[103.60662702814336,1.22221784629873,0],[103.60652243258181,1.2221412681142105,0],[103.60651293808907,1.221968987066692,0],[103.60657000870086,1.2217775691234871,0],[103.60684844360836,1.2213830447708114,0],[103.60706077062765,1.2211265831497038,0],[103.60739577894019,1.2209937829803588,0],[103.60782214705576,1.220891643700497,0],[103.60793382505112,1.2207588264014433,0],[103.60793384206609,1.2205544748844692,0],[103.60787294487794,1.2204216430244195,0],[103.60770037993517,1.2202990173715589,0],[103.60751765691249,1.2202785688698068,0],[103.60722010397691,1.22051941592482,0],[103.60676361486661,1.221064931373187,0],[103.60647196232752,1.221412623312832,0],[103.60641103688201,1.221606750384226,0],[103.60629935800496,1.221770219915183,0],[103.60625873704929,1.2219541330753447,0],[103.60620723000115,1.2221775313948877,0],[103.60597447172877,1.222250416411398,0],[103.60589324685847,1.2223934536319248,0],[103.60581201861496,1.2225977972883455,0],[103.60566653984326,1.222671307387765,0],[103.60591890288899,1.2215821940768228,0],[103.60616418356682,1.220889548921647,0],[103.60671228768548,1.2201173458804713,0],[103.60753440827358,1.21940032623747,0],[103.60879495005325,1.218793665751801,0],[103.64244522138239,1.2101911955918527,0],[103.64332207234418,1.210356740134053,0],[103.64397967042068,1.2110738746246124,0],[103.64419884225879,1.2116806607287547,0],[103.64413618167269,1.21209936617283,0],[103.64414830301824,1.2126366412395766,0],[103.64373226260997,1.2127861606039219,0],[103.64349449156704,1.2133544321587848,0],[103.64316757407317,1.213892786551267,0],[103.64301893658408,1.214670433710597,0],[103.64266229815698,1.215268606613298,0],[103.64230567637681,1.2156275001678192,0],[103.64221650086425,1.2159864127272035,0],[103.64185987170255,1.2164350350164421,0],[103.64171124082945,1.2171229522837186,0],[103.6412357379336,1.2176912055714955,0],[103.64111682115558,1.218409034801713,0],[103.64078988669998,1.2191567589568344,0],[103.64022318606429,1.2201148560887036,0],[103.63995780266269,1.2208269952223894,0],[103.63938484927003,1.2212112977094176,0],[103.63866813542634,1.2210090451208906,0],[103.63818672255383,1.220617799201106,0],[103.6359615769672,1.2202730737305179,0],[103.6347443831966,1.220368694698274,0],[103.63362228873724,1.2203686119958268,0],[103.63342466425242,1.2206770752610787,0],[103.63328202894392,1.2206172448023032,0],[103.63324829891725,1.2207857380748153,0],[103.63312152772517,1.2210419527016092,0],[103.63285407080575,1.221167553643043,0],[103.63255095857367,1.2212153877855967,0],[103.63262230861169,1.2208026370176313,0],[103.63287787776383,1.2207069441900344,0],[103.63305618781297,1.2205574081025596,0],[103.63305025788569,1.2203839297439507,0],[103.63291357157404,1.2202523170608421,0],[103.63257480373177,1.2202403269595865,0],[103.63243217293048,1.2201446051364673,0],[103.63181406361628,1.2202223236025298,0],[103.63160008804698,1.2204556051398885,0],[103.63123160640575,1.2204196850732252,0],[103.63091067984301,1.2202701122521087,0],[103.63069671718333,1.2203179511368636,0],[103.63032824680376,1.2201324824225863,0],[103.6300191964265,1.2201324589362805,0],[103.62984684521459,1.220066643712393,0],[103.62976363357241,1.2201324385834174,0],[103.62909798494168,1.220138370151039,0],[103.62858713844722,1.220260555267984,0],[103.62827809698156,1.220119357437968,0],[103.62765049266487,1.220014026405201,0],[103.62685172283992,1.2199086820208214,0],[103.62654743116241,1.219836874070354,0],[103.62597688196453,1.2197506896540005,0],[103.62519711592107,1.2198319843403365,0],[103.62479770837014,1.2200808030669332,0],[103.62443636903251,1.21990849440764,0],[103.6235805572286,1.219621292437308,0],[103.6231051382952,1.219046986085838,0],[103.62293399122647,1.218798121911622,0],[103.62289603623861,1.2177452919393006,0],[103.62226846488394,1.217228401275765,0],[103.62127952015086,1.2169986150712497,0],[103.62034760642169,1.2170942531181264,0],[103.61985310664986,1.2173239209759046,0],[103.61943470362186,1.2172664608092167,0],[103.61911140414078,1.2170750120215585,0],[103.61779146275212,1.2172238758128624,0],[103.61711908311216,1.2174287538946467,0],[103.61646433655126,1.2176125480898883,0],[103.61557281960766,1.2179115743557758,0],[103.61522191292455,1.2183442398777005,0],[103.61529309167146,1.2200909802914266,0],[103.61545948283553,1.220354201149939,0],[103.61543567728737,1.2207609725530468,0],[103.61538808926856,1.2212873823479113,0],[103.61523117268571,1.2214500790535687,0],[103.61523670260877,1.224694209681198,0],[103.61560880428853,1.2249534221114204,0],[103.61567072522449,1.2254107469296007,0],[103.61569134320224,1.2258472816844308,0],[103.61564997306837,1.2266579861825944,0],[103.61571185871433,1.227551844967682,0],[103.6157530878612,1.228508064830421,0],[103.61564623304272,1.2294618533848758,0],[103.61569099438584,1.2301710452263437,0],[103.61558770632168,1.2304620593828737,0],[103.62060638267853,1.230462466868253,0],[103.62081289196801,1.2307119309748684,0],[103.62085915796307,1.2316468773279639,0],[103.64280339577682,1.23175040326278,0],[103.64282226220334,1.232315761813204,0],[103.6331256028721,1.2322077972129457,0],[103.63250648839599,1.2331075502212243,0],[103.63321940396098,1.2368882121929576,0],[103.63324211821383,1.2378272720849093,0],[103.64686584917344,1.2375532119315875,0],[103.64680638231961,1.2380317663181533,0],[103.61738389572368,1.238166666849511,0],[103.617338743022,1.2452676970887033,0],[103.63743597941296,1.24502078623997,0],[103.64457988740432,1.248122767998019,0],[103.64437123114018,1.2539957575983482,0],[103.61737050482226,1.2539587622273496,0],[103.61738206657027,1.2605691374278991,0],[103.63069523923339,1.2606180702233718,0],[103.64333468316423,1.2608653605997042,0],[103.64328257884307,1.2696644327396989,0],[103.6424745038397,1.2696962732284407,0],[103.64225373113607,1.2697756144037673,0],[103.63975682096651,1.2697689612909475,0],[103.63978329996016,1.2703817991045996,0],[103.63995449521205,1.2731314221836423,0],[103.64016188769298,1.2754356652484273,0],[103.64043811203776,1.2790796791510282,0],[103.64069112230352,1.2790600103628729,0],[103.64066493764649,1.2787175363680148,0],[103.64082877878111,1.2787050360150038,0],[103.64106999837537,1.2786866360146005,0],[103.64121351279333,1.27867568779442,0],[103.64122467074593,1.2788210373484779,0],[103.6412319596563,1.2789175240488933,0],[103.64126798218437,1.2793961049461098,0],[103.64210069766128,1.2793318169086794,0],[103.64531390055942,1.279083154289221,0],[103.64556126706682,1.27907734572302,0],[103.64580061763336,1.2790857313790194,0],[103.64604859317619,1.2791071377184722,0],[103.64628773580215,1.2791333265471427,0],[103.64652872017214,1.2791630623894021,0],[103.6467557308834,1.279213296318342,0],[103.64699685556452,1.2792911793580273,0],[103.6472238820573,1.2793721560684053,0],[103.64744959470823,1.2794684416736386,0],[103.64768354843206,1.2795812866962513,0],[103.64788684140787,1.279695856797759,0],[103.64808706184527,1.2798170194480911,0],[103.64829183605747,1.2799634222048801,0],[103.64848222473142,1.28011043886984,0],[103.64866315955094,1.2802631459772513,0],[103.64883966496703,1.2804361701108298,0],[103.64901413797088,1.2806211171736717,0],[103.64916723478319,1.280807489762683,0],[103.6493187318774,1.28099876386239,0],[103.64945886959332,1.2812045521177755,0],[103.64958063399831,1.2814119126289845,0],[103.64969672657186,1.2816235322644938,0],[103.64980464306822,1.281852458954235,0],[103.6499001137262,1.2820850329338118,0],[103.64997184605103,1.282304605926341,0],[103.65004347720416,1.2825571102859306,0],[103.65009547696363,1.2827875269438254,0],[103.65014029688064,1.2830258001663108,0],[103.65017368657071,1.2832763483515373,0],[103.65019297871089,1.2835204998850493,0],[103.65020031177936,1.2837586817787476,0],[103.65019542463482,1.283998807165844,0],[103.65017411995524,1.2842571813587345,0],[103.65014717414842,1.2844919603840745,0],[103.65009666819468,1.2847344681792858,0],[103.6500387586546,1.284971986985915,0],[103.64996453176789,1.2852085803542037,0],[103.64988486032965,1.2854369255588933,0],[103.64979604325251,1.2856573026833527,0],[103.64968985572906,1.2858768727596885,0],[103.64896397673229,1.2872145334214258,0],[103.64826408617672,1.288502325615974,0],[103.6479924566627,1.289027294935545,0],[103.647893203394,1.2891768516446336,0],[103.64789712872435,1.289182042055019,0],[103.64773908628057,1.2892408120657595,0],[103.64766299622963,1.289441799611743,0],[103.64771580685239,1.2895157394476564,0],[103.6477096601195,1.2895259917271158,0],[103.64765780492567,1.2895845307681815,0],[103.64764350187276,1.2896361578276463,0],[103.6476216543796,1.2896922817157424,0],[103.64666434780224,1.2914708152357353,0],[103.64689256718738,1.2915952566607911,0],[103.6455134967414,1.2941506532714704,0],[103.64529478697044,1.2940070698229693,0],[103.643221417376,1.2978928046831035,0],[103.64307877658429,1.297849724657901,0],[103.64289333302668,1.297950207595496,0],[103.6428077299666,1.2981799103021612,0],[103.64272212258729,1.298467038040236,0],[103.64270784124194,1.2986823876290052,0],[103.64267929216963,1.2989551647882656,0],[103.6425794320852,1.29909872431813,0],[103.64233690975854,1.2994719803708015,0],[103.64226557108059,1.2996873274156295,0],[103.64223702733113,1.2998883182915564,0],[103.6419659693676,1.300376425798912,0],[103.64173771998222,1.300620473357859,0],[103.64149519302809,1.3010511579337776,0],[103.64136677590649,1.301567988762113,0],[103.64128116711477,1.3018694749205861,0],[103.64113850640068,1.3020991713382108,0],[103.6408531918063,1.3024437122696064,0],[103.64056786037865,1.3030323163066377,0],[103.64042518423126,1.3034630065871853,0],[103.6401113198887,1.3040803217520636,0],[103.63975467490812,1.3045684240691733,0],[103.63938375834077,1.3051139520372608,0],[103.63905562784188,1.3057599793001837,0],[103.63894147662644,1.3062337426705775,0],[103.63831376373062,1.307253020818149,0],[103.63817109463577,1.3075832148206774,0],[103.6379856386462,1.3078559786318615,0],[103.63778590909872,1.3082005239300571,0],[103.6366622227946,1.3092315752679853,0],[103.63596195965897,1.3100568653548423,0],[103.63514204372626,1.3110254124311342,0],[103.63519678044428,1.3114921502861703,0],[103.63506063361909,1.3118052846873107,0],[103.63506060832462,1.3121380066001749,0],[103.63569611531389,1.313326743450766,0],[103.63616886298837,1.3141735552621665,0],[103.63620773411303,1.31444756203956,0],[103.63741849727167,1.316117606341801,0],[103.636519353114,1.3169692010219924,0],[103.63663267355241,1.3170908771006344,0],[103.63749249855381,1.3162702553912986,0],[103.6375252703069,1.3163163242386766,0],[103.63780521528922,1.3160455630542613,0],[103.63795956331381,1.3158905833983479,0],[103.6381952670482,1.3156709249231267,0],[103.63845324998238,1.3154189653554564,0],[103.63862189961925,1.3152698406881456,0],[103.63869172501056,1.3151726637032304,0],[103.63883359577353,1.3151564035973915,0],[103.63896025508328,1.3151515118982469,0],[103.63986657892636,1.314300530718225,0],[103.63985697561431,1.3141210055623709,0],[103.6395618967207,1.3138107121746516,0],[103.63961196392083,1.31376033059618,0],[103.63995183213578,1.3140997993927928,0],[103.64014791395628,1.3139183983299418,0],[103.63998684439774,1.3137548739716685,0],[103.63981222629,1.3135720621790015,0],[103.63991235809398,1.3134580401923597,0],[103.63994924270249,1.3134898647633526,0],[103.63997032480223,1.3134606953840386,0],[103.64008888329808,1.313577386887638,0],[103.6401442192622,1.3135190509595929,0],[103.64016529688045,1.313548221811655,0],[103.64027088842661,1.3134667219061658,0],[103.64042366904748,1.3133238612478482,0],[103.6404560866922,1.3133596546991353,0],[103.64064093316837,1.313187986331862,0],[103.64072053392275,1.313111202430142,0],[103.64077809713957,1.3130556737888501,0],[103.64082208863431,1.3130132374121182,0],[103.64084410368918,1.3130156537580249,0],[103.64098703116545,1.3129504767805718,0],[103.64109048327079,1.312915467984347,0],[103.64123134274841,1.3128677938066462,0],[103.64128018415715,1.31284262382859,0],[103.64133188532053,1.312809759778883,0],[103.64144073664939,1.312705625752524,0],[103.64161228842993,1.3125421000268225,0],[103.6415872033048,1.3125127588567547,0],[103.64190351303803,1.312210232437178,0],[103.64252852643723,1.3116719386891587,0],[103.6426640407487,1.3116432356628405,0],[103.64310625919522,1.311334599803017,0],[103.64338861357172,1.3110434121220493,0],[103.6438765319612,1.3114136218556298,0],[103.64384799778702,1.3114854023325986,0],[103.64385512125273,1.311607435370685,0],[103.64394783159632,1.3117222961205892,0],[103.6441760462005,1.3119304862548475,0],[103.64421883057008,1.3120597008147248,0],[103.64435936308556,1.3121771136771125,0],[103.64444705922617,1.312081252779935,0],[103.64470380323132,1.3122822662356903,0],[103.64463960727703,1.3123827592484194,0],[103.6448985188993,1.3126040133313963,0],[103.64521728994741,1.3127273641247228,0],[103.64613445766247,1.3136601856195929,0],[103.64549188174612,1.3143139033247981,0],[103.64566912624566,1.314492323412373,0],[103.64636797038258,1.3139055569474438,0],[103.64767151090184,1.3152752789359192,0],[103.64764204922183,1.315326118035934,0],[103.64871893537867,1.3164173096395544,0],[103.64893288781536,1.3166183213832967,0],[103.64903272416142,1.3168049661021541,0],[103.6491765193929,1.3169401153084346,0],[103.64931087227822,1.316934198118363,0],[103.64971175923324,1.3174431727422882,0],[103.65027083331134,1.3170589569875124,0],[103.65031669555927,1.3171022502832925,0],[103.65048915664211,1.3169370427713618,0],[103.65087367238664,1.3165187241054317,0],[103.65092991315095,1.3165825760675969,0],[103.65100050377355,1.3164970423655635,0],[103.65095132133312,1.3164174758594553,0],[103.65177158043355,1.315678163819715,0],[103.65171453417925,1.3155202348511044,0],[103.65173593786197,1.3154412749276954,0],[103.65182153110788,1.3153479620815285,0],[103.65191425209737,1.3152977208085568,0],[103.65185720400666,1.3151900399001428,0],[103.65186434368054,1.3150680078751003,0],[103.65143748585106,1.314621637815589,0],[103.65140079287632,1.314472167912245,0],[103.65124705927866,1.3143182481121878,0],[103.65112978169059,1.3142855116175085,0],[103.6504522689028,1.3136250519429262,0],[103.65038096030199,1.313452766097165,0],[103.65023119823094,1.3132517610363614,0],[103.64927555138891,1.312282608959452,0],[103.64880617876165,1.3118510949609585,0],[103.64889045014554,1.3117585598627415,0],[103.64839837184276,1.3111627182985708,0],[103.64824881887749,1.3110547284044356,0],[103.64813448967158,1.3110334891422277,0],[103.64799898876633,1.3108683745755332,0],[103.64786348703474,1.3107391540505473,0],[103.64787775865739,1.3106530148278157,0],[103.6477921786211,1.3105309759253452,0],[103.64761387424468,1.3105309617232248,0],[103.64749264169768,1.3103371392950938,0],[103.64720737164782,1.3100858732286302,0],[103.64712178074072,1.3101361166839662,0],[103.64701480027436,1.3101217510624943,0],[103.6468935599969,1.3100212458956733,0],[103.64679303790591,1.3098781559681398,0],[103.64669387192099,1.3098417697563174,0],[103.64655124139462,1.3096622987886808,0],[103.64636310679752,1.309386443149399,0],[103.64636882389397,1.3092333037959216,0],[103.64617584127346,1.3089995945734394,0],[103.64616130697027,1.3086772687661294,0],[103.64620371560484,1.3085427122423074,0],[103.64661262881056,1.3078788179263492,0],[103.64720222258329,1.3073001457870665,0],[103.64768990934117,1.3068972770878589,0],[103.6477699818619,1.3067287926379834,0],[103.64875991634354,1.3057911984107726,0],[103.64885454285799,1.3057032988909432,0],[103.64949976279296,1.305133849204493,0],[103.6496479197796,1.3053077775866706,0],[103.64974982211112,1.3052272047815117,0],[103.64959698871318,1.3050587058391665,0],[103.6497498460131,1.3048975546753765,0],[103.64985606117037,1.3047943207240182,0],[103.65013636627852,1.3050991196837016,0],[103.65002575830405,1.3051877262039049,0],[103.65089263540442,1.3060674544240995,0],[103.65116008216245,1.306228986340519,0],[103.65130508458303,1.3064898107689369,0],[103.65135262085163,1.3066429549675829,0],[103.65256975473007,1.3079734350590446,0],[103.65280748808277,1.308069163435393,0],[103.65300717568545,1.308260601101982,0],[103.65314029630196,1.308442463101494,0],[103.65359671733935,1.3090167666262635,0],[103.653431944572,1.309250815830794,0],[103.65352061488896,1.309361322394137,0],[103.65390102582262,1.3089976450584015,0],[103.6562278407082,1.3114714641577583,0],[103.65680559142164,1.3108828787462479,0],[103.65716217937512,1.3112095201149414,0],[103.6571087047785,1.3109582732459493,0],[103.65702124364839,1.3107840031280995,0],[103.65710754474618,1.3105471102192099,0],[103.65742426397706,1.3100279935551211,0],[103.65598915031472,1.308648094656709,0],[103.65587392693733,1.3085900988687214,0],[103.65546586917965,1.3080585283662431,0],[103.65475909005484,1.307284112087265,0],[103.65401888414323,1.3065043647717816,0],[103.65470243327144,1.3058344328842335,0],[103.65448848560455,1.3055951392063037,0],[103.65377521894592,1.306253105118744,0],[103.65371525502466,1.3061598467908335,0],[103.65385250336332,1.3060018667232753,0],[103.65387033823784,1.305930082597421,0],[103.65379307807102,1.3058523120078176,0],[103.65360881678714,1.3060018492002317,0],[103.65327756398648,1.3054791268107169,0],[103.65281839135625,1.3051942256275189,0],[103.65284216882836,1.3051403889702597,0],[103.65281840329838,1.305026729066114,0],[103.6521767476668,1.3042644751866082,0],[103.65124227291318,1.3032650205913743,0],[103.64980575806037,1.3017286176397416,0],[103.65084206771968,1.3004678379764536,0],[103.65336195404042,1.3026095687609103,0],[103.65372453830417,1.302160946161749,0],[103.65121059633438,1.3000251994324004,0],[103.65137108439987,1.2998278037105426,0],[103.65143645920254,1.2998696830412222,0],[103.65170394130489,1.2995287287629127,0],[103.65166233828644,1.299486852968985,0],[103.65176933233788,1.2993432926177395,0],[103.65379656940377,1.3011003112046295,0],[103.65494224307028,1.2996319034352468,0],[103.65502288517307,1.2995309771186365,0],[103.65515709725123,1.2996366521191602,0],[103.65583471228193,1.2987932411283196,0],[103.65608432212521,1.2990145919353802,0],[103.65646428529979,1.298948362565265,0],[103.65746366758496,1.297822373666979,0],[103.65603044170564,1.296593767102719,0],[103.65630569130656,1.296231546701806,0],[103.65659152741591,1.2958693251935587,0],[103.65822160822336,1.2972651315679296,0],[103.65917438816548,1.2961252041460603,0],[103.65868748068452,1.2956883506656391,0],[103.65888161239116,1.29553662778777,0],[103.65877468274759,1.2953379097407054,0],[103.66478011335772,1.2918526089464957,0],[103.6653762519333,1.290719662550031,0],[103.66547941564113,1.2907763086270436,0],[103.66554523376314,1.2906769580931172,0],[103.66518689638906,1.2903969495524965,0],[103.66585602485031,1.2896414962288885,0],[103.66582630885095,1.2895936390949414,0],[103.66658537294556,1.2886777804340428,0],[103.66837363196011,1.2901701540283015,0],[103.6715067940034,1.29272735289683,0],[103.67245795430145,1.2934362267572816,0],[103.67286815941353,1.2935867784005268,0],[103.67312053759728,1.2939292281381904,0],[103.67324941773923,1.2940447169324885,0],[103.67341210242039,1.2942084021847156,0],[103.67347560924172,1.2943256023948218,0],[103.67443208958146,1.295330918394598,0],[103.6747114507524,1.2950318356726154,0],[103.67491351888597,1.2952053256991003,0],[103.67435479542574,1.295791527352274,0],[103.67417055882014,1.2956180356949714,0],[103.67403979289216,1.2957556142427136,0],[103.67426563288454,1.2959709813728326,0],[103.67364152389301,1.2966469039913178,0],[103.67333248216657,1.2963537682023862,0],[103.67323142733623,1.296605004189709,0],[103.67318386875365,1.2967724979141315,0],[103.67322546666092,1.2968442842383603,0],[103.67290408313144,1.297128112915875,0],[103.672702951385,1.2972239876910314,0],[103.67234301540793,1.2976288218734666,0],[103.67196191172125,1.2980016926956466,0],[103.67176077108383,1.2982360721074913,0],[103.67147203461006,1.2985370737616162,0],[103.671258053667,1.298758393318329,0],[103.67106190894764,1.2989198941308733,0],[103.67092718704733,1.298977026577254,0],[103.67085388122548,1.299021574283075,0],[103.67080632305782,1.299165137633591,0],[103.67066960386434,1.2994582476002607,0],[103.67052694934553,1.299631714713671,0],[103.67043185441483,1.2996257270989755,0],[103.67020598892009,1.2998231181830817,0],[103.66964131925148,1.3004272606408243,0],[103.66953433428027,1.3004571635909725,0],[103.6694511186734,1.3005528703058042,0],[103.66928461684316,1.3018509503556668,0],[103.6692073161375,1.3024072702318727,0],[103.66913595640551,1.3029934986127174,0],[103.66912905094482,1.3031625241435643,0],[103.66912748421247,1.3032407440362497,0],[103.66894286866253,1.3032148861837352,0],[103.66892094519045,1.303407873579779,0],[103.66911931115658,1.3034336283364159,0],[103.66900980501349,1.3043046284435678,0],[103.66902928183957,1.3045538056050745,0],[103.66879628293725,1.3063436880358896,0],[103.67115181970038,1.3066059820600735,0],[103.6711491237325,1.3066252429678766,0],[103.67273209170803,1.3068262997844424,0],[103.67284698702174,1.3058726483523486,0],[103.67283332294855,1.3057155744050535,0],[103.67281687960276,1.305715572444224,0],[103.67283601778351,1.3056714453693945,0],[103.67284428380788,1.3056521839113315,0],[103.67285245998356,1.3056328311069907,0],[103.67285524506454,1.3056108571175755,0],[103.6728607254317,1.3055943103727905,0],[103.67289351135912,1.3052277142926236,0],[103.6728715809839,1.3050375438117248,0],[103.67281128534141,1.3049492851396622,0],[103.67283320290292,1.3047177899759288,0],[103.6729125297327,1.3042519965933956,0],[103.67292189908015,1.3039927367318056,0],[103.67282680538865,1.3039927306320502,0],[103.67288626639515,1.303568013865645,0],[103.6729814218718,1.3026049213896604,0],[103.6730289788765,1.3024792996167494,0],[103.67311812780709,1.3025211799594267,0],[103.67307651835051,1.302616888558811,0],[103.67319538478013,1.3026587708011041,0],[103.67326367221067,1.3022314753356348,0],[103.67364477644159,1.3018586043837324,0],[103.67435545379122,1.3010888879934066,0],[103.67452276562932,1.301236767096075,0],[103.67492681486934,1.3007890813546021,0],[103.67477568911147,1.3006164274198608,0],[103.67779115593554,1.2973842728438438,0],[103.67847916859733,1.2966009266313563,0],[103.67957111791239,1.295368814552449,0],[103.67976267865261,1.2955616406502815,0],[103.67866120641307,1.2967671178751892,0],[103.6790944794043,1.297162680559534,0],[103.6792161240673,1.2970402636925955,0],[103.67976703759369,1.2975876106756168,0],[103.68009619928954,1.2972275573946344,0],[103.68188425432493,1.298026661094987,0],[103.68178638632449,1.298807868095385,0],[103.68176556404651,1.299130893959962,0],[103.68173881629072,1.2991907122492783,0],[103.68166748991018,1.299253520378162,0],[103.68160210988357,1.2992894078273027,0],[103.68171799114435,1.2995615951195192,0],[103.68181605496947,1.2996423569167108,0],[103.68178633499596,1.2996692743504914,0],[103.68176356562445,1.2997500668341562,0],[103.68176551091457,1.3000222110681585,0],[103.68169121571405,1.3000551072547948,0],[103.68166148289387,1.3003272857466504,0],[103.68171200233853,1.3003302813332203,0],[103.68162874178063,1.3012006547124102,0],[103.681518729924,1.3021577646800195,0],[103.681578162947,1.3021607599093423,0],[103.6815395124005,1.3024867763048502,0],[103.68147710537274,1.3024807892652641,0],[103.68140278321765,1.3029473810741132,0],[103.68131953205162,1.3036562399473715,0],[103.68130763194961,1.303892529007698,0],[103.68107624971445,1.3040000652307115,0],[103.68101341942955,1.3040390701372035,0],[103.68109958703158,1.3042484441280933,0],[103.6811055264027,1.304308265293828,0],[103.68109958056135,1.304356119223918,0],[103.68019911724632,1.3047389130365175,0],[103.68011887403956,1.3048376101361183,0],[103.68013075671571,1.3048914493141464,0],[103.68028825988846,1.3049034218561668,0],[103.6809955547457,1.3045894110398897,0],[103.68104310422717,1.304583433393463,0],[103.6810501527043,1.3046232392966886,0],[103.6810428149068,1.3048223458030188,0],[103.68106388662622,1.304882533252479,0],[103.68103812997984,1.3049405564251513,0],[103.68104287723098,1.3050410538920603,0],[103.68110468664227,1.3050793428993508,0],[103.68103809197784,1.3055722538712284,0],[103.68134715761619,1.305500489896463,0],[103.68135190814859,1.3055914146969718,0],[103.68103808593031,1.3056727519523934,0],[103.68095067771246,1.3063833993489065,0],[103.68098731079931,1.3063926188371113,0],[103.68097622604037,1.306457583876412,0],[103.68090965801066,1.3064623656947458,0],[103.68088110961789,1.3067877839805124,0],[103.68093816570033,1.3067973592270286,0],[103.68091437791412,1.3070462073206786,0],[103.67932951742782,1.3077245086379958,0],[103.6794714580927,1.3080148843509471,0],[103.6796546342663,1.307959585802276,0],[103.68085729783397,1.3074194808642134,0],[103.6806765472563,1.3085392981728952,0],[103.68067178726918,1.3086350091733412,0],[103.6806297207485,1.3087133333470191,0],[103.68071457873289,1.3086637252717765,0],[103.68074310727451,1.3086828687342176,0],[103.68079539178633,1.3089508649999047,0],[103.68101044528652,1.309066099238318,0],[103.68142674623958,1.3092810552151775,0],[103.68130392028418,1.3096427787709097,0],[103.68124328287337,1.3098213602443236,0],[103.6812405905746,1.3099150437948701,0],[103.68129848867444,1.3099691977856693,0],[103.68110612490722,1.3105130437286647,0],[103.68117939188366,1.310549920836328,0],[103.68139465570447,1.309950767341106,0],[103.68154976983043,1.3099651064093023,0],[103.68161276341641,1.3099623872156432,0],[103.6817497089747,1.3099016857650987,0],[103.68197692673273,1.309259329760786,0],[103.68229760703781,1.309013675781696,0],[103.6823746906364,1.3089967706997012,0],[103.68249375682929,1.3089368621458686,0],[103.68249834242386,1.3088262463402587,0],[103.68337299361599,1.3088216913988553,0],[103.68337648103926,1.308501106264879,0],[103.68269069171204,1.3085174555675383,0],[103.68255789064436,1.3085128398166037,0],[103.68256705371302,1.3084575332332282,0],[103.68265868905354,1.3076601857598553,0],[103.68285102484622,1.307591063446674,0],[103.68286419684875,1.3075418036642013,0],[103.68285561595266,1.3073421797904796,0],[103.68278693517912,1.3072453872504624,0],[103.68273028390696,1.3072276366397186,0],[103.68273028163519,1.307175277719874,0],[103.68275489443039,1.3069965022888648,0],[103.68392262006994,1.3070150078809952,0],[103.68392721103599,1.3068122122883241,0],[103.68277322071299,1.3068075352267607,0],[103.68280987297173,1.30654021628281,0],[103.68293810036178,1.3064388269852572,0],[103.68361478187941,1.3064613627447095,0],[103.68361127256843,1.3062268543230788,0],[103.6829518468192,1.3062636873323445,0],[103.6828971972614,1.3061747852931715,0],[103.68288623405375,1.3061306554029881,0],[103.6828780551865,1.3060755847135936,0],[103.68288353517387,1.3060341688987904,0],[103.68296017625461,1.3059322573850685,0],[103.68299766514382,1.3058442715856773,0],[103.68348765430173,1.3058350846770868,0],[103.68348766303507,1.3056875968577906,0],[103.6830572057608,1.305701397787006,0],[103.68301141428473,1.3056691328352703,0],[103.68297478295977,1.3055999976104322,0],[103.68298833705724,1.3053501884211736,0],[103.68298827078479,1.3053464877693872,0],[103.68298551859364,1.3051943757857674,0],[103.6829885457856,1.305194407620529,0],[103.68297939940079,1.3050146570562107,0],[103.68299772508811,1.3048349090483229,0],[103.68300689824677,1.3046090696985333,0],[103.6830893402748,1.3043555811807679,0],[103.68310766774135,1.3041758331697704,0],[103.68315668431512,1.303900681368388,0],[103.68320797661104,1.3038121917548362,0],[103.68348403096448,1.3008860900336048,0],[103.68355212916448,1.3007120261817766,0],[103.68368890585175,1.2994199257592476,0],[103.68373052737306,1.299126810140803,0],[103.6842156247594,1.2991742040381096,0],[103.6866807449316,1.2995994011012209,0],[103.68774983602937,1.299747340973866,0],[103.68774051043795,1.2998349116012713,0],[103.68776225992269,1.2998614965801258,0],[103.68781198011685,1.2998568076344483,0],[103.68785082157648,1.2998693199242997,0],[103.68788034263491,1.2998630670688598,0],[103.68791763068674,1.2998411764376219,0],[103.68796417443596,1.2998382092098058,0],[103.68814447364333,1.2998302431757798,0],[103.68829673825348,1.2998552720564998,0],[103.68831693666326,1.2998380722606306,0],[103.68834179430083,1.2998630937730429,0],[103.68842258824071,1.2998677902693625,0],[103.68856397706645,1.2998584147709464,0],[103.68866807567514,1.2998459116403007,0],[103.68872711672213,1.2998521696100958,0],[103.68875974307026,1.2998787561126015,0],[103.68877216974806,1.2999131587555135,0],[103.68876750688484,1.2999663277321738,0],[103.68881411724598,1.2999929150397984,0],[103.68884208115053,1.3000179367268547,0],[103.68887763289993,1.2999857733337543,0],[103.68906115933797,1.29995227095298,0],[103.68912175476714,1.2999444562273894,0],[103.68920876213274,1.2999491521515705,0],[103.68966400067298,1.2999288482010078,0],[103.68985044707775,1.2999163497343642,0],[103.68997893424077,1.2999140826075473,0],[103.6900481768666,1.2999128629605332,0],[103.69038619229086,1.299880264615248,0],[103.69088211584982,1.299877314752036,0],[103.69091940241414,1.2998976451172815,0],[103.69094581536957,1.2999242312413428,0],[103.69107477324701,1.299924238555484,0],[103.69150908632817,1.3000207133488637,0],[103.69192109633379,1.3001404867970607,0],[103.69199226771732,1.300163043787955,0],[103.69229344909475,1.3002624727351846,0],[103.69252699535551,1.3003467534062514,0],[103.69257106294593,1.3002913175810442,0],[103.69262394388444,1.3002602747026013,0],[103.6926702141181,1.3002802347593574,0],[103.69267681905286,1.3003334586456397,0],[103.69272969418076,1.3004399050244548,0],[103.69302492701254,1.3005929341925602,0],[103.69377817193734,1.300946985144699,0],[103.69381893576131,1.3022779262558428,0],[103.69386401317901,1.3027318570388249,0],[103.69382823242124,1.303333740570174,0],[103.6937996805984,1.3036711745579974,0],[103.69377827775816,1.3037932061744524,0],[103.69359996373493,1.3039367637004466,0],[103.6935612699125,1.3043572564383992,0],[103.69359464684267,1.3049178786778832,0],[103.69358563173535,1.3051786238433634,0],[103.69372825067883,1.3056308707251325,0],[103.69374963821234,1.3058031528930687,0],[103.6937068389882,1.3058964698134583,0],[103.69387798856859,1.3063487155729279,0],[103.6939207736267,1.30646357375295,0],[103.69424169822099,1.3069301873160684,0],[103.69480510831409,1.3075690943979088,0],[103.69491921527892,1.3077198470402727,0],[103.69520549038373,1.307662724407165,0],[103.69531647093204,1.3076728838233918,0],[103.69539152962447,1.3076797547966954,0],[103.69551832007873,1.3077557734407173,0],[103.69635992108077,1.3077845323922324,0],[103.69660954888333,1.3077630114164156,0],[103.69673792673068,1.3077630184500466,0],[103.69684038924723,1.3077535987965878,0],[103.69702642878475,1.3077990034292342,0],[103.6972068306076,1.3077990132814201,0],[103.69740978164364,1.307878460810898,0],[103.69749434339997,1.3079181831965894,0],[103.69815732365079,1.3086179676710754,0],[103.69824493166863,1.308436456071879,0],[103.6976183796629,1.3077309453742474,0],[103.69762966739052,1.307509655793707,0],[103.69769170575594,1.3070387089335382,0],[103.69773117776377,1.30689118428071,0],[103.69782702507963,1.3067323138461147,0],[103.69796797819305,1.3064940102927167,0],[103.69814275306307,1.3063124491497515,0],[103.69841336789351,1.306108196392073,0],[103.6989632958727,1.3055880866083682,0],[103.69896026017854,1.3052911562791445,0],[103.69910684155202,1.3051720062883017,0],[103.69915758596427,1.3050868976709569,0],[103.699253430106,1.3050188133785205,0],[103.6993436325767,1.3049961223397348,0],[103.69946127521133,1.3049655033187415,0],[103.69962288797397,1.3049544570442446,0],[103.6998078766582,1.3050060372882875,0],[103.69996067459203,1.3049459451447654,0],[103.70000294820287,1.3047962211767106,0],[103.70138782260145,1.304102382840178,0],[103.70142428512898,1.3041789281849785,0],[103.70178680612231,1.3042523887375133,0],[103.70230946557851,1.3039456437877925,0],[103.7023306492055,1.3018668747611306,0],[103.70859988512527,1.3020940658217435,0],[103.70855733427047,1.303433981839457,0],[103.70844742584745,1.3038049730331878,0],[103.70846452870494,1.3063563562454124,0],[103.70844738476015,1.3068962200649785,0],[103.70843401682596,1.3076109986472215,0],[103.70848878056165,1.3077185192479417,0],[103.7098343042956,1.3077516578656712,0],[103.70982959591156,1.3079171930733064,0],[103.70995320818506,1.3080043363402807,0],[103.71000661475357,1.3079551742114603,0],[103.71060354339525,1.3082790396475923,0],[103.71070013994161,1.3082755626042804,0],[103.71089568832045,1.3083386840675741,0],[103.7108258956442,1.308448177253007,0],[103.71125481271163,1.3086949319448578,0],[103.71128598510278,1.308712865174558,0],[103.71141470235712,1.3087762835764192,0],[103.71149137922409,1.3088810405598805,0],[103.71169728635185,1.3089951694327215,0],[103.711925886407,1.3089572832617093,0],[103.71215313966934,1.3089353481529664,0],[103.71220233915341,1.308887735848388,0],[103.71230867284311,1.3087807259662187,0],[103.71271802812966,1.308834253334997,0],[103.71271471975096,1.3084566256667072,0],[103.71584597238214,1.308413411002249,0],[103.72244700162435,1.3027794500889551,0],[103.72788122314098,1.3001115925959958,0],[103.72804702561609,1.300250667116011,0],[103.72761863638908,1.3015578880886396,0],[103.72591889465141,1.3065225417482036,0],[103.72557346637119,1.306425179405048,0],[103.72593276592146,1.305284836347123,0],[103.72406745128464,1.3046867652735454,0],[103.72323838087586,1.3054098811412815,0],[103.72477265056075,1.3089872162710652,0],[103.72489478331671,1.3089544836441023,0],[103.72497146542136,1.3089930833885421,0],[103.72554102930569,1.3106250458148363,0],[103.72543036334308,1.3107508424502743,0],[103.7258934922306,1.312001858045793,0],[103.72593180782565,1.3121979400949169,0],[103.72597340831481,1.312335528079145,0],[103.72599717763578,1.3124611523775853,0],[103.72601500177731,1.3125748098863617,0],[103.72612198317194,1.3126525806885294,0],[103.72630028642753,1.3127183916442804,0],[103.72772080168133,1.312443280035084,0],[103.72770979695775,1.3123411299389094,0],[103.727641853672,1.31171041513346,0],[103.72755756885348,1.3113073839119753,0],[103.72740671439412,1.3106663811570736,0],[103.72744877464702,1.310320348274336,0],[103.72745976632686,1.3098124837035907,0],[103.72736105566646,1.309381898630766,0],[103.72756010579702,1.3086849767822721,0],[103.72777410379504,1.3079719316462137,0],[103.72796594471575,1.3079842427159085,0],[103.7283874746724,1.3079767434229244,0],[103.72837797121747,1.3078140336099104,0],[103.72797414428022,1.3077824235600457,0],[103.72783623029999,1.3077755156307136,0],[103.72787257770243,1.3075743578509695,0],[103.72862597435294,1.3077087128482574,0],[103.72864336797387,1.3075457536549127,0],[103.72794526423506,1.307391488733588,0],[103.72799977940568,1.3072314793392994,0],[103.72809103359067,1.307261584014963,0],[103.72846357621903,1.3073689765543952,0],[103.72852539674201,1.3071823402863314,0],[103.728166916104,1.3070600317836492,0],[103.72806338205167,1.3070166071318348,0],[103.72822238742984,1.306486288004347,0],[103.72837228824073,1.3063994302222726,0],[103.7286347692721,1.3068856377704714,0],[103.72876315289142,1.3068138584160192,0],[103.72859941015604,1.3063537196758555,0],[103.72856822637354,1.306282648982726,0],[103.72856823013926,1.3061917215898973,0],[103.72864431137481,1.3061151568667084,0],[103.7287489146873,1.3061582297400394,0],[103.72891058278638,1.3060720968100659,0],[103.72856765122307,1.3054165032045748,0],[103.72862532681395,1.305292033586765,0],[103.7285777843224,1.3051293203679704,0],[103.72872667128833,1.3045250111827704,0],[103.72888568128559,1.304310479351132,0],[103.72892655667758,1.3040129781015475,0],[103.72906284208274,1.3036975310255503,0],[103.72914951913016,1.3033521257448293,0],[103.7290703601814,1.3033267722414739,0],[103.7293017020007,1.3026086731082873,0],[103.72939016956138,1.3023340650607294,0],[103.72949240274995,1.3020167318390308,0],[103.7295390313619,1.3020275644261001,0],[103.7295696678356,1.3020346812256072,0],[103.72960764570328,1.3018588836167082,0],[103.7296761468742,1.3016448218492898,0],[103.72973065678275,1.301585392964498,0],[103.73070855806378,1.3012852659656198,0],[103.73130475185779,1.3010852740689123,0],[103.73188674776074,1.3009281428458852,0],[103.73204270069974,1.3007965082090598,0],[103.73215514268419,1.3007965127483463,0],[103.73233938937277,1.3008802678422773,0],[103.73242259676013,1.3008922359198192,0],[103.73319189829867,1.3006499371601412,0],[103.73337722798334,1.3006138912015752,0],[103.73407849839214,1.3004515460240085,0],[103.73424198392355,1.3004060747635457,0],[103.73441174041363,1.3004060823681511,0],[103.73529451435577,1.3002310621021957,0],[103.73564507926025,1.300164915258265,0],[103.73676118572583,1.299784259412955,0],[103.73730056005863,1.2997568127815482,0],[103.73748681724173,1.2997127321796043,0],[103.73769500316945,1.2996025018236628,0],[103.73807299691975,1.2995115878694168,0],[103.73848657928455,1.2994923442045043,0],[103.73909025729851,1.2992854485554324,0],[103.73977608075307,1.299059945821591,0],[103.74019028993952,1.2989506128077717,0],[103.74085395841387,1.2987835226946023,0],[103.74328025128966,1.3012418929122445,0],[103.74376188631904,1.300809145014261,0],[103.74388013440362,1.3007420147011617,0],[103.7447480537821,1.3008372035639721,0],[103.74404605310548,1.2994681519968114,0],[103.74381569760469,1.2993246176564641,0],[103.74367310731546,1.2990044370715763,0],[103.74378281822257,1.2985296970704434,0],[103.74414700744929,1.2980765659273248,0],[103.7442654951299,1.2979887292818795,0],[103.74438616101513,1.2979224907217124,0],[103.74592848683638,1.2973534468063925,0],[103.74832125521802,1.2967508933529948,0],[103.74890492230278,1.2965704426846851,0],[103.74911488027722,1.2964627209962605,0],[103.7492329959569,1.2964768339275305,0],[103.74925872976316,1.2961910983161047,0],[103.74962722790832,1.2961791458662089,0],[103.74961533606282,1.2963047679411919,0],[103.74989467905249,1.2963466510749864,0],[103.74993193912097,1.2965603507783874,0],[103.75147564307927,1.29655607319352,0],[103.75160640262266,1.2964723297297798,0],[103.75189169043693,1.2965142128382057,0],[103.75213368232836,1.2967705526632003,0],[103.75236848632889,1.2967879366801327,0],[103.75237759715709,1.296715603234108,0],[103.75287328368542,1.29677522214665,0],[103.7528494143276,1.2969605237431339,0],[103.75279110808306,1.297351626716904,0],[103.75295158066236,1.2973815427847748,0],[103.75301399630973,1.296978105317477,0],[103.75302772955467,1.2968953483170123,0],[103.75394038919852,1.296966037055195,0],[103.7543547823441,1.2970706000021572,0],[103.75441311815977,1.2970222536317657,0],[103.75477127461915,1.2970264086410512,0],[103.75539701816894,1.2971465882394568,0],[103.75583036741887,1.2973287839496888,0],[103.75603949092104,1.29753137696524,0],[103.75612939071631,1.297780424388686,0],[103.75613476342922,1.2979476116119222,0],[103.75604977322453,1.2981440440931935,0],[103.75598331374653,1.2982492846941782,0],[103.75587826127581,1.298549372941019,0],[103.7556746521399,1.2990510499092502,0],[103.75555529401225,1.299376080052181,0],[103.75533764798993,1.2997505667992764,0],[103.75530955497817,1.3001321279331026,0],[103.75513403124641,1.3004924861817206,0],[103.75499360722137,1.3010012281208987,0],[103.7546846896109,1.3015170332734762,0],[103.7542423676874,1.3025203839943036,0],[103.75394772938876,1.303266371799267,0],[103.75404241538862,1.3032953777511982,0],[103.75399662238144,1.303453079278069,0],[103.7527259323372,1.302930160798646,0],[103.75259955262192,1.3032198588422648,0],[103.75378600031259,1.3037215782340295,0],[103.75368594112537,1.3039172812067847,0],[103.7536568267914,1.3039636813824171,0],[103.7535613332817,1.3040678031801793,0],[103.75347707743101,1.3044140325891387,0],[103.75332261435241,1.3047673246376104,0],[103.75222041414706,1.3042868042193134,0],[103.75208701485099,1.3046047669862484,0],[103.75321027596058,1.3051206180236317,0],[103.75302070974939,1.30551630459444,0],[103.75290135632521,1.3057000159440915,0],[103.75200977165674,1.3050993809616023,0],[103.75178510585262,1.305396142445556,0],[103.75269073011813,1.3060603710211445,0],[103.75245687272002,1.3066208773217707,0],[103.75358221177365,1.3076635962313732,0],[103.75386973968477,1.3072601741091672,0],[103.75410723137033,1.3074195378115714,0],[103.75415016985896,1.307287825810291,0],[103.75410810388226,1.3071607966198975,0],[103.7541028484071,1.3070708176729753,0],[103.75415017831426,1.3070178930875929,0],[103.75418699278966,1.306927916379357,0],[103.75425535667478,1.3069067473876834,0],[103.75436053072781,1.3069332151181356,0],[103.75457088668092,1.3067056313562522,0],[103.75469857985905,1.306364269662686,0],[103.75479278097096,1.3060394386787708,0],[103.75488066308876,1.3059011099375577,0],[103.75775945702743,1.3082792363905902,0],[103.75789987203291,1.3081308562223268,0],[103.75492676866111,1.3056315403997658,0],[103.75494362380117,1.3054506518677909,0],[103.75507629880985,1.3049505228844336,0],[103.75514090109755,1.3048202024476714,0],[103.7550452060677,1.3047004996530607,0],[103.7552113759094,1.30435208960519,0],[103.75555939155349,1.3037697895579237,0],[103.75574736822061,1.303151733178849,0],[103.7562277273872,1.302398306128743,0],[103.75686691301898,1.3014665007339241,0],[103.7567198933149,1.301341287955602,0],[103.75662941644418,1.301420965081231,0],[103.75653894293492,1.3013299000934206,0],[103.7567990677451,1.3010111939030697,0],[103.75688954056832,1.3011250244361863,0],[103.75681037300606,1.3012274638511734,0],[103.7569008450677,1.3013071474088356,0],[103.75718188182799,1.3009228926067167,0],[103.75694222758554,1.3007082263849077,0],[103.75753080805224,1.2999050957550162,0],[103.75778962866318,1.300074795710215,0],[103.75842766881843,1.2994632033958877,0],[103.75864662416024,1.2992822267806634,0],[103.76090483261501,1.3010088125908457,0],[103.76126673040363,1.3011690908030777,0],[103.76156348690755,1.3012492332087526,0],[103.76213528725434,1.3013876624384104,0],[103.76219319536071,1.3012419656011764,0],[103.76156349164279,1.3010816798668954,0],[103.76118711815528,1.300957825448049,0],[103.76092655314285,1.3008194050161188,0],[103.75875616242607,1.2991473142966135,0],[103.75903749029966,1.298837859208549,0],[103.75929806703353,1.2985319033616247,0],[103.75953741818434,1.2980131988319068,0],[103.76018930896483,1.2973522308465422,0],[103.76051838592461,1.2970436216311996,0],[103.76078762890012,1.2967952322478502,0],[103.76096712743929,1.2965995276006563,0],[103.76121393635448,1.2963210267173972,0],[103.7614158707088,1.2960876866595639,0],[103.76153553485823,1.2959672540979497,0],[103.76170839657037,1.295902124910179,0],[103.76188703970016,1.2958618821661008,0],[103.76199922556872,1.2957941412396978,0],[103.76205905867641,1.2956962889269341,0],[103.76209645495645,1.2956059620959859,0],[103.76211141530999,1.2955231625567711,0],[103.76212436207929,1.2954063462079168,0],[103.76213385906556,1.2952672353766361,0],[103.76214269786004,1.2951445079871986,0],[103.76206307869515,1.2951517921972588,0],[103.76197622731733,1.2950570856304737,0],[103.7619110884487,1.2949259536981748,0],[103.76203413832171,1.2948021162724013,0],[103.76221508779162,1.2948312599996374,0],[103.76242498000563,1.2951590870654057,0],[103.76254802602698,1.295173659833008,0],[103.76267830982947,1.2951226700146008,0],[103.76280136026622,1.2950425395649996,0],[103.76290269733296,1.2948677025835282,0],[103.76291717597447,1.2947220072100958,0],[103.76298232071522,1.2946418751309317,0],[103.76299903527001,1.294516221432967,0],[103.76296580707466,1.2943893725799271,0],[103.76275795417273,1.2942047751913652,0],[103.76189666856153,1.2929371796758373,0],[103.76201247805531,1.292871618360286,0],[103.76068798895442,1.2906205477098378,0],[103.76918951062717,1.2855318347411329,0],[103.77227787126435,1.283681454766758,0],[103.77228710010144,1.2836458682492138,0],[103.76913891976278,1.2783320730259353,0],[103.76685139479792,1.2797036204373835,0],[103.75653911407706,1.2858939163672658,0],[103.75307165692465,1.2853104490195477,0],[103.75301156391855,1.28526948756779,0],[103.75023345643834,1.2806020597913503,0],[103.75025342706496,1.280526488170732,0],[103.75756034511511,1.2761108586369625,0],[103.76511348538901,1.2715817461472654,0],[103.77067013891929,1.2682466188583745,0],[103.77067283466278,1.2682406591620998,0],[103.77071005074308,1.2682520550610215,0],[103.77070839818889,1.2682583493976034,0],[103.77686363993917,1.278656206272041,0],[103.77765913707654,1.2782074889309836,0],[103.77904711884267,1.2773920623605965,0],[103.77977434038695,1.276964826955347,0],[103.78300245793534,1.2750683341753468,0],[103.78664316293981,1.2728261214093286,0],[103.78514283416555,1.270286422366186,0],[103.78238985959786,1.2656121757986993,0],[103.77861652234628,1.259239852853632,0],[103.7855327508481,1.2550633093541574,0],[103.78890212992616,1.2607449959476822,0],[103.79000446506646,1.2626375861245835,0],[103.79358300317999,1.2686174296132957,0],[103.79383025102881,1.2684930082001369,0],[103.79391583512835,1.2686940036882506,0],[103.79376368134065,1.2687897148005014,0],[103.79482794629382,1.2705464939758182,0],[103.795427803385,1.2715366792714853,0],[103.79558946826941,1.2714409691100572,0],[103.7956333065738,1.2713385585792656,0],[103.79527426121426,1.2707138822788837,0],[103.7953907939118,1.2705940737537058,0],[103.79537405477015,1.2705559273984663,0],[103.79544084371011,1.2704963018042377,0],[103.79539563093282,1.2703949055623924,0],[103.79541226338107,1.2703554492756117,0],[103.79563866016849,1.2702142785480934,0],[103.7955692216688,1.2700739834137647,0],[103.7957116062301,1.2700041766786658,0],[103.79576610282625,1.2699703388578412,0],[103.79623615725306,1.269678290112836,0],[103.79642845985997,1.2697974140090338,0],[103.79655714889272,1.2697299068287482,0],[103.79695872698807,1.2700030759441518,0],[103.79710885170434,1.2701111315761977,0],[103.79738147715155,1.2699644781790056,0],[103.79741110593642,1.2697971041755092,0],[103.79741733416299,1.2697619308009194,0],[103.79735738527474,1.2696665674029228,0],[103.79724083807112,1.2694811782112592,0],[103.797278073938,1.269437083713168,0],[103.79722979786673,1.2692806912235575,0],[103.79723869396322,1.2692367753918496,0],[103.79724231620175,1.2692189142371146,0],[103.79727759282059,1.2691417000620968,0],[103.7975859528901,1.2689923575588518,0],[103.79767304395106,1.2686822430185103,0],[103.79756232726427,1.2685032948079389,0],[103.79761581871878,1.2684422798637924,0],[103.79771923625367,1.2683848523213053,0],[103.79796528866909,1.2687366002872091,0],[103.79803816160738,1.2687336431112168,0],[103.79810793187649,1.268733011012692,0],[103.79817925380826,1.2687401908370994,0],[103.79824832025484,1.2687596537122154,0],[103.79828006525747,1.268774605105014,0],[103.7982993915825,1.2687925552020776,0],[103.79830759641358,1.2688357477793233,0],[103.79830364168743,1.2688564296452765,0],[103.79834890058783,1.2688754517675678,0],[103.79836510120495,1.2688717603706576,0],[103.79840982098426,1.2688908901039806,0],[103.7984217186545,1.2688103023133352,0],[103.79839250029991,1.2686634936562748,0],[103.79840147665817,1.2686631528326833,0],[103.7984205977453,1.2686418372127344,0],[103.79842997901443,1.2685989071403303,0],[103.79840353678652,1.2684777851959348,0],[103.7984052435769,1.2684423883785763,0],[103.79843064556928,1.2684094607989889,0],[103.79871408283714,1.2681940358764523,0],[103.79874998835328,1.2681859151630048,0],[103.79880890532266,1.2681774601430214,0],[103.79894452133092,1.2681538869764641,0],[103.79910853756766,1.2680409403227222,0],[103.79930572125906,1.267867149332833,0],[103.79936192509119,1.2678247064234298,0],[103.79952180501422,1.2676675552367092,0],[103.79978534359583,1.2674205865861687,0],[103.79978957572979,1.267417381572207,0],[103.80022464533602,1.267087826694358,0],[103.80031841105858,1.2670743456268767,0],[103.80051488634209,1.2669172952282868,0],[103.80051546680045,1.266916830392131,0],[103.80081875366793,1.266666631744674,0],[103.80085206266004,1.2666373117508285,0],[103.80094916821824,1.2665509171866585,0],[103.80103569776618,1.2664862082518515,0],[103.80110345317955,1.2664359598738568,0],[103.80114268191585,1.2663892996575534,0],[103.80114981459157,1.2663067493187798,0],[103.80093585561907,1.2658939881667197,0],[103.80236303081486,1.2648142536940492,0],[103.80347158043872,1.2636883948281057,0],[103.80415247278476,1.2630537672286613,0],[103.805148491248,1.2622837929225572,0],[103.80541058569327,1.2625442239370388,0],[103.8054169544196,1.262550549134397,0],[103.80541755011785,1.2625532097825412,0],[103.80548380190416,1.2629437143826285,0],[103.80524605859856,1.2636806941830196,0],[103.80557889114768,1.2635084162594021,0],[103.80567398383447,1.263666342914596,0],[103.80552684912206,1.2637562532974318,0],[103.80657262031458,1.2647191851311526,0],[103.80637291678013,1.2649967489334788,0],[103.80691970884936,1.2655423127500933,0],[103.80694106972034,1.2657153017053053,0],[103.80706245972421,1.265804760917731,0],[103.80720591323893,1.265802035715879,0],[103.80733312296557,1.265810211557301,0],[103.80744138975956,1.2657339348898224,0],[103.80756860373876,1.2655841036922337,0],[103.80769040290345,1.2654587933854728,0],[103.80778784341014,1.2653661711027544,0],[103.80783656307864,1.2653334806005638,0],[103.8078825764447,1.2652926182289328,0],[103.8079123496744,1.265257202686518,0],[103.8079610692599,1.2652326867367427,0],[103.80806662794193,1.2652381356679667,0],[103.80810993391825,1.2652081708633927,0],[103.80816136109542,1.2651509612385097,0],[103.80832375933191,1.2650447198317019,0],[103.80850239935475,1.2649466513169731,0],[103.80874754364012,1.2649144528468321,0],[103.80902511684614,1.264980636002382,0],[103.80909854479444,1.2649963256170236,0],[103.80927134055452,1.2650147726632115,0],[103.80941926122014,1.2650459710133666,0],[103.80951493692245,1.265053029563163,0],[103.8095399682891,1.265048489882103,0],[103.8096169346586,1.2650648433186278,0],[103.8096323771429,1.2650317355633234,0],[103.8097190946799,1.2650160139738735,0],[103.80977474210418,1.2650720254231917,0],[103.80977925589727,1.2651203149365435,0],[103.80989114921651,1.2652280511469012,0],[103.8099111740865,1.2652093436350553,0],[103.81018244765893,1.2649807660288188,0],[103.81092095467565,1.26599605789601,0],[103.81119586743446,1.2663876159409253,0],[103.81153428525865,1.2664278458857203,0],[103.81179579619291,1.2664248573507417,0],[103.81240796972601,1.2664069161782436,0],[103.81293396543553,1.2662095138002922,0],[103.81296071001839,1.2662424148100901,0],[103.81323708235055,1.2660480020222085,0],[103.81322816728932,1.2660240742638076,0],[103.81368878620735,1.2656262738836734,0],[103.81370067283254,1.2656352470837122,0],[103.81391760976739,1.265443823597345,0],[103.81390572323131,1.2654228865537753,0],[103.81436634200566,1.2650161138422549,0],[103.81438120007834,1.2650250870610302,0],[103.81457139103804,1.2648546011790776,0],[103.81455653300866,1.2648396455868827,0],[103.8149220557357,1.2645106384242712,0],[103.81506172717405,1.2643909991616482,0],[103.8155906956584,1.263909451093339,0],[103.81566796084253,1.2638526222301498,0],[103.81576900013006,1.2638197221204457,0],[103.81594730329334,1.2637898132634702,0],[103.81606082212475,1.263782038295217,0],[103.81616067109188,1.263849037035135,0],[103.81655133362295,1.2644828502622112,0],[103.81654580081796,1.264566880205977,0],[103.8173492822688,1.2664582797224702,0],[103.81750292695656,1.2666079349925092,0],[103.81763674585508,1.2665530616561695,0],[103.81764170342483,1.266343548349606,0],[103.81681897361455,1.264422990260281,0],[103.81672480425077,1.2643531509716501,0],[103.81672480564549,1.2641336597730186,0],[103.8168239318108,1.2641236825498905,0],[103.81684375882467,1.2638393421749383,0],[103.81673472015609,1.2638343529985352,0],[103.81674958973416,1.2637295968762257,0],[103.8168041103274,1.2636747239738415,0],[103.8169189222494,1.2636494820699715,0],[103.81954930313805,1.2632464635605274,0],[103.81954988890115,1.2630910918414813,0],[103.81990063903022,1.2630858465637664,0],[103.82013322675475,1.2630881638419484,0],[103.82051641475587,1.2630901644189008,0],[103.82073617055568,1.263090164595844,0],[103.8214299973557,1.2630777292502504,0],[103.8232486192507,1.2630642782316768,0],[103.82354632272086,1.2630620763437812,0],[103.82368407905889,1.262904717343067,0],[103.82412538056577,1.2628883481378115,0],[103.82413344338728,1.2630604877239309,0],[103.82449508101702,1.263056847108806,0],[103.82464854113289,1.2631130141254763,0],[103.83207407168959,1.2674034673475734,0],[103.8394330771169,1.2676561119808971,0],[103.83957476676738,1.2676012619022214,0],[103.84558094682608,1.261827187930549,0],[103.84585161216098,1.2615834403563537,0],[103.84607954108725,1.2616264526533836,0],[103.846692102214,1.2622860002770495,0],[103.84674908626221,1.2624723941393257,0],[103.84624705243627,1.2630622633707629,0],[103.84431861884585,1.2655427900454976,0],[103.84571638985452,1.2667912288731096,0],[103.85121073771323,1.2606677094147205,0],[103.85208028097271,1.261477396646043,0],[103.85070204471393,1.2630610733336465,0],[103.85123442019572,1.2635433123964153,0],[103.85157251185122,1.2635465820224911,0],[103.85158933161752,1.2642101642535226,0],[103.85158599577615,1.2728601738464462,0],[103.85158633772967,1.2729327111478788,0],[103.85179729188035,1.2728737305720939,0],[103.85191448777819,1.2728619331886222,0],[103.8521248123928,1.2728514265517672,0],[103.85261639940902,1.2727384496310248,0],[103.85261821631238,1.2727471658866958,0],[103.85281769800314,1.2726988305934583,0],[103.85537494302324,1.2710843891431327,0],[103.85537009974635,1.2710638510568986,0],[103.85537289400168,1.2710416741958188,0],[103.85538934600069,1.2710212100845784,0],[103.85542712021686,1.2709991441594604,0],[103.85605979358522,1.2706604982792769,0],[103.85624056533251,1.270563736859001,0],[103.85672079591572,1.270336434872026,0],[103.85662663315438,1.2701432959340835,0],[103.85663014277061,1.2701366488199466,0],[103.857419976663,1.2697054756022328,0],[103.85751012906707,1.269872774129368,0],[103.85804733304668,1.2695795187393386,0],[103.85828246930458,1.269456071557781,0],[103.858480280597,1.2693500509284399,0],[103.85792054394528,1.268953600843326,0],[103.85787522143721,1.2688106392666532,0],[103.85786176765116,1.2687114206129813,0],[103.85786204615218,1.2686112811846475,0],[103.85786735601874,1.2685614678085946,0],[103.85788815615668,1.2684635438783962,0],[103.85793481611856,1.2683677693761966,0],[103.85800324836715,1.2682631626363854,0],[103.85889940600374,1.2670227721481855,0],[103.85909925917366,1.2671612456116939,0],[103.85997405087464,1.267795685788062,0],[103.86201263900998,1.2692962548662978,0],[103.86291147974502,1.2699431802988237,0],[103.86326722719619,1.2701527681673712,0],[103.86308305717586,1.270379076769173,0],[103.86382724161295,1.2709293650263922,0],[103.86440738634977,1.271338893370725,0],[103.86611332462692,1.2726026578152076,0],[103.87020527666598,1.2756352774289834,0],[103.86917401485152,1.27634778956515,0],[103.86925267281903,1.276418159798432,0],[103.87036763739805,1.2757411436419712,0],[103.87125165400822,1.2763979608723144,0],[103.87159098288407,1.2767724179947053,0],[103.87169113568875,1.276901079563597,0],[103.87178299530507,1.2770496571737533,0],[103.87183112230365,1.2771416846068953,0],[103.87193614689939,1.2773839261658821,0],[103.87201446676528,1.2776106944432528,0],[103.8720532501048,1.2777766267004516,0],[103.87210303812178,1.2782614016260763,0],[103.87213640706238,1.2785583456664824,0],[103.87209361698618,1.2788024126573205,0],[103.87202229966678,1.2790751936607911,0],[103.87183220569216,1.2795382936882342,0],[103.8717276022995,1.2797105785582341,0],[103.87165152864944,1.2799020038751285,0],[103.87154692683745,1.2801221441027268,0],[103.87146160333351,1.2800513082992326,0],[103.87139141560145,1.280095457722162,0],[103.87141773790331,1.2801925924329103,0],[103.87146160724662,1.2803162130109005,0],[103.871461608044,1.2804310058362462,0],[103.87126072222614,1.2808189650306012,0],[103.87111945884864,1.2810226336876191,0],[103.87058429472185,1.2816937362832572,0],[103.8703825088222,1.281552455751019,0],[103.8695666011241,1.2822677142032028,0],[103.86952273372526,1.2822147326188704,0],[103.86941745486861,1.2822942060710263,0],[103.86946132226672,1.2823471867528013,0],[103.86917291372544,1.2825982316348967,0],[103.86884719805661,1.2828681764212757,0],[103.86840853842688,1.2831860703385718,0],[103.86800496795928,1.2834686428340851,0],[103.86778563885777,1.2836540785750004,0],[103.86758385424791,1.28381302521745,0],[103.86701359264337,1.2840779393662556,0],[103.86691189956366,1.2840779407125098,0],[103.86565373703442,1.2847225611086297,0],[103.86530280608075,1.2849344889654764,0],[103.86520991643185,1.2849727429545998,0],[103.86493641774341,1.2850938661393287,0],[103.8645219861216,1.285243556296621,0],[103.86338173342483,1.2855911888832512,0],[103.8618124079594,1.2861142870565507,0],[103.86116284007858,1.2862967254465503,0],[103.86102456498142,1.2863281355495382,0],[103.86062697990228,1.2864170868508469,0],[103.86043368375687,1.286464865612006,0],[103.86041375598614,1.2864698732928026,0],[103.86031432109944,1.2864948583347733,0],[103.86028834976301,1.286501383603029,0],[103.86016165957021,1.2865374356407018,0],[103.8601875690905,1.2866342928363759,0],[103.85982114737898,1.2867497786500237,0],[103.8598063426841,1.2867162512884192,0],[103.85959537057468,1.286779580723659,0],[103.85946212712624,1.286798211111111,0],[103.85930667415406,1.2867870365684344,0],[103.85916972822959,1.286757236434486,0],[103.85900317136577,1.2866827320319443,0],[103.85890323670144,1.2866007776942716,0],[103.85881070399579,1.2864964728061947,0],[103.85874778178939,1.286392165809178,0],[103.85869596442465,1.2862655082274126,0],[103.8586700535882,1.2861202240880043,0],[103.85867745355644,1.2858967102503236,0],[103.8587107649971,1.2857924040970223,0],[103.85876258092884,1.2856843717747897,0],[103.85882920116195,1.2855726133197507,0],[103.8588773170085,1.2854757571727662,0],[103.85889582222329,1.2853639991998536,0],[103.85888101590982,1.2852559684496787,0],[103.8588588070947,1.2851144066393918,0],[103.85877737775087,1.2849244230173624,0],[103.8587107553628,1.2848163918800763,0],[103.8586367291977,1.2847269853038186,0],[103.85847017219014,1.2846226811367996,0],[103.85837023679775,1.2845481769323102,0],[103.85827770594982,1.284440146038117,0],[103.85816647622799,1.2843034885588775,0],[103.85809662020071,1.2841189318924833,0],[103.8580529572192,1.283811336133399,0],[103.85798159815532,1.2835535422041675,0],[103.85782244066186,1.2833486562713645,0],[103.8576819488717,1.2830833169768736,0],[103.85753374238833,1.2829277079509145,0],[103.85741900172408,1.2828383017231666,0],[103.8573523800385,1.282793599599037,0],[103.85727465227623,1.2827339972624692,0],[103.85722283471475,1.2826669427138269,0],[103.85713770600834,1.2825440122938676,0],[103.85704147126818,1.2824099040247807,0],[103.85694894096329,1.2823465740237445,0],[103.8568601111855,1.282320498390723,0],[103.85680829259269,1.2823354009934995,0],[103.8567638780262,1.2823577518759657,0],[103.85660175594587,1.2820998230813914,0],[103.85671396843941,1.282032823086726,0],[103.85673056479366,1.2820709102600385,0],[103.85678053643706,1.2821055623481443,0],[103.85683759365914,1.282107477266426,0],[103.85689274672036,1.282092162241876,0],[103.85692698071,1.28205579198768,0],[103.85693839357961,1.2820155928640637,0],[103.85692697971123,1.281946680368036,0],[103.8569079617566,1.2819045660817456,0],[103.85675200205517,1.2816672033997103,0],[103.85665690709708,1.2815753180902298,0],[103.8563221664096,1.2810642193333517,0],[103.85631282526684,1.2809702450558016,0],[103.85615225709562,1.2807351839834102,0],[103.85606730705835,1.2806852023055328,0],[103.85598552697068,1.2810335933211139,0],[103.85590945122753,1.2810221085629354,0],[103.85600628711511,1.280456046739348,0],[103.855793427695,1.2802219573949687,0],[103.85463897513705,1.2809666077853392,0],[103.85491095195448,1.281404008800799,0],[103.85472551616157,1.2815212603671244,0],[103.85457574639877,1.2822271373939094,0],[103.85388868114418,1.2820740033170437,0],[103.853705622846,1.282198430926061,0],[103.85342033343125,1.281765333760119,0],[103.85296149873635,1.2820572599926499,0],[103.85300563728057,1.2821264471823075,0],[103.85304123902813,1.2821065400270992,0],[103.85312826527475,1.2822339426577345,0],[103.85318972868077,1.2822032209039251,0],[103.85318972809081,1.2821266501386444,0],[103.85324203195367,1.2821170779320519,0],[103.85324203234185,1.282167328061978,0],[103.85345837442132,1.2821697193092592,0],[103.8534559964191,1.2822247535481028,0],[103.85342507789326,1.2822493036813294,0],[103.85325391884061,1.2822486828243596,0],[103.85324203409803,1.2823946437906162,0],[103.85382924872755,1.2823659264464833,0],[103.85386253669063,1.2829043063409697,0],[103.85364619380206,1.2829210569158789,0],[103.85363192644802,1.2826482770719494,0],[103.85342271612473,1.2826578514353624,0],[103.8534441168437,1.2830311287703848,0],[103.85389344189888,1.2830119806765514,0],[103.85391484194427,1.2834044016008601,0],[103.85388600874028,1.2834066591288684,0],[103.85389344596838,1.2835216490609822,0],[103.8535724986353,1.283531223434925,0],[103.8535891430159,1.283739397241369,0],[103.85386967402256,1.283722644343627,0],[103.85386491774901,1.2836843608087685,0],[103.8539647696598,1.2836771811517507,0],[103.8539909242791,1.2841174555965325,0],[103.85396952925399,1.2841294187087733,0],[103.8539956833034,1.2844979119046478,0],[103.85406224984428,1.2845026972609703,0],[103.85410438611997,1.2845230071425546,0],[103.85413832601604,1.284555337908217,0],[103.85415738986362,1.2846088218893632,0],[103.85416447804054,1.2846701920301153,0],[103.85413248692586,1.2847305459851432,0],[103.85410504401533,1.2847659050667928,0],[103.85401470321997,1.284787441444505,0],[103.85393358296719,1.2847753407979117,0],[103.85387235986428,1.2847492467504575,0],[103.85386968185257,1.2847036939144432,0],[103.8538284029812,1.284708328213485,0],[103.85379963280438,1.2841639659165098,0],[103.85384114889105,1.284160528995217,0],[103.85383586503465,1.2841047062126394,0],[103.85377459366367,1.284108324165865,0],[103.85377551928495,1.284124151447802,0],[103.85361181536831,1.2841335662937607,0],[103.85361094186274,1.2841176666621328,0],[103.8535297507791,1.2841222452038803,0],[103.85353173814067,1.2842102751591247,0],[103.85351321835738,1.2842118669884874,0],[103.85351529967215,1.2842497942253976,0],[103.85357687566218,1.2842474930311805,0],[103.85358480791162,1.2843544603390065,0],[103.85362806986532,1.2843512088020266,0],[103.85364135259054,1.2845302693200464,0],[103.8536002210698,1.2845333607677334,0],[103.8536033905555,1.2845761028342677,0],[103.85370604595875,1.2845706495970277,0],[103.85371562010471,1.2847101939216876,0],[103.85361961298184,1.2847145736252092,0],[103.8536268650094,1.2848176250380745,0],[103.85365176262974,1.2848158495707311,0],[103.85365594762759,1.2848789778214935,0],[103.85396860382691,1.2849220538147417,0],[103.85400656795572,1.2850250932195295,0],[103.85449328532604,1.2863329490880238,0],[103.85454083332556,1.2863269672217839,0],[103.85463424444833,1.2866264522807194,0],[103.85454666319586,1.2866705272353212,0],[103.8545320696122,1.2869496640855165,0],[103.85463424737314,1.2869790460423067,0],[103.85476561581257,1.2868762059922743,0],[103.85484395561208,1.286943110238973,0],[103.85467159719565,1.287110609106489,0],[103.85443384084562,1.28701832970956,0],[103.85437257456431,1.2869934818906885,0],[103.85413946281409,1.286904109055728,0],[103.85374340770693,1.2871193149326408,0],[103.85356868234038,1.2872728829094153,0],[103.8536854607881,1.287566710109214,0],[103.85364167009558,1.2876401683986491,0],[103.8534227148056,1.2874344886410944,0],[103.85326215167314,1.2874051089042529,0],[103.85322084698235,1.2873302793689578,0],[103.85290774958803,1.287558372567558,0],[103.85294871733254,1.287634736817634,0],[103.85296480921394,1.2877414209954117,0],[103.85348190028978,1.288631539828871,0],[103.85356389519073,1.288675022844514,0],[103.85366377063875,1.288778694810526,0],[103.85364950838178,1.2888145891649885,0],[103.85366733757428,1.2888576593966143,0],[103.85406317504474,1.2889186709668559,0],[103.85449400384539,1.2889103020266213,0],[103.8547341217658,1.2888980458642232,0],[103.85480340104755,1.2888945001673433,0],[103.85491160241422,1.2888889256467337,0],[103.85567063571305,1.288859537152814,0],[103.85572902213877,1.2887713881984708,0],[103.8558895849888,1.288653854617186,0],[103.85609394015694,1.2886538536922885,0],[103.85622531289066,1.288727310443763,0],[103.85632749076473,1.288859531270222,0],[103.85755362116961,1.2887860628022576,0],[103.85799152441184,1.2887126024474627,0],[103.85962636500702,1.2886391289632224,0],[103.86016644740229,1.2886391232956957,0],[103.8603063079418,1.288548983771252,0],[103.86039094263982,1.288485973964855,0],[103.86041655820696,1.2884825922710224,0],[103.8605277641636,1.288467912334112,0],[103.86055846995714,1.2884638586411297,0],[103.86067381636792,1.2884472731567147,0],[103.86108134118827,1.288420258060066,0],[103.86127998418506,1.2884916599961231,0],[103.86188915575711,1.2885284083911568,0],[103.86362588692431,1.2884480950842556,0],[103.86425354876815,1.2884921608081066,0],[103.86468519066321,1.2887822449620994,0],[103.86473524788552,1.2888153657960142,0],[103.86475181196177,1.2888457667157363,0],[103.86498339816877,1.2892707971718693,0],[103.86502719619112,1.2898143777107902,0],[103.86498341031958,1.2901816642917652,0],[103.86453095128493,1.2936194577749227,0],[103.86446978438045,1.2943962752609735,0],[103.86444787084177,1.2947014362193492,0],[103.86440224955251,1.294958585651626,0],[103.86435662769624,1.2951698132518443,0],[103.86431100774148,1.295390228292052,0],[103.86426538542521,1.2955647205960872,0],[103.86429996108487,1.2958370677919975,0],[103.86437542166416,1.296058895766341,0],[103.86447526586691,1.296487697244393,0],[103.86441139238566,1.2965198409641325,0],[103.8642197735703,1.2965290280516701,0],[103.86411846569058,1.2965474077926828,0],[103.8641124188777,1.2965793663063052,0],[103.86410031367235,1.2968005686326876,0],[103.86410484561868,1.2969238389112503,0],[103.86411238256501,1.297069358333073,0],[103.86415620879856,1.2973463393790223,0],[103.86419282722927,1.297722813288599,0],[103.86424793378447,1.2979238555942503,0],[103.86433059201815,1.2981664974294975,0],[103.86439258691985,1.2983744734097808,0],[103.86450279626602,1.2986101793242768,0],[103.86464055825942,1.2988181543556314,0],[103.86483223356083,1.299148210698631,0],[103.86496537131572,1.2993252772966315,0],[103.86508899655722,1.2994592727356111,0],[103.86527443815835,1.2996698372251694,0],[103.8654598773884,1.2998325454351656,0],[103.86566481304874,1.2999779619272662,0],[103.86637756405786,1.3005360161715598,0],[103.86655824859304,1.3006508680945972,0],[103.86676270842594,1.3008853617031984,0],[103.86714712232536,1.301297905991262,0],[103.86726672427663,1.3013112717887072,0],[103.86738559489059,1.3013304146716094,0],[103.86745570262859,1.3013034473736356,0],[103.86770367621553,1.3017193992616671,0],[103.86770367771746,1.3018303213918028,0],[103.86759956912883,1.3018663997313888,0],[103.86756040927783,1.3019745206752165,0],[103.86759347238439,1.3020577109164948,0],[103.86767062233946,1.30231837487575,0],[103.86767613387545,1.3025069402500582,0],[103.86767566138388,1.3030484430422573,0],[103.86777551391384,1.3031010829260028,0],[103.86797521660044,1.3031632932208412,0],[103.8682462416897,1.303182431236682,0],[103.86825099062503,1.3027995828816306,0],[103.86831280435473,1.302804367916348,0],[103.86829379211785,1.3033977833000665,0],[103.86801326544777,1.3038141349648957,0],[103.86920197942285,1.3045941715552363,0],[103.86948907284794,1.3041984654070296,0],[103.87082812274043,1.3043357246169438,0],[103.87066169292413,1.303531746993757,0],[103.8707615417059,1.3035078160154314,0],[103.87093623841311,1.3042670772005307,0],[103.87117522214984,1.304211293293401,0],[103.87113598471889,1.3039897697840295,0],[103.87142527872174,1.3039204404248106,0],[103.87147002056209,1.3041347198849067,0],[103.87152232433083,1.3041538608674006,0],[103.87195501013464,1.3040246440405294,0],[103.87197878102467,1.3038380054357717,0],[103.87192809899273,1.3038095105949323,0],[103.87190134331512,1.3034179075829435,0],[103.87187987605336,1.3032341075709615,0],[103.87194874696931,1.3027072309430032,0],[103.8720658347141,1.3021803526623503,0],[103.87223868786457,1.3018832228101955,0],[103.87233668812102,1.3016165160328075,0],[103.87245646919496,1.3013562832578207,0],[103.87250958869005,1.3012523528505484,0],[103.87255955720522,1.301162819975621,0],[103.87261734029542,1.3010688293642787,0],[103.87296892432347,1.3005744248981617,0],[103.87303861417232,1.3004911499052956,0],[103.87323307396336,1.3002802743217652,0],[103.8735016182483,1.3000381372728225,0],[103.87365126000729,1.2999188130103903,0],[103.87397851703902,1.2996841305498776,0],[103.87343961872655,1.2987891673643561,0],[103.87298425184565,1.2990856813788147,0],[103.87295918623609,1.2990976908319172,0],[103.87291839970509,1.2991105397830156,0],[103.87288275813171,1.299116463932733,0],[103.87284585122339,1.2991105364038753,0],[103.8728214986738,1.2990978485517424,0],[103.87277632604389,1.2990332441682406,0],[103.87277870314726,1.2990045305550249,0],[103.87282387257507,1.2989207820662112,0],[103.87294274270127,1.2989136013479945,0],[103.8729784059814,1.2989746173599408,0],[103.87330529485955,1.2987592603600309,0],[103.87328173905937,1.2985582747480156,0],[103.87249102898996,1.2984362450041365,0],[103.87212254480224,1.2992498026473667,0],[103.8711736287474,1.2992498207461511,0],[103.8713165563504,1.2989299086509352,0],[103.87170180818481,1.2989305340408848,0],[103.87182776995483,1.2986479633920078,0],[103.8716172397539,1.2985639710334034,0],[103.87144959830415,1.298501399690891,0],[103.87127984444534,1.2984428889659343,0],[103.87110916425347,1.2983883221772758,0],[103.8709377661914,1.298337790662458,0],[103.87076497455662,1.298291533183688,0],[103.87046637919522,1.2982208913631157,0],[103.8702409158086,1.2981742113829629,0],[103.87006465692707,1.2981426959540348,0],[103.86988810159222,1.298115513327855,0],[103.8697107106742,1.298092490778574,0],[103.86953276272298,1.2980737820440083,0],[103.86928735324723,1.2980741391738062,0],[103.86753990767819,1.2980734464069317,0],[103.86753989395092,1.2983223555951056,0],[103.8674732587528,1.2983852903332918,0],[103.86736328696469,1.298463566394807,0],[103.86730374984343,1.2984953917927582,0],[103.86724183061263,1.2985221889540095,0],[103.86717782039456,1.2985434785611976,0],[103.86711227089614,1.2985592877376633,0],[103.86704549121754,1.2985696517493752,0],[103.86697823523352,1.2985742459191794,0],[103.8669108273209,1.2985732077061367,0],[103.86684375898267,1.298566444858477,0],[103.86677751812728,1.298553837089204,0],[103.86671255313315,1.2985357162942681,0],[103.86664940312626,1.298512003786862,0],[103.8665882388405,1.2984834727966186,0],[103.86652973417989,1.2984497769431342,0],[103.86647438334596,1.298411061822764,0],[103.8664227802777,1.2983674088207013,0],[103.86637454490688,1.298320038834461,0],[103.86633019209799,1.29826884333371,0],[103.86629078213326,1.298213828635302,0],[103.8662558181285,1.2981558349007414,0],[103.866226668564,1.2980946821437518,0],[103.86620226328739,1.298031457424873,0],[103.86615929317273,1.297897098336508,0],[103.86612231640086,1.2977665510660663,0],[103.86608847464332,1.2976352477051394,0],[103.86605929811552,1.2975028319142623,0],[103.86603483803536,1.2973694293996234,0],[103.86601421473213,1.297235384735754,0],[103.86599835370522,1.297100687058366,0],[103.86597890574991,1.296830148426527,0],[103.86597846198727,1.2965587938103933,0],[103.86598109298295,1.2964231752487796,0],[103.8659964815648,1.2961523630451364,0],[103.8660089866608,1.2960172960174108,0],[103.86604249079207,1.2957481177645422,0],[103.86606738242276,1.2956223176001636,0],[103.86609115429947,1.2954835325818999,0],[103.86611316506432,1.2953474932374267,0],[103.86615296288622,1.295172469212341,0],[103.866257629789,1.2946929393222695,0],[103.86636979628643,1.2941049226444883,0],[103.86647232885747,1.2936782004349399,0],[103.86704158306931,1.2919446062535291,0],[103.86753785867766,1.2907399044022365,0],[103.86825308074665,1.2892266790382225,0],[103.86920185128258,1.2875665379420078,0],[103.86993167395546,1.2864499807454333,0],[103.87107020057825,1.2849808226846937,0],[103.87225252112532,1.2836585802250138,0],[103.87353524214407,1.2824437569979972,0],[103.8738251135791,1.2821692288771434,0],[103.87385461395677,1.282141290773032,0],[103.87423278734688,1.281807434875249,0],[103.87531867468827,1.2809306564232354,0],[103.87613646382732,1.280550664037799,0],[103.87672900965607,1.2804732693350485,0],[103.87725006415998,1.2805004365640524,0],[103.87757386486906,1.2806049990305517,0],[103.87781182732274,1.2807588200812747,0],[103.87775335280716,1.2808945391072641,0],[103.87766304765196,1.2809302278149628,0],[103.87751041125756,1.280776407985269,0],[103.87699846570838,1.2805682836141925,0],[103.87637853833478,1.2806225497161132,0],[103.87615718080622,1.280676310693021,0],[103.87594180663298,1.2807845143051577,0],[103.87648918986564,1.281170153319295,0],[103.87673581607265,1.2813272969592535,0],[103.87801091874637,1.2821397597256368,0],[103.8787882047912,1.2826465989294382,0],[103.88029769896299,1.2840039269278212,0],[103.88108270825367,1.2848118770526507,0],[103.8812644833262,1.2848901273912614,0],[103.88162584405808,1.2847752662402614,0],[103.88188259932117,1.2846029789856075,0],[103.88215837920718,1.284756113369991,0],[103.88223446167197,1.285110245700773,0],[103.882529267229,1.2855409454403868,0],[103.88295720629553,1.2859907843196934,0],[103.88325200767612,1.286287486076349,0],[103.88366092605787,1.2866128991070669,0],[103.88406984161043,1.286880884014311,0],[103.88447875694652,1.2870435872545265,0],[103.88469549693212,1.2871101820841302,0],[103.88487082960512,1.2871370969347828,0],[103.8849362077419,1.287110177194281,0],[103.8849272924238,1.2870653118516315,0],[103.88495997986908,1.2869935272517077,0],[103.88503427259786,1.286975580432046,0],[103.88603398533337,1.2878830299382062,0],[103.8863953581192,1.2883424395581038,0],[103.88673771033088,1.2886965679288915,0],[103.88700398278375,1.2889454135588412,0],[103.88745094058945,1.2892995386989392,0],[103.88773623287821,1.2895196702662386,0],[103.88814515061355,1.2898067980593253,0],[103.88854455917861,1.2900939259893602,0],[103.88882033962129,1.2902279169193733,0],[103.8891436686132,1.2903810494506998,0],[103.88935288060071,1.2904289001716354,0],[103.88947155320743,1.2904504331691855,0],[103.88960528103647,1.2904384663586534,0],[103.88970125527692,1.2904047042960816,0],[103.88969053897193,1.29030929408745,0],[103.88965603525855,1.2902397356660498,0],[103.88965038218392,1.2901828503647415,0],[103.88968429300058,1.2901771611568817,0],[103.88970274474588,1.2902272299780122,0],[103.89040376190087,1.290976390639709,0],[103.8909511536918,1.291472213185027,0],[103.89150244916398,1.2918980259495867,0],[103.89159205986147,1.2919783748509075,0],[103.89271944996284,1.29281658944836,0],[103.89333552063442,1.2932261524452116,0],[103.89370855640486,1.2934423101358083,0],[103.89392898327448,1.2935219449816817,0],[103.89408723839537,1.2935333180773478,0],[103.89420451616866,1.2935350878032543,0],[103.89424350235667,1.29350738618228,0],[103.8943166519425,1.2934389258430188,0],[103.89434694608545,1.2933173875873494,0],[103.89433350080148,1.293263088069155,0],[103.89436496001811,1.2932404691561021,0],[103.89439991319182,1.2932356715616706,0],[103.89443683461852,1.2932495201029304,0],[103.89505608514148,1.2937147064149737,0],[103.89548164969936,1.2938116799902164,0],[103.89582161297022,1.2938766646322912,0],[103.89599559570668,1.2938679042586936,0],[103.89643134414943,1.2931545579632084,0],[103.89651328164372,1.2932047770705102,0],[103.89583385887957,1.2944140502590527,0],[103.8956586996022,1.2945572950506155,0],[103.89540690819287,1.2946674872045765,0],[103.89512226993064,1.2946785129759044,0],[103.89373191971596,1.2945573419724994,0],[103.89182702896464,1.294392108898468,0],[103.89071037113222,1.2943370434046613,0],[103.88873979891173,1.2942930123942376,0],[103.88728376612366,1.2942820243030126,0],[103.88534603674634,1.2942930838148925,0],[103.88536793512812,1.2944253050655532,0],[103.8872399757466,1.2944142478430993,0],[103.88869601130656,1.294425234147594,0],[103.89068847817016,1.2944582459138323,0],[103.8917941897573,1.2945022947021474,0],[103.89368813094974,1.2946675289638188,0],[103.895100376911,1.294788698547416,0],[103.89543975287444,1.2947886911082278,0],[103.89566965184169,1.2947005370416438,0],[103.89589954593579,1.2945242318535777,0],[103.89674872121726,1.2933490706246362,0],[103.89686688310327,1.2934214900476146,0],[103.89671672985405,1.2936158869305527,0],[103.89672344311036,1.293625858282486,0],[103.89666586029306,1.2937088396750838,0],[103.89666586103388,1.2937749532266312,0],[103.89676439416613,1.293951248428571,0],[103.89696145635365,1.29413855810614,0],[103.89733716455396,1.294452118819382,0],[103.89766578072444,1.2946427775702207,0],[103.89822045333703,1.2949098239204984,0],[103.89855809473666,1.2950007200863913,0],[103.89863615238383,1.2946982769543138,0],[103.89870067373538,1.294721890040415,0],[103.89861790130172,1.2950890875851422,0],[103.90012588730175,1.2957585136070222,0],[103.9008248507539,1.29604563331186,0],[103.90140969695167,1.2962753260645958,0],[103.90192036892483,1.2964535316284955,0],[103.90317090735496,1.2968489214098808,0],[103.90338822039968,1.2967968375574166,0],[103.9044588611169,1.2970379299788546,0],[103.90466219413827,1.296326974644301,0],[103.90477422519068,1.2963522791916875,0],[103.90465248310025,1.2968555323397686,0],[103.90466273202433,1.2968605440350947,0],[103.9046248665772,1.2969591009017911,0],[103.90521604602235,1.2972455667282845,0],[103.90576750370981,1.297438106297676,0],[103.90610271999836,1.2975744846698933,0],[103.9071511637824,1.2978831271225832,0],[103.9074863809462,1.297983613805902,0],[103.90767213842335,1.2980373980830198,0],[103.90793989564372,1.2980757623144594,0],[103.9081354937782,1.2981530968081398,0],[103.90885036059024,1.2983924578700627,0],[103.90950755541986,1.2985125719359405,0],[103.9098578827096,1.298644784731687,0],[103.91044905863015,1.2987549516467067,0],[103.91087601976372,1.2988761422658208,0],[103.911456251178,1.299063439765016,0],[103.9119817450801,1.2993058326918585,0],[103.91221164712097,1.2993829532538421,0],[103.91234301681175,1.299349894620576,0],[103.9123821021814,1.299308359571774,0],[103.9124429990381,1.2992743427170266,0],[103.91287098866079,1.2995229614481525,0],[103.91286578903438,1.2995596037262496,0],[103.91283458521715,1.2995857770069053,0],[103.91279472706266,1.2996260061854292,0],[103.9128571896321,1.2997786698819789,0],[103.91285757064392,1.299779601364753,0],[103.91305463089462,1.2999118194487878,0],[103.91350215727887,1.3001177098624228,0],[103.91382097797428,1.3002643883845129,0],[103.91420414768832,1.3003745592369045,0],[103.91454352973066,1.3005177895641378,0],[103.91474058713544,1.3005288028499824,0],[103.91483911505019,1.3004957433416648,0],[103.91485421501,1.3004653453722421,0],[103.91489384903339,1.300385554771927,0],[103.91537555455332,1.3006499850059983,0],[103.91538894843377,1.3007111611658275,0],[103.91533189202684,1.3007470554251788,0],[103.9153675573672,1.3008403737572143,0],[103.91548880660247,1.300940868126139,0],[103.91567424942691,1.3010341806364363,0],[103.91581689362447,1.301070068340278,0],[103.91656886821178,1.3013110591628916,0],[103.91729141957332,1.301509369285808,0],[103.91742410585358,1.3015093648374458,0],[103.9176307962641,1.3015093578940706,0],[103.91785672080286,1.3015868452192556,0],[103.91922377734791,1.3017475249824557,0],[103.91939934737542,1.3017681610613494,0],[103.91953665278476,1.3017859279938402,0],[103.91974908439047,1.300899484120886,0],[103.919762446897,1.300906954609377,0],[103.91961685204707,1.3015380608317941,0],[103.91986648213188,1.3015918899038623,0],[103.92001207602246,1.300960783671216,0],[103.92002990683802,1.300963774690032,0],[103.91977734543318,1.3020614811464617,0],[103.92057582508232,1.302258299086153,0],[103.9209804388172,1.3023862714193033,0],[103.92151887733294,1.302487505079829,0],[103.92170128319906,1.302575480577493,0],[103.92170815624199,1.3027065434357183,0],[103.92180189274491,1.3027924139806837,0],[103.92190863503488,1.302833730584101,0],[103.92208063399701,1.3028705357130468,0],[103.92310608422515,1.303130018968785,0],[103.92338424333016,1.3031587234280315,0],[103.92356254841755,1.3031730719713148,0],[103.92365526671334,1.3031515339201523,0],[103.92374085133339,1.3031012816731073,0],[103.9237813878856,1.3030395076498178,0],[103.92378350417378,1.3030203377771168,0],[103.9237327163122,1.303011823219139,0],[103.92369505033238,1.3029901469823055,0],[103.92368790389513,1.30295624626444,0],[103.92369885422966,1.302924500896354,0],[103.92372636317009,1.302898942586518,0],[103.92388383423842,1.3029289762389582,0],[103.92405013267546,1.3029606952951827,0],[103.92406706270974,1.3030011613371277,0],[103.9240670640052,1.3030373684397913,0],[103.92404590433813,1.3030671860758742,0],[103.92401416331342,1.3030693179066224,0],[103.92396337665329,1.303069319745835,0],[103.92395914385118,1.3031012674491294,0],[103.92398325574284,1.3031609256368024,0],[103.92406498173547,1.3032538406135286,0],[103.92418135296535,1.303322495679591,0],[103.9242896970925,1.3033547992309351,0],[103.92445421811478,1.3033830645577829,0],[103.925068166429,1.3035163190990144,0],[103.92531695660176,1.3035688136999062,0],[103.92550154081809,1.3035849606505694,0],[103.92567007568024,1.3035889933250029,0],[103.92574631693819,1.3035809127348652,0],[103.92581051889891,1.3035566788448936,0],[103.9258787343643,1.303524367029347,0],[103.92593089627412,1.3034880169183236,0],[103.92595095930993,1.303447629106699,0],[103.9259589825926,1.3034032028527598,0],[103.9259549691135,1.3033628159321093,0],[103.92588844637137,1.3033420424483202,0],[103.92586812166351,1.3033278474045469,0],[103.92586216899078,1.3033083775808416,0],[103.9258621694247,1.303295646854524,0],[103.92586499500766,1.3032863010566833,0],[103.92586737586441,1.3032784239617725,0],[103.92588225693788,1.3032611989025749,0],[103.92590160130283,1.3032499659913948,0],[103.92592023776085,1.3032427502893533,0],[103.9259306167072,1.3032387327223154,0],[103.92615903836898,1.3032836548530942,0],[103.92617912766029,1.3032978815558736,0],[103.92619103327827,1.3033195975969498,0],[103.92619252203684,1.3033405670201499,0],[103.9261888027736,1.3033600372017393,0],[103.92617987619509,1.303372768259094,0],[103.92616425006479,1.3033854986605724,0],[103.92614788339613,1.3033944850241783,0],[103.92612407290619,1.3033959826288422,0],[103.92607168399465,1.3033920994247323,0],[103.92607186375874,1.303393605183446,0],[103.92604324785066,1.3033951237657684,0],[103.92605930419845,1.3035001288269887,0],[103.92611548523884,1.3035849379616185,0],[103.92621179321532,1.3036616687343299,0],[103.92632415102051,1.3037141691974268,0],[103.92645657124937,1.3037585893242956,0],[103.92658096643397,1.3037747393376875,0],[103.92671739808421,1.3037787731368269,0],[103.92682574076605,1.3037706913152618,0],[103.92691401684242,1.3037303009470314,0],[103.92697420784066,1.3036858745481794,0],[103.92701031977747,1.3036212528025704,0],[103.92701031873268,1.3035929823976855,0],[103.92696238986619,1.3035802037256485,0],[103.9269619064398,1.3035799559481205,0],[103.92693472134273,1.3035660261488196,0],[103.92692444491306,1.3035479266008332,0],[103.9269270122388,1.3035285333325433,0],[103.92693343432279,1.3035091399200722,0],[103.92695527170213,1.3034858662112427,0],[103.92698738498538,1.3034664718374038,0],[103.92704390691868,1.3034625918105531,0],[103.92715181187248,1.3034755165490124,0],[103.92720190987873,1.3034897366916633,0],[103.92722760222769,1.3035207653457845,0],[103.92724558875062,1.3035543789598425,0],[103.92723531219806,1.3035815301481617,0],[103.92721090743798,1.3035983386605499,0],[103.92718906887438,1.3036138529322108,0],[103.92716337786493,1.3036190259509024,0],[103.92712227122455,1.3036190283963627,0],[103.92711315708698,1.3036866217746588,0],[103.92714675724838,1.3037827959618957,0],[103.92724306466194,1.3038676035629064,0],[103.9273433851338,1.3039079868625447,0],[103.92744771596442,1.3039281773777756,0],[103.92760020028366,1.3039604809284622,0],[103.92771255617131,1.3039604766920436,0],[103.92784096187269,1.3039604718442823,0],[103.9279332533903,1.3039402739181654,0],[103.92799745428553,1.303912001085509,0],[103.9280456053587,1.3038594982468528,0],[103.92806165500663,1.3038069930056058,0],[103.92800146341003,1.3037868026549293,0],[103.92798541059338,1.3037544939706562,0],[103.92799100757307,1.3037048279223031,0],[103.92801447370937,1.3036976717101554,0],[103.92803836562388,1.3036869830377051,0],[103.92827205515854,1.3037222552115535,0],[103.92829072917851,1.3037823892512457,0],[103.92830642978302,1.303815060596405,0],[103.92829038087795,1.3038392927219118,0],[103.92822185779686,1.303838510334229,0],[103.92819117922298,1.3038506028380024,0],[103.92821031956242,1.3039340757701863,0],[103.92822580738714,1.3039474344407644,0],[103.92830643856186,1.30404930431449,0],[103.92841478427619,1.3041219965557684,0],[103.92884816186422,1.3042714116441456,0],[103.92910497798746,1.3043481370660146,0],[103.92925746219333,1.304376404337856,0],[103.92935673397096,1.30438942064928,0],[103.92931506996159,1.3047145083676766,0],[103.929421997274,1.3047252661859117,0],[103.92947228073449,1.304416472956789,0],[103.92958575234603,1.3044326566982698,0],[103.92968916889389,1.3044398306485532,0],[103.92975335917347,1.3044398290787047,0],[103.92981041658524,1.3044577730669749,0],[103.9299102692116,1.304504428941856,0],[103.92997089611858,1.3045582651660383,0],[103.9304157480693,1.3047490740507228,0],[103.93074475126771,1.3048166569952704,0],[103.93118095456961,1.304908150688258,0],[103.93155035206226,1.3050259223036884,0],[103.9317262932662,1.3051341297027819,0],[103.93187599555368,1.3052525049765697,0],[103.93199440814656,1.30540276571236,0],[103.93206238660733,1.3055152034349613,0],[103.9322188808589,1.3054909648288777,0],[103.93235988743731,1.305458100104524,0],[103.93242133189246,1.3054838665994812,0],[103.93262448598507,1.3052578581216068,0],[103.93275814315118,1.3052201842635636,0],[103.93288645740496,1.3052470839664394,0],[103.93298785005511,1.3052896012832043,0],[103.93299859298399,1.305287535288809,0],[103.93313778584037,1.3053576522618482,0],[103.93326618862059,1.3053051434097878,0],[103.93343873338148,1.305208208645937,0],[103.93354707442181,1.3051355079584952,0],[103.9336273251288,1.305062808394112,0],[103.93362732263049,1.305022421334696,0],[103.93352700133224,1.3049416512387562,0],[103.93351897392702,1.3049012654051722,0],[103.93352277931776,1.304857135032949,0],[103.93353390761736,1.3048524698806163,0],[103.93355473644152,1.3048434850998814,0],[103.93373117004124,1.3049726211097825,0],[103.93376776585536,1.305014337921882,0],[103.9337557296444,1.305054724560475,0],[103.93372363007028,1.3050789582664328,0],[103.93373090713324,1.3051404709618126,0],[103.93374369862129,1.305248580758143,0],[103.93388013363821,1.3053131965568823,0],[103.93408879644618,1.3053778067232813,0],[103.93426265096765,1.3053863414192033,0],[103.9342872068724,1.3053976947091481,0],[103.93464373817268,1.3055578339838392,0],[103.93491943813773,1.3056281714044529,0],[103.93498751286862,1.305651008331475,0],[103.93508797341781,1.305684707149991,0],[103.93527657460741,1.3057977828596572,0],[103.93532874407595,1.3058623992980445,0],[103.93543708735919,1.3058906661734746,0],[103.93554543129703,1.3059350867814743,0],[103.93572252042804,1.305916711909788,0],[103.93579107268496,1.305949050939364,0],[103.93603825959079,1.3060077430093173,0],[103.93656121082483,1.3062143232425214,0],[103.93658291138739,1.3061870196179477,0],[103.93663034333238,1.3061750827742493,0],[103.93681756672557,1.3062558337592052,0],[103.93695090819206,1.3063648311348812,0],[103.93730044170172,1.3065420727088812,0],[103.93756127065686,1.3066066813009474,0],[103.93778455570494,1.3067588853464456,0],[103.93804939462945,1.3067952233220868,0],[103.93809232356608,1.3067953960629217,0],[103.93901487574799,1.307113844051679,0],[103.93918605366626,1.3072095491715705,0],[103.93940477926063,1.3073100372434183,0],[103.93961399365321,1.3073865980585986,0],[103.93967456901254,1.3074049965552281,0],[103.93967858089968,1.30738076306838,0],[103.9397327082261,1.307354894165037,0],[103.9399545310206,1.3074525586318313,0],[103.93996820419913,1.3075165082805598,0],[103.9399779159767,1.3075234081564422,0],[103.93993539936852,1.3075423012158942,0],[103.93992737564552,1.3075705710471939,0],[103.93997552987939,1.3076190338116,0],[103.94007986280218,1.3076836479063987,0],[103.94020024723287,1.3077240298020727,0],[103.94040489587366,1.3077724840388762,0],[103.94049718961872,1.307804791162153,0],[103.94063362337818,1.307833055688711,0],[103.94069782784611,1.3078694010894807,0],[103.94084630136392,1.307921896591696,0],[103.94099076001058,1.3079703551807835,0],[103.94131316920118,1.3080548449330422,0],[103.94181317292345,1.3082749868153052,0],[103.94191130120814,1.3082921066595092,0],[103.94203408086474,1.308366100820834,0],[103.94201803256455,1.3084226441105886,0],[103.94227083772397,1.3085276377716661,0],[103.94240325860046,1.3085760977038907,0],[103.94245542708036,1.3086124408690043,0],[103.94252364397593,1.3086366720994544,0],[103.94262797490151,1.3086528230692214,0],[103.94269217998831,1.30866089621552,0],[103.9427282922197,1.308652817764195,0],[103.94275638135313,1.3086245452369714,0],[103.942756379603,1.3085841581905249,0],[103.94278045527884,1.3085639654190513,0],[103.94284388012106,1.3085443053976464,0],[103.94305223304791,1.3086221212001976,0],[103.94305601831988,1.308697834310013,0],[103.94306325267549,1.3087014749572845,0],[103.94295196068586,1.308705525974672,0],[103.9429376980944,1.308727061295436,0],[103.94299476109465,1.3088490917299167,0],[103.9431017466464,1.308913692909105,0],[103.94326578990821,1.308978289758079,0],[103.94354395038663,1.3090428833596701,0],[103.943950492964,1.3091792541450458,0],[103.94417159635037,1.3092366731805996,0],[103.94442835924889,1.3093299811568457,0],[103.94451394644707,1.3093443331974481,0],[103.94456387086191,1.3093299751103369,0],[103.94457813370735,1.309294082113906,0],[103.94450680967314,1.3092510141042526,0],[103.94453385368753,1.3092002166350631,0],[103.94453907426879,1.3092007988118517,0],[103.94458218998548,1.3092383442310573,0],[103.94462633233323,1.309266615360752,0],[103.94469454944084,1.3092948808917804,0],[103.94477881639641,1.309302955798568,0],[103.94478497273839,1.3093730346131809,0],[103.94478497495763,1.3094232837352549,0],[103.94486343140031,1.3094807063708205,0],[103.94529850507669,1.3096242562880525,0],[103.9464682067583,1.3099974792442362,0],[103.94815856855449,1.3105573155514165,0],[103.94852945076278,1.3106506187158828,0],[103.94870062527316,1.3106793243086083,0],[103.94888606281512,1.3106577810169089,0],[103.94903583783325,1.3106147028723754,0],[103.94917847367489,1.3104495939436418,0],[103.94909976615001,1.310386309387278,0],[103.94902952794153,1.310334110114573,0],[103.94903006521628,1.3103328837735402,0],[103.94899252826873,1.3103099490665573,0],[103.94899845441745,1.3102562422975121,0],[103.94901939629611,1.310224622989642,0],[103.94926990477522,1.3104183756025385,0],[103.94938474380392,1.310501842039052,0],[103.94942929620761,1.310516001379489,0],[103.94949381071804,1.310627426725931,0],[103.94960641886878,1.3107151754127937,0],[103.94991311040432,1.3108013007215171,0],[103.95033391819351,1.3109233138837484,0],[103.95058355034188,1.3110309773794486,0],[103.95080465142244,1.311052501637622,0],[103.95101148459797,1.3110381360084262,0],[103.95116125925489,1.310987880714184,0],[103.95128250279629,1.310908911436517,0],[103.95134668714552,1.3107796993676502,0],[103.95125014890522,1.3107379486090223,0],[103.95122548933429,1.3107027384117067,0],[103.95119221327434,1.310679826147487,0],[103.95115663639446,1.3106261213426162,0],[103.95115070459072,1.3105962830770896,0],[103.95120878920521,1.310593066221485,0],[103.95155114677692,1.3108323299082147,0],[103.95157492367565,1.3108610422970537,0],[103.95165100342044,1.3109136798298258,0],[103.95193629185549,1.310928023911662,0],[103.95213124218091,1.3109615122087974,0],[103.95248785776099,1.311081135114791,0],[103.952516389337,1.3111194190410742,0],[103.95251163829316,1.3111864180789783,0],[103.95261149069793,1.3112342676485151,0],[103.9527303640039,1.311291689884841,0],[103.95291580504924,1.3113443239324638,0],[103.95308697803831,1.3113395298101347,0],[103.95324388566783,1.3112964510720195,0],[103.95336750929908,1.3112342321892514,0],[103.95347210817457,1.3111193730742974,0],[103.95338626719538,1.3110608739931975,0],[103.9533505958651,1.3110249272957304,0],[103.95327924271908,1.3109780955994395,0],[103.95331518985357,1.3109375277717186,0],[103.95358622341149,1.3111145816736962,0],[103.95367830070846,1.3111437347798256,0],[103.95372652999518,1.3111955099248813,0],[103.95372411968691,1.3112246449907183,0],[103.95377642780036,1.3113394974275323,0],[103.95386201783948,1.3114112752631166,0],[103.95398089117711,1.3114686956274635,0],[103.95417584021968,1.3115117582457936,0],[103.9542852026563,1.3115548241075117,0],[103.95444211531083,1.3115978858402892,0],[103.9550031917172,1.3117701404472324,0],[103.9551601030321,1.3118036312622474,0],[103.95526946340968,1.31180362590199,0],[103.95536455932199,1.31178448040139,0],[103.95543848433557,1.3117791717811662,0],[103.95553357888218,1.3117504535957538,0],[103.9556619571451,1.3116978052386061,0],[103.95576180540117,1.3116403732972417,0],[103.95583312361988,1.3115590151309402,0],[103.95586640224667,1.3114489453234353,0],[103.9557514789789,1.3113749017689695,0],[103.95565679783344,1.3113121536070393,0],[103.95564493742157,1.311246512836093,0],[103.95566865106247,1.3111928051898076,0],[103.95568112803349,1.3111876225782484,0],[103.95580581427689,1.3112303240646743,0],[103.9562063001342,1.3115967231138381,0],[103.9562114581878,1.3116784790492209,0],[103.95617502900635,1.3117094751649387,0],[103.95620713286361,1.3117579356589584,0],[103.95627534963845,1.3117942813342318,0],[103.9564759900842,1.3118548528493015,0],[103.95672322840693,1.3118810273165058,0],[103.95673274323694,1.3118833619085832,0],[103.95684917603444,1.3119558009982115,0],[103.95703376494944,1.312036565871087,0],[103.95731867187533,1.3121294396648029,0],[103.95769008441918,1.312253893056247,0],[103.95795292195247,1.3123787162927232,0],[103.95812927107225,1.3124196660248695,0],[103.95822422605836,1.3123855288038877,0],[103.95821743864066,1.3123172642419696,0],[103.95825813327141,1.312269476584172,0],[103.95832595673504,1.3122558218219902,0],[103.95870657770314,1.3126520753254551,0],[103.95869918978734,1.31272304826113,0],[103.95868005296661,1.3127679951401108,0],[103.95868329059523,1.3127712561080855,0],[103.95870710623151,1.3128361411095526,0],[103.9587311837217,1.3128724880333968,0],[103.95880765309683,1.3128964081791519,0],[103.95908198475773,1.3129991298919896,0],[103.95923012964874,1.313026564365182,0],[103.95968622644293,1.3131955340034391,0],[103.96017578584473,1.3133772497365233,0],[103.96058910370806,1.3135266600207294,0],[103.9608378956557,1.3136033833178673,0],[103.96094222765723,1.3136356863071086,0],[103.96102649524957,1.3136356819752057,0],[103.96105859594124,1.3136195247935483,0],[103.96105056826853,1.313583177071068,0],[103.96105859266021,1.3135549062883238,0],[103.96108667974374,1.3135427881955284,0],[103.96114222820233,1.3135299696171072,0],[103.96143244902939,1.3137916165588894,0],[103.96161029715842,1.3138697144461973,0],[103.96185721075054,1.3142189727709181,0],[103.96201671538459,1.3144436976598368,0],[103.96218897368192,1.3145913738142014,0],[103.96236760929149,1.314674835371256,0],[103.96237080812215,1.3146748352049,0],[103.96248316885278,1.3147623987687527,0],[103.96262762079408,1.3146493079643509,0],[103.96281621257162,1.31452813708515,0],[103.96286436416295,1.3145321752632448,0],[103.96303832078245,1.314575685902572,0],[103.96307540813304,1.3145541483826995,0],[103.96312961221763,1.314538352668075,0],[103.96352231564708,1.3136759692352291,0],[103.96365429010724,1.3137336027510906,0],[103.96374924357458,1.3137750700141007,0],[103.96427835006001,1.3140061347759553,0],[103.96419250513492,1.3142232911675036,0],[103.96411669826225,1.3142406372150903,0],[103.96359372663846,1.3153892067036421,0],[103.9627949308178,1.3156859562613263,0],[103.96271409855923,1.3156907463664773,0],[103.96246212057358,1.3162171743732232,0],[103.96285202433927,1.3163607215519457,0],[103.96290432038236,1.3162315080459748,0],[103.96306598675346,1.3162745698454492,0],[103.96310877517728,1.3161788562242762,0],[103.96316107804137,1.3161644958282972,0],[103.96326567420115,1.315968280796308,0],[103.96332748525082,1.3159491358221018,0],[103.96338929834434,1.3159347758274933,0],[103.9634653728548,1.315896486559573,0],[103.96357473328096,1.3158773390829586,0],[103.96374590260656,1.3158151171904025,0],[103.9638314877433,1.3157672574496302,0],[103.96442577166673,1.3144464013207775,0],[103.96447807323725,1.3144081141874706,0],[103.9645161117095,1.314412898062431,0],[103.96459218080788,1.314254968867061,0],[103.96572926274389,1.314791176307073,0],[103.96607161655258,1.3149251537518187,0],[103.96629984760192,1.3149059997979253,0],[103.96647101122261,1.3147049961099433,0],[103.96697980623563,1.3149662010185204,0],[103.96723286981161,1.3150701438078019,0],[103.96759955162275,1.3152156648035231,0],[103.96780096891,1.3152936216688125,0],[103.96815508776035,1.3153978437491949,0],[103.96817099535414,1.315408999096059,0],[103.96832258381615,1.3154391332400006,0],[103.96846719005985,1.3154599166500378,0],[103.96858080522264,1.3154443156348978,0],[103.96865257961417,1.3153975317780549,0],[103.96865257906657,1.3153706857875194,0],[103.96863380636489,1.3153329052740235,0],[103.96862237027611,1.3152945383334291,0],[103.9686737533617,1.3152208046920981,0],[103.96873572480975,1.3151948117500725,0],[103.96881835499329,1.3151896089640347,0],[103.96891131830567,1.3152311873599603,0],[103.96921602932997,1.3154130948842044,0],[103.9692687463213,1.3154810186346755,0],[103.9692909673275,1.3155790466538677,0],[103.96933271687419,1.3156013766826637,0],[103.96967480259683,1.315741315167631,0],[103.97003239566786,1.3158844017349662,0],[103.97006504613698,1.3158995660866535,0],[103.97022928481671,1.3159373412702777,0],[103.97035129084057,1.3159751169686165,0],[103.97047799010906,1.3159987246645073,0],[103.97058122635679,1.3160034424335425,0],[103.97060987575738,1.3160051356215685,0],[103.97076022282805,1.3159431902452583,0],[103.97083101763847,1.3158776245911608,0],[103.97083930174999,1.315819235803403,0],[103.97081583679525,1.3157814546662623,0],[103.97078968972457,1.3157609876893803,0],[103.97082734635897,1.3156677006536617,0],[103.970894480366,1.3156001257091086,0],[103.97100293012889,1.315558535313472,0],[103.97112687583075,1.3155585284286349,0],[103.97119918067096,1.3156001087855456,0],[103.97162810585182,1.3157909984385892,0],[103.97171033430236,1.315865776451273,0],[103.97171776389638,1.3158730163589893,0],[103.97176728960918,1.3159951133205563,0],[103.97181350640199,1.316043502246851,0],[103.97197481365545,1.3160742831388843,0],[103.97218045156266,1.3161354309178213,0],[103.97260393486958,1.316140605430179,0],[103.9726555769015,1.3161042182358615,0],[103.97272271375006,1.3160886187384486,0],[103.97281051023876,1.3161094059859064,0],[103.97290347273874,1.3161509851256459,0],[103.97301192768728,1.316202956316345,0],[103.97316686105904,1.3161925510341752,0],[103.973481889112,1.3161405559400317,0],[103.97381240811548,1.3160885581205606,0],[103.97396217809846,1.316088548722999,0],[103.97411711108911,1.3161197286577522,0],[103.97433918889104,1.3162132777012499,0],[103.97448379456489,1.3162548520308714,0],[103.97462747159794,1.3162565983055403,0],[103.97491444917023,1.3162600890426113,0],[103.97491606560128,1.316259080586731,0],[103.9749340825724,1.3161986283899763,0],[103.9749394652965,1.3161742401548444,0],[103.97501572319698,1.31610928090708,0],[103.97509318676077,1.3160728921896419,0],[103.9751913112049,1.3160624918398929,0],[103.97533075173085,1.316098868143021,0],[103.97553733382512,1.3161716248737845,0],[103.97559931080298,1.3162443917001092,0],[103.97563546501662,1.3163119617353214,0],[103.97568194628792,1.3163327512497098,0],[103.97579556438701,1.3163379420882206,0],[103.975873030613,1.3163327402658807,0],[103.97595157276206,1.31628645683705,0],[103.97602795891456,1.3162651592397543,0],[103.97608477610245,1.316395101010434,0],[103.97614159741508,1.3166290018874134,0],[103.97613264806678,1.3169165822387816,0],[103.97650809909055,1.3169137606611392,0],[103.97651658505923,1.3166001907892841,0],[103.97657499801521,1.316476713081976,0],[103.97662756513155,1.3163238367171228,0],[103.97665092773543,1.3162356392863945,0],[103.97666844641967,1.3160886442041473,0],[103.97667195373883,1.3158260770104935,0],[103.97667702096967,1.3157529681061821,0],[103.97672097369956,1.3152066776540956,0],[103.97679107692097,1.3152125546652944,0],[103.97677941604711,1.3156300178091114,0],[103.97748872473534,1.3159362234233927,0],[103.9784502508633,1.3162472939948069,0],[103.9784035247648,1.3164060502041872,0],[103.9784327351014,1.316411927749762,0],[103.97851451525159,1.3162825693833573,0],[103.9786488831379,1.3163589981638395,0],[103.97854374237619,1.3165941926472013,0],[103.97890010338645,1.3166176932801175,0],[103.97906952058675,1.3166412012473845,0],[103.9792389398401,1.3166999892581588,0],[103.97981729570826,1.3167469927896998,0],[103.98065853777257,1.3167293033294185,0],[103.98127543410307,1.316668703275319,0],[103.9818619755913,1.3166527939206714,0],[103.98280171282434,1.3164250499041548,0],[103.98368942382146,1.3167803352256464,0],[103.98427732366241,1.3181944414429947,0],[103.98468400519803,1.3180365476423141,0],[103.9841041402247,1.316715913148074,0],[103.98451364512354,1.31611608940679,0],[103.98515512124396,1.3135479393586869,0],[103.98518494835746,1.313277611218104,0],[103.98512524429859,1.3130072858361372,0],[103.98500585973034,1.312797039021476,0],[103.98481186618662,1.3125867958428283,0],[103.98461787539058,1.3124516454010526,0],[103.98440896875428,1.312361546618897,0],[103.9841403726035,1.3122714550568182,0],[103.98391654563456,1.31221139459981,0],[103.98382700910561,1.3120912573950814,0],[103.98393521370522,1.3120139622938112,0],[103.98413366608925,1.312020290743726,0],[103.98819136135936,1.3133284162073071,0],[103.98988965762064,1.3137826038875609,0],[103.99043552296172,1.3139428068538452,0],[103.99062285383128,1.3138579487216788,0],[103.99091488429274,1.313802890777033,0],[103.99152665916048,1.3136376513020054,0],[103.99186799268277,1.3135378902472217,0],[103.99212361286854,1.3134227433070091,0],[103.99222281362961,1.313414055094884,0],[103.99241335160502,1.3134051222788752,0],[103.99259373783163,1.3133966666977395,0],[103.9927791997263,1.3133706082917138,0],[103.99295603391916,1.3133185057292773,0],[103.99316305898009,1.313262059374644,0],[103.99335283207856,1.3132360006503088,0],[103.99405154390374,1.3130753391941916,0],[103.99432757585917,1.3129971827115134,0],[103.99452597425181,1.3129320540381915,0],[103.99462948459232,1.3128842970539765,0],[103.99478778978957,1.312790302853466,0],[103.99486014893624,1.3127644560323517,0],[103.9957386793748,1.3125216700684408,0],[103.99577002960551,1.312507227182238,0],[103.99574654877487,1.3124371009428786,0],[103.99578104873214,1.3123719828833267,0],[103.99582417612774,1.312328570733591,0],[103.99592337681528,1.3123198823805862,0],[103.99601826476258,1.3123155352389921,0],[103.99615196741489,1.3122590916425623,0],[103.99644956096718,1.3121158213452846,0],[103.9968103033282,1.312013473722886,0],[103.99692399061351,1.3119812176358083,0],[103.99706632218596,1.3119421389670696,0],[103.99716120638969,1.3118943833605534,0],[103.99720002163123,1.3118509687618354,0],[103.99716551437737,1.3118032207749215,0],[103.99715701868487,1.3117626227606247,0],[103.99714825514276,1.3117207423800186,0],[103.99719138401682,1.3116729892778294,0],[103.99726039066431,1.311633916335054,0],[103.9973388001539,1.311629591937362,0],[103.99740703823734,1.3116686341264778,0],[103.99750623407671,1.3115861480494253,0],[103.99760974174558,1.3114993198473401,0],[103.99767443423048,1.3114428843529453,0],[103.99770462308882,1.3114081530878756,0],[103.99771912634412,1.3113367564477096,0],[103.99773859864007,1.3113217635689054,0],[103.99785379968661,1.3112720640301294,0],[103.99816384797805,1.3119839067097734,0],[103.9984369568479,1.3118674132301913,0],[103.99796485411116,1.310770993679621,0],[103.99786512737809,1.3105521232141972,0],[103.99837863422458,1.3103606658466254,0],[103.99855134163315,1.3105508704366018,0],[103.9986829611981,1.3106573520056086,0],[103.99891118974851,1.310628623372765,0],[103.99912039591173,1.3105424681640931,0],[103.99926957881574,1.310422295788477,0],[103.99934861210747,1.310312745281743,0],[103.99986244713058,1.3103315451822632,0],[103.9999287071469,1.3104467029681524,0],[104.00007135304759,1.3104754068750006,0],[104.00022350724929,1.310475396678159,0],[104.00038516821392,1.3104371006213011,0],[104.00059391140262,1.3102946036470973,0],[104.00106706842932,1.3103277003582825,0],[104.00124403411017,1.3104218242506862,0],[104.00196982308937,1.3104111878355567,0],[104.00254040377509,1.310468576024332,0],[104.00312525466944,1.310612104369655,0],[104.00363878541455,1.310755637450375,0],[104.00442334977087,1.3110857883253142,0],[104.00507953738487,1.3114159477922003,0],[104.00521704873385,1.311505489891645,0],[104.00574997203903,1.3115163993863121,0],[104.00632054013718,1.311387149250651,0],[104.00687683782864,1.3111717587406477,0],[104.00694709531948,1.311110466228805,0],[104.00697181444333,1.3111257744234153,0],[104.0069786148636,1.3111421989450065,0],[104.00785630044633,1.3107601302276797,0],[104.01019559326097,1.3097262793355422,0],[104.0106377790986,1.3095683230600386,0],[104.01115129185975,1.3094821461306843,0],[104.01182171687297,1.3094533847432273,0],[104.01237803593433,1.3095538418580532,0],[104.01304848021314,1.309783501986734,0],[104.0133480424472,1.3099126908215803,0],[104.01389011779528,1.310300283877629,0],[104.01436087959642,1.3108027357230192,0],[104.01471753043515,1.3113482659270326,0],[104.01503140405781,1.312137864280075,0],[104.01514557212096,1.312870050314797,0],[104.01541859718537,1.3157285507376453,0],[104.01621239687935,1.3157391800373481,0],[104.01638923379473,1.315756531603866,0],[104.01885201374665,1.3158214633531764,0],[104.0212889150374,1.315882052768547,0],[104.02129543399995,1.3157981909905485,0],[104.02131032782422,1.3154077180499693,0],[104.02181766330662,1.3154377151373815,0],[104.02181767683022,1.3156179341424388,0],[104.02277266442741,1.3156629156577648,0],[104.02287674593144,1.3107519702928756,0],[104.02729353960213,1.3108567563401314,0],[104.02724880188708,1.3112171950242297,0],[104.02347363967321,1.311157413429497,0],[104.02313046837315,1.3114878402263475,0],[104.02290728537379,1.3199881349349096,0],[104.02895056012545,1.3201678828739378,0],[104.0289802930014,1.3187411559594446,0],[104.0286221722881,1.3187111468666246,0],[104.02866071887328,1.3155238629848125,0],[104.03224786906736,1.3154969733777948,0],[104.03232213440512,1.311141703636606,0],[104.03260564076608,1.3111266631554652,0],[104.03247173057161,1.315947499926235,0],[104.03274032308668,1.3160075522010832,0],[104.03441174930816,1.3185755211222272,0],[104.03447144938875,1.3187407164435139,0],[104.03441177220638,1.3188608635886214,0],[104.03430732311739,1.3188909103645405,0],[104.03418794795097,1.318860882679455,0],[104.03412825269803,1.318755761209413,0],[104.0341282382569,1.318575544150054,0],[104.03342684092321,1.3175693838863998,0],[104.03274048422566,1.3180350006489172,0],[104.03247290642949,1.330680306062818,0],[104.0323236922467,1.3307253733498918,0],[104.03221922971657,1.330605235912462,0],[104.03230834515281,1.3254239672047843,0],[104.03187558919932,1.3250785839821986,0],[104.03066908864439,1.3250833981302057,0],[104.02461696688756,1.324866880189632,0],[104.02378990133401,1.3249278529246225,0],[104.0230433102693,1.3251138044024375,0],[104.02296824370924,1.3251141022944959,0],[104.02235109235585,1.3254813306377933,0],[104.02165646242031,1.3261805588469937,0],[104.02105754974129,1.3272682111502183,0],[104.02105755569565,1.327347174414601,0],[104.02099789126368,1.3276475439667879,0],[104.02104942523569,1.327985454039264,0],[104.02120325582489,1.3286953402314143,0],[104.02124589989823,1.3291440956255873,0],[104.0213490812306,1.3293206078829483,0],[104.02143468338845,1.3295215961675917,0],[104.0218739117813,1.3301458500680832,0],[104.02204614111542,1.3305543939532885,0],[104.0220757414057,1.3315264317838482,0],[104.022095937052,1.3318309733354454,0],[104.0222170065964,1.332297931904045,0],[104.02225738030619,1.332663381416755,0],[104.02304581066285,1.3341735258628487,0],[104.02314566208457,1.3341591623093172,0],[104.02335362704936,1.334141343837723,0],[104.02353080936165,1.3342165592097657,0],[104.02375905488792,1.3343888219334348,0],[104.02378119386498,1.3349085655764137,0],[104.0238810886246,1.3354684711835183,0],[104.02412361300934,1.3358130132218606,0],[104.0244945270952,1.3362723997335444,0],[104.02463719480888,1.3365738802992162,0],[104.02483663428029,1.336971102739803,0],[104.02501200135632,1.3375276091605033,0],[104.02506596903346,1.3378126499689538,0],[104.02533576194999,1.3386270478040339,0],[104.02540321594334,1.3388985149046433,0],[104.02578815085182,1.3400939698584038,0],[104.02605044471433,1.340743642681484,0],[104.02661539577045,1.3422460136300916,0],[104.0271601558545,1.343504749741841,0],[104.02742245375671,1.344195028023494,0],[104.02829003832824,1.346225249421978,0],[104.02863301510597,1.3467734000233607,0],[104.02905603822724,1.3475472974473313,0],[104.02929856174966,1.3478774819552037,0],[104.02958387926627,1.3481645946634642,0],[104.02981212361858,1.348322498944029,0],[104.02996454671414,1.3484787362985027,0],[104.03014024681904,1.3487675308918043,0],[104.0303685025538,1.349054647214902,0],[104.03061102216887,1.3492986913397802,0],[104.03069048622163,1.3498576483791414,0],[104.03073806697148,1.3502404913262838,0],[104.03096972996248,1.3507463581617924,0],[104.03130263217281,1.351512022720157,0],[104.03155841409271,1.3518794843814252,0],[104.03181997983975,1.3524537299168098,0],[104.0320163347236,1.3529408349409744,0],[104.03217667226744,1.3534108170621288,0],[104.03227179569218,1.3537218697963316,0],[104.03215872682418,1.3541679478406654,0],[104.0319237997965,1.354624930748801,0],[104.03189391858295,1.3551041240750756,0],[104.03230906284155,1.3560605714324552,0],[104.03238041155524,1.3563620561786682,0],[104.03250981264125,1.3570478262387256,0],[104.03258117502072,1.3575263781059277,0],[104.03230445903199,1.3578910539153923,0],[104.03229041074474,1.3581414467344437,0],[104.03243764037829,1.3584437770829119,0],[104.0326230899695,1.358544257674493,0],[104.0329226608812,1.3587165149623843,0],[104.03316517119711,1.3588313483620338,0],[104.03353595601513,1.3588532228480483,0],[104.03442350911267,1.358284666932347,0],[104.03478662917966,1.358426755573742,0],[104.03668276238187,1.3571881208971157,0],[104.03700551063729,1.357025670758287,0],[104.03736862388828,1.357066245666742,0],[104.03781241660033,1.3570052994045512,0],[104.04089863518128,1.3545686878766523,0],[104.04115299908283,1.3542508761986982,0],[104.04156663715877,1.3538201397876342,0],[104.04189468863963,1.353403765614757,0],[104.04213715938822,1.353059184985526,0],[104.04226551329468,1.352757683394496,0],[104.0425126104255,1.3519595756696123,0],[104.04263140906683,1.3510921789886299,0],[104.04251248927548,1.3505538120964007,0],[104.04221527294857,1.3501051910472348,0],[104.04185863428135,1.3498360341454425,0],[104.04173159315503,1.3496513787318132,0],[104.04170927210184,1.349355733225958,0],[104.04175098626632,1.348959910034228,0],[104.04212599570383,1.3486695261826183,0],[104.04272034978554,1.3486096551134874,0],[104.04310669002412,1.3486993520742583,0],[104.04349305774001,1.3490881446826217,0],[104.04367140739234,1.3495965955924456,0],[104.0436702516744,1.3496050306429934,0],[104.04355261001668,1.3504639931701576,0],[104.04313671407992,1.3522586181019234,0],[104.04293597229739,1.3529873313216667,0],[104.04277908039583,1.3532170519737259,0],[104.04245103525422,1.3537052096837805,0],[104.04209446321158,1.3542220814096086,0],[104.04179493723996,1.3545953830815047,0],[104.04136702925207,1.354954338232386,0],[104.03763060392001,1.3578311823711904,0],[104.03467027462115,1.3598378570947651,0],[104.03287974733365,1.3609914006524122,0],[104.03215155830735,1.3609794458547695,0],[104.02846306991717,1.3634667536040361,0],[104.02802140359248,1.3637431237385051,0],[104.02756779390589,1.3639353939003567,0],[104.02161144130913,1.3664714389814077,0],[104.0214441357646,1.3660661779696988,0],[104.02108385057136,1.3662214712734384,0],[104.02126499406683,1.3666511796798535,0],[104.02113369920444,1.3668794657066974,0],[104.02095465280473,1.367107756388918,0],[104.01992806197075,1.3675884171364692,0],[104.0198325616123,1.367588424605348,0],[104.01977277143219,1.3674644452108229,0],[104.01979660294501,1.3673567892988343,0],[104.01987982316723,1.3672824996091053,0],[104.01981145728247,1.3670910827977307,0],[104.01968141789699,1.3669975713323983,0],[104.0195340730872,1.3669276487134792,0],[104.01911625858334,1.3669396965975698,0],[104.01859101730052,1.3670718969180344,0],[104.01787479173383,1.3674083597145033,0],[104.01699805703184,1.3678031930151189,0],[104.01721181812714,1.3685425113302137,0],[104.01714763170742,1.3686119068899087,0],[104.01682962731302,1.3678741014453584,0],[104.01658258990828,1.3679765002837734,0],[104.016876609976,1.3687291752885786,0],[104.01676724629792,1.3687148269992555,0],[104.01651519272788,1.3681501479415843,0],[104.01637238170927,1.3680636342988304,0],[104.0161558406046,1.3681533923303588,0],[104.01533217915156,1.3685138906205554,0],[104.0147591982939,1.3688022839762861,0],[104.01447271592667,1.3690666248011147,0],[104.01436528885164,1.3692108078061478,0],[104.01435336942764,1.3694270700681144,0],[104.01438919258861,1.3695952710240014,0],[104.01450856794399,1.369583245718545,0],[104.01460406841007,1.3695832393566016,0],[104.01468763594991,1.3696553186050806,0],[104.0147115207838,1.369799491623302,0],[104.01375655197144,1.3702441031184867,0],[104.0132074265703,1.3702922023517952,0],[104.01277766581414,1.3701841040986886,0],[104.01235983630761,1.3699678741763128,0],[104.01203749934515,1.3696435063150478,0],[104.01171515623165,1.369259066293004,0],[104.0114763912956,1.3690908786441969,0],[104.01086756293174,1.3688986933401597,0],[104.01028261302207,1.3687785917227309,0],[104.00962605081101,1.3688026692260626,0],[104.00911274491239,1.3689228531789641,0],[104.00795261158817,1.3694015077355712,0],[104.00698792098409,1.369776039412901,0],[104.00660549136522,1.3699283253398797,0],[104.0063186820796,1.369258410667717,0],[104.00630371843734,1.369223282788611,0],[104.00598460638774,1.369364176309391,0],[104.00627381429375,1.370027393166012,0],[104.00617933498953,1.3702468294506405,0],[104.00601755014763,1.3704258846058244,0],[104.0060059883781,1.3707407212485287,0],[104.00601422893166,1.3707755502730463,0],[104.00599066714925,1.370781571403812,0],[104.00520089897721,1.3709833850006812,0],[104.00523754230889,1.3711062849026854,0],[104.00603047990353,1.3709440983120633,0],[104.00605302461076,1.3709394853432975,0],[104.00606393471723,1.3709855906403003,0],[104.00612075683632,1.3711785516469057,0],[104.00624935420917,1.3716152505772599,0],[104.00636523540717,1.371918418028883,0],[104.00640915425203,1.3721502014271876,0],[104.00641926157485,1.3722035461817261,0],[104.00650827542235,1.3723908308700539,0],[104.00662155903892,1.3725455396368162,0],[104.00684001065396,1.3725210960283656,0],[104.00734164692093,1.372488486113373,0],[104.00735469833711,1.3725344447366907,0],[104.0073627129016,1.3725626746538466,0],[104.00737401795828,1.3726024873737637,0],[104.00869283873486,1.3726023913323089,0],[104.0088061141799,1.3726430981629771,0],[104.00886275621251,1.3727163806012024,0],[104.00887085581947,1.3728385273858932,0],[104.00886282392915,1.3736446925648444,0],[104.00782718527309,1.373644768887735,0],[104.00758445998234,1.3736610724262168,0],[104.0074336781253,1.3737050136796285,0],[104.00727700986879,1.3737506682132932,0],[104.00723651583917,1.3737744468054383,0],[104.00699227662955,1.3739178618230687,0],[104.00686152437213,1.3740068586065135,0],[104.0065919647738,1.3742057579312201,0],[104.00630442131157,1.3745312327820607,0],[104.00592701222863,1.375010404722477,0],[104.00545073692666,1.375787932207452,0],[104.00523710159625,1.376180306164439,0],[104.00470574968875,1.3773451532990573,0],[104.00422081886067,1.378378873834143,0],[104.00365334703784,1.3796936754082438,0],[104.00357246176075,1.3799016207737025,0],[104.00341069476066,1.3802542207558874,0],[104.00341967841022,1.38026326371139,0],[104.00307815258218,1.3811764144424217,0],[104.00300624213914,1.3814476453764761,0],[104.00261836005586,1.3827344584395262,0],[104.00250643342432,1.3829798664238142,0],[104.00249920292902,1.3830476749675562,0],[104.00248738630381,1.3831180070052431,0],[104.00227713775193,1.3835257384155095,0],[104.00218580609636,1.3837680031683774,0],[104.00230116274273,1.3838288737203286,0],[104.002282877216,1.3838600230058882,0],[104.00208341136909,1.38379639113327,0],[104.00204091581811,1.383830307683851,0],[104.00205920655225,1.3838855229934055,0],[104.00223646231666,1.3839605477802248,0],[104.00222521110828,1.3839959443414154,0],[104.00211231305713,1.3839620533894152,0],[104.0019234099204,1.3842420613609605,0],[104.00160102631352,1.3846840769108537,0],[104.00152260591628,1.3847447144397687,0],[104.00128154073894,1.384950970997037,0],[104.00097528402377,1.3852328095643045,0],[104.00094621003275,1.385350929225411,0],[104.00081665672413,1.3857241444188333,0],[104.00080530482599,1.3857336310614459,0],[104.00067117460254,1.3861772673032038,0],[104.00064473201017,1.3862498694182808,0],[104.00051389537471,1.3866090815805079,0],[104.000246939905,1.387284976013295,0],[103.99992594024326,1.3877901418883372,0],[103.99961545426038,1.3882509842907986,0],[103.99951604217321,1.38841529369793,0],[103.99935585278983,1.3886373942143642,0],[103.99924255537694,1.3887811756154211,0],[103.99919093458188,1.3889296435748621,0],[103.9990913698461,1.3890447132736916,0],[103.99893648297542,1.3891263788960178,0],[103.99862301601904,1.3891598062435717,0],[103.9983206246491,1.3893713899560538,0],[103.99793341014343,1.389564422109557,0],[103.99752037838275,1.3897277640517547,0],[103.9971152818773,1.389799953078729,0],[103.99703214278534,1.3898214880827782,0],[103.99666026666158,1.3898432964149092,0],[103.99591270460581,1.3901261508793572,0],[103.99568825029795,1.39018723607385,0],[103.995630888173,1.3902028483995839,0],[103.9956136520396,1.39020754141386,0],[103.99548814590119,1.3900954790253037,0],[103.9954879751616,1.3900953252958266,0],[103.99548794820522,1.3900953379587317,0],[103.99471866720789,1.3904026348165188,0],[103.99437065004894,1.3905993010762692,0],[103.9942084569179,1.3906727716031781,0],[103.99400431420426,1.3907652438003684,0],[103.99385166599474,1.3907099489862254,0],[103.99370343235854,1.3907059799390442,0],[103.9935614709967,1.3907586270432248,0],[103.99329623599964,1.3909052817890615,0],[103.99282241208383,1.3911454064242186,0],[103.99275455581511,1.3911797921155609,0],[103.99257523718796,1.391221164328376,0],[103.99251499901916,1.3912285597578624,0],[103.99242206916634,1.3912399727653026,0],[103.99236624426383,1.3912662572719372,0],[103.99219045260025,1.3913490272296876,0],[103.99192521492792,1.3914580821394538,0],[103.99138726895319,1.3917062714163806,0],[103.99099128031965,1.391867974260091,0],[103.9904757438146,1.3920635244309725,0],[103.9899191145554,1.3922741167631716,0],[103.98944840908551,1.3924621430666388,0],[103.9889702350824,1.3926990495745142,0],[103.98867137712713,1.3928532258458768,0],[103.98840240264873,1.3929735598286175,0],[103.988036296589,1.3930939020112767,0],[103.98724804889072,1.3933721877984824,0],[103.98711729774583,1.3934097942879788,0],[103.98700148641197,1.393421081080939,0],[103.9868782035853,1.3934210891699332,0],[103.9867232456437,1.39340240257186,0],[103.9866149010314,1.3933234517307043,0],[103.98654017535696,1.393210660213894,0],[103.98647291974684,1.3930452280726249,0],[103.98643181765452,1.3929286740189732,0],[103.98642113230007,1.3928390932519905,0],[103.98641984086237,1.3928362373647911,0],[103.98642060455117,1.3928346781967453,0],[103.98647842029925,1.3927029732487544,0],[103.98653445429244,1.3926428105955575,0],[103.98665773278067,1.3925901660144895,0],[103.98686328757736,1.3925657963047426,0],[103.98695830755366,1.3925672406699767,0],[103.98715086262025,1.3925562943115852,0],[103.98727788127952,1.3925224456898004,0],[103.98739742501655,1.3924660391766768,0],[103.98748814663979,1.3924189069662303,0],[103.98757825729278,1.392345125088265,0],[103.9876339062902,1.3922931351466845,0],[103.98768776788503,1.3922529092472886,0],[103.98772242611899,1.3921727453255643,0],[103.98777845965714,1.3921201033118127,0],[103.98780834064846,1.392033622743859,0],[103.9878653301694,1.3919518946131306,0],[103.98792640821124,1.391870271117581,0],[103.98802256579758,1.391637964325905,0],[103.98808697927859,1.3915002792811075,0],[103.98815637630503,1.3913909953571244,0],[103.9881697419074,1.3913664293220034,0],[103.98837906857392,1.3911323135576699,0],[103.98840054025428,1.391108301358798,0],[103.98838778000497,1.391073360414526,0],[103.98828718992755,1.3907979322249464,0],[103.98828220194584,1.3907842730889266,0],[103.98826587714842,1.390792121305989,0],[103.9882012041775,1.3908083977410368,0],[103.98811200230882,1.390830848055724,0],[103.98801746991047,1.3908229167172785,0],[103.98765137538021,1.3911162151011955,0],[103.98752615982464,1.3912405277343132,0],[103.98746906624235,1.3912972095902618,0],[103.98737867630115,1.391386946212844,0],[103.98715453741956,1.3915937556972997,0],[103.9870092746237,1.3917601278292,0],[103.98687940086211,1.391816157878204,0],[103.98659790999557,1.3918231471158855,0],[103.98640735034965,1.3918423401590436,0],[103.98638495170587,1.3918445943847688,0],[103.98637376002189,1.391845721949225,0],[103.98631025293227,1.3918833239943629,0],[103.98621686019018,1.3919359693179103,0],[103.98615708864607,1.3919622937355054,0],[103.98611225757595,1.3919585363259663,0],[103.98605248392167,1.3919660590783636,0],[103.98590305341197,1.3919923866177941,0],[103.98585448823881,1.3920224724398893,0],[103.98578350906405,1.3920675947193168,0],[103.98573120885767,1.3920751169777075,0],[103.9856938530609,1.3921277586374792,0],[103.9856456407967,1.3922103389658602,0],[103.98543843670457,1.3922983295596216,0],[103.98533806819711,1.3924759145738492,0],[103.98529995475737,1.3925686348406454,0],[103.98526183734556,1.3926133977523263,0],[103.98525159110956,1.392616883823845,0],[103.98519828336585,1.392635023334364,0],[103.9851849281253,1.392639568613798,0],[103.98513865657709,1.392635065182523,0],[103.98509018195212,1.3925920243610388,0],[103.98506478765833,1.3925694766707657,0],[103.98497321466472,1.3924563814138988,0],[103.984969193221,1.3924514131152503,0],[103.98466504830783,1.3924732993249662,0],[103.98436467683491,1.392359194686975,0],[103.98412194817912,1.3923592103217075,0],[103.98392776624117,1.392391794276165,0],[103.98354749273739,1.3924651081035595,0],[103.98310249093562,1.392505850927483,0],[103.98295685490594,1.392530288833464,0],[103.98276267805629,1.392644304977982,0],[103.9825834661784,1.392817176874728,0],[103.98235749856754,1.3929312212421434,0],[103.98212762624146,1.392967602024761,0],[103.9818569153912,1.3930034825512942,0],[103.98179346609842,1.3929757190726788,0],[103.98176786494014,1.3929353753399534,0],[103.98168757285536,1.3928088512713475,0],[103.98161344202275,1.392692034220616,0],[103.98144109885277,1.392578453756028,0],[103.98107611785689,1.3925041383223415,0],[103.98085489413512,1.3924795464070354,0],[103.98053230489145,1.392485933401006,0],[103.98008953729303,1.3925050603828102,0],[103.97983652844479,1.3925273551558386,0],[103.97968472459722,1.3925528296457608,0],[103.97954873306863,1.3925942162780993,0],[103.97941906594171,1.3926101393158692,0],[103.97928939963049,1.392610147398854,0],[103.97916289274819,1.3925815087336182,0],[103.97902689534237,1.3925274047452083,0],[103.97868186968618,1.3925072128012095,0],[103.97827956374583,1.3924484488233617,0],[103.97810416615002,1.3924474757238001,0],[103.97784780894646,1.3923775247412953,0],[103.97679198825556,1.3924038269590204,0],[103.97653563277092,1.3923469953972742,0],[103.97632271823649,1.392158972698823,0],[103.97615760319546,1.3920409129759868,0],[103.97583865513703,1.3919753951382337,0],[103.97557536775815,1.391852911775781,0],[103.97547500364375,1.3916814600018819,0],[103.975414676836,1.3915308974467182,0],[103.97529998167568,1.3913796725718706,0],[103.97510611460278,1.3912246595865534,0],[103.97498007221334,1.3912232464524117,0],[103.97493350510014,1.3911440579593197,0],[103.97498440561264,1.3910352095709477,0],[103.97478887312442,1.390873423892339,0],[103.97467590328907,1.390842819879819,0],[103.97455858302861,1.3907597405553065,0],[103.9743292230391,1.3906925033288657,0],[103.97429020831082,1.390670967403137,0],[103.97412665012473,1.3904825607665288,0],[103.97398839826984,1.39044138625046,0],[103.97389448482564,1.3904458295803077,0],[103.97384954791997,1.3903994032625056,0],[103.97381859268616,1.3899245357982646,0],[103.97373405481926,1.3897129817849554,0],[103.97363737715042,1.3894697830777423,0],[103.97353309029369,1.389316736990521,0],[103.97350701697086,1.3892511434048995,0],[103.97348078910943,1.3891857994317773,0],[103.97342011578245,1.389220538669957,0],[103.97337232367136,1.3892730170922174,0],[103.97321156013687,1.3892511610240164,0],[103.97311177038355,1.3892000397971669,0],[103.97307969486874,1.389108549268618,0],[103.97272056481384,1.388997562053176,0],[103.97278835574951,1.3887480428964547,0],[103.97326305991388,1.3888955865553205,0],[103.97339706312209,1.388874282665137,0],[103.97353106686948,1.3888316846735171,0],[103.97360785616493,1.388751920837993,0],[103.97394597214792,1.3886349784491474,0],[103.97406556842178,1.3885366572551867,0],[103.97412582374582,1.388423639218271,0],[103.97418475470056,1.388009192179041,0],[103.97428011374284,1.3879421696651244,0],[103.97435680400352,1.3876628440041832,0],[103.97445175128657,1.3875773888157878,0],[103.97449922467996,1.387469883622605,0],[103.97458412885906,1.38738902409324,0],[103.97474754704085,1.387326537368448,0],[103.97547607781075,1.3872226772789489,0],[103.97558745789473,1.3872833143028982,0],[103.97584764714568,1.3872520619072024,0],[103.97628312209062,1.3872051823230416,0],[103.9764474554243,1.3871206443882838,0],[103.97662274084342,1.386980974101641,0],[103.97666291130588,1.3868119076372736,0],[103.97657526927235,1.3864443832497206,0],[103.97649127860318,1.3863084013582168,0],[103.97638902974437,1.386245927061254,0],[103.9760202020756,1.385720376241542,0],[103.97589698917821,1.385591825122983,0],[103.97582608910386,1.3855177748813028,0],[103.97570471842727,1.385300983292025,0],[103.97562169132543,1.3853341096410154,0],[103.97554870474836,1.3854554431712187,0],[103.97553412063895,1.3856318768154687,0],[103.97567648213503,1.3859111404261792,0],[103.97590643512758,1.3861352209201956,0],[103.9761437038492,1.3865908581409818,0],[103.97608349561376,1.3867526158636543,0],[103.9759475489595,1.3868041491926055,0],[103.9756929773129,1.3867546689164842,0],[103.97491375408644,1.386714669014115,0],[103.97446630321117,1.3866743677137028,0],[103.97422847599704,1.3866768626331174,0],[103.97423161777694,1.3865006711376446,0],[103.97438112976612,1.3863501764413475,0],[103.97458556257813,1.3861544260057126,0],[103.9746398893977,1.3860777925856398,0],[103.97472584030294,1.3859655833051985,0],[103.97484632709605,1.3857493740037057,0],[103.97519927867606,1.3851295233652001,0],[103.97527119020751,1.384986991678687,0],[103.97549888787087,1.3845512457837317,0],[103.97559657127066,1.3843924267956005,0],[103.97574879200519,1.3841626248030032,0],[103.97580315363014,1.3840531946962946,0],[103.97587926414496,1.3839109358603727,0],[103.97592275523388,1.3838233937629385,0],[103.97612395676266,1.383437609968255,0],[103.97638907462878,1.3830374447493614,0],[103.97822432631483,1.3797610162554201,0],[103.97807838067001,1.37969144001844,0],[103.97737444360472,1.3809309753301569,0],[103.97593580088916,1.3834651790544,0],[103.97536457260566,1.3844731803664456,0],[103.9747651357374,1.385509576606576,0],[103.97450155359503,1.3859196136081675,0],[103.97436804359232,1.386072697441296,0],[103.97430303083928,1.3861326948636015,0],[103.97394047003044,1.3864867324499102,0],[103.97385904662994,1.3866081912451254,0],[103.97375749498744,1.3866961545969754,0],[103.97377796976929,1.3867550209730204,0],[103.97384523932529,1.386855089973418,0],[103.97384232039943,1.386940447396298,0],[103.97380430780534,1.3870434663809372,0],[103.97372827462833,1.3871141096876214,0],[103.9737224296568,1.387164145641138,0],[103.97374055900765,1.3872203524300137,0],[103.9735677294191,1.3872876951646453,0],[103.9733722093027,1.3873139441509605,0],[103.97315801317873,1.3873702136059343,0],[103.97295330206401,1.3874055456071814,0],[103.97281292413277,1.3873908372648474,0],[103.97262481119874,1.3872985746072986,0],[103.97246489993925,1.387220145186554,0],[103.97215196767793,1.3870317906092793,0],[103.97204668071099,1.3869523269597925,0],[103.97183903426573,1.3868228328214112,0],[103.97178116942091,1.3868955468927509,0],[103.97131723513938,1.3865617779348078,0],[103.97073292968993,1.386069858442009,0],[103.97031912112767,1.3857566361356777,0],[103.96997600826239,1.3853860875887123,0],[103.96974168602358,1.3851137897602162,0],[103.96973495730523,1.385110295696725,0],[103.96938629208081,1.384593352020565,0],[103.96866782922406,1.384094275306958,0],[103.96865656213105,1.3840804717778012,0],[103.96824930037403,1.3838166051072238,0],[103.9681219106506,1.3837544519999756,0],[103.96728227080243,1.3831995075533687,0],[103.96736223433889,1.3829669699130367,0],[103.96758162932481,1.3823493444183628,0],[103.96763757709608,1.382204469726366,0],[103.96765641020188,1.3821551501939366,0],[103.96767397871132,1.3820844253964457,0],[103.96767749424669,1.3820101608227129,0],[103.96765372692612,1.3819607587046137,0],[103.96757496889137,1.3819294740788637,0],[103.96755142760951,1.3818248389600571,0],[103.96754076723892,1.3817820108046737,0],[103.96754077072721,1.3816520296101287,0],[103.96755691704058,1.381489557399328,0],[103.9675581608171,1.3813641730045847,0],[103.96752465269866,1.381229587799849,0],[103.96746567776799,1.3811041670333122,0],[103.96737549042629,1.3810497105865025,0],[103.96720413687095,1.3809952623546378,0],[103.96701474513326,1.380936276138909,0],[103.9668794689577,1.38094082187763,0],[103.9669245877101,1.3814173392781512,0],[103.96693812295123,1.3815307952127616,0],[103.96691139631803,1.3817006430919403,0],[103.96686334031892,1.3817587474339006,0],[103.96679842785024,1.381798105309501,0],[103.96662032644174,1.381816603238637,0],[103.966549778033,1.3818866446111602,0],[103.96651874722636,1.3818148445618579,0],[103.96650460033001,1.3818027965484825,0],[103.96649465599013,1.3817895491142942,0],[103.96648662378605,1.381775828591026,0],[103.96647776626362,1.3817544029522155,0],[103.96647348632774,1.3817376236658414,0],[103.966471159765,1.3817186303917395,0],[103.9664711068358,1.3817040448485525,0],[103.96647467993687,1.3816785425503137,0],[103.96660448976937,1.3811996277545322,0],[103.96661783959594,1.3811143131320467,0],[103.96669110306988,1.3808436787461906,0],[103.96671004011675,1.3807566328596583,0],[103.96688395332188,1.380112180288033,0],[103.96689637422921,1.3800468521116582,0],[103.9669112701946,1.379972445812264,0],[103.96692302022336,1.3798973849326825,0],[103.96692770282661,1.3798516872694089,0],[103.9669268927822,1.3798278483397417,0],[103.9669259536482,1.3795839483620198,0],[103.96691550184052,1.3794295789249305,0],[103.96689599366648,1.379297297225813,0],[103.96684519978983,1.3790656595889663,0],[103.9668008246729,1.3789192359778482,0],[103.96668147513759,1.378669898415424,0],[103.96660023401957,1.378485012561102,0],[103.96654077699645,1.3783490451174523,0],[103.96624561270109,1.3776707017511978,0],[103.96587684387215,1.3767790379683298,0],[103.96552434517953,1.375925900809843,0],[103.96488858277752,1.374405192035028,0],[103.96450233458962,1.3734862225819182,0],[103.96428817121311,1.3729881163950854,0],[103.96427706157792,1.372993155207478,0],[103.96421503762015,1.372840399240546,0],[103.96411407544701,1.3714865388600028,0],[103.96400478537625,1.3716050090419472,0],[103.96408892799849,1.3728911770603203,0],[103.9641695881659,1.3730419170866057,0],[103.96449607832857,1.3738080871276148,0],[103.96474721619988,1.3744051980577128,0],[103.96539183611472,1.3759820527853075,0],[103.96565740983395,1.376624811326768,0],[103.96607409232232,1.3776332825515658,0],[103.96633174294837,1.3782293573581221,0],[103.96653749077943,1.378702209423415,0],[103.9666666260152,1.3789725674274622,0],[103.96673392785843,1.379210145795914,0],[103.96675254462801,1.3793099519172765,0],[103.9667540956214,1.3794400786331156,0],[103.96676365165217,1.3795802776782533,0],[103.96676742256257,1.3798312432761457,0],[103.96675630572007,1.3799170117627504,0],[103.96673473076702,1.3800254803193495,0],[103.96671418858021,1.380123362358973,0],[103.96665224837749,1.3803518835969526,0],[103.96658369603308,1.3806047904170544,0],[103.96655359017161,1.3807158676331401,0],[103.96652597727503,1.3808005572414044,0],[103.96645318541782,1.3810691188002118,0],[103.96642163832271,1.3811494387535312,0],[103.96629182665718,1.3816283526384951,0],[103.96628612966119,1.3816436647080756,0],[103.9662745689052,1.3816647921538838,0],[103.96625924662004,1.3816840296953716,0],[103.9662510511842,1.3816919948707023,0],[103.9662277027232,1.3817089466373573,0],[103.96621129075089,1.3817170841038022,0],[103.96618545004809,1.3817250348978514,0],[103.9661221283108,1.3817692617500166,0],[103.96594088079523,1.3815735391129391,0],[103.96580701092923,1.381531000023871,0],[103.96554633326465,1.3817579280477656,0],[103.96521519558291,1.3818997676801905,0],[103.96481359625794,1.3819919743940496,0],[103.96479951287937,1.3821054327925082,0],[103.964545871298,1.38217635791623,0],[103.96432040616952,1.3820983674249077,0],[103.96391879577887,1.3819565703694388,0],[103.9634326357926,1.3818431386895875,0],[103.96280557170236,1.3818148087584554,0],[103.9625589738763,1.3818006400669356,0],[103.9625026037396,1.3817510063454588,0],[103.96252373792886,1.3816800941736394,0],[103.96219963185519,1.3815808355589727,0],[103.96174166170506,1.3815454068095556,0],[103.96079049439817,1.381502910828475,0],[103.9605791206937,1.3814391041184377,0],[103.96060082322991,1.381375567904036,0],[103.96056036337008,1.381294140429152,0],[103.96045518014273,1.3812615718798018,0],[103.96008591324266,1.3812547637944774,0],[103.95977590358311,1.3812476893100807,0],[103.95843723319082,1.3813753986410684,0],[103.95821453832627,1.3813440977969547,0],[103.9579927117059,1.3813859724361641,0],[103.9577570222611,1.381434821321512,0],[103.95758079357735,1.3815091818230303,0],[103.95715493339036,1.3816023806175501,0],[103.95661946315737,1.3816024086381367,0],[103.95622490164176,1.3815315181746703,0],[103.95607945279315,1.3815395619019009,0],[103.95592695044152,1.3815884071877333,0],[103.95567739415499,1.3816023726307909,0],[103.95542170026557,1.3816095610752899,0],[103.9551398748068,1.381666303555355,0],[103.95495669430271,1.381786861759975,0],[103.95490101202661,1.38190241497973,0],[103.95482476374353,1.3819931173852775,0],[103.9546861232611,1.3820349856324556,0],[103.9545336139025,1.3820001086025044,0],[103.95442269470131,1.3818884870646084,0],[103.95437416483348,1.3818047673215568,0],[103.9543741596973,1.381721046898553,0],[103.95433949590381,1.381623372135052,0],[103.95427017037639,1.3815396552632966,0],[103.95417696381888,1.3814802886585007,0],[103.954009413846,1.3807972460349385,0],[103.9540015891853,1.380799393390452,0],[103.95383694074776,1.3808467840428176,0],[103.95385587388586,1.3809224311655532,0],[103.95383814235552,1.3809759784511193,0],[103.95388071619126,1.3811794532495554,0],[103.95393747670114,1.3813829264173647,0],[103.9539800521798,1.381654225662367,0],[103.95398898836244,1.3817942530282705,0],[103.9538334657426,1.3819303774284206,0],[103.95367403027069,1.3819862000830785,0],[103.95350384396596,1.3820718518532125,0],[103.95342075070755,1.3820634916363328,0],[103.95337143483674,1.3821273140808572,0],[103.95325870632922,1.3821485940278684,0],[103.95307551162144,1.3820422376725705,0],[103.9527655058849,1.3820989804035357,0],[103.9522089065898,1.3822833772141887,0],[103.95181435521906,1.3824181271346005,0],[103.95149730227597,1.3824465083547308,0],[103.95122252214807,1.3824819758127405,0],[103.95094774305629,1.3825387183618942,0],[103.95053381301395,1.3827119424240568,0],[103.95032773469993,1.382758573433177,0],[103.95020796838746,1.3829429462847476,0],[103.95015949180566,1.382991032725129,0],[103.95003159455182,1.382941865260559,0],[103.94989606733117,1.382907325321558,0],[103.94985447178469,1.3828584900032967,0],[103.94984155602585,1.382828498369663,0],[103.94976434366346,1.3826491906488894,0],[103.94968114941007,1.3824677977597954,0],[103.94960488574553,1.3822654739634397,0],[103.94955635658862,1.382174779665327,0],[103.94948948738389,1.3820804850977122,0],[103.94930880335568,1.3821762062656604,0],[103.94935767480082,1.38228419376925,0],[103.94939171799669,1.3823922037053995,0],[103.94941789732668,1.3824908493557133,0],[103.94943499332322,1.38257802542511,0],[103.94943105336652,1.3827134131805108,0],[103.94936589667007,1.3828748993225377,0],[103.94928982502289,1.3830184705822683,0],[103.94911865281108,1.3831429047778678,0],[103.94904257007217,1.3830950532746549,0],[103.9487572790016,1.3832194930418609,0],[103.94825326673947,1.3835066527034912,0],[103.94792993856771,1.383698093012823,0],[103.94768268532631,1.3838129590395545,0],[103.947425923351,1.3839278264068449,0],[103.94715965175557,1.38406183413291,0],[103.94703747916998,1.3843116773743822,0],[103.9469515988894,1.3843500970222304,0],[103.94688065881158,1.3843237599826517,0],[103.9468743636435,1.3842532733768245,0],[103.94676024474683,1.3842532779679908,0],[103.94637034683383,1.3844542912471987,0],[103.94568564960531,1.3848371713582477,0],[103.94544790978196,1.3850190364049806,0],[103.94516261916388,1.3851626166007251,0],[103.9449438989408,1.38535405156639,0],[103.9447061612414,1.3855837708851881,0],[103.94447793311784,1.385794347998545,0],[103.94430676578548,1.3860336359109773,0],[103.94435431788641,1.3861006315522117,0],[103.944430661041,1.3861058415991243,0],[103.94443066467628,1.3861838428605544,0],[103.94416997869719,1.3862902208393055,0],[103.94412770326626,1.3862476770981607,0],[103.94404049821564,1.3862442147810616,0],[103.94368864086975,1.3864835120533014,0],[103.94304198375073,1.3868855296140097,0],[103.94249993406584,1.3872684031352411,0],[103.94193886320816,1.387612991235821,0],[103.94140632195536,1.3879575797113601,0],[103.94127318577983,1.388005441077451,0],[103.94065506319913,1.3885318861650733,0],[103.94053144001505,1.3886754593643533,0],[103.94032930825581,1.388739477552837,0],[103.93987526562748,1.3889530516548005,0],[103.93958997032021,1.389010493411906,0],[103.93932370108058,1.3892210708974848,0],[103.93854390561555,1.389680523977801,0],[103.93788773116302,1.3899485466888437,0],[103.93752343884618,1.3905531437760468,0],[103.9372401454308,1.3911477295529484,0],[103.93673087517047,1.3923028998895022,0],[103.93663575922174,1.3923294959641281,0],[103.93640534389007,1.3927149174350602,0],[103.93635338519434,1.392688486105245,0],[103.93611778236992,1.3925571251197195,0],[103.93585275381395,1.3924039874390706,0],[103.93560441719983,1.3922493730772956,0],[103.93528390921067,1.3920232927583012,0],[103.93494054222926,1.3917517962873254,0],[103.93472548933138,1.3915620268967708,0],[103.9343116463579,1.3911677977841368,0],[103.9326137885844,1.3895512232662723,0],[103.93090777727431,1.387925825610415,0],[103.93150493074288,1.3874562392911807,0],[103.93159190915314,1.387388047605847,0],[103.93172974589224,1.3872728251149382,0],[103.93185931718357,1.3871494646021807,0],[103.9318841149707,1.387122875296488,0],[103.93198079826445,1.3870183269023078,0],[103.93208215061411,1.3868937023586865,0],[103.93219770167633,1.3867338052565383,0],[103.93229204576352,1.3865815065936435,0],[103.93232726719512,1.3865160310536828,0],[103.93244928286941,1.3862552058762423,0],[103.93252511793918,1.3861428808211287,0],[103.93264533992638,1.3859876870948107,0],[103.93277419134303,1.385864326569163,0],[103.93283331594057,1.3858250747253638,0],[103.93294509557128,1.3857509122489018,0],[103.93382100375003,1.3851699123785188,0],[103.93440667786064,1.3848137492616892,0],[103.93489351295617,1.3845176399597765,0],[103.93535680588987,1.3842358223247517,0],[103.93593277704672,1.3838872541178462,0],[103.936126269773,1.3838258810601791,0],[103.93621408989647,1.383758122374453,0],[103.93619695610681,1.3837215488851826,0],[103.9361494145956,1.3837064318231551,0],[103.93606927968455,1.383704747775811,0],[103.93586843482498,1.3837868726551166,0],[103.9346167549677,1.3845446018831291,0],[103.9345303134226,1.3845968795735495,0],[103.93351171526284,1.3852135158413905,0],[103.93334709966489,1.385313545362234,0],[103.93306531398532,1.3854899080577852,0],[103.93286799194318,1.3856096540418459,0],[103.93278371012173,1.3856745908524326,0],[103.93267929906733,1.385755083550027,0],[103.9325984296593,1.385832862162392,0],[103.9325396652022,1.3858892959742632,0],[103.93243094416144,1.3860249576877495,0],[103.93232437790925,1.3861826812369562,0],[103.93219894733784,1.3864362698411092,0],[103.93212131710882,1.386575544974278,0],[103.93206237256418,1.3866670689649325,0],[103.93195185512755,1.3868224449402193,0],[103.9318787162384,1.386925181812223,0],[103.93171068877697,1.3870957516732352,0],[103.9313128130245,1.3874235111796693,0],[103.93080332993345,1.3878263156667134,0],[103.93076288166236,1.3877877770170508,0],[103.93052191296852,1.3879780658387946,0],[103.93193171459957,1.3893207064232702,0],[103.93311309225207,1.3904457669858405,0],[103.93393301457013,1.3912266039662091,0],[103.93456104204895,1.3918246916803765,0],[103.93487617918788,1.3920936246600901,0],[103.93520441234324,1.392343462308553,0],[103.93554096728624,1.3925722993368324,0],[103.93589802784332,1.3927806190424101,0],[103.93622008226606,1.3929611518757883,0],[103.93625443872294,1.3929874193878267,0],[103.9354153452584,1.3946385392677763,0],[103.9352156543534,1.3950596789158998,0],[103.93497792295591,1.3954808220138046,0],[103.93475147726728,1.3958935766388012,0],[103.9342647225614,1.396610252678368,0],[103.93423619880039,1.396753822389234,0],[103.93362758927081,1.397471688294348,0],[103.93319014676048,1.3978832680399753,0],[103.9329428946739,1.3980364179599658,0],[103.93245790238404,1.3984192860965146,0],[103.93173274685046,1.3989190097606248,0],[103.9316020283259,1.3990414497075565,0],[103.93129771855483,1.399252028905454,0],[103.9311018806184,1.3993488057481127,0],[103.93091578982917,1.399430244175252,0],[103.93029869276633,1.3995444620032358,0],[103.92975533259141,1.399491391214463,0],[103.92975446186368,1.3994913062403904,0],[103.92966410207055,1.3994824815870137,0],[103.92887838762425,1.3992071300277265,0],[103.92867807896454,1.3991659842943476,0],[103.92846853585854,1.3990865807557864,0],[103.92785140502329,1.3988527267750506,0],[103.9275359389648,1.3987235838656822,0],[103.92721981966005,1.3985941714373016,0],[103.92616155121817,1.3982052337571804,0],[103.92616067329298,1.3982049109345567,0],[103.9259029164426,1.398110180120097,0],[103.92482781176845,1.397583391337288,0],[103.9248267765851,1.397582884934634,0],[103.92482171233178,1.3975865441854944,0],[103.92465824788599,1.3974876377012821,0],[103.92405284815726,1.3971213409610774,0],[103.92314699702312,1.396402868649858,0],[103.9225563839304,1.395917894075111,0],[103.92171258116021,1.396947975702303,0],[103.92171132680048,1.3969495077406862,0],[103.92179358589011,1.3970330171225058,0],[103.92191111377657,1.3971523270853967,0],[103.92237939163374,1.3975154245745502,0],[103.92305545278883,1.3980456366368832,0],[103.92348921314178,1.3983197992489214,0],[103.92365646627728,1.3984255128069067,0],[103.92376887057178,1.3984965570128025,0],[103.92393078007557,1.398584046034734,0],[103.92413609909916,1.3986949898160976,0],[103.9244865616273,1.3988843633049117,0],[103.92472876100028,1.3990152350337455,0],[103.92525572107527,1.3992999782981494,0],[103.92545338168958,1.3993897321298299,0],[103.92545546823008,1.399390679819668,0],[103.9254753092352,1.3993996882985635,0],[103.92551271016892,1.3994514426033737,0],[103.92548464085343,1.3995112573699877,0],[103.92555433059147,1.3995659070714663,0],[103.92563267297888,1.3996490501892216,0],[103.92563477667836,1.3996521891494706,0],[103.92573244802715,1.3997478560192882,0],[103.92580725411253,1.3999125302965014,0],[103.9258306362398,1.4000772066124092,0],[103.92582596684957,1.4002512948415256,0],[103.92577454932807,1.4004159759347785,0],[103.92570910311191,1.4005336053921802,0],[103.92563898173583,1.4006324152420055,0],[103.92554081025476,1.4007312262007845,0],[103.92540056486082,1.4008159217152052,0],[103.92519486555842,1.4008912126221258,0],[103.92501254390626,1.400971205278369,0],[103.92481620009544,1.4011029551601957,0],[103.92461050510546,1.4012676422899757,0],[103.92469780623536,1.402297649409171,0],[103.92469781329739,1.402479769101609,0],[103.92465454916393,1.4026618923019936,0],[103.92456801082228,1.402836098598571,0],[103.92448146942468,1.4029548755872203,0],[103.92436345892037,1.403053859110583,0],[103.92421004187527,1.4031370086186463,0],[103.92142644943871,1.4046541882267558,0],[103.92121540611149,1.4048102485712954,0],[103.91919974207576,1.4066396196976325,0],[103.91720130625087,1.4084473137450078,0],[103.9171496230768,1.4085166730244276,0],[103.91576281728032,1.411009245004742,0],[103.91480238806159,1.412738871562305,0],[103.91419960171535,1.4159121606696607,0],[103.91412201484205,1.416348067274759,0],[103.91401056833729,1.4169415431378563,0],[103.913986284071,1.4173328265980443,0],[103.91398630125572,1.4178294711143613,0],[103.91401688427443,1.418310627339927,0],[103.91393435010677,1.4186548090914683,0],[103.91369851278094,1.4189871291531895,0],[103.91359865313304,1.419365082224096,0],[103.91334934316423,1.419828341828915,0],[103.91306167197685,1.4201757918230624,0],[103.91298496777065,1.4205232317643222,0],[103.91297069301613,1.4206348116640957,0],[103.91292475412338,1.4207561896261283,0],[103.91283287434823,1.4209411440900515,0],[103.91274099357217,1.4210972014393457,0],[103.91260188894574,1.421218397222412,0],[103.91115142742142,1.4216338361783554,0],[103.9106207669739,1.4216219861566022,0],[103.90822688236209,1.4212660177791592,0],[103.90782593514722,1.4211710853601702,0],[103.90756079609348,1.4209596502323991,0],[103.90740030815354,1.4207921583198,0],[103.90721009906532,1.4205289567910937,0],[103.90705555425735,1.4203554832018477,0],[103.90693667493261,1.4202537931874413,0],[103.9067940217025,1.4201820148335325,0],[103.90659787595891,1.4201820210980858,0],[103.90642550676645,1.4202358651369849,0],[103.90622219219655,1.4203544544087163,0],[103.90603345544508,1.4203878377220263,0],[103.9057132116866,1.4204108693057147,0],[103.90555771710255,1.4203794602417046,0],[103.9048070380496,1.4203878762161133,0],[103.90421741098481,1.420269211289451,0],[103.90378108537361,1.420162410374631,0],[103.90309711276389,1.41983012117329,0],[103.90164661211536,1.4189519140844964,0],[103.90078478328284,1.4183337620110579,0],[103.90016735559195,1.417843005587696,0],[103.9001049482746,1.4178609526806096,0],[103.89993851900634,1.4177353369199928,0],[103.89958782408867,1.4173764269510833,0],[103.89929062467557,1.4170414448439355,0],[103.89902314396862,1.4166615945723549,0],[103.89875268830724,1.4161920152272718,0],[103.89847434594324,1.4156288959567778,0],[103.89799939029737,1.4146472138639694,0],[103.89798910611749,1.4146200090936383,0],[103.89776920618498,1.4140487605607897,0],[103.89708266707235,1.4124950996087777,0],[103.89685199739509,1.411966642114714,0],[103.89661478030479,1.4114223774016372,0],[103.89641249760206,1.4110438236394496,0],[103.8963512334079,1.4108939469692126,0],[103.89598876481381,1.4103589408411221,0],[103.89577934083526,1.4100995443226194,0],[103.89582766399647,1.4099293110704527,0],[103.89585061819187,1.409889704757938,0],[103.89582941571656,1.4097749940634194,0],[103.89588308465723,1.4097771540419073,0],[103.89588093600146,1.4097382646634187,0],[103.89594042043144,1.4097347577421042,0],[103.8958723477406,1.4096864123133876,0],[103.89584014669748,1.4096432026982517,0],[103.89581223723918,1.4095978306337371,0],[103.8958057947435,1.4095438186055078,0],[103.89581008894254,1.4095049290528705,0],[103.89580985427482,1.4094323493711567,0],[103.89568267044649,1.409434830756614,0],[103.8954007590611,1.4093943065726176,0],[103.89511884973889,1.4093294640204694,0],[103.8948610985779,1.4090133244120404,0],[103.89484498535045,1.4088836237454787,0],[103.8947402754456,1.4087944580959004,0],[103.8946275107462,1.4087782476553377,0],[103.89428921272332,1.4084053658200504,0],[103.89418755992085,1.4083884234345387,0],[103.89413481022878,1.4083155665848512,0],[103.89395129133055,1.4081374353019642,0],[103.89350436267942,1.4076209486836093,0],[103.89349236136029,1.407627605110503,0],[103.89245552273765,1.4065165850382695,0],[103.89159339561087,1.4057260791722408,0],[103.8907983315709,1.405244071412258,0],[103.88893041655868,1.4043957460764445,0],[103.88856641043246,1.4041258194086208,0],[103.88810661165056,1.4036920043573948,0],[103.8877042823551,1.403161781797028,0],[103.88744564170113,1.4026990412415858,0],[103.88737858083302,1.4024001849864796,0],[103.88735369336449,1.4014054163119887,0],[103.88618450774875,1.4014716796502817,0],[103.88619078029544,1.4018121380587043,0],[103.88620994887934,1.4022941661633745,0],[103.88627701386682,1.4028629587282027,0],[103.88647818432061,1.4033546222849664,0],[103.8867751406085,1.4039041294289927,0],[103.8871295742403,1.4044247100305485,0],[103.88770432489754,1.4050031312304787,0],[103.88825033508552,1.4054080218589315,0],[103.88897834319555,1.4057550648981905,0],[103.88978298428978,1.4060924653204332,0],[103.89031941157083,1.4063816685764836,0],[103.8906642620872,1.40671908083223,0],[103.89093247465276,1.406815479339645,0],[103.89111448221753,1.4070468489882537,0],[103.89121985682647,1.4073167825967032,0],[103.89236442721898,1.408490169910001,0],[103.89327373060294,1.4094624051332336,0],[103.89436672501144,1.4106294576165779,0],[103.89484230793104,1.411430571757563,0],[103.89495084597631,1.4118284616491612,0],[103.8949973686216,1.4123121718526939,0],[103.89488088259708,1.4125308952562796,0],[103.894842343,1.4127646823699573,0],[103.89474804143961,1.4129569679202385,0],[103.89449351285316,1.4130767648489977,0],[103.89436948384933,1.413185991721403,0],[103.89426095622824,1.4132562129833337,0],[103.89410591936719,1.4133186308089303,0],[103.89388886838019,1.4134512668388237,0],[103.89371057499595,1.4135761007964407,0],[103.89361755616095,1.4137555452145432,0],[103.8935865516673,1.4139427890495762,0],[103.89316794831237,1.413997412643954,0],[103.89312596138691,1.413944038201565,0],[103.89312485878538,1.4139426382755185,0],[103.89302065530372,1.4138101734322792,0],[103.89295088585612,1.4137555616312623,0],[103.89289631683296,1.4137688146782579,0],[103.89285460380684,1.413778946434111,0],[103.89257832191912,1.4138583982571784,0],[103.89246711176186,1.4139575121107981,0],[103.89241130180652,1.4140072499136593,0],[103.8923694963936,1.4140598487628995,0],[103.8919504568425,1.4140299521483126,0],[103.89054477313846,1.4144183437288085,0],[103.8895800860394,1.4145570669746699,0],[103.88785743380153,1.4150148157725868,0],[103.88636218160143,1.4159371983710438,0],[103.88606818504289,1.416122135707697,0],[103.88554931555582,1.4164079743410998,0],[103.88520447673935,1.4165911519278038,0],[103.88467763498936,1.4167646948234591,0],[103.8840358454392,1.4168803952329583,0],[103.88349942257591,1.4169189690464288,0],[103.88295341861428,1.4168996998472756,0],[103.8821679385699,1.4167647503235103,0],[103.88173367634548,1.4165101766169796,0],[103.88173185399907,1.4165096702116615,0],[103.88146599386626,1.416317362862433,0],[103.8812998322411,1.4161334187702908,0],[103.88122505527686,1.4158658643509474,0],[103.88120843717634,1.4156651864099383,0],[103.88133557768893,1.4152854686132732,0],[103.88118349626728,1.4150213695628298,0],[103.88062687797546,1.4151468081447591,0],[103.88056041387655,1.4153642013407757,0],[103.8802965302124,1.4154969971577436,0],[103.87982870802774,1.415876200889326,0],[103.87909529781125,1.4162802472645433,0],[103.87869385096069,1.4165055792158914,0],[103.87859968971593,1.416642935818749,0],[103.87855256313749,1.4166820459504095,0],[103.87867674575168,1.4168449573833983,0],[103.87846869868112,1.416999175368238,0],[103.87842261615693,1.4170333358947416,0],[103.878268209241,1.4168546321357984,0],[103.87814624140738,1.417098746678763,0],[103.87732292597373,1.4175088046568047,0],[103.87690107899795,1.4177829641933348,0],[103.8754668533186,1.418991982236853,0],[103.87521209198158,1.4192561623705193,0],[103.87465612784939,1.419862969705217,0],[103.87469179339283,1.4199945738725674,0],[103.8747393452656,1.4201142130936175,0],[103.87476312269519,1.4202577803960892,0],[103.87470368673773,1.4203774224491446,0],[103.87466802586391,1.4205090269953966,0],[103.87465614272476,1.4207004502474891,0],[103.87473346719206,1.4208489833503408,0],[103.87460994996943,1.4212141667142604,0],[103.87438607279914,1.4216803602456214,0],[103.87418535265768,1.4219678483726816,0],[103.87400779109434,1.4221620961796577,0],[103.87389970784135,1.4222164874282477,0],[103.87377301840047,1.4222205638236214,0],[103.8736100583407,1.4221768280469407,0],[103.8733152473113,1.4222916873895501,0],[103.87322014676309,1.4224448267528431,0],[103.87318173608159,1.422628299293798,0],[103.873104536,1.4228147768032628,0],[103.87300534944472,1.4228579040071152,0],[103.87300039605587,1.4228894808543744,0],[103.87294224128858,1.4230065336483027,0],[103.87289094694546,1.4230527800740782,0],[103.87289673043476,1.4230622739839764,0],[103.87273225720365,1.4232362239318457,0],[103.87265906056041,1.4234388171184806,0],[103.87290043359025,1.4238041198099376,0],[103.87174736182475,1.424603938759922,0],[103.87148788873502,1.4241939480222094,0],[103.87127116882668,1.4242201022017753,0],[103.87105243673354,1.4242871028835808,0],[103.86992073781548,1.4246221138267352,0],[103.87027262171843,1.4251963809181243,0],[103.87043856237418,1.4253967797967548,0],[103.87016065114452,1.4254906518083548,0],[103.86954033384491,1.4245742636602472,0],[103.8693406231875,1.4246508365693016,0],[103.86922336737713,1.424678792291651,0],[103.86910287038225,1.4246508402956155,0],[103.8690503490191,1.4247340742273442,0],[103.8689029247548,1.4248174778459106,0],[103.86879429008732,1.42485028080201,0],[103.86858953535273,1.4247340533339823,0],[103.86853355557045,1.4245988138400583,0],[103.8683923276169,1.4245988160066527,0],[103.86815332740609,1.4245878858962642,0],[103.86797950878218,1.4246097560469257,0],[103.86777309939481,1.4247081611660082,0],[103.86757755331007,1.4247628310758427,0],[103.86734263032567,1.4246521097117315,0],[103.8673307151647,1.4247240628736266,0],[103.8673155123494,1.4248158867635035,0],[103.8672884040528,1.4248431808622277,0],[103.86728840125777,1.4248977718727862,0],[103.86720707636228,1.4249796577845755,0],[103.86709864875812,1.424979652151457,0],[103.866990225753,1.4249250545981267,0],[103.86690890785556,1.4248704602596358,0],[103.86682759316204,1.4247885686039385,0],[103.86670845621414,1.4247300417332007,0],[103.86652942469681,1.424679371932747,0],[103.86638254102988,1.424555112674653,0],[103.86614353501012,1.4242599100897755,0],[103.86588280415059,1.4240521778457405,0],[103.86557861976839,1.4240084489266907,0],[103.86525270942289,1.4240412529545805,0],[103.86514407204082,1.4241396573786094,0],[103.8648942064216,1.424150593688057,0],[103.86443851580383,1.4240899406283007,0],[103.8642892897704,1.424041485936448,0],[103.86395433082134,1.4238876717317457,0],[103.86379169560036,1.4238057756236158,0],[103.86368327416527,1.4237238842123496,0],[103.86357485273778,1.4236419900826598,0],[103.86352064329157,1.4235601006602858,0],[103.86352065031392,1.423478212331691,0],[103.86360197529105,1.4233963292610345,0],[103.86371039868916,1.423423629663614,0],[103.86387303999169,1.4234236356413508,0],[103.8639272551966,1.4233963439335604,0],[103.86395436782851,1.4232871597366588,0],[103.86395437267858,1.4231779759016618,0],[103.8639001688018,1.4230414936659725,0],[103.86384596115593,1.4229596033464238,0],[103.86373753975914,1.4228777101275998,0],[103.86362911981105,1.422768521396643,0],[103.86354779918257,1.4227685179478957,0],[103.86341226480162,1.4227685106862866,0],[103.86331806413139,1.4227957956702164,0],[103.86320503079959,1.4228228909793905,0],[103.86311353038619,1.4228499869077957,0],[103.8630327923183,1.422871661936857,0],[103.86286055203234,1.4229204346902646,0],[103.86273458307895,1.422986849166077,0],[103.86254763263864,1.4230900738267316,0],[103.86235208944683,1.423232214258053,0],[103.86215654236499,1.423352482635583,0],[103.86174372157501,1.4234836901715147,0],[103.86136349558099,1.4236367638468161,0],[103.85837723034791,1.4250226038851268,0],[103.858296497724,1.4250605410185202,0],[103.85824805896209,1.4251255797714175,0],[103.85821038656894,1.4252231357101517,0],[103.85816195078723,1.4253152710085661,0],[103.8578924266665,1.4254257962134045,0],[103.85776462470201,1.4251888696462303,0],[103.8573740269002,1.4253695303947551,0],[103.85747211705,1.4255338043292152,0],[103.85740951822928,1.4255968056824044,0],[103.85768675015868,1.4261368173485787,0],[103.85765274092124,1.426199765950603,0],[103.85763631432296,1.4263385027622828,0],[103.85766918566881,1.4264202749846482,0],[103.8577312679563,1.426456107024372,0],[103.85786273662573,1.42647448409847,0],[103.85791112981676,1.426599440424671,0],[103.857865612997,1.4268118316477896,0],[103.8578387857787,1.426919834673525,0],[103.85795504402573,1.427108838215544,0],[103.8579729315772,1.4273788430579974,0],[103.85810707527767,1.4274688447932737,0],[103.85816624494987,1.4277267695983558,0],[103.85820242815137,1.4279390342299854,0],[103.85832439003605,1.4280623700274013,0],[103.85853931367171,1.4279886511680902,0],[103.85882720075566,1.427956470711375,0],[103.85891119761328,1.4280410006518638,0],[103.85908344972454,1.4281246342758167,0],[103.85926970107941,1.4282936921178928,0],[103.85972620475434,1.4287494120537538,0],[103.85990514805958,1.4287714656010038,0],[103.85996723276001,1.4288523177083967,0],[103.85996840422666,1.429138462901079,0],[103.85999540884839,1.4296154439118793,0],[103.85991411613672,1.4301886450585728,0],[103.85996833734414,1.4303524201741271,0],[103.86006626041139,1.4304869784018435,0],[103.86017370483586,1.4306086267208686,0],[103.86028115059571,1.430689725174196,0],[103.8604423148085,1.4306626900236532,0],[103.86061691003317,1.4306897211813367,0],[103.86073778529138,1.4307708194519764,0],[103.8608317975883,1.4308924697089014,0],[103.8608720909124,1.431000602182493,0],[103.86110041240794,1.4312709318117711,0],[103.86120785790254,1.4314736797988432,0],[103.86134216189328,1.4316358775905316,0],[103.8616242031267,1.4316764239657507,0],[103.8618122285922,1.4317575222465861,0],[103.86200025597671,1.4319197202300744,0],[103.86205398222576,1.432298184905489,0],[103.86214799909338,1.4324874172977726,0],[103.8622017212157,1.4326766483880469,0],[103.86228230711205,1.4329604981853974,0],[103.86224648118225,1.4333288712900198,0],[103.86236289725653,1.4333659957458456,0],[103.86251062999494,1.4333119273786297,0],[103.86255887462049,1.433523654574756,0],[103.86258027523262,1.4337820771240162,0],[103.86260167594129,1.434047676702484,0],[103.86259496880534,1.4341872237205444,0],[103.86253748604389,1.4343563504134844,0],[103.86253035642163,1.4344137766936138,0],[103.86258035791903,1.434491196816009,0],[103.86262307975893,1.4345573432334746,0],[103.86263021499691,1.434729625324253,0],[103.8626016871604,1.4349306196117195,0],[103.86252955744445,1.4351834788107183,0],[103.8624485914467,1.4354774016567775,0],[103.86222355201359,1.4358574624528948,0],[103.86187920211661,1.4360717349747127,0],[103.86170561973445,1.436453387657654,0],[103.86150362581205,1.436861092683748,0],[103.8613350267385,1.4370062207186898,0],[103.86132354811244,1.4370831478416481,0],[103.86118106781197,1.4373939694347786,0],[103.86087217228086,1.4377318886841977,0],[103.86054984341878,1.4379076086231968,0],[103.86034838876917,1.4381238778427805,0],[103.86007978102677,1.438259047218049,0],[103.8598783253262,1.4383131160616334,0],[103.85971716290119,1.4385429022778136,0],[103.85955599859219,1.4386104872433376,0],[103.85912623095119,1.4391376403229925,0],[103.85903221768783,1.439353908202539,0],[103.85901879284722,1.4397729235491352,0],[103.85837414309229,1.4407731632961138,0],[103.85767576677173,1.441543618202085,0],[103.85748774201996,1.4416787864076905,0],[103.85719227271862,1.4417193393997363,0],[103.85640604196325,1.441814467618208,0],[103.85607028035496,1.441760407253484,0],[103.85566736496969,1.4415441435495366,0],[103.85517964069737,1.4410221948207593,0],[103.8544977511781,1.44019094095657,0],[103.85421579435416,1.4399505582809042,0],[103.85406284339321,1.4398675608041829,0],[103.85402390867569,1.439833835629582,0],[103.85396453124699,1.4395414029383933,0],[103.8539763348766,1.43930377855889,0],[103.85403536029882,1.4391255586858145,0],[103.85414160930421,1.4390067469332657,0],[103.8540235528215,1.4389354597371442,0],[103.85385827938832,1.4392443728846387,0],[103.8537874446925,1.439232493803529,0],[103.8537874447443,1.439137444275288,0],[103.85381105510758,1.43900674994326,0],[103.8538346633529,1.438840411924673,0],[103.85375202618425,1.4387928856452037,0],[103.8536811923527,1.4386740764059673,0],[103.85365758036038,1.4385196194377292,0],[103.85368118861233,1.4383532823243015,0],[103.85359855182362,1.4384483325931916,0],[103.85349230281521,1.4385671452252538,0],[103.85332702585139,1.438579028218768,0],[103.85309091519294,1.438483979854658,0],[103.85291383315456,1.4383651697048763,0],[103.85287841678276,1.4384721019744453,0],[103.85339786121887,1.4388760586142935,0],[103.8535985571705,1.4390542761648621,0],[103.85357494679462,1.4391849695904402,0],[103.8534656475945,1.4391649063509495,0],[103.8534692229161,1.4391426671116385,0],[103.85287065867725,1.4387276851710027,0],[103.85235190640383,1.438446569028728,0],[103.85228539657699,1.438312702052409,0],[103.85235190328872,1.438178833962499,0],[103.85243179136556,1.4380900121142133,0],[103.85258400926348,1.4380024747513387,0],[103.85252481829905,1.4378441645771105,0],[103.85237850178635,1.4377504601643054,0],[103.85216567991884,1.4378441675865612,0],[103.85211247771352,1.4379646500740635,0],[103.85188635525795,1.4380048111095034,0],[103.85151391773134,1.438018201420864,0],[103.8511148779458,1.4380048172876916,0],[103.85071583725271,1.437870952845575,0],[103.8503700033877,1.4377370897423933,0],[103.85013818816459,1.437510942661409,0],[103.85015993672721,1.4374890568981644,0],[103.85036919836523,1.4373895319180083,0],[103.85038393434807,1.4373767558610449,0],[103.85040296178644,1.437331751866072,0],[103.85040497980259,1.4373006887657447,0],[103.85039680061948,1.43727891355752,0],[103.85034605106873,1.4372195551211047,0],[103.85028284887098,1.4371729519224805,0],[103.85022451732767,1.437161950772593,0],[103.85019140586353,1.4371622340845833,0],[103.85016291862469,1.437169375151947,0],[103.85005287177272,1.437253103767642,0],[103.84999144934146,1.4372812236005805,0],[103.84996182987786,1.4372895267811308,0],[103.84990367730283,1.4372992201768315,0],[103.84983119024773,1.4372984791266408,0],[103.84978201901582,1.4372908556973099,0],[103.84975390364647,1.4372775038748262,0],[103.8495928131113,1.4371340005982471,0],[103.84957116777241,1.4371399333792416,0],[103.84953019237042,1.4372217460322831,0],[103.84948476765432,1.4372520325928673,0],[103.84945516438006,1.437262638276757,0],[103.84942660609218,1.4372617341157006,0],[103.8494025578095,1.4372538952612812,0],[103.84937383494231,1.4372334478005524,0],[103.84932053138513,1.4371419229497866,0],[103.84923044544581,1.4371576513721167,0],[103.84914587492916,1.4371503329471416,0],[103.84907476338661,1.4371141552747302,0],[103.84895745155482,1.4369638381718932,0],[103.84896202817875,1.4367103920128523,0],[103.84890708387233,1.436627445957324,0],[103.84885727831399,1.4363631622749031,0],[103.84886453756403,1.4361552878894757,0],[103.8487937044059,1.4359533068705599,0],[103.8486166197706,1.435786970254343,0],[103.84842773226576,1.4356443967640022,0],[103.84817981628349,1.4355374682366546,0],[103.84783745600518,1.435406777224778,0],[103.84766037476798,1.4353354891622907,0],[103.84756592986811,1.4352166780634532,0],[103.84754231727884,1.43503845886388,0],[103.84751870483973,1.4348840027257639,0],[103.84745967993774,1.4349196476863075,0],[103.84744787467976,1.4351453923267958,0],[103.84748329210957,1.4353236096450739,0],[103.84757773708317,1.4354543031825233,0],[103.84787287429285,1.4355731130052916,0],[103.8482034290811,1.435739448681324,0],[103.84847495533214,1.435929547764418,0],[103.84858120727063,1.4360958848680263,0],[103.8486111508071,1.4363115347224316,0],[103.84859115122593,1.4365168525563814,0],[103.84855452187401,1.436668921564571,0],[103.84850873503457,1.4367011796211533,0],[103.8483988457179,1.436696571715333,0],[103.8482935326505,1.4366458828241446,0],[103.84826148270227,1.436687357156077,0],[103.848165328751,1.4367334387360886,0],[103.84806459867333,1.436705791183652,0],[103.84797302534835,1.4366873590341889,0],[103.84792265931424,1.4367288316707025,0],[103.84784939801206,1.436779520823429,0],[103.84779445435231,1.4367933461825066,0],[103.84772119328073,1.4367380484227563,0],[103.84766166980243,1.4366597128120062,0],[103.84743731060357,1.4364339162950268,0],[103.84737778731161,1.4363832270760917,0],[103.84732506642584,1.4363381303990452,0],[103.84465805455325,1.4338714804380879,0],[103.84453379390452,1.4340008828480184,0],[103.84721652782133,1.4364995898373776,0],[103.8475151518226,1.4367841333821183,0],[103.84745562759987,1.4368762947487503,0],[103.84740984214706,1.4369914983123502,0],[103.8473548986762,1.437037579602305,0],[103.84728163802653,1.4370514050620966,0],[103.8472404306575,1.4371251335686914,0],[103.84724501029316,1.4371896472322352,0],[103.847313690073,1.4372034709143522,0],[103.84746478897058,1.4371988631497932,0],[103.84802797216979,1.4373094542147193,0],[103.848371377317,1.437364748381429,0],[103.84852247571956,1.4374200446955647,0],[103.84877888544588,1.4375260298722228,0],[103.8492529591883,1.4377225267463996,0],[103.84923619903802,1.4377899996327086,0],[103.8493786641704,1.437773131341875,0],[103.8495965550698,1.4379249426155611,0],[103.84985125314346,1.4381654671591035,0],[103.8502502941351,1.4383394909280993,0],[103.85126715272936,1.4386371996487386,0],[103.85146286065603,1.4387356760652554,0],[103.85165856975989,1.4388669808670587,0],[103.85210694395737,1.4390396346990757,0],[103.85280717273416,1.4395644201918818,0],[103.85328392506695,1.439969255354407,0],[103.85359679486096,1.4403590957264083,0],[103.8541287167367,1.4410447468873675,0],[103.85464855272203,1.4417229306976693,0],[103.85502909813171,1.442105915143551,0],[103.85530136301988,1.4423452894367654,0],[103.85545525338898,1.442445164954528,0],[103.85558679295507,1.4426389923083638,0],[103.85580168237358,1.4428687754214757,0],[103.85597628035025,1.4430850377760707,0],[103.8561861560807,1.4433558880537019,0],[103.85631930899355,1.443395412820789,0],[103.85636238978597,1.4435925853606433,0],[103.8564099442344,1.443831865024503,0],[103.85640994722661,1.4441285722638004,0],[103.85630655618381,1.4446583323514637,0],[103.85605082905691,1.4453567831098433,0],[103.85585521224141,1.4460097012427562,0],[103.85579180605245,1.4462725271266454,0],[103.85569670675821,1.446588377970677,0],[103.85566063074941,1.4468715978827913,0],[103.85544029264628,1.4474661829576632,0],[103.85503400308842,1.4482083800372472,0],[103.85500709766421,1.4482575297454716,0],[103.85489687718695,1.4484523795607345,0],[103.8544918306194,1.448772270377125,0],[103.85383557318102,1.4490204184492324,0],[103.85315003489866,1.4491889844002048,0],[103.8527132296783,1.4492008697323053,0],[103.8524417045845,1.4492721594200824,0],[103.85219378772396,1.4492602799817849,0],[103.85193406577989,1.4491177074094321,0],[103.85163892376639,1.4488682031398465,0],[103.85153267455347,1.448808798163319,0],[103.85132017378469,1.4486187008276048,0],[103.85115489422587,1.4483929576054015,0],[103.85102503081973,1.4483454334159869,0],[103.85058822628372,1.4481909814437577,0],[103.85036392125919,1.4481909822463823,0],[103.84989169829326,1.4480127682508213,0],[103.84918336737799,1.4478464346448776,0],[103.84840140461203,1.4477170210500525,0],[103.84800009485136,1.4478077404155991,0],[103.84776453301804,1.4479373752309832,0],[103.84760072735425,1.4479657986150467,0],[103.84715450136044,1.4481192881868594,0],[103.84683254072196,1.448232983119977,0],[103.84671392344119,1.4481931918270305,0],[103.84660660379801,1.4482272996327357,0],[103.84648233757783,1.4482841468519831,0],[103.84634677536043,1.4482386708086237,0],[103.84634677474439,1.4481306626575232,0],[103.84639196120808,1.448034022095996,0],[103.84655011776441,1.4479146433626153,0],[103.84672521790941,1.4477270492713727,0],[103.84688550957175,1.4474682556092715,0],[103.84691812926249,1.4474025977070044,0],[103.8469398733909,1.4473697673663601,0],[103.84700198884123,1.4473234337272463,0],[103.84709209018648,1.447260333013572,0],[103.84717907163846,1.4472056148622148,0],[103.84725517989341,1.4471290129828884,0],[103.84730954465417,1.447041468435633,0],[103.847374779437,1.44689920800924,0],[103.84747263311343,1.446713174366644,0],[103.84762484764026,1.4463958267720907,0],[103.84773063083662,1.446260396736429,0],[103.84765720026581,1.4461637596158854,0],[103.84748774843915,1.4461296517055109,0],[103.8473860742812,1.4460784906798771,0],[103.8473069965544,1.446067120606704,0],[103.84723356828957,1.4461978703417728,0],[103.84714645159153,1.4463192464288523,0],[103.847037724586,1.4464615089227706,0],[103.8469616166722,1.4465928247967192,0],[103.84678765630616,1.4468226318830928,0],[103.84667893002516,1.4469430078545351,0],[103.84654845780462,1.447096212349206,0],[103.84646147768048,1.4472275300784359,0],[103.84641798575475,1.447282246141501,0],[103.84637449556165,1.4473260194034163,0],[103.84620053427906,1.4474135700404436,0],[103.84617816104927,1.447433919254772,0],[103.84601570016508,1.4475448919264355,0],[103.84591784567066,1.4476105528941403,0],[103.84586348060257,1.4476543243981896,0],[103.84576562807509,1.4477528155688208,0],[103.84568885590302,1.4478699600245022,0],[103.84565623886601,1.4479356188134316,0],[103.8456236220629,1.4480450506115725,0],[103.84560187622958,1.4480997674444256,0],[103.84560253867598,1.4482999637101954,0],[103.84558079270491,1.4484969360411415,0],[103.84558079395603,1.4485625928423675,0],[103.8456242864427,1.4487705058089744,0],[103.84564534559041,1.4490189579020325,0],[103.84568882736811,1.4492378100491756,0],[103.84571730368867,1.4495064040868162,0],[103.84573230699418,1.4495551473959176,0],[103.84579753529486,1.4496755124103937,0],[103.8458627638431,1.4498396477187079,0],[103.84593886361617,1.4499928419725798,0],[103.8459606046738,1.4500475540421571,0],[103.84598234544137,1.45021169230303,0],[103.84607326957577,1.4503856841188165,0],[103.84598529483522,1.4517006365706444,0],[103.84584973458901,1.4522122566326527,0],[103.84587797672881,1.4523714271856605,0],[103.84592881637964,1.4527579835648774,0],[103.84581584881421,1.45328665979158,0],[103.84565204521559,1.453440146575991,0],[103.84560121135874,1.4536220568820521,0],[103.84580455444258,1.4534799386370894,0],[103.84595141218972,1.4533264510326445,0],[103.8460700291843,1.4532696038747204,0],[103.84621688969565,1.4532923423553294,0],[103.84634115640195,1.4534287739331195,0],[103.84644282882618,1.453593627975356,0],[103.84645412664743,1.4536959530342406,0],[103.84643153543793,1.4537925907482991,0],[103.84636940221498,1.4539062849897775,0],[103.8463807001978,1.4540370332925545,0],[103.8464371833902,1.4541450402044114,0],[103.8464541276523,1.454025662300718,0],[103.84649366843752,1.453951762901426,0],[103.84658969101977,1.4539005988694886,0],[103.84662358228394,1.4538266985968924,0],[103.84658404127687,1.453707320121444,0],[103.84660663497567,1.4535765734279524,0],[103.84642588433378,1.4533605572933055,0],[103.84621688785973,1.4529683161073368,0],[103.84630161390731,1.4527295600074965,0],[103.84634679883644,1.4523486870082531,0],[103.84645411663122,1.4521156137916937,0],[103.84661792058368,1.45174042491928,0],[103.84676477788891,1.451387974550141,0],[103.84679301895525,1.4510525793733065,0],[103.84674783023985,1.4507740302192111,0],[103.84684385197474,1.4506034901769145,0],[103.84683820171556,1.4503249416900268,0],[103.84687209066973,1.4500236527411927,0],[103.84700200435326,1.4497621579230704,0],[103.8473151741731,1.4494999809802795,0],[103.84749341624077,1.4493699115742489,0],[103.84778148519823,1.4492277944238785,0],[103.84798482901809,1.4491425233751074,0],[103.8481567258535,1.4491281663813573,0],[103.84821108573448,1.4491172177965481,0],[103.84823282827756,1.449117215844026,0],[103.84828718830141,1.4491281546661525,0],[103.84844030500338,1.4492081030068111,0],[103.84900124160187,1.4493901150148214,0],[103.84924838811914,1.4494957483791588,0],[103.84933186483032,1.4495363519055973,0],[103.84952106613417,1.4496613770156426,0],[103.84957240461017,1.449732420739294,0],[103.84958524068686,1.4497970102968871,0],[103.84962374626834,1.4497453392026003,0],[103.84968150389166,1.4497517977487588,0],[103.84973926269285,1.4497970091791696,0],[103.8498226906882,1.4499326395997267,0],[103.84998955030325,1.4502039049525108,0],[103.85005372513432,1.4502491154225854,0],[103.85008101078662,1.4503207607143829,0],[103.84998316537767,1.4502769965720412,0],[103.84955916858439,1.450036295152581,0],[103.84936347981731,1.4498502852358852,0],[103.84931999284343,1.44983934636284,0],[103.84929825126883,1.4498502911258402,0],[103.849298248803,1.449883118621179,0],[103.84934666025521,1.4499145458175822,0],[103.84940627544813,1.4499433602263836,0],[103.84949211955504,1.4500490182226413,0],[103.8494939370571,1.4501238434472017,0],[103.84951567858964,1.4502332703851022,0],[103.84953742129889,1.4502551531151915,0],[103.84954829273153,1.450277036827817,0],[103.8495809084378,1.4502879775835755,0],[103.84967875524437,1.4502770250312187,0],[103.84970049779835,1.450277023064395,0],[103.84972224230698,1.4502989066970133,0],[103.84973311186563,1.4503098467045275,0],[103.84974723809817,1.4503406438002846,0],[103.84984003477517,1.4503307647573451,0],[103.84990799607924,1.4503439227482708,0],[103.84995569880405,1.4504097293194969,0],[103.84997228966812,1.4504083129633896,0],[103.85028757076759,1.4504848848852394,0],[103.85036367404265,1.4504629932845112,0],[103.85041913361185,1.4504226754294367,0],[103.85045175275418,1.4504117305728959,0],[103.8504734989038,1.4504117304072817,0],[103.85055429638,1.4503782864235066,0],[103.85067622767644,1.4503912007034794,0],[103.85074682233092,1.4504622469637578,0],[103.85079174514709,1.4505720435933709,0],[103.85084950433864,1.4506624650358868,0],[103.85093293303105,1.4507593452409653,0],[103.85099069183237,1.450798095864602,0],[103.85103628776615,1.4507982863268085,0],[103.85103685626243,1.450757326789969,0],[103.8510604668945,1.4506266315920524,0],[103.85126115994889,1.450555344443656,0],[103.85150907661709,1.450638511348869,0],[103.85178060742273,1.4508048460234269,0],[103.85200491632898,1.451137518846324,0],[103.85219011689954,1.4515352229512528,0],[103.85220888528768,1.4518836758971565,0],[103.85213756084627,1.4521349222678968,0],[103.85189981338468,1.4530322220462595,0],[103.85165017398366,1.4537500654082247,0],[103.85138864860794,1.4544679070268367,0],[103.85091314184277,1.4551259311718059,0],[103.85014827060127,1.455966477871007,0],[103.84950217364963,1.4563177627618817,0],[103.84904175843897,1.4565197456946413,0],[103.84833342725044,1.4568405445898809,0],[103.84802864171621,1.4568711656484319,0],[103.84772907061993,1.4570195221087532,0],[103.84746629455084,1.4571570431171885,0],[103.84700380968539,1.4573897721990057,0],[103.84658309015724,1.457641657168097,0],[103.8460231773731,1.4581662817234824,0],[103.84530702934293,1.4583488802943694,0],[103.84498862341172,1.4585536127065875,0],[103.83349848643921,1.4514899699202484,0],[103.83347655875986,1.4514753192306096,0],[103.83345696924229,1.4514594024315284,0],[103.8334377391656,1.4514418577776893,0],[103.83342066573313,1.4514230470144838,0],[103.83340359230083,1.451400436115088,0],[103.83338777691111,1.4513749330605663,0],[103.83337825173334,1.4513570275648415,0],[103.83337393934389,1.4513467169149317,0],[103.83333999107253,1.4512561023904802,0],[103.83333033380116,1.4512720182864158,0],[103.83318012089043,1.4508392983601857,0],[103.83318012089566,1.4507615321294365,0],[103.83321578459366,1.4506538567859104,0],[103.83425596443162,1.4490267508189203,0],[103.835211996095,1.4474212921739924,0],[103.83502096082164,1.4473075893923844,0],[103.83434512064427,1.4484524798488425,0],[103.83429940523085,1.4484240855626338,0],[103.83421140893475,1.4485657858209218,0],[103.83422624303957,1.4485840829009273,0],[103.83401226479415,1.4489549679436464,0],[103.8337150697706,1.4494395097887043,0],[103.83341193126994,1.4498283409775066,0],[103.83301369096442,1.4505162695925322,0],[103.83294236535772,1.450671802947406,0],[103.83294236531871,1.4508991192741174,0],[103.8332336163966,1.4516229403202323,0],[103.83332277386363,1.4517545433205532,0],[103.83341787559061,1.4518442742801134,0],[103.8336156461888,1.4519844343506805,0],[103.83787658439567,1.4546394080745675,0],[103.83958784442486,1.4556717865705169,0],[103.84474264686365,1.4587815967970463,0],[103.84482044892867,1.4589555941413845,0],[103.8448204486203,1.4590719567933923,0],[103.8446417607637,1.4591883212606018,0],[103.84438949613237,1.4593258409513026,0],[103.84401109765474,1.459600882361554,0],[103.84391649911946,1.4596643537598686,0],[103.84290918040247,1.460375951350777,0],[103.8424703125548,1.4606347766153784,0],[103.84242393101101,1.4606269965648848,0],[103.84232933098465,1.4605635259998044,0],[103.84222158430374,1.4604834884467992,0],[103.84210859680618,1.460362538405652,0],[103.84197195334579,1.4604260080778309,0],[103.84167764411814,1.4604683225592565,0],[103.84158304477492,1.4605846846578365,0],[103.84134985091735,1.4609802360436719,0],[103.841239888873,1.4610669757539616,0],[103.84114158181433,1.4611770796507695,0],[103.84096289284527,1.4613357580906747,0],[103.84045912289938,1.4619138777797014,0],[103.84027447506176,1.4620377671256357,0],[103.84001236123767,1.46221362865445,0],[103.83973379861833,1.462470153098312,0],[103.8395194436653,1.4625898426022392,0],[103.83940842473724,1.4626861621478278,0],[103.83887717413693,1.4630307188108838,0],[103.83835772918577,1.463339631639723,0],[103.83764939370545,1.463803002780199,0],[103.83713180128828,1.464084143218598,0],[103.83638669469651,1.4641550093873998,0],[103.83615310732966,1.4641995477912246,0],[103.83578976475575,1.4642641062132122,0],[103.83525255506346,1.464134938304034,0],[103.83288655768456,1.459984185249051,0],[103.83195822735084,1.4605189893168824,0],[103.83429385695894,1.4646642014102966,0],[103.83429689157344,1.4647085875717054,0],[103.82772350857086,1.468527401296861,0],[103.82766918703445,1.468430867589387,0],[103.82749220494802,1.468531494754313,0],[103.82455340090172,1.4633200016539447,0],[103.82401084904765,1.4636073392617956,0],[103.82258544322005,1.4610227676375973,0],[103.82224307882876,1.461248509576634,0],[103.82369201641686,1.4637856024288056,0],[103.82333692830682,1.4640194873621415,0],[103.8243297533902,1.4657125053432596,0],[103.8241490402066,1.4658489079463652,0],[103.82392315141077,1.4655306343479209,0],[103.82341269895541,1.465827219052937,0],[103.82339636182307,1.4659294030142305,0],[103.82337531621452,1.4659799116227261,0],[103.82333318937982,1.466006654367447,0],[103.8232588387015,1.4659840983015615,0],[103.82320497730048,1.4659330376927557,0],[103.8231059874416,1.465969570813115,0],[103.82298288596549,1.466045164181708,0],[103.82284309509404,1.4660241660149291,0],[103.82274831666815,1.46593970343974,0],[103.82226517531755,1.4664249337155724,0],[103.82219778476502,1.4665006702059642,0],[103.82224263732702,1.4666102024167285,0],[103.82217130913621,1.4666724141302077,0],[103.82199298244632,1.466630640677627,0],[103.82190562703178,1.466623699240606,0],[103.82180040932403,1.4665719157473438,0],[103.82171957274659,1.466500130568787,0],[103.82166726531698,1.4663996319956167,0],[103.82151985830558,1.4662895629435406,0],[103.82145328601582,1.466260849047568,0],[103.82123930404502,1.4662895614361662,0],[103.82108238601805,1.4662129917366724,0],[103.82104434481136,1.466131636794185,0],[103.82091120007055,1.466107705691998,0],[103.82066869005882,1.4659689234136875,0],[103.82063540522697,1.4658827825995475,0],[103.82051177082101,1.4657966421705606,0],[103.82034534163517,1.4657822826260736,0],[103.81962194968476,1.4648243728368964,0],[103.81954648508572,1.4646098067003672,0],[103.81905670795479,1.4641121016225584,0],[103.8188902787092,1.4639876736950599,0],[103.81875713498648,1.4639685301654684,0],[103.81851937813795,1.464092953643569,0],[103.8182578426559,1.4643035202730867,0],[103.81819127219937,1.4644183730836144,0],[103.81821980026994,1.4645523710104504,0],[103.81907257778082,1.4658912877161165,0],[103.81957498124531,1.466452483704166,0],[103.81966942590873,1.4665831765691755,0],[103.82003539808672,1.4669158534233804,0],[103.8201534548939,1.466999023011206,0],[103.8207319276911,1.4674267523173135,0],[103.82093262085473,1.4676168533665221,0],[103.82110970556559,1.4676881417045597,0],[103.82140484660188,1.4677831928161975,0],[103.82182984917392,1.4680445832387286,0],[103.82198332217628,1.4681039898573778,0],[103.82217220959,1.4682940898301677,0],[103.82233616428275,1.4684767576043156,0],[103.8223799111442,1.4686802649291166,0],[103.82237991039216,1.4688347211702732,0],[103.82228955295935,1.4689456951670259,0],[103.82225990769776,1.468978953891193,0],[103.82185397037333,1.4691290978740434,0],[103.82157640656969,1.469254799329181,0],[103.82114360503009,1.4694438632255513,0],[103.8205953893115,1.469699538173852,0],[103.82012739964168,1.4699282977981283,0],[103.81946496937628,1.4702165270576113,0],[103.81828157791509,1.4705678699785083,0],[103.81763012192381,1.4707305749192081,0],[103.81702146111301,1.4707832144279218,0],[103.81535716006965,1.470697058232339,0],[103.81411606617259,1.4706348348572598,0],[103.81333146788755,1.4705439032211167,0],[103.81307468928681,1.4704577602734286,0],[103.81224253932163,1.4703763959839207,0],[103.8118954128133,1.4703859644395387,0],[103.81124871455178,1.4701849633240256,0],[103.8108249417422,1.4701415966481701,0],[103.81080829774103,1.4702277370958847,0],[103.810155030309,1.4701610236175222,0],[103.80981187358016,1.4702855517541684,0],[103.80952958669177,1.470335384594308,0],[103.80923075768852,1.4703486384315196,0],[103.80878554359485,1.4705964987615854,0],[103.80861911223798,1.470591711022458,0],[103.80828149842861,1.4705151356899637,0],[103.80796290465793,1.4704337782503218,0],[103.80763479992295,1.4703619924374178,0],[103.80624154442347,1.4700509101237231,0],[103.80544743844858,1.4698211919851414,0],[103.80533331505875,1.469754191690701,0],[103.80526777584907,1.4696160556850606,0],[103.80536434768943,1.469459367806302,0],[103.80550739798753,1.4692514130490857,0],[103.80532092211396,1.4691234830754165,0],[103.80513444476598,1.4694015200065074,0],[103.80502504470383,1.4695319911211384,0],[103.80481543564845,1.4696405409849411,0],[103.80417459023737,1.469421904619355,0],[103.80380528866095,1.4693125857184492,0],[103.80334909271424,1.4691923327361152,0],[103.80318321742261,1.4690756006908652,0],[103.80288795026416,1.4689845571139173,0],[103.80242872074581,1.4687980647117178,0],[103.80228049723475,1.4687219279090529,0],[103.80207832958587,1.4686306124077448,0],[103.80172582475818,1.4685409479305835,0],[103.8015831994406,1.4684774053260725,0],[103.80145424111738,1.46834669584099,0],[103.80105900533776,1.4678466694351269,0],[103.80078966237275,1.4675691968767803,0],[103.80046189202085,1.46728989118333,0],[103.80037749166725,1.4671952446894798,0],[103.79979361185678,1.4668014010855552,0],[103.7994322203439,1.4668205373613337,0],[103.79942318557606,1.4669510061090556,0],[103.799037538571,1.4670454528090047,0],[103.79834805166145,1.4666147399239091,0],[103.79811980362967,1.4666673766001115,0],[103.79801519111078,1.466624306445423,0],[103.79794386435721,1.4667248017851304,0],[103.79728766015222,1.4663084440661678,0],[103.79746835998571,1.4660404551851822,0],[103.79746361255327,1.465989656114654,0],[103.79707513861273,1.465861185004813,0],[103.79694514276652,1.4660672872905636,0],[103.79679425021858,1.465969324180067,0],[103.79697186543467,1.4656845068954498,0],[103.79679789286529,1.4656001667378493,0],[103.79692152866012,1.4653752472671584,0],[103.79495767804144,1.4641501013002831,0],[103.79379268336359,1.4633221715674274,0],[103.79248979395857,1.4624463843367101,0],[103.79224728486554,1.4622788827511015,0],[103.79188413539184,1.4620575394400825,0],[103.791786041957,1.4620491659243795,0],[103.79167667381195,1.4619869509233918,0],[103.79161639094436,1.461933407870895,0],[103.79124746306415,1.4616419807152254,0],[103.79048277366356,1.4612845346517302,0],[103.78917170180587,1.460431725253689,0],[103.78757305062393,1.4593069364490199,0],[103.78667495985664,1.4586662470352587,0],[103.78590348657262,1.4581507066570951,0],[103.7850956687181,1.4575505692892208,0],[103.78376901541994,1.4563828535856362,0],[103.78279423686216,1.4554448551698005,0],[103.78229730539871,1.4550258496988053,0],[103.78198237161706,1.4548882988044058,0],[103.7798551080846,1.4536144543702825,0],[103.77936209901432,1.4533115197733717,0],[103.77893739127616,1.4529974485906336,0],[103.77882564711197,1.4529735173339158,0],[103.77869725806947,1.4529902648289592,0],[103.7786306863363,1.4529782993868896,0],[103.77861453091971,1.4529182465620682,0],[103.7785176669306,1.4528479263413268,0],[103.77845464856611,1.4527866243497274,0],[103.77850426900545,1.4526893703407753,0],[103.7783488003454,1.452605690332405,0],[103.77821330239608,1.4525147749937277,0],[103.7779681176468,1.4523459315850389,0],[103.77773436831343,1.4521862613899112,0],[103.77770583911858,1.4521288318106835,0],[103.77763451332618,1.452100117415673,0],[103.77756713870232,1.4521074202859432,0],[103.77749538730527,1.4520286421372586,0],[103.77729970527652,1.4518776465922472,0],[103.77726446314553,1.4517269643321289,0],[103.7773025071268,1.45162168202878,0],[103.77725020203503,1.4515570739204366,0],[103.77719943574816,1.4514763826540094,0],[103.77713290266496,1.4513205745838034,0],[103.77711058993512,1.451302908194803,0],[103.77711527603549,1.4512707600084735,0],[103.77694748277739,1.451240857557955,0],[103.77672570033651,1.4513327587992488,0],[103.77655610423167,1.4513130611085723,0],[103.77645173889407,1.4513130575656028,0],[103.77628214394534,1.4512474073514576,0],[103.7758972936978,1.4511423602876685,0],[103.77540155482251,1.4510176159875312,0],[103.7745252102182,1.450778694850144,0],[103.77429221189234,1.4506781895780598,0],[103.77403068415872,1.450568115368142,0],[103.7737560747182,1.4504543256583498,0],[103.77299443936037,1.450054790269094,0],[103.77283173304805,1.4499642645736959,0],[103.77261368166894,1.4498502384019782,0],[103.77235691079198,1.4496923070432284,0],[103.77203357112779,1.4494195188203847,0],[103.77181008835379,1.4492185180139625,0],[103.77164366287809,1.4490270887216488,0],[103.77157233933053,1.4489553038461187,0],[103.77143919684048,1.4489074431011966,0],[103.77118242356002,1.4488117236596845,0],[103.77109683359811,1.448749510155488,0],[103.7709399176549,1.44867293519525,0],[103.7708353081994,1.4486011493751272,0],[103.77070216522144,1.4485724303380436,0],[103.77062607869652,1.44877820881563,0],[103.76953164931699,1.448556656136409,0],[103.76897608655511,1.4477827587339147,0],[103.76847502710528,1.447444856226108,0],[103.76823488307308,1.4472418306397685,0],[103.76793710755572,1.446971129868065,0],[103.76775460018604,1.4468164441123115,0],[103.76755690909353,1.4466970298690809,0],[103.76730213514726,1.4463690813763603,0],[103.7671596861473,1.4461029620329662,0],[103.76696949955868,1.4455430417462884,0],[103.76680684409354,1.4447437572425628,0],[103.76690208377376,1.4443130263743582,0],[103.76729594026477,1.4438779976695877,0],[103.76745925028752,1.44360731208801,0],[103.7675457120494,1.4432786165976554,0],[103.76762256999396,1.4428725805930702,0],[103.76743045967002,1.4425922179128332,0],[103.76644108171008,1.4414997544053807,0],[103.76621053121426,1.4417801073764442,0],[103.7671710962952,1.4427565593437615,0],[103.76722872413279,1.4429789140750213,0],[103.76722871492191,1.443297942632252,0],[103.7670942222123,1.4436556396256526,0],[103.76693091540069,1.4439069907999595,0],[103.76672918640936,1.4440616662215657,0],[103.76646971715542,1.4441209829667054,0],[103.76620086012086,1.4440616505830846,0],[103.76595110844207,1.4439939696580633,0],[103.76567258356563,1.4439905545978573,0],[103.76548768536965,1.4438677718175343,0],[103.76518029816526,1.4437227497568925,0],[103.76502838273208,1.4435505960425339,0],[103.76498452965482,1.4434804107164514,0],[103.7649750121441,1.4434657380421827,0],[103.76532311619964,1.4429880350283084,0],[103.76551578738024,1.4424063716638045,0],[103.7657084575582,1.4418247082752176,0],[103.76593323155103,1.4414046202350181,0],[103.76622222075694,1.4411461112022093,0],[103.76663963806006,1.441049177621706,0],[103.76647909939285,1.4409199140750053,0],[103.7660616775657,1.4410491614248717,0],[103.76551580842187,1.4416954437011238,0],[103.76529102958614,1.4422447895960713,0],[103.76509835830065,1.4428587676415592,0],[103.7647973926998,1.443191933127356,0],[103.76452712498008,1.4427753101759269,0],[103.76437343495824,1.442572286838698,0],[103.76439265221062,1.442398271692598,0],[103.76447708644523,1.4422713586650604,0],[103.76448046770707,1.4421271843033396,0],[103.76403273286621,1.4412860116934607,0],[103.76383840890342,1.4409487741748566,0],[103.76361254844038,1.440769307233168,0],[103.76355311677224,1.4405419892247926,0],[103.76351746273293,1.440230924310781,0],[103.76299441870775,1.4397523481385694,0],[103.7628517661631,1.4397643084288634,0],[103.76275666942585,1.439620736025074,0],[103.76264968726332,1.4393216326975697,0],[103.76255459698672,1.4389986020992094,0],[103.76251674200728,1.4387305748379502,0],[103.76249329074744,1.438720908273036,0],[103.76248238876201,1.4386114908548167,0],[103.76246433091407,1.4383093407838936,0],[103.76226261261868,1.4381256511002978,0],[103.76217616471016,1.437932297377386,0],[103.7621342472608,1.437692478875437,0],[103.76213571742055,1.4374875629134383,0],[103.7621123980938,1.4373095129911522,0],[103.76194565432482,1.4369752009043133,0],[103.76158064412884,1.436482145129194,0],[103.76129247615148,1.4362307791480566,0],[103.76123483693652,1.4363371213704264,0],[103.76139813227839,1.4364821393552878,0],[103.7615998488555,1.4367141673129298,0],[103.76180156457087,1.4369751963687438,0],[103.76158063236618,1.4368591786084712,0],[103.76138851873687,1.4367238291720832,0],[103.7610811390938,1.436462794010148,0],[103.76085060312832,1.4362791032949296,0],[103.76039913483659,1.4359890623299654,0],[103.7601205708801,1.435805369098511,0],[103.76002451663983,1.4356313502754336,0],[103.7599861004055,1.435418662746474,0],[103.76002453326478,1.435109303096839,0],[103.76024548577828,1.434577592673653,0],[103.76041729158992,1.4342095097666174,0],[103.76051983801679,1.4340465694383182,0],[103.76036333435223,1.43390534361105,0],[103.76028392806418,1.4339975417802027,0],[103.76017443303549,1.4342095028726678,0],[103.76004376398353,1.4345195812400622,0],[103.75989966293153,1.4349352833399092,0],[103.75984201906081,1.4351866374256075,0],[103.75982884793244,1.4353407666867979,0],[103.75989415969592,1.4356471226792091,0],[103.75995945090251,1.4358659417541424,0],[103.76007253667959,1.4359407127127553,0],[103.76031267883289,1.43611473797927,0],[103.76064887931831,1.4363080997711388,0],[103.76097547025856,1.4365594670553092,0],[103.76120600504889,1.4367818256101237,0],[103.76144614677415,1.436975185142018,0],[103.76168629125159,1.4370815367852585,0],[103.76180155734865,1.437236220868763,0],[103.76187839681502,1.4374779116026557,0],[103.76194563060993,1.4377099361997239,0],[103.76195522668489,1.4380579679615773,0],[103.76204188561273,1.4387478929796136,0],[103.76146151234616,1.4386834008076295,0],[103.76129221086279,1.438559794330436,0],[103.76114069939658,1.4385061571668374,0],[103.76093347080057,1.4383005047382358,0],[103.76049619467915,1.4382326309541742,0],[103.75997434183063,1.4383064020187124,0],[103.75929909579705,1.4383015272662492,0],[103.75868647761014,1.438290388948207,0],[103.7584260972942,1.4383063514139962,0],[103.7582765748222,1.4384082835522864,0],[103.75815117123469,1.438437404408117,0],[103.75801612334388,1.4383742970966342,0],[103.75746453729003,1.4382965016889027,0],[103.75713751097352,1.4383621402415638,0],[103.75677173964057,1.4384082341551805,0],[103.75642446785375,1.4384761798536985,0],[103.75623751998303,1.4384885307211064,0],[103.75599520130832,1.4385344161757279,0],[103.75569616317739,1.438529551337544,0],[103.7554791199511,1.43852954299222,0],[103.75525243204189,1.4384518703204705,0],[103.75503056681806,1.4384033200876527,0],[103.75469718062688,1.4384295079458362,0],[103.75429262143409,1.4383693157668374,0],[103.75409004568182,1.4383935799890437,0],[103.75389712060662,1.4383207611756608,0],[103.75371866775885,1.4381605669306747,0],[103.75359809010403,1.4380974598713228,0],[103.7533476330486,1.4381635563623087,0],[103.75315435778957,1.438058610889166,0],[103.7529276726145,1.4379323954107854,0],[103.75266722680134,1.4377673435611118,0],[103.7526141779766,1.4375440508673103,0],[103.75257098258606,1.4375160231254571,0],[103.75286257930871,1.4365446112042957,0],[103.75294656041237,1.4362040627723325,0],[103.75271480571153,1.4359708049037914,0],[103.75249601437834,1.4366271176790018,0],[103.75247189276696,1.4367727418501173,0],[103.75239471100545,1.4370688419699864,0],[103.75230056999516,1.437340555335551,0],[103.7522290111039,1.4372941200775962,0],[103.75211739530275,1.4374323868355583,0],[103.75193411035991,1.4374906311842455,0],[103.7516591889027,1.4374857675912254,0],[103.75152896361276,1.4375100332861395,0],[103.75139199865363,1.4374643507868397,0],[103.75116722312957,1.4375148748371211,0],[103.75089230063175,1.4375391361557168,0],[103.75069937379779,1.4374954411797893,0],[103.75058362239926,1.4373886461834862,0],[103.75059327420968,1.4372138956041969,0],[103.75054987141665,1.437107104147309,0],[103.75037141360654,1.4370439930038557,0],[103.75010613970906,1.4370342758633559,0],[103.74981675175587,1.4369080577890596,0],[103.7497072980038,1.4368940162406278,0],[103.74956572342336,1.436993802029581,0],[103.7491976295972,1.4372789050636314,0],[103.74881538377971,1.4374642174034022,0],[103.7485039220494,1.4376495296090441,0],[103.74830549973969,1.4377924503860124,0],[103.74809311578316,1.4379635433279063,0],[103.74796568300306,1.438091861279714,0],[103.74776773723441,1.4381769688257042,0],[103.74752706555088,1.4382482397963874,0],[103.74738824333387,1.4382482354448025,0],[103.74721830200643,1.4382922099673265,0],[103.74715800443538,1.4384603413690884,0],[103.74703199024623,1.4385943323843224,0],[103.74684118264088,1.4385656052677513,0],[103.7468037447149,1.43863021603378,0],[103.7468239747906,1.4387496876422523,0],[103.74678538420572,1.4388316901630358,0],[103.74661398461818,1.4390603661944912,0],[103.74650827880262,1.439166020651855,0],[103.7462492770095,1.439200860332852,0],[103.74612750623002,1.4392077984436598,0],[103.74579247042904,1.439366052616607,0],[103.74549427185367,1.4395887874152624,0],[103.74531267874283,1.4396916100221997,0],[103.74514482562283,1.439735345709116,0],[103.74496573544351,1.4397352772350407,0],[103.74478187508163,1.4399095208451596,0],[103.74466539303293,1.4399724997220364,0],[103.74434231207108,1.440058189884391,0],[103.74426513697033,1.4401989563227977,0],[103.74409632017915,1.4403203051962479,0],[103.74385998209453,1.4403688357277693,0],[103.74371528729667,1.4403494142457067,0],[103.74359470926714,1.4403008678075448,0],[103.74330850669075,1.4400869547948192,0],[103.74315581064491,1.4399804763019355,0],[103.74303041274838,1.439859117600954,0],[103.74290983787849,1.4397086349926715,0],[103.74285196677762,1.4395193206483607,0],[103.74284232794717,1.4393494248943925,0],[103.74274104175117,1.439305733803516,0],[103.74258670265814,1.4392571859664003,0],[103.74246576709744,1.4391852689200944,0],[103.74235520076061,1.4389465118534486,0],[103.73847253304932,1.4389414980991935,0],[103.73826994600445,1.4392570090277281,0],[103.73811973543832,1.4396571107759502,0],[103.73805396081373,1.4400492992730258,0],[103.73803357105938,1.4401938499059623,0],[103.7380530881385,1.4403771957505267,0],[103.73805650555204,1.440462467328306,0],[103.73797450561186,1.4405789611384434,0],[103.73790215570806,1.4406517719310148,0],[103.73772852300522,1.4405789507667535,0],[103.73758383029762,1.4405109872401114,0],[103.7373400267912,1.4402534181068962,0],[103.73719094528909,1.4398872363275967,0],[103.7371123662746,1.4395967508645704,0],[103.73704003327968,1.4392666663456095,0],[103.73706276205618,1.4388666370441334,0],[103.73660716000526,1.4388614591690583,0],[103.73660714417977,1.4392371286186365,0],[103.73657275995434,1.4393310442872398,0],[103.73652855290347,1.4394101316087762,0],[103.73654818270681,1.4398154595569896,0],[103.73650888611819,1.4399242038445395,0],[103.73647450174865,1.4399785762622908,0],[103.73640588191495,1.4400083042426806,0],[103.73627634008713,1.440269020056289,0],[103.73629494701977,1.440445923189443,0],[103.736366269428,1.4405536023490302,0],[103.73646849280205,1.4407881006689354,0],[103.73656358878304,1.4409101366896209,0],[103.73662106858882,1.4409480391668479,0],[103.73691708390652,1.4412748124142964,0],[103.7370586880841,1.441515803903166,0],[103.73732046610752,1.441842537665061,0],[103.73737728817073,1.4420522535888383,0],[103.73738485396031,1.4423191656344063,0],[103.7373204355872,1.4425708216472837,0],[103.73723328801115,1.4427385907439432,0],[103.73701732393778,1.4429254192165253,0],[103.73681651839574,1.4430664911916722,0],[103.73650583711789,1.4432228114196455,0],[103.73643763787874,1.4432914423696366,0],[103.73634670899291,1.4432876247734576,0],[103.73621399125396,1.443274205571472,0],[103.73599045080154,1.4434229038828048,0],[103.73590720756637,1.4435468910939935,0],[103.73578363119826,1.4438508510075116,0],[103.73542935729625,1.4443150385640013,0],[103.73516781979023,1.4444777373772235,0],[103.73490260275742,1.4446760027599839,0],[103.73458813016916,1.4449314596383098,0],[103.73426194616155,1.4451644307925189,0],[103.73414069158095,1.4451548536965853,0],[103.73409993191673,1.4450758314371932,0],[103.73412266582486,1.4450071958567101,0],[103.73410372702376,1.4449233099912688,0],[103.73403609125816,1.4448844628464605,0],[103.73383067582783,1.4449162068687444,0],[103.73369889592789,1.4449492690655885,0],[103.73358910919524,1.4449825492732316,0],[103.73349817386251,1.4451045609138267,0],[103.73344133784461,1.4452418261297182,0],[103.73336934056458,1.4455049209314728,0],[103.7332935574084,1.4457489497951026,0],[103.73316915712235,1.4458758299253154,0],[103.73294811591428,1.4461929908118119,0],[103.73292537959692,1.4462539980803861,0],[103.7327806780808,1.446463653561838,0],[103.73255484165009,1.4465610442039418,0],[103.73241010658141,1.4464713168540038,0],[103.7323419149344,1.4463836141738742,0],[103.73233055261076,1.4462921012461136,0],[103.73243285178357,1.4461891550311734,0],[103.73255790089243,1.4457163482603235,0],[103.73254274883762,1.4456324598419417,0],[103.7324897046028,1.4456934657520883,0],[103.73244801943667,1.4458993672853875,0],[103.73232676811058,1.4461815247007541,0],[103.7322688780565,1.4462348424033904,0],[103.7321544873541,1.4462156503252341,0],[103.73205916698305,1.4460685406716625,0],[103.73188758733507,1.4458958440828824,0],[103.73177955921297,1.4457039642981673,0],[103.73184947222178,1.4455760508265048,0],[103.7318685408504,1.4454865089666566,0],[103.73187489966196,1.4453777795851805,0],[103.73173508999325,1.4453266062875287,0],[103.73162069137412,1.44548649781001,0],[103.73172872174784,1.4456272124014886,0],[103.73170965197482,1.4457423350505818,0],[103.73160161761183,1.4456911649830229,0],[103.73158254916679,1.4457359336727202,0],[103.73174777470066,1.445870255192352,0],[103.73182403265875,1.4459661969913415,0],[103.7319130041326,1.4459981792425711,0],[103.73204645324167,1.4461580819138347,0],[103.73205915876166,1.4462540208515584,0],[103.73220532229789,1.4463499639682098,0],[103.73231335189818,1.4465098645817238,0],[103.73238960697299,1.4466313898686,0],[103.73232605007622,1.4467720967491395,0],[103.73225614224596,1.4468232597207824,0],[103.73220529486858,1.446868010712138,0],[103.7320198469874,1.4468392888847723,0],[103.73183035410389,1.446759283189664,0],[103.731979425636,1.4469134637654115,0],[103.73218389315197,1.4469445793924158,0],[103.73228375033266,1.446935013004303,0],[103.73238598382935,1.4469565522585688,0],[103.73246682011194,1.446973305570307,0],[103.73246206118779,1.447073802615404,0],[103.7323578113747,1.4471302672330353,0],[103.73228789376101,1.4473413259754953,0],[103.73216714844581,1.447334924909245,0],[103.73214172487036,1.4474052777260444,0],[103.7320146177091,1.4474948147318472,0],[103.73188751233532,1.4475843517298008,0],[103.73180488857946,1.447712264623494,0],[103.73169049908113,1.4477250507662818,0],[103.7316333078285,1.4476227141712277,0],[103.73160789335444,1.4474884007604234,0],[103.73152528270884,1.4473221047088094,0],[103.73145537717033,1.4473412894039912,0],[103.73151256865106,1.4474180415947933,0],[103.73153162713065,1.4475971269809014,0],[103.73143629671509,1.4476546853292103,0],[103.73143629157529,1.4477698106424488,0],[103.73127106078363,1.4477506162151461,0],[103.73124563484657,1.447852949076572,0],[103.73113759675451,1.4479232981344234,0],[103.7310931153048,1.4478209621036788,0],[103.73094694828751,1.4478017676131363,0],[103.7307753668843,1.447667445741246,0],[103.73060377916879,1.4476738335750654,0],[103.73053387556114,1.447609872986822,0],[103.73052752524562,1.4474883517371657,0],[103.7304194983635,1.4472900744345374,0],[103.73051483102084,1.4471429752264378,0],[103.73054025813155,1.4470150597758935,0],[103.73046399991044,1.4469255135853718,0],[103.73034959477245,1.4472261129372173,0],[103.73027334040331,1.4471109841422862,0],[103.73017800914575,1.4472069181428238,0],[103.73019071369065,1.4473028570849462,0],[103.73028604033316,1.447309257094622,0],[103.73034958467439,1.4474499679070107,0],[103.7304639722457,1.4475395158427145,0],[103.7304830358305,1.447603475017492,0],[103.73043219174154,1.4476738266505444,0],[103.73013350144095,1.4476866060990343,0],[103.73006358569242,1.4478912691061396,0],[103.73015891380439,1.4478656908754073,0],[103.73029237533333,1.447769758622273,0],[103.73053386119112,1.447948853266993,0],[103.7306418995888,1.4478721085899464,0],[103.73069274202187,1.4478785065562623,0],[103.73073722165681,1.4479808425935716,0],[103.73078170395509,1.4480639898726957,0],[103.73086431732935,1.4481087649880868,0],[103.73087066877417,1.4481855166901216,0],[103.73095964085255,1.4481855207353258,0],[103.73097870216013,1.4483006469127924,0],[103.73095327706349,1.4483837910114299,0],[103.7310740216044,1.4484285678530666,0],[103.73114080579323,1.448381575701063,0],[103.73113702144371,1.4483091279755569,0],[103.73115217878782,1.4482138052667335,0],[103.73122037901433,1.448129922431749,0],[103.73133459690732,1.448076806272801,0],[103.73136056105176,1.44815661922437,0],[103.73129614829932,1.4482633798868798,0],[103.73126583412032,1.4483625174145232,0],[103.73115595225235,1.4485493500514224,0],[103.73104228691808,1.4486637331474361,0],[103.73091725480636,1.4487666800595325,0],[103.73074296626245,1.4489230046996489,0],[103.73068613327425,1.4490068880349352,0],[103.73056944429221,1.4490573452184627,0],[103.73053836410445,1.4492242230442451,0],[103.73042202320208,1.449346867330124,0],[103.73030690136004,1.4494369709042165,0],[103.73021815065886,1.449389082670394,0],[103.7301644167796,1.4493169717929015,0],[103.73006019857311,1.4492276992305102,0],[103.73003034966231,1.4491315533076754,0],[103.72995273208765,1.449095496441533,0],[103.72987495495406,1.4490904736583683,0],[103.72976133128341,1.4487406340096673,0],[103.72945385233417,1.4483436907636102,0],[103.72860463141349,1.446776457828217,0],[103.72853110037542,1.4467293606562777,0],[103.72839518760271,1.4462551122420606,0],[103.72794262529717,1.4462452444471388,0],[103.72812381113424,1.4467198856789643,0],[103.72817655496502,1.4469019181540714,0],[103.72820668827389,1.4472204720848025,0],[103.72849337935725,1.4476221361859725,0],[103.72868931299874,1.4478269290612569,0],[103.72894519256076,1.4482595968355505,0],[103.72915651699707,1.4487901940959689,0],[103.72932450433245,1.4494683324094726,0],[103.7292481731979,1.4495581537484379,0],[103.72920040360266,1.449618240978188,0],[103.72912875544652,1.449660298641439,0],[103.72906307681122,1.4496602955991595,0],[103.72897143484062,1.4496624979946897,0],[103.72881003304776,1.4496004286510473,0],[103.72872090804417,1.4495441731840686,0],[103.7286296301602,1.449582267907834,0],[103.72860673418876,1.4496334989580715,0],[103.72853822930793,1.4497149824156,0],[103.72835735216853,1.449828742741765,0],[103.72819908907276,1.4498666588742215,0],[103.72788256672833,1.449859058272689,0],[103.72749068487309,1.449760440888859,0],[103.72643563572014,1.4491460379553167,0],[103.72611158711945,1.4489412387953686,0],[103.72605130079312,1.448850220924108,0],[103.72590811619979,1.4487743688675796,0],[103.72580206040409,1.4487075169785342,0],[103.72555015538974,1.4486474833294019,0],[103.72542941968753,1.4485513411472473,0],[103.72529306340326,1.4484794070779656,0],[103.72503681638521,1.4484007894301365,0],[103.7248907366543,1.4483799205778043,0],[103.72468726315725,1.4483268192940526,0],[103.72461944144136,1.4482130445640125,0],[103.72437828289513,1.4481523583592362,0],[103.7242124907523,1.448053749551095,0],[103.72401349134259,1.4480024083149325,0],[103.72374334621475,1.4479527203935418,0],[103.72312620544444,1.4480892272467878,0],[103.72299613407294,1.448147288154612,0],[103.72289123390502,1.4482123211108184,0],[103.7227535177033,1.4483350489366182,0],[103.72267877004215,1.4483807390590766,0],[103.7225571377558,1.448394161046735,0],[103.72241924384214,1.4483271564124895,0],[103.72235030410499,1.44814530029422,0],[103.72238109664487,1.4479736493868225,0],[103.72246444255993,1.4477887792927362,0],[103.72251187474885,1.4477956782905512,0],[103.72252707282037,1.4478311625846008,0],[103.72262988805788,1.4477882122530248,0],[103.72259283638346,1.4476906813231487,0],[103.72251199881084,1.4476834994280048,0],[103.72245969493318,1.4476476036325803,0],[103.72229089124431,1.4476140968490367,0],[103.72219122842273,1.4476728401938794,0],[103.72215650585828,1.4476876012858335,0],[103.72203611557447,1.4476436252641434,0],[103.72198930813998,1.4477426722915723,0],[103.72198176657193,1.4478640264419336,0],[103.7220119039291,1.448008135296774,0],[103.72206975401461,1.4481165729626446,0],[103.72204131874935,1.4482641444385147,0],[103.7221685527494,1.448548740770123,0],[103.7222156803555,1.4486104043032983,0],[103.72247981091611,1.448776670703531,0],[103.72259270037057,1.4489376997163206,0],[103.72263511189568,1.449023079902781,0],[103.7226303950369,1.4491179418155664,0],[103.72261153828256,1.4492033180844377,0],[103.72285190912609,1.449313009106581,0],[103.72284422777025,1.4494269438687872,0],[103.72271803393186,1.4494631410887446,0],[103.7227044909922,1.4495403168649719,0],[103.72276868120811,1.4496025328882622,0],[103.722768674592,1.4497389233343405,0],[103.72285426139183,1.4498561744504255,0],[103.72291852529432,1.4501597068054093,0],[103.72292793877307,1.4503873776807517,0],[103.72280905508545,1.450514191425019,0],[103.72267115522783,1.4505668248406343,0],[103.72267352827257,1.4506625372012096,0],[103.72261617266638,1.450787534383654,0],[103.72243707640469,1.4509155913497953,0],[103.7220883116388,1.451067354089635,0],[103.72185800920228,1.4510549149401906,0],[103.72165943231845,1.4511242497488308,0],[103.72158220636611,1.4512032545863291,0],[103.72139078920722,1.4512238428093853,0],[103.72066499706516,1.4512285508315212,0],[103.72055660108148,1.4511858558972552,0],[103.72040500658146,1.4511458356996314,0],[103.72009745060399,1.451043718677168,0],[103.71974398285468,1.4510066048267116,0],[103.71967585142636,1.451052549296726,0],[103.71952113776427,1.4511054484473196,0],[103.71935778509834,1.4511016789305653,0],[103.71881167936587,1.450899412357211,0],[103.7184037053886,1.4507540605949039,0],[103.71831309928699,1.4507245312616712,0],[103.7178593259485,1.4506601436710866,0],[103.71776369233518,1.4506101420201754,0],[103.71769824800135,1.4505969838092205,0],[103.71761648690294,1.450530679031172,0],[103.71751187764359,1.4504541040457501,0],[103.71734607820788,1.450396306782817,0],[103.71711245508156,1.4503583721202729,0],[103.71691319629146,1.450371435269534,0],[103.71646509285631,1.4504197555937983,0],[103.71577177036534,1.4501770122822597,0],[103.71559089979883,1.4501694170363657,0],[103.71550800642015,1.45007081375327,0],[103.71524424042397,1.449987368936312,0],[103.71503322676227,1.4499721898959272,0],[103.71416634944386,1.4497242604151985,0],[103.71385004898545,1.449653573202812,0],[103.7135791759306,1.4495732334000744,0],[103.71320193766692,1.4495246002375104,0],[103.71277406355757,1.4493536041694224,0],[103.71261893488598,1.4492679690853063,0],[103.71247093795425,1.4491908389912402,0],[103.71229007161824,1.4491225680565087,0],[103.71204892179016,1.448887433713742,0],[103.71195849839965,1.4487205668851706,0],[103.71187560101617,1.4486674709615481,0],[103.71147692817206,1.4485780804084354,0],[103.71122749483091,1.448417144793088,0],[103.71098634617424,1.4481971783036016,0],[103.71083562288702,1.4481895852315438,0],[103.71071504544435,1.4481213156494315,0],[103.71055679165983,1.447984784604343,0],[103.71064723718737,1.447787590772683,0],[103.7099624706486,1.4473997559065204,0],[103.70986349061398,1.447340057196484,0],[103.70972030542232,1.4472717881372335,0],[103.70959862498775,1.4471463618861542,0],[103.70949735171764,1.4469381831458077,0],[103.7093335974252,1.4468245989948056,0],[103.70899686081754,1.4466043042043888,0],[103.7089414059398,1.4465826959488213,0],[103.7086379689064,1.4463922278861607,0],[103.70857484576004,1.4463312360621394,0],[103.70818298062356,1.4459747385537676,0],[103.70786647083368,1.4457699373524524,0],[103.70755749195617,1.4456030582177986,0],[103.70746058417399,1.445560737739774,0],[103.70706168837405,1.4453407819757917,0],[103.70699578295509,1.4453337957126868,0],[103.70666633809854,1.4457770852956435,0],[103.70656562876465,1.4458085487059211,0],[103.70641299625998,1.445944690839459,0],[103.70636096356608,1.4459342163103386,0],[103.70632627882438,1.445881847307684,0],[103.70640954202179,1.4456863561753541,0],[103.70640954815461,1.4455920981975392,0],[103.7066489140625,1.4451976282673906,0],[103.70665450867963,1.445149835790319,0],[103.70605029325027,1.4446928216262178,0],[103.70543234740627,1.4442377129366153,0],[103.70518845269085,1.444051036199991,0],[103.70482390789418,1.4438816810503454,0],[103.70473149886911,1.4438508578681677,0],[103.70417384510121,1.4433274902016264,0],[103.70407589359478,1.4429937625833225,0],[103.70351072221919,1.4421745940200812,0],[103.7029154008419,1.4414312696848657,0],[103.70246325358988,1.44096099919019,0],[103.70185541682056,1.4405696911324717,0],[103.70162383485788,1.440469709573043,0],[103.70119202136576,1.4403132606583053,0],[103.70114239742323,1.4402965949052826,0],[103.70092098772383,1.440210354738573,0],[103.70067923737165,1.4400633158632494,0],[103.70043285389087,1.4398698458796984,0],[103.70031707036786,1.4397698818399365,0],[103.70009906123968,1.4395563267222058,0],[103.69998903897711,1.4394350345504385,0],[103.69962243211998,1.438803626797307,0],[103.69941121763286,1.4386171820646663,0],[103.6991625306516,1.4384351384336744,0],[103.69894399511166,1.438222755245398,0],[103.698732992969,1.4380027912261433,0],[103.69843320467858,1.4378241322305958,0],[103.69828264229915,1.4377373235866926,0],[103.69810375583792,1.4376881844129512,0],[103.69805107191073,1.4375707101753992,0],[103.69805621720488,1.4374800075728422,0],[103.69783987418067,1.4372718215658689,0],[103.69777093271459,1.437142606840112,0],[103.69758001461683,1.436933294592852,0],[103.69742929980768,1.4367664236976674,0],[103.69733887344633,1.4366450647660496,0],[103.69718816136573,1.4364175175518767,0],[103.69700730465911,1.436212724057572,0],[103.69675108703427,1.4359700007310385,0],[103.69656269480087,1.4357652067546602,0],[103.69637034215008,1.4356116301178443,0],[103.6962874492342,1.43551302623845,0],[103.69615576309884,1.4353480293539738,0],[103.69605780081332,1.435219085049726,0],[103.69592215559616,1.435112894000242,0],[103.69525145393095,1.4347715456537287,0],[103.69504044380648,1.4346956876781793,0],[103.69482190176407,1.4345439822664698,0],[103.69461843225277,1.434430201235036,0],[103.69443868667113,1.434313547576525,0],[103.69410785371478,1.4341802335659106,0],[103.69394244982006,1.4340469459320448,0],[103.69358573005894,1.4338582517144574,0],[103.69324427297276,1.4337282378543912,0],[103.69308740491279,1.43365363015938,0],[103.69282500874881,1.4335671091232474,0],[103.69255960320028,1.4334956726149037,0],[103.69209360591704,1.4335267510471243,0],[103.69156721641174,1.4335668312480487,0],[103.6913660813888,1.4335458483857628,0],[103.69115518032592,1.4334107336340909,0],[103.69105090189531,1.4333014730745073,0],[103.69088655714538,1.4332352861795923,0],[103.69075507566951,1.4332132106349467,0],[103.69063144428097,1.433220381704706,0],[103.69047690241112,1.4332682280798772,0],[103.69025878064413,1.4333600377647342,0],[103.69014920131556,1.4334123987988845,0],[103.69003962497929,1.433445461669104,0],[103.68984792956161,1.4334555847640453,0],[103.68957943663216,1.433412306810322,0],[103.68939512514817,1.4332896945674907,0],[103.68925961780153,1.4330982626306887,0],[103.68912172502229,1.4330456128587354,0],[103.68895128923604,1.4330873762943046,0],[103.68874781178506,1.433064607850204,0],[103.68846143371293,1.4330873442670642,0],[103.68834840085233,1.4329432307808032,0],[103.688250445273,1.432730857091455,0],[103.68806142481857,1.4325160584265304,0],[103.68798768462759,1.4323875223360776,0],[103.68746670440395,1.4323364080136365,0],[103.68735365544708,1.4324198316764698,0],[103.68720293017779,1.432434989950204,0],[103.68707482055096,1.4323667205701225,0],[103.68705221789303,1.4322453665548633,0],[103.68641250213155,1.4320997124365933,0],[103.68621531483166,1.4320224672969064,0],[103.68611672493816,1.431967305770995,0],[103.68601815794916,1.431834955239699,0],[103.68591960457158,1.4316584954124634,0],[103.6858238631371,1.4315626739989784,0],[103.68578618938434,1.4314413190024171,0],[103.68578620060518,1.431251702579482,0],[103.68576361581458,1.430880056760926,0],[103.68581638916636,1.4305842618452036,0],[103.685876687084,1.4304325736897199,0],[103.68581640611933,1.430318801202065,0],[103.68569582371899,1.4303415471174268,0],[103.6855526353344,1.430394631057371,0],[103.68534915096735,1.4304704629844356,0],[103.6852587109915,1.4305614719828517,0],[103.68519088003187,1.430644899380751,0],[103.68504769225731,1.4306600571080605,0],[103.68471609783407,1.4306903750144389,0],[103.68439204290014,1.4306600143757142,0],[103.68418856509555,1.4306751708225698,0],[103.68407921274216,1.4308309542728321,0],[103.6839926037407,1.430986126049525,0],[103.68383433275687,1.4311453916853543,0],[103.68356964519445,1.4311946963343094,0],[103.68333135369296,1.4311753327722725,0],[103.68312905171261,1.431099768253964,0],[103.68303448980852,1.4309697176676137,0],[103.6829967694087,1.43083576127592,0],[103.68278577628327,1.4305399490631743,0],[103.68255754358749,1.4303844020363214,0],[103.68222166012474,1.43004552129387,0],[103.68189762721957,1.4296814385755174,0],[103.68157357758227,1.4295600636055164,0],[103.6812269256515,1.429385595692024,0],[103.68101592298993,1.4292263056280705,0],[103.68087771292484,1.4290456503690219,0],[103.68066100176695,1.428883519299863,0],[103.68038934502799,1.4288098011553294,0],[103.68008900038674,1.4288242607332642,0],[103.67962175991534,1.4287559681891375,0],[103.67929016982184,1.42872560635427,0],[103.67901132541556,1.4288393578885668,0],[103.67872493826862,1.4290061993591439,0],[103.6784159484304,1.429112362091422,0],[103.67811449387102,1.4291957715811465,0],[103.67789595028994,1.4291199107085797,0],[103.67773016940954,1.4289075320606186,0],[103.67735804007206,1.4282688246988104,0],[103.67693668129039,1.427862670216711,0],[103.67683811935949,1.4277192906840814,0],[103.67668482390016,1.4274104953501912,0],[103.67636625564877,1.426874769260054,0],[103.67634366193863,1.4266699843321518,0],[103.67635874720014,1.4264879556993184,0],[103.67642658088108,1.426366606035845,0],[103.6765547034194,1.4262604320535777,0],[103.67662253169445,1.4261921746707569,0],[103.67659239021333,1.4261542500587747,0],[103.67647934471317,1.426199749727247,0],[103.67630600880393,1.4262528292178838,0],[103.67614021487948,1.4262376480876848,0],[103.67605732062404,1.4261769670395734,0],[103.67602719061276,1.4259570118512046,0],[103.67569787576197,1.4257223971879684,0],[103.6754846083825,1.4256308367945405,0],[103.67522003761391,1.425609793958003,0],[103.67501792443781,1.4255840744440313,0],[103.67458559027362,1.425375131821531,0],[103.67438435277667,1.425251530680608,0],[103.67421856988187,1.4250770752845645,0],[103.6740904718038,1.4248267747024344,0],[103.67401513168261,1.424523384599496,0],[103.67399312161714,1.424275694142614,0],[103.67398501035046,1.424166908071789,0],[103.6739383585865,1.4240331390779408,0],[103.67394935879231,1.423239325786542,0],[103.67383438019668,1.4228320110682942,0],[103.67366106939431,1.4225362008223885,0],[103.67347270064114,1.4219976827151937,0],[103.67348025288399,1.4217549773422091,0],[103.67344258117957,1.4216412052814564,0],[103.67329186744783,1.4215122555993036,0],[103.67314870234324,1.4211936946303076,0],[103.67311104611015,1.4208296308962378,0],[103.67316380582325,1.4207234518210785,0],[103.67325423863387,1.420723458127544,0],[103.67337531241047,1.4208007423484559,0],[103.67346887618594,1.4209272942005176,0],[103.6735140796353,1.4211093269999169,0],[103.6735521181622,1.4211547927473704,0],[103.67360442702012,1.421097368600808,0],[103.67362349139921,1.421019282027703,0],[103.67361871114187,1.4208198060261663,0],[103.67349748156117,1.4204728433564673,0],[103.67331442414624,1.4203053349324435,0],[103.67317892076254,1.4200995446216675,0],[103.67307432903921,1.4198243667012018,0],[103.6727117136512,1.4195781473673506,0],[103.6724027456061,1.419411265846043,0],[103.67215406123752,1.4192671413170936,0],[103.67207871059635,1.419107859190652,0],[103.67207118383641,1.418994090136165,0],[103.6722143808497,1.418834824238106,0],[103.67241032936961,1.418713483658086,0],[103.67249815401001,1.4186801596029637,0],[103.67260366731107,1.4185815690954189,0],[103.67253473737132,1.4183264424183826,0],[103.67235500172771,1.4181795689638037,0],[103.6722295046019,1.4180991209446832,0],[103.67206371371518,1.4180232642457544,0],[103.67196575261217,1.4178943191096056,0],[103.67192054579641,1.4177502079319497,0],[103.6719356272154,1.4176136867573998,0],[103.6720212486085,1.4175396563995013,0],[103.67201100390506,1.4174089086931034,0],[103.67191304087827,1.4172951332970871,0],[103.67190552897634,1.416953825379193,0],[103.6718377447706,1.4163622242821736,0],[103.6716343055877,1.4158388729758509,0],[103.67153635961492,1.4154672210398087,0],[103.67154391780973,1.4151790073653059,0],[103.67161176025945,1.4149287213647377,0],[103.67164914702477,1.4146390311498542,0],[103.67171930590075,1.4144290001910473,0],[103.6719680146763,1.414186309899774,0],[103.67234483229451,1.4140270611871648,0],[103.67260106263356,1.414011908408177,0],[103.67268396539532,1.4139284842250959,0],[103.67265935719081,1.4138441997422053,0],[103.67245588926117,1.4137380019008312,0],[103.67198111859447,1.41365453789169,0],[103.67133300613096,1.4137227535999881,0],[103.67094775464234,1.4136587991000953,0],[103.67081702588195,1.4136094534256536,0],[103.67069926985116,1.413510218719052,0],[103.67066093062509,1.4134495768510524,0],[103.67039856583263,1.413153843385827,0],[103.67025539957065,1.4128504511534292,0],[103.67021020879396,1.412478802916034,0],[103.67029313059771,1.4121223325584507,0],[103.67036096322761,1.4120389082999933,0],[103.67039865300016,1.4119023878252834,0],[103.67052777858646,1.4117967260448574,0],[103.6707312597954,1.4117208952918305,0],[103.67082477582174,1.4116096013429669,0],[103.67083232291802,1.411442740161752,0],[103.67070014335232,1.4112728892861952,0],[103.67036857234837,1.411007405439882,0],[103.67000685012881,1.4108101796341705,0],[103.66984859765911,1.410726739406867,0],[103.66979585238008,1.410628135990162,0],[103.66973557244725,1.4104916085962433,0],[103.66964514974897,1.4103399111380983,0],[103.66943415663931,1.4100668508439789,0],[103.66932112124734,1.4099909968518636,0],[103.66895185313588,1.409945463237686,0],[103.66861273476374,1.409854424306529,0],[103.66836404861819,1.409778562420165,0],[103.66816811729957,1.4096647790254253,0],[103.66804755342027,1.4094903247613255,0],[103.66798727592698,1.4093082890266946,0],[103.66779135269874,1.409080737999513,0],[103.66779136715431,1.4088759546789322,0],[103.66767832615784,1.4088683626297527,0],[103.66757281513144,1.4089517859228817,0],[103.6668977113108,1.4092381013238422,0],[103.66655594234452,1.409285932750634,0],[103.66622061359607,1.4092694284115965,0],[103.66554558722277,1.409110915797572,0],[103.6653496454217,1.409171576914236,0],[103.66521400210844,1.4090805522697885,0],[103.66496531875433,1.4089440120026846,0],[103.66488243357051,1.4087695612493247,0],[103.66485230665462,1.408534438103616,0],[103.66492014462156,1.408352411635582,0],[103.66496537808945,1.4081172930635166,0],[103.66504829100255,1.4079049318297,0],[103.66502569413038,1.4077456533881523,0],[103.66494280081224,1.4076849711359016,0],[103.664882525042,1.4074953513886794,0],[103.66486747981432,1.4071237053336803,0],[103.66456605586752,1.406843055058463,0],[103.66435505930556,1.4066306697259128,0],[103.66415160171093,1.4063955348470871,0],[103.66409132602764,1.4062059150889774,0],[103.66395568238296,1.406122474358509,0],[103.66265949766726,1.405788657871337,0],[103.66244849421395,1.405674873858521,0],[103.66244097030192,1.4055155974269469,0],[103.662554030924,1.4052501453479878,0],[103.66268969868001,1.4049998637514418,0],[103.66268971263925,1.4047950813818013,0],[103.66288573316452,1.4036801609790264,0],[103.66304403699878,1.4030430690416236,0],[103.66311187105259,1.4029141357834134,0],[103.6631661264347,1.4028507061338227,0],[103.66330178903378,1.402668685566185,0],[103.66333196793691,1.4022060289354608,0],[103.66321893918906,1.4020088231596473,0],[103.66308181082393,1.4017461092030594,0],[103.66292357183812,1.4014882211698954,0],[103.6628482296163,1.4012151712754797,0],[103.66275782997091,1.4007676728468197,0],[103.66263727917485,1.4004111906176744,0],[103.66252424302111,1.4003429194293489,0],[103.66247905568719,1.3999409326121064,0],[103.66235098162507,1.3993796656393076,0],[103.66219274375081,1.3991217793895225,0],[103.66214754492951,1.398879069359403,0],[103.66220031638636,1.398621196784704,0],[103.66238120120613,1.3983557487311564,0],[103.66261483874204,1.398090306327003,0],[103.66275049941923,1.3979310403584722,0],[103.66281834315438,1.3976655848951298,0],[103.66280329723068,1.3972939397472892,0],[103.6627128973019,1.3968388582624245,0],[103.66275059789733,1.3965658157254288,0],[103.66267525922197,1.3962700112328024,0],[103.66257732426547,1.3957845897253944,0],[103.66236636671013,1.3950716256803455,0],[103.66233625194782,1.3946468880696392,0],[103.66234380178953,1.394472442994344,0],[103.66239656834053,1.394267661751609,0],[103.66247948520969,1.3939946234192562,0],[103.66257747296156,1.3937215861804968,0],[103.66261516856424,1.3935168047319413,0],[103.6626001389972,1.392917622583781,0],[103.66250220590804,1.3924322019829545,0],[103.66235151878104,1.391954360591935,0],[103.66194463126931,1.3911124449145624,0],[103.66169597088953,1.3907104441130536,0],[103.66139457356786,1.390080899731929,0],[103.66119112411336,1.3897547481723802,0],[103.66123635332049,1.389587891636584,0],[103.66138709023483,1.3893603647911932,0],[103.66143985575421,1.3891935078957274,0],[103.66150769159171,1.3890342369683253,0],[103.66144742078507,1.3887839418705552,0],[103.66131932074084,1.3886019029031718,0],[103.66120629118893,1.3884502017926956,0],[103.66106311042826,1.38840468480598,0],[103.66086716944137,1.3884653475627915,0],[103.66059588327326,1.3882757122774987,0],[103.66030952187215,1.3881467529860683,0],[103.66002318569677,1.3876840739769152,0],[103.65974439956632,1.3870469480794705,0],[103.65969918926378,1.3869786827463997,0],[103.65969919755524,1.3868649151657486,0],[103.65975949764191,1.3866980579641761,0],[103.659797192949,1.3864856944109636,0],[103.65984995903881,1.3863112508771778,0],[103.65992532974668,1.3861595654173413,0],[103.65991026371564,1.386068548612646,0],[103.65981229762812,1.3860457876943,0],[103.65972186420836,1.386060949855196,0],[103.65962389135264,1.3861064518290849,0],[103.65946563313952,1.3861291938395444,0],[103.65923955622632,1.3860760839613733,0],[103.65893812619103,1.3859092018072143,0],[103.65874973559497,1.3857802487224822,0],[103.65862916966645,1.3856209648095397,0],[103.65853875293843,1.3854085890631422,0],[103.65841819140526,1.3852265514475353,0],[103.65826747389895,1.3851658622187906,0],[103.65810921874916,1.385135512791433,0],[103.65795097175193,1.3850065628022172,0],[103.65779272399674,1.3849003674039082,0],[103.65775504942789,1.3848169346818058,0],[103.65755912791265,1.3846045510451819,0],[103.65737828220617,1.3843618308653483,0],[103.65734060955617,1.3842404756161883,0],[103.6573707604235,1.384164631012497,0],[103.65746119924002,1.3840508701929484,0],[103.65759685607962,1.383959863722442,0],[103.65769482874654,1.3838916108435166,0],[103.65774759211419,1.3837550926023483,0],[103.6578078879817,1.383633743748706,0],[103.65788325493054,1.3835579034052494,0],[103.65785311523463,1.3834820561133856,0],[103.65776856069454,1.3834560512802925,0],[103.65764210734795,1.3834820413045625,0],[103.65751399613026,1.3834592771557643,0],[103.65737081407994,1.3834365109713496,0],[103.65715225891675,1.3835730186284132,0],[103.65699399963515,1.383588174721067,0],[103.6569261917248,1.3833682166664112,0],[103.65688098761251,1.3831937676910733,0],[103.65691868095222,1.383034494649703,0],[103.65715985026972,1.3828145605939344,0],[103.6572276883783,1.3826249512333615,0],[103.6571523500782,1.382336732441834,0],[103.65695643886994,1.3819878257118843,0],[103.65634610258394,1.3808728472085523,0],[103.65593922535236,1.3799778368625855,0],[103.65575838529358,1.3796289321093198,0],[103.65571318130505,1.379454483126342,0],[103.65564536908524,1.3792952021766456,0],[103.65548712596639,1.3791207446963827,0],[103.65538916810655,1.3789917991304685,0],[103.65527615286898,1.378658070997784,0],[103.65501243567427,1.3780740390806694,0],[103.6548391296767,1.3777706422411746,0],[103.65477885520852,1.3775810223834037,0],[103.65471858729371,1.3773155565812696,0],[103.65340752806759,1.3745546721934474,0],[103.65319651817643,1.3745925796081855,0],[103.65294028600509,1.3746911588699458,0],[103.65267311872579,1.3746518585842387,0],[103.65256356155244,1.3746187931800373,0],[103.65253068019479,1.3744644318443515,0],[103.65268401574617,1.3741005562946964,0],[103.65292528172014,1.3737810082724997,0],[103.6527293591831,1.3735989638504558,0],[103.65252590414151,1.3733789954215232,0],[103.65226968301788,1.3733562240217283,0],[103.6521189562264,1.3734548112491354,0],[103.65204358172042,1.3736216652890902,0],[103.6521264690016,1.373743025835912,0],[103.65163233199756,1.374486584259472,0],[103.65148584088175,1.3746455413825232,0],[103.6513125097117,1.374683449703035,0],[103.65102615426323,1.374516568843841,0],[103.65082269299691,1.37438003017041,0],[103.65076995321327,1.3742283333507095,0],[103.65085286461618,1.3740311422971654,0],[103.65100360611393,1.373727770155176,0],[103.6511317437155,1.3733940586146312,0],[103.65110161991336,1.3731361817636065,0],[103.65098105277282,1.373007234338336,0],[103.65067209337067,1.3728024255988431,0],[103.65030282629782,1.3728630742890282,0],[103.65000891688386,1.3729085590067258,0],[103.64976023009433,1.3729009558465601,0],[103.6493683723929,1.3727113102756119,0],[103.64914984700066,1.3724913404407995,0],[103.64909710613613,1.372332059641969,0],[103.64906697965183,1.3721121053036296,0],[103.64911974772288,1.371892157388741,0],[103.64924033615247,1.371740474878517,0],[103.64944381737307,1.3716115533621933,0],[103.64956442710861,1.3711564889351202,0],[103.64811772835593,1.3684183432416177,0],[103.64793687560268,1.368259053381321,0],[103.64779369110992,1.3682817959282638,0],[103.64747722433212,1.3677129291423553,0],[103.64749231166422,1.367485392558319,0],[103.64734915321651,1.3671819986277043,0],[103.64726628272624,1.3668482708452487,0],[103.64594013690461,1.3644514408922945,0],[103.64358925084959,1.3601735561250858,0],[103.64283894376177,1.3590372939389028,0],[103.64120018788797,1.358027098934741,0],[103.64095409642567,1.3576620328175149,0],[103.6408366808247,1.3574773234113102,0],[103.64079561724108,1.357650986940403,0],[103.64078567343067,1.3579618777203464,0],[103.64057840932024,1.3579879346789572,0],[103.64041002967028,1.3577402126489462,0],[103.64025462735066,1.3572056677979247,0],[103.64022873686763,1.356970992640056,0],[103.64029354100424,1.3565407643180603,0],[103.64033839996733,1.3562327992355436,0],[103.63961581564409,1.3542419408761361,0],[103.63946367571369,1.3540313630661265,0],[103.638833033129,1.352197563034888,0],[103.63825464112993,1.3505156895601143,0],[103.63818423538822,1.3505511139515076,0],[103.63818422459848,1.3506751160607595,0],[103.63816659820296,1.3509939763000272,0],[103.63802224824192,1.3513001200420471,0],[103.63790254279436,1.351507677054056,0],[103.63770892230912,1.3516316616658062,0],[103.637210930106,1.3517036480243516,0],[103.63661506267884,1.3516384133245354,0],[103.63609692826164,1.3514558478684409,0],[103.63556584469569,1.3512080950540626,0],[103.63517725626025,1.350895165831665,0],[103.63491820534296,1.3506213589227927,0],[103.63469801668529,1.3503084425689065,0],[103.63454259595085,1.3500085723880857,0],[103.63452035471842,1.3499659833903481,0],[103.63433889230848,1.3496184757605811,0],[103.63431095780865,1.3495207864151517,0],[103.63425766814964,1.349330605287416,0],[103.63417996879915,1.3490568132597756,0],[103.63406343867582,1.3483918990665615,0],[103.63415790625888,1.347523261024681,0],[103.63431635827178,1.3469851949389204,0],[103.63450449816082,1.3466065607123405,0],[103.63470253666465,1.3462478593450875,0],[103.63495997784395,1.345899125233554,0],[103.63521741341414,1.3456301067135803,0],[103.63543523794422,1.3454607290129308,0],[103.63567285330411,1.3454009612193603,0],[103.63593026372604,1.3454209106472823,0],[103.63609856844317,1.3454906757518514,0],[103.63625696778615,1.3455903318218803,0],[103.63641534626471,1.345939100829648,0],[103.63682118185736,1.3470053279467156,0],[103.63693007814281,1.3471149451055808,0],[103.63702907902626,1.3471747403147591,0],[103.63715778559045,1.3471747507457086,0],[103.6372369929553,1.347134898437289,0],[103.63706868579767,1.3471049921150318,0],[103.63693998721575,1.3470053366801022,0],[103.63687069790606,1.3468459006875422,0],[103.63651435677522,1.345889287729353,0],[103.63644506961427,1.345670063647702,0],[103.63629659762876,1.345221652258758,0],[103.6361085286352,1.3447333807342563,0],[103.63600953116836,1.3446436928193137,0],[103.6358907329402,1.3445340748333696,0],[103.63582144365158,1.3443646727910024,0],[103.63581155627544,1.344215205848804,0],[103.63582146696803,1.3440856698788195,0],[103.63578187524307,1.343946163842928,0],[103.63564328709849,1.3437269359209014,0],[103.63552127097907,1.3435865640287021,0],[103.63564450641464,1.343470128792334,0],[103.63415195768906,1.3418379246029333,0],[103.63421777409677,1.3417937185959259,0],[103.6346038590086,1.3422022925680899,0],[103.63482168332945,1.3420428800109003,0],[103.63440589970952,1.341574518275537,0],[103.63436631220551,1.3413951553214862,0],[103.63436633393405,1.3411261157503573,0],[103.63442574942675,1.3409766535768401,0],[103.63448517375492,1.340717583087152,0],[103.63448520269343,1.3403588636542487,0],[103.63444562814458,1.3400300345727458,0],[103.63439735091993,1.3398149143630143,0],[103.63425234239243,1.3394797741868318,0],[103.63413468474357,1.3392698899681243,0],[103.6340873959893,1.3391323150064474,0],[103.6340310321474,1.338991039569328,0],[103.63398028771356,1.3388071349163027,0],[103.63388785886207,1.3385185916097815,0],[103.63384228026007,1.3383453940852625,0],[103.63372797659164,1.3379958951894806,0],[103.63369673028099,1.3378183217403006,0],[103.63349540217934,1.3373196335580797,0],[103.63328981824023,1.3373804149525126,0],[103.63289041613784,1.3373229562728965,0],[103.6325956237556,1.337208078443877,0],[103.63226280399385,1.3369687712256977,0],[103.63210115779039,1.3367390507320525,0],[103.63201559014057,1.336499764773447,0],[103.6312264026392,1.3350544562798714,0],[103.63111231469114,1.3347098852010033,0],[103.63093164125378,1.33457587410343,0],[103.6307985157142,1.3344514377652938,0],[103.63070344200352,1.3341738667762582,0],[103.6304657121728,1.3340207092647511,0],[103.62947682484713,1.3325562404120792,0],[103.62920105216924,1.33246050642675,0],[103.62900137919905,1.3320967847011658,0],[103.62902991843278,1.3319723626872804,0],[103.62899189968323,1.3317235098210027,0],[103.62739079371606,1.3292886720728727,0],[103.625441578052,1.326106101401687,0],[103.62491859744856,1.3255078601079755,0],[103.6247284275882,1.3252207092383905,0],[103.62313577331022,1.3227081482453227,0],[103.62292180590312,1.322708129998877,0],[103.62232751968376,1.321918459421842,0],[103.62149554843447,1.3204827164144546,0],[103.62111521403236,1.31988448685084,0],[103.62094884598397,1.3192862756438142,0],[103.62085383655447,1.3182573689666914,0],[103.62106780873248,1.3181856038806763,0],[103.6209965261033,1.317730968644623,0],[103.62099658484644,1.317037060755806,0],[103.62078274558988,1.315529587248053,0],[103.62073524794071,1.3149313862479235,0],[103.62083036468927,1.3146921156240605,0],[103.62106812122603,1.314500713134388,0],[103.62144851059165,1.3144289621887364,0],[103.62218554241666,1.313998323355706,0],[103.62249459774533,1.3140701330826523,0],[103.62446740635373,1.3193105028962595,0],[103.62660551712908,1.318526145048384,0],[103.62612895122645,1.31735940193601,0]],[[103.6142474722027,1.2178636103150153,0],[103.61163237659379,1.2184855196566169,0],[103.61084782175307,1.2189879396675873,0],[103.61053872772656,1.2195143265560286,0],[103.61039601827048,1.2203757179208385,0],[103.61041972102898,1.2212371231496508,0],[103.61065719391792,1.2217176928287625,0],[103.61077604205924,1.221933054007242,0],[103.61101376200362,1.222076640728028,0],[103.61127525675943,1.2221963018929032,0],[103.61156050759254,1.2225313162899676,0],[103.61198837568043,1.223129547924719,0],[103.61244003725041,1.2234885035897236,0],[103.61286792716552,1.2238235288087076,0],[103.61358109095849,1.224206434370764,0],[103.61358113770066,1.2236321648273698,0],[103.6135517788497,1.221919327021051,0],[103.61420554765729,1.221829651202468,0],[103.6142474722027,1.2178636103150153,0]]]}}]}
